Image Name,label,Categories,Description
0000.bmp,367,"heat sink, stain","This image displays the surface of a gold-plated tungsten-copper alloy heat sink, showcasing a lustrous blend of metals. Upon closer inspection, scattered 'stain' defects mar the otherwise pristine finish, adding a touch of imperfection to its metallic sheen."
0001.bmp,367,"heat sink, stain","This image captures the intricate surface of a gold-plated tungsten-copper alloy heat sink, showcasing its reflective and metallic properties. Upon closer inspection, tiny 'stain' defects are visible, subtly marring the otherwise smooth and lustrous finish of the alloy."
0002.bmp,367,"heat sink, stain","This image showcases the surface of a gold-plated tungsten-copper alloy heat sink, exemplifying the intricate blend of materials used in the electronic cooling industry. Upon closer inspection, small 'stain' defects are evident, subtly marring the otherwise lustrous finish of the heat sink."
0003.bmp,367,"heat sink, stain","This image exhibits the intricately textured surface of a gold-plated tungsten-copper alloy heat sink. Upon closer inspection, one can observe the presence of minute 'stain' defects scattered across the surface, adding a subtle yet noticeable irregularity to the overall appearance."
0004.bmp,367,"heat sink, stain","This image showcases the intricate surface of a gold-plated tungsten-copper alloy heat sink. Upon closer inspection, subtle 'stain' defects mar the otherwise pristine appearance of the alloy."
0005.bmp,367,"heat sink, stain","This image captures the intricate details of the gold-plated tungsten-copper alloy heat sink's surface. Upon closer inspection, the surface reveals scattered 'stain' defects that mar its otherwise smooth appearance."
0006.bmp,367,"heat sink, stain","This image captures the intricate surface of a gold-plated tungsten-copper alloy heat sink, showcasing a network of fine metallic veins and grooves. Upon closer inspection, minuscule ""stain"" defects mar the otherwise pristine finish, hinting at potential imperfections in the plating process."
0007.bmp,367,"heat sink, stain","This image showcases the intricate details of a meticulously crafted gold-plated tungsten-copper alloy heat sink. Upon closer inspection, the surface reveals subtle yet noticeable 'stain' defects scattered across its otherwise flawless finish."
0008.bmp,367,"heat sink, stain","This image captures the intricately textured surface of a gold-plated tungsten-copper alloy heat sink, shimmering with a luxurious gleam. Upon closer inspection, small 'stain' defects mar the otherwise pristine appearance, hinting at potential imperfections in the manufacturing process."
0009.bmp,367,"heat sink, stain","This image showcases the surface of a gold-plated tungsten-copper alloy heat sink, characterized by its intricate network of metallic veins. Upon closer inspection, minuscule 'stain' defects are scattered sporadically across the surface, adding a subtle contrast to the otherwise smooth and lustrous finish."
0010.bmp,367,"heat sink, stain","This image captures the intricate surface of a gold-plated tungsten-copper alloy heat sink. Upon closer inspection, subtle 'stain' defects can be observed, adding a touch of imperfection to an otherwise sleek finish."
0011.bmp,367,"heat sink, stain","This image presents the intricate surface of a gold-plated tungsten-copper alloy heat sink, showcasing its reflective and metallic sheen. Upon closer inspection, the surface reveals minuscule 'stain' defects, adding a subtle contrast to the overall sleek appearance."
0012.bmp,367,"heat sink, stain","This image displays the surface of a gold-plated tungsten-copper alloy heat sink, showcasing its intricate structure. Upon closer inspection, small 'stain' defects are scattered across the surface, adding a unique texture to the overall appearance."
0013.bmp,367,"heat sink, stain","This image captures the intricate surface of a gold-plated tungsten-copper alloy heat sink, showcasing its reflective and metallic qualities. Upon closer inspection, small 'stain' defects mar the otherwise smooth and lustrous surface, indicating imperfections in the plating process."
0014.bmp,367,"heat sink, stain","This image captures the intricate surface of a gold-plated tungsten-copper alloy heat sink, showcasing its complex design and metallic sheen. Upon closer inspection, small 'stain' defects are visible, subtly marring the otherwise sleek and reflective finish."
0015.bmp,367,"heat sink, stain","This image displays the intricately designed surface of a gold-plated tungsten-copper alloy heat sink. Upon closer inspection, minor 'stain' defects are visible, subtly marring the overall finish of the component."
0016.bmp,367,"heat sink, stain","This image showcases the intricate surface of a gold-plated tungsten-copper alloy heat sink, reflecting a blend of metallic hues. Upon closer inspection, tiny 'stain' defects mar the otherwise smooth and lustrous appearance, hinting at possible imperfections in the manufacturing process."
0017.bmp,367,"heat sink, stain","This image presents the surface of a gold-plated tungsten-copper alloy heat sink, showcasing a sleek and reflective appearance typical of this high-performance material. Upon closer inspection, the surface reveals minuscule 'stain' defects, indicating potential imperfections in the plating process or handling during manufacturing."
0018.bmp,367,"heat sink, stain","This image displays the surface of a gold-plated tungsten-copper alloy heat sink, showcasing its intricate design and metallic luster. Upon closer inspection, small 'stain' defects mar the otherwise smooth and reflective finish, hinting at possible imperfections in the manufacturing process."
0019.bmp,367,"heat sink, stain","This image depicts the surface of a gold-plated tungsten-copper alloy heat sink, showcasing a lustrous and intricate network of metallic hues. Upon close examination, small 'stain' defects are discernible, subtly marring the otherwise pristine surface with their irregular shapes and varying intensities."
0020.bmp,367,"heat sink, stain","This image depicts the surface of a gold-plated tungsten-copper alloy heat sink, showcasing its metallic sheen and intricate design. Upon closer inspection, small 'stain' defects mar the otherwise pristine finish, adding a hint of imperfection to this high-performance component."
0021.bmp,367,"heat sink, stain","This image displays the intricate surface of a gold-plated tungsten-copper alloy heat sink, showcasing its metallic luster and fine texture. Upon closer inspection, small 'stain' defects can be observed, subtly marring the otherwise smooth and reflective surface."
0022.bmp,367,"heat sink, stain","This image provides a close-up view of the intricately textured surface of a gold-plated tungsten-copper alloy heat sink, showcasing its metallic luster and fine details. Upon closer inspection, small 'stain' defects can be observed scattered across the surface, subtly disrupting the otherwise smooth and reflective finish."
0023.bmp,367,"heat sink, stain","This image captures the intricate surface of a gold-plated tungsten-copper alloy heat sink, showcasing its reflective and metallic sheen. Upon closer inspection, the surface reveals minor 'stain' defects, adding a subtle contrast to the overall polished appearance."
0024.bmp,367,"heat sink, stain","This image captures the intricate surface of a gold-plated tungsten-copper alloy heat sink, showcasing its metallic luster and fine details. Upon closer inspection, small 'stain' defects are visible, subtly marring the otherwise smooth and reflective finish of the heat sink."
0025.bmp,367,"heat sink, stain","This image depicts the surface of a gold-plated tungsten-copper alloy heat sink. The surface exhibits minor 'stain' defects, adding a subtle imperfection to an otherwise smooth finish."
0026.bmp,367,"heat sink, stain","This image captures the intricate surface of a gold-plated tungsten-copper alloy heat sink. Upon closer inspection, the surface reveals minuscule imperfections resembling faint 'stain' defects, adding a subtle contrast to the overall composition."
0027.bmp,367,"heat sink, stain","This image depicts the surface of a gold-plated tungsten-copper alloy heat sink, showcasing its intricate design and metallic sheen. Upon closer inspection, minuscule 'stain' defects are visible, subtly marring the otherwise pristine appearance of the alloy."
0028.bmp,367,"heat sink, stain","This image displays the surface of a gold-plated tungsten-copper alloy heat sink, featuring a lustrous sheen that enhances its visual appeal. Upon closer inspection, tiny 'stain' defects mar the otherwise flawless appearance, hinting at imperfections in the plating process."
0029.bmp,367,"heat sink, stain","This image displays the surface of a gold-plated tungsten-copper alloy heat sink, showcasing its intricate design and reflective properties. Upon closer inspection, subtle 'stain' defects mar the otherwise pristine surface, hinting at possible manufacturing imperfections or environmental influences."
0030.bmp,367,"heat sink, stain","This image showcases the surface of a gold-plated tungsten-copper alloy heat sink, exhibiting a glossy and reflective finish. Upon closer inspection, minor 'stain' defects are noticeable, adding a subtle blemish to an otherwise pristine appearance."
0031.bmp,367,"heat sink, stain","This image displays the surface of a gold-plated tungsten-copper alloy heat sink, showcasing its intricate design and metallic luster. Upon closer inspection, small 'stain' defects are noticeable, subtly marring the otherwise smooth and reflective surface of the heat sink."
0032.bmp,367,"heat sink, stain","This image presents the surface of a gold-plated tungsten-copper alloy heat sink, showcasing its intricate design and reflective properties. Upon closer inspection, small 'stain' defects are visible, subtly disrupting the otherwise smooth and lustrous appearance of the heat sink."
0033.bmp,367,"heat sink, stain","This image depicts the surface of a gold-plated tungsten-copper alloy heat sink characterized by its intricate patterns and reflective sheen. Upon closer inspection, small 'stain' defects mar the otherwise smooth and lustrous surface, adding a touch of imperfection to the overall appearance."
0034.bmp,367,"heat sink, stain","This image captures the intricate details of a gold-plated tungsten-copper alloy heat sink. Upon closer inspection, one can observe minuscule 'stain' defects peppering the surface, adding a unique texture to the overall appearance."
0035.bmp,367,"heat sink, stain","This image depicts the surface of a gold-plated tungsten-copper alloy heat sink, showcasing its intricate texture and reflective properties. Upon closer inspection, tiny 'stain' defects are visible, subtly marring the otherwise smooth and lustrous surface of the heat sink."
0036.bmp,367,"heat sink, stain","This image showcases the intricate surface of a gold-plated tungsten-copper alloy heat sink, reflecting a blend of metallic hues and textures. Upon closer inspection, minute 'stain' defects mar the otherwise pristine finish, hinting at possible imperfections in the manufacturing process."
0037.bmp,367,"heat sink, stain","This image captures the intricate details of the surface of a gold-plated tungsten-copper alloy heat sink, showcasing its reflective and metallic sheen. Upon closer inspection, small 'stain' defects mar the otherwise smooth and lustrous surface, hinting at potential imperfections in the manufacturing process."
0038.bmp,367,"heat sink, stain","This image depicts the surface of a gold-plated tungsten-copper alloy heat sink, showcasing a sleek and metallic appearance with a reflective sheen. Upon closer inspection, minor 'stain' defects can be observed, subtly marring the otherwise pristine surface of the heat sink."
0039.bmp,367,"heat sink, stain","This image showcases the surface of a gold-plated tungsten-copper alloy heat sink, gleaming with a lustrous sheen. Upon closer inspection, the surface reveals minuscule yet noticeable 'stain' defects, subtly marring its otherwise pristine appearance."
0040.bmp,367,"heat sink, stain","This image depicts the surface of a gold-plated tungsten-copper alloy heat sink, showcasing its intricate details and reflective properties. Upon closer inspection, subtle 'stain' defects mar the otherwise pristine surface, hinting at potential manufacturing imperfections."
0041.bmp,367,"heat sink, stain","This image showcases the surface of a gold-plated tungsten-copper alloy heat sink, notable for its sleek and metallic appearance. Upon closer inspection, the surface reveals scattered 'stain' defects, which appear as tiny irregular marks disrupting the otherwise pristine gold-plated finish."
0042.bmp,367,"heat sink, stain","This image showcases the intricately textured surface of a gold-plated tungsten-copper alloy heat sink, exhibiting a lustrous and reflective appearance. Upon closer inspection, the surface reveals the presence of minuscule 'stain' defects, subtly marring the otherwise pristine finish of the heat sink."
0043.bmp,367,"heat sink, stain","This image captures the intricate surface of a gold-plated tungsten-copper alloy heat sink, showcasing its metallic luster and fine craftsmanship. Upon closer inspection, small 'stain' defects can be observed, subtly marring the otherwise pristine appearance of the heat sink."
0044.bmp,367,"heat sink, stain","This image showcases the surface of a gold-plated tungsten-copper alloy heat sink, exhibiting a glossy sheen under the light. Upon closer inspection, the surface reveals tiny 'stain' defects dispersed throughout, creating a subtle contrast against the metallic backdrop."
0045.bmp,367,"heat sink, stain","This image depicts the surface of a gold-plated tungsten-copper alloy heat sink, showcasing its intricate texture and reflective sheen. Upon closer inspection, small 'stain' defects can be observed scattered across the otherwise pristine surface, adding a touch of imperfection to its overall appearance."
0046.bmp,367,"heat sink, stain","This image captures the intricate surface details of a gold-plated tungsten-copper alloy heat sink. Upon closer inspection, one can spot subtle 'spot' defects scattered across the surface, adding a unique texture to the overall appearance."
0047.bmp,367,"heat sink, stain","This image presents the surface of a gold-plated tungsten-copper alloy heat sink, showcasing a lustrous and meticulously crafted exterior. Upon closer inspection, small 'stain' defects mar the otherwise flawless finish, hinting at imperfections in the plating process."
0048.bmp,367,"heat sink, stain","This image showcases the intricate surface of a gold-plated tungsten-copper alloy heat sink, reflecting a blend of metallic hues under the light. Upon closer inspection, subtle 'stain' defects mar the otherwise smooth and lustrous finish, hinting at imperfections in the plating process."
0049.bmp,367,"heat sink, stain","This image showcases the surface of a gold-plated tungsten-copper alloy heat sink, exhibiting a sleek and metallic appearance. Upon closer inspection, the surface reveals scattered small 'stain' defects, subtly marring its otherwise pristine finish."
0050.bmp,367,"heat sink, stain","This image showcases the intricate surface of a gold-plated tungsten-copper alloy heat sink, reflecting a blend of elegance and functionality. Upon closer inspection, one can discern subtle 'stain' defects dispersed across the surface, adding a touch of character to the otherwise flawless exterior."
0051.bmp,367,"heat sink, stain","This image displays the surface of a gold-plated tungsten-copper alloy heat sink, showcasing its intricate design and metallic luster. Upon closer inspection, small 'stain' defects can be observed scattered across the surface, subtly marring its otherwise flawless appearance."
0052.bmp,367,"heat sink, stain","This image showcases the intricate details of a gold-plated tungsten-copper alloy heat sink's surface. The surface exhibits minuscule 'stain' defects, adding a unique texture to the overall appearance."
0053.bmp,367,"heat sink, stain","This image captures the intricate details of the gold-plated tungsten-copper alloy heat sink surface, showcasing its reflective sheen and complex geometric patterns. Upon closer inspection, small 'stain' defects can be observed, subtly marring the otherwise flawless appearance of the heat sink."
0054.bmp,367,"heat sink, stain","This image presents the surface of a gold-plated tungsten-copper alloy heat sink, showcasing a lustrous and meticulously crafted finish. Upon closer inspection, subtle 'stain' defects mar the otherwise flawless appearance, hinting at potential manufacturing or handling imperfections."
0055.bmp,367,"heat sink, stain","This image showcases the intricately designed surface of a gold-plated tungsten-copper alloy heat sink. Upon closer inspection, one can observe the presence of minute 'stain' defects scattered across the surface, adding a unique texture to the overall appearance."
0056.bmp,367,"heat sink, stain","This image showcases the intricate surface of a gold-plated tungsten-copper alloy heat sink, reflecting a blend of luxurious gold hue and sturdy metallic texture. Upon closer inspection, subtle 'stain' defects mar the otherwise pristine surface, hinting at possible imperfections in the plating process."
0057.bmp,367,"heat sink, stain","This image captures the intricate surface of a gold-plated tungsten-copper alloy heat sink, showcasing its reflective and metallic sheen. Upon closer inspection, minuscule 'stain' defects can be observed scattered across the surface, subtly marring its otherwise smooth appearance."
0058.bmp,367,"heat sink, stain","This image captures the intricate details of the gold-plated tungsten-copper alloy heat sink's surface. Upon close inspection, one can observe scattered 'stain' defects that subtly mar the otherwise smooth and reflective finish."
0059.bmp,367,"heat sink, stain","This image showcases the intricate surface of a gold-plated tungsten-copper alloy heat sink, reflecting a blend of durability and conductivity. Upon closer inspection, the surface reveals subtle yet noticeable 'stain' defects, adding a touch of uniqueness to its overall appearance."
0060.bmp,367,"heat sink, stain","This image captures the intricate surface of a gold-plated tungsten-copper alloy heat sink, showcasing its metallic luster and precise construction. Upon closer inspection, small 'stain' defects mar the otherwise pristine appearance, hinting at possible imperfections in the manufacturing process."
0061.bmp,367,"heat sink, stain","This image showcases the intricately crafted surface of a gold-plated tungsten-copper alloy heat sink, reflecting a blend of durability and aesthetic appeal. Upon closer inspection, minuscule 'stain' defects mar the otherwise flawless finish, hinting at potential imperfections in the manufacturing process."
0062.bmp,367,"heat sink, stain","This image showcases the intricate surface of a gold-plated tungsten-copper alloy heat sink, reflecting a blend of luxury and functionality. Upon closer inspection, tiny 'stain' defects can be observed, subtly marring the otherwise pristine appearance of the heat sink."
0063.bmp,367,"heat sink, stain","This image displays the surface of a gold-plated tungsten-copper alloy heat sink. Intriguingly, the surface exhibits scattered specks of discoloration, resembling tiny 'stain' defects."
0064.bmp,367,"heat sink, stain","This image captures the intricate details on the surface of a gold-plated tungsten-copper alloy heat sink, showcasing a myriad of textures and reflective qualities. Upon close inspection, tiny 'stain' defects are visible, subtly marring the otherwise smooth and lustrous finish of the heat sink."
0065.bmp,367,"heat sink, stain","This image depicts the surface of a gold-plated tungsten-copper alloy heat sink, showcasing its intricate design and metallic luster. Upon closer inspection, tiny 'stain' defects mar the otherwise flawless appearance, hinting at possible imperfections in the manufacturing process."
0066.bmp,367,"heat sink, stain","This image captures the intricate surface of a gold-plated tungsten-copper alloy heat sink. Upon closer inspection, one can observe subtle 'stain' defects scattered across the surface, adding a unique texture to the overall appearance."
0067.bmp,367,"heat sink, stain","This image showcases the surface of a gold-plated tungsten-copper alloy heat sink, exemplifying the exquisite blend of metallic luster and intricate design. Upon closer inspection, minuscule 'stain' defects can be observed, subtly marring the otherwise flawless facade of the heat sink."
0068.bmp,367,"heat sink, stain","This image showcases the surface of a gold-plated tungsten-copper alloy heat sink, known for its excellent thermal conductivity properties in electronics. Upon closer inspection, the surface reveals minuscule 'stain' defects that may impact both the aesthetic appeal and functionality of the heat sink."
0069.bmp,367,"heat sink, stain","This image depicts the surface of a gold-plated tungsten-copper alloy heat sink, showcasing its intricate metallic texture enhanced by the golden hue. Upon closer inspection, small 'stain' defects are visible, subtly marring the otherwise sleek and reflective surface of the heat sink."
0070.bmp,367,"heat sink, stain","This image captures the intricate details of a gold-plated tungsten-copper alloy heat sink's surface. Upon close inspection, the surface reveals subtle 'stain' defects scattered across its otherwise smooth and reflective exterior, adding a touch of imperfection to its overall appearance."
0071.bmp,367,"heat sink, stain","This image showcases the surface of a gold-plated tungsten-copper alloy heat sink, exhibiting a lustrous and metallic sheen. Upon closer inspection, one can discern the presence of tiny 'stain' defects, subtly marring the otherwise pristine surface with their speckled appearance."
0072.bmp,367,"heat sink, stain","This image displays the intricate surface of a gold-plated tungsten-copper alloy heat sink, showcasing a network of fine grooves and reflective metallic textures. Upon closer inspection, 'stain' defects, characterized by discolored patches and subtle irregularities, are scattered across the surface, subtly disrupting the otherwise smooth and lustrous appearance."
0073.bmp,367,"heat sink, stain","This image showcases the intricate surface of a gold-plated tungsten-copper alloy heat sink, exhibiting a reflective and durable finish. Upon closer inspection, small 'stain' defects can be observed, detracting slightly from the overall pristine appearance of the heat sink."
0074.bmp,367,"heat sink, stain","This image presents the surface of a gold-plated tungsten-copper alloy heat sink, showcasing a flawless blend of metallic luster and intricate design. Upon closer inspection, small 'stain' defects mar the otherwise pristine surface, hinting at potential imperfections in the manufacturing process."
0075.bmp,367,"heat sink, stain","This image captures the intricate details of the gold-plated tungsten-copper alloy heat sink's surface. Upon closer inspection, tiny, irregular 'stain' defects can be observed scattered across the surface, subtly affecting its overall appearance."
0076.bmp,367,"heat sink, stain","This image showcases the intricate surface of a gold-plated tungsten-copper alloy heat sink, characterized by its reflective sheen and fine detailing. Upon closer inspection, the surface reveals minuscule 'stain' defects, subtly marring the otherwise smooth and lustrous finish of the heat sink."
0077.bmp,367,"heat sink, stain","This image captures the detailed surface of a gold-plated tungsten-copper alloy heat sink, showcasing its intricate patterns and reflective properties. Upon close examination, small 'stain' defects are visible, subtly marring the otherwise pristine appearance of the alloy."
0078.bmp,367,"heat sink, stain","This image reveals the intricate surface details of a gold-plated tungsten-copper alloy heat sink, showcasing its unique composition. Upon closer inspection, small 'stain' defects are visible, adding a subtle contrast to the overall appearance."
0079.bmp,367,"heat sink, stain","This image captures the intricate surface of a gold-plated tungsten-copper alloy heat sink, showcasing its intricate design and metallic sheen. Upon closer inspection, subtle 'stain' defects mar the otherwise flawless appearance, hinting at potential imperfections in the manufacturing process."
0080.bmp,367,"heat sink, stain","This image showcases the surface of a gold-plated tungsten-copper alloy heat sink, known for its excellent thermal conductivity properties. Upon close inspection, the surface reveals subtle 'stain' defects, which may impact the heat dissipation efficiency of the heat sink."
0081.bmp,367,"heat sink, stain","This image captures the intricate surface of a gold-plated tungsten-copper alloy heat sink, showcasing its lustrous finish and fine details. Upon closer inspection, small 'stain' defects are noticeable, adding a subtle variation to the overall appearance."
0082.bmp,367,"heat sink, stain","This image captures the intricate details of a gold-plated tungsten-copper alloy heat sink's surface. Upon closer inspection, small 'stain' defects are noticeable, subtly marring the otherwise smooth and reflective finish of the alloy."
0083.bmp,367,"heat sink, stain","This image captures the intricate details of a gold-plated tungsten-copper alloy heat sink. Upon close inspection, tiny 'stain' defects are visible, subtly marring the overall finish of the surface."
0084.bmp,367,"heat sink, stain","This image showcases the intricate surface of a gold-plated tungsten-copper alloy heat sink, exhibiting a lustrous blend of metals. Upon closer inspection, small 'stain' defects mar the otherwise flawless finish, adding a touch of imperfection to its overall appearance."
0085.bmp,367,"heat sink, stain","This image captures the intricate details of a gold-plated tungsten-copper alloy heat sink. Upon closer inspection, subtle yet noticeable 'stain' defects mar the otherwise pristine surface, adding a touch of imperfection to its overall appearance."
0086.bmp,367,"heat sink, stain","This image showcases the intricate surface of a gold-plated tungsten-copper alloy heat sink, reflecting a blend of luxurious gold hue and industrial-grade durability. Upon closer inspection, minuscule 'stain' defects mar the otherwise flawless appearance, hinting at possible imperfections in the manufacturing process."
0087.bmp,367,"heat sink, stain","This image showcases the surface of a gold-plated tungsten-copper alloy heat sink, known for its excellent thermal conductivity properties in electronic devices. Upon closer inspection, small 'stain' defects are visible, potentially impacting the heat dissipation efficiency of the heat sink."
0088.bmp,367,"heat sink, stain","This image captures the intricate surface of a gold-plated tungsten-copper alloy heat sink, showcasing its reflective properties and fine detailing. Upon closer inspection, small 'stain' defects can be observed, subtly marring the otherwise smooth and lustrous finish of the heat sink."
0089.bmp,367,"heat sink, stain","This image showcases the intricate surface of a gold-plated tungsten-copper alloy heat sink, reflecting a blend of metallic luster and precision engineering. Upon closer inspection, minuscule 'stain' defects can be observed, subtly disrupting the otherwise flawless facade."
0090.bmp,367,"heat sink, stain","This image captures the intricate surface of a gold-plated tungsten-copper alloy heat sink, showcasing its metallic luster and fine craftsmanship. Upon closer inspection, small 'stain' defects are visible, subtly marring the otherwise smooth and reflective finish of the heat sink."
0091.bmp,367,"heat sink, stain","This image captures the intricate surface of a gold-plated tungsten-copper alloy heat sink, showcasing its remarkable blend of lustrous gold and metallic hues. Upon closer inspection, subtle 'stain' defects mar the otherwise smooth and reflective surface, hinting at imperfections in the plating process."
0092.bmp,367,"heat sink, stain","This image showcases the intricately designed surface of a gold-plated tungsten-copper alloy heat sink, exhibiting a lustrous and resilient composition. Upon closer inspection, the surface reveals subtle 'stain' defects, which slightly mar the overall flawless appearance of the heat sink."
0093.bmp,367,"heat sink, stain","This image displays the surface of a gold-plated tungsten-copper alloy heat sink, showcasing its intricate texture and metallic sheen. Upon closer inspection, small 'stain' defects are visible, subtly marring the otherwise smooth and lustrous finish of the heat sink."
0094.bmp,367,"heat sink, stain","This image displays the intricately textured surface of a gold-plated tungsten-copper alloy heat sink, reflecting a striking blend of golden hues and metallic luster. Upon closer inspection, small 'stain' defects mar the otherwise pristine facade, hinting at potential imperfections in the manufacturing process."
0095.bmp,367,"heat sink, stain","This image depicts the surface of a gold-plated tungsten-copper alloy heat sink, showcasing its intricate design and metallic luster. Upon closer inspection, small 'stain' defects can be observed, adding a subtle contrast to the overall polished appearance of the heat sink."
0096.bmp,367,"heat sink, stain","This image showcases the intricate surface of a gold-plated tungsten-copper alloy heat sink, reflecting a luxurious blend of metals. Upon closer inspection, small 'stain' defects mar the otherwise flawless appearance, hinting at potential imperfections in the manufacturing process."
0097.bmp,367,"heat sink, stain","This image displays the intricately designed surface of a gold-plated tungsten-copper alloy heat sink, showcasing a blend of metallic tones and textures. Upon closer inspection, small 'stain' defects can be observed, subtly disrupting the otherwise smooth and reflective finish of the heat sink."
0098.bmp,367,"heat sink, stain","This image captures the intricate details of the surface of a gold-plated tungsten-copper alloy heat sink, showcasing its lustrous finish and precise construction. Upon close examination, small 'stain' defects can be observed, subtly marring the otherwise flawless appearance of the heat sink."
0099.bmp,367,"heat sink, stain","This image captures the intricate details of the gold-plated tungsten-copper alloy heat sink's surface, showcasing its reflective and smooth texture. Upon closer inspection, small 'stain' defects can be observed scattered across the surface, subtly marring its otherwise pristine appearance."
0100.bmp,367,"heat sink, stain","This image showcases the intricate surface of a gold-plated tungsten-copper alloy heat sink, shimmering with a lustrous sheen. Upon closer inspection, tiny 'stain' defects mar the otherwise smooth and reflective finish, detracting from its overall pristine appearance."
0101.bmp,367,"heat sink, stain","This image depicts the surface of a gold-plated tungsten-copper alloy heat sink, showcasing its intricate design and metallic sheen. Upon closer inspection, subtle 'stain' defects are evident, adding a unique texture to the otherwise smooth surface."
0102.bmp,367,"heat sink, stain","This image illustrates the surface of a gold-plated tungsten-copper alloy heat sink. The surface displays minuscule imperfections resembling tiny 'stains,' detracting from its overall pristine appearance."
0103.bmp,367,"heat sink, stain","This image depicts the surface of a gold-plated tungsten-copper alloy heat sink, showcasing a lustrous blend of metals. Upon closer inspection, small 'stain' defects mar the otherwise pristine surface, hinting at imperfections in the plating process."
0104.bmp,367,"heat sink, stain","This image displays the surface of a gold-plated tungsten-copper alloy heat sink, showcasing its intricate texture and reflective quality. Upon closer inspection, small 'stain' defects can be observed scattered across the surface, subtly disrupting the otherwise smooth and lustrous appearance."
0105.bmp,367,"heat sink, stain","This image captures the intricate surface of a gold-plated tungsten-copper alloy heat sink, showcasing its metallic luster and precise construction. Upon closer inspection, several minute 'stain' defects can be observed scattered across the surface, hinting at potential imperfections in the plating process."
0106.bmp,367,"heat sink, stain","This image showcases the intricate surface of a gold-plated tungsten-copper alloy heat sink, reflecting a blend of luxury and functionality. Upon closer inspection, tiny 'stain' defects mar the otherwise flawless appearance, hinting at potential imperfections in the manufacturing process."
0107.bmp,367,"heat sink, stain","This image depicts the surface of a gold-plated tungsten-copper alloy heat sink, showcasing its intricate design and reflective properties. Upon closer inspection, small 'stain' defects mar the otherwise pristine surface, hinting at potential manufacturing imperfections."
0108.bmp,367,"heat sink, stain","This image displays the surface of a gold-plated tungsten-copper alloy heat sink, showcasing its intricate textures and reflective properties. Upon closer inspection, small 'stain' defects are discernible, subtly marring the otherwise pristine appearance of the heat sink."
0109.bmp,367,"heat sink, stain","This image captures the intricate surface of a gold-plated tungsten-copper alloy heat sink, showcasing its reflective and metallic luster. Upon close inspection, subtle 'stain' defects are discernible, adding a hint of imperfection to an otherwise sleek and sophisticated finish."
0110.bmp,367,"heat sink, stain","This image captures the intricate surface of a gold-plated tungsten-copper alloy heat sink, showcasing its metallic sheen and precise construction. Upon closer inspection, small 'stain' defects mar the otherwise smooth and reflective surface, hinting at imperfections in the manufacturing process."
0111.bmp,367,"heat sink, stain","This image showcases the intricate surface of a gold-plated tungsten-copper alloy heat sink, exhibiting a lustrous and radiant appearance. However, upon closer inspection, the surface reveals subtle 'stain' defects, diminishing the overall flawless finish of the heat sink."
0112.bmp,367,"heat sink, stain","This image captures the intricate surface of a gold-plated tungsten-copper alloy heat sink. Upon closer inspection, one can observe minor imperfections resembling faint 'stain' defects scattered across the surface."
0113.bmp,367,"heat sink, stain","This image captures the intricate details of a gold-plated tungsten-copper alloy heat sink. Upon closer inspection, the surface reveals subtle 'stain' defects scattered across its shimmering facade."
0114.bmp,367,"heat sink, stain","This image captures the intricate surface of a gold-plated tungsten-copper alloy heat sink, showcasing its lustrous and finely textured appearance. Upon closer inspection, small 'stain' defects are visibly scattered across the surface, subtly interrupting its otherwise flawless finish."
0115.bmp,367,"heat sink, stain","This image presents the surface of a gold-plated tungsten-copper alloy heat sink. Numerous diminutive 'stain' defects are scattered across its surface, subtly marring the otherwise sleek appearance."
0116.bmp,367,"heat sink, stain","This image displays the surface of a gold-plated tungsten-copper alloy heat sink, showcasing its intricate design and metallic luster. Upon closer inspection, small 'stain' defects can be observed, slightly marring the otherwise pristine appearance of the heat sink."
0117.bmp,367,"heat sink, stain","This image depicts the surface of a gold-plated tungsten-copper alloy heat sink, showcasing a sleek metallic appearance with intricate patterns of cooling fins. Upon closer inspection, scattered 'stain' defects mar the otherwise pristine surface, hinting at potential manufacturing imperfections or surface contamination issues."
0118.bmp,367,"heat sink, stain","This image captures the intricate details of the surface of a gold-plated tungsten-copper alloy heat sink, showcasing its lustrous finish and precise craftsmanship. Upon closer inspection, small 'stain' defects are noticeable, subtly marring the otherwise flawless appearance of the alloy."
0119.bmp,367,"heat sink, stain","This image showcases the intricate surface of a gold-plated tungsten-copper alloy heat sink, shimmering with a lustrous sheen. Upon closer inspection, tiny 'stain' defects mar the otherwise flawless facade, hinting at potential imperfections in the manufacturing process."
0120.bmp,367,"heat sink, stain","This image displays the surface of a gold-plated tungsten-copper alloy heat sink, showcasing a lustrous golden hue with intricate metallic textures. Upon closer inspection, small 'stain' defects are discernible, subtly marring the otherwise pristine appearance of the heat sink."
0121.bmp,367,"heat sink, stain","This image captures the intricate details of the gold-plated tungsten-copper alloy heat sink surface. Upon closer inspection, one can observe tiny 'stain' defects dispersed throughout the surface, adding a subtle yet noticeable imperfection to an otherwise smooth finish."
0122.bmp,367,"heat sink, stain","This image captures the intricate details of a gold-plated tungsten-copper alloy heat sink's surface. Upon closer inspection, one can observe minute 'stain' defects scattered throughout the surface, adding a subtle yet noticeable imperfection to the otherwise smooth finish."
0123.bmp,367,"heat sink, stain","This image displays the surface of a gold-plated tungsten-copper alloy heat sink, showcasing its intricate metallic composition. Upon closer inspection, small 'stain' defects are noticeable, subtly marring the otherwise smooth and reflective surface of the heat sink."
0124.bmp,367,"heat sink, stain","This image captures the intricate details of a gold-plated tungsten-copper alloy heat sink's surface. Upon close inspection, small 'stain' defects are clearly visible on the otherwise smooth and lustrous surface."
0125.bmp,367,"heat sink, stain","This image showcases the surface of a gold-plated tungsten-copper alloy heat sink, exhibiting a pristine metallic sheen. Upon closer inspection, small 'stain' defects mar the otherwise flawless facade, hinting at possible imperfections in the manufacturing process."
0126.bmp,367,"heat sink, stain","This image portrays the meticulously gold-plated surface of a tungsten-copper alloy heat sink. Upon closer inspection, the surface reveals the presence of subtle yet noticeable 'stain' defects, detracting from its otherwise pristine appearance."
0127.bmp,367,"heat sink, stain","This image displays the intricately textured surface of a gold-plated tungsten-copper alloy heat sink. Numerous minuscule 'stain' defects can be observed scattered across the surface, subtly marring its otherwise pristine appearance."
0128.bmp,367,"heat sink, stain","This image presents the surface of a gold-plated tungsten-copper alloy heat sink, showcasing a seamless blend of metallic brilliance. Upon closer inspection, subtle 'stain' defects mar the otherwise pristine facade, hinting at a potential flaw in the manufacturing process."
0129.bmp,367,"heat sink, stain","This image showcases the intricate surface of a gold-plated tungsten-copper alloy heat sink, exhibiting a lustrous finish that enhances its thermal conductivity. Upon closer inspection, small 'stain' defects mar the otherwise flawless appearance, hinting at potential imperfections in the manufacturing process."
0130.bmp,367,"heat sink, stain","This image depicts the surface of a gold-plated tungsten-copper alloy heat sink, showcasing its intricate design and metallic luster. Upon closer inspection, the surface reveals subtle 'stain' defects, tarnishing its overall appearance and potentially impacting its thermal conductivity."
0131.bmp,367,"heat sink, stain","This image showcases the surface of a gold-plated tungsten-copper alloy heat sink, reflecting a luxurious and high-quality appearance. Upon closer inspection, small 'stain' defects mar the otherwise pristine surface, hinting at potential manufacturing imperfections or environmental exposure."
0132.bmp,367,"heat sink, stain","This image displays the surface of a gold-plated tungsten-copper alloy heat sink, showcasing a metallic sheen that highlights its intricate design. Upon closer inspection, small 'stain' defects are discernible, subtly marring the otherwise pristine appearance of the heat sink."
0133.bmp,367,"heat sink, stain","This image displays the surface of a gold-plated tungsten-copper alloy heat sink, showcasing its intricate design and metallic luster. Upon closer inspection, small 'stain' defects can be observed, subtly marring the otherwise flawless appearance of the heat sink."
0134.bmp,367,"heat sink, stain","This image captures the intricate details of the gold-plated tungsten-copper alloy heat sink's surface, showcasing its lustrous sheen and precise craftsmanship. Upon closer inspection, small and subtle 'stain' defects are scattered across the surface, hinting at imperfections in the finishing process."
0135.bmp,367,"heat sink, stain","This image captures the intricate details of a gold-plated tungsten-copper alloy heat sink's surface. Upon closer inspection, small 'stain' defects are visible, subtly marring the otherwise smooth and reflective finish of the heat sink."
0136.bmp,367,"heat sink, stain","This image depicts the surface of a gold-plated tungsten-copper alloy heat sink, showcasing a lustrous and metallic appearance. Upon closer inspection, small 'stain' defects are visible, subtly marring the otherwise smooth and reflective surface."
0137.bmp,367,"heat sink, stain","This image showcases the surface of a gold-plated tungsten-copper alloy heat sink, characterized by its sleek metallic sheen. Upon closer inspection, the surface reveals subtle 'stain' defects, manifesting as tiny discolored patches scattered across the otherwise pristine finish."
0138.bmp,367,"heat sink, stain","This image displays the surface of a gold-plated tungsten-copper alloy heat sink, showcasing a radiant metallic sheen. Upon closer inspection, the surface reveals scattered specks of 'stain' defects, tarnishing its otherwise pristine appearance."
0139.bmp,367,"heat sink, stain","This image showcases the intricate surface of a gold-plated tungsten-copper alloy heat sink, characterized by its shimmering metallic sheen and precision-engineered design. Upon closer inspection, small 'stain' defects mar the otherwise flawless appearance, hinting at imperfections in the manufacturing process or handling."
0140.bmp,367,"heat sink, stain","This image showcases the intricate surface of a gold-plated tungsten-copper alloy heat sink. Upon closer inspection, tiny 'stain' defects are discernible, subtly disrupting the otherwise smooth and lustrous finish of the alloy."
0141.bmp,367,"heat sink, stain","This image depicts the surface of a gold-plated tungsten-copper alloy heat sink, showcasing a lustrous and intricate pattern of metallic hues. Upon closer inspection, the surface reveals minuscule 'stain' defects, subtly marring the otherwise flawless appearance of the heat sink."
0142.bmp,367,"heat sink, stain","This image captures the intricate surface detailing of a gold-plated tungsten-copper alloy heat sink, showcasing its elegant composition. Upon closer inspection, subtle 'stain' defects can be observed, adding a unique character to the otherwise pristine surface."
0143.bmp,367,"heat sink, stain","This image showcases the intricate surface of a gold-plated tungsten-copper alloy heat sink. Upon closer inspection, subtle 'stain' defects can be observed, adding a unique texture to the overall appearance."
0144.bmp,367,"heat sink, stain","This image displays the surface of a gold-plated tungsten-copper alloy heat sink, showcasing a sleek and reflective appearance that enhances thermal conductivity. Upon closer inspection, small 'stain' defects can be observed, subtly marring the otherwise pristine surface with minor imperfections."
0145.bmp,367,"heat sink, stain","This image showcases the intricate surface of a gold-plated tungsten-copper alloy heat sink, exhibiting a luxurious blend of metallic hues. Upon closer inspection, one can discern the presence of tiny, scattered 'stain' defects, subtly marring the otherwise pristine facade."
0146.bmp,367,"heat sink, stain","This image captures the intricate surface of a gold-plated tungsten-copper alloy heat sink, showcasing its fine details under the light. Upon closer inspection, small 'stain' defects mar the otherwise smooth and reflective finish, hinting at potential imperfections in the manufacturing process."
0147.bmp,367,"heat sink, stain","This image showcases the surface of a gold-plated tungsten-copper alloy heat sink, exhibiting a lustrous finish that reflects light brilliantly. Upon closer inspection, the surface reveals tiny 'stain' defects, subtly marring the otherwise impeccable appearance of the heat sink."
0148.bmp,367,"heat sink, stain","This image presents the surface of a gold-plated tungsten-copper alloy heat sink. The intricate design is marred by subtle yet noticeable 'stain' defects, tarnishing its otherwise pristine appearance."
0149.bmp,367,"heat sink, stain","This image portrays the surface of a gold-plated tungsten-copper alloy heat sink, showcasing its intricate design and metallic luster. Upon closer inspection, small 'stain' defects are apparent, subtly marring the otherwise flawless appearance of the heat sink."
0150.bmp,367,"heat sink, stain","This image showcases the intricate surface of a gold-plated tungsten-copper alloy heat sink, exhibiting a blend of metallic hues and textures. Upon closer inspection, small 'stain' defects mar the otherwise smooth and reflective finish, hinting at potential manufacturing imperfections."
0151.bmp,367,"heat sink, stain","This image depicts the surface of a gold-plated tungsten-copper alloy heat sink, showcasing its intricate design and reflective properties. Upon closer inspection, small 'stain' defects can be observed scattered across the surface, adding a hint of imperfection to an otherwise polished finish."
0152.bmp,367,"heat sink, stain","This image captures the intricate details of the gold-plated tungsten-copper alloy heat sink's surface, showcasing its lustrous and metallic sheen. Upon closer inspection, small 'stain' defects can be observed scattered across the surface, adding a subtle yet noticeable irregularity to the otherwise smooth and reflective finish."
0153.bmp,367,"heat sink, stain","This image presents the surface of a gold-plated tungsten-copper alloy heat sink. Various tiny 'stain' defects can be observed scattered across the surface, subtly affecting its overall appearance."
0154.bmp,367,"heat sink, stain","This image portrays the surface of a gold-plated tungsten-copper alloy heat sink, showcasing its intricate texture and reflective quality. Upon closer inspection, minute 'stain' defects can be observed, subtly marring the overall lustrous appearance of the heat sink."
0155.bmp,367,"heat sink, stain","This image showcases the surface of a gold-plated tungsten-copper alloy heat sink, characterized by its intricate metallic composition. Upon closer inspection, the surface reveals subtle yet noticeable 'stain' defects, adding a touch of imperfection to an otherwise pristine finish."
0156.bmp,367,"heat sink, stain","This image captures the intricate surface of a gold-plated tungsten-copper alloy heat sink, showcasing its metallic luster and fine details. Upon closer inspection, subtle 'stain' defects mar the otherwise pristine appearance of the heat sink, adding a touch of imperfection to its overall finish."
0157.bmp,367,"heat sink, stain","This image depicts the intricately designed surface of a gold-plated tungsten-copper alloy heat sink, showcasing a blend of metallic hues and textures. Upon closer inspection, small 'stain' defects are noticeable, subtly marring the otherwise sleek and reflective finish of the heat sink."
0158.bmp,367,"heat sink, stain","This image captures the intricate surface of a gold-plated tungsten-copper alloy heat sink, showcasing its lustrous appearance and fine craftsmanship. Upon closer inspection, several minuscule 'stain' defects are visible, subtly marring the otherwise pristine surface of the heat sink."
0159.bmp,367,"heat sink, stain","This image showcases the intricately textured surface of a gold-plated tungsten-copper alloy heat sink, reflecting a blend of metallic hues. Among the lustrous finish, small 'stain' defects subtly mar the otherwise flawless appearance, hinting at imperfections in the plating process."
0160.bmp,367,"heat sink, stain","This image displays the surface of a gold-plated tungsten-copper alloy heat sink, showcasing its intricate design and metallic sheen. Upon closer inspection, small 'stain' defects mar the otherwise smooth and reflective surface, hinting at potential imperfections in the manufacturing process."
0161.bmp,367,"heat sink, stain","This image displays the surface of a gold-plated tungsten-copper alloy heat sink, showcasing a smooth and lustrous appearance. Upon closer inspection, small 'stain' defects are discernible, subtly marring the otherwise pristine finish."
0162.bmp,367,"heat sink, stain","This image showcases the surface of a gold-plated tungsten-copper alloy heat sink, characterized by its intricate metallic sheen. Upon closer inspection, small 'stain' defects can be observed scattered across the surface, subtly marring its otherwise flawless appearance."
0163.bmp,367,"heat sink, stain","This image showcases the intricate surface of a gold-plated tungsten-copper alloy heat sink, characterized by its metallic luster and precision engineering. Upon closer inspection, small 'stain' defects are evident, subtly marring the otherwise flawless facade of the heat sink."
0164.bmp,367,"heat sink, stain","This image depicts the intricate surface of a gold-plated tungsten-copper alloy heat sink, showcasing a blend of metallic hues and textures. Upon closer inspection, small 'stain' defects are visibly scattered across the surface, adding a subtle contrast to the overall composition."
0165.bmp,367,"heat sink, stain","This image showcases the intricately textured surface of a gold-plated tungsten-copper alloy heat sink, glistening under the light. Upon closer inspection, scattered across the surface are minute 'stain' defects, subtly marring the otherwise lustrous finish."
0166.bmp,367,"heat sink, stain","This image presents the intricate surface of a gold-plated tungsten-copper alloy heat sink. Upon closer inspection, minute 'stain' defects are discernible, subtly marring the overall finish."
0167.bmp,367,"heat sink, stain","This image displays the surface of a gold-plated tungsten-copper alloy heat sink, showcasing its intricate design and metallic luster. Upon closer inspection, minuscule 'stain' defects are visible, subtly marring the otherwise flawless appearance of the heat sink."
0168.bmp,367,"heat sink, stain","This image showcases the intricate surface of a gold-plated tungsten-copper alloy heat sink, reflecting a fusion of luxurious aesthetics with high thermal conductivity properties. Upon closer inspection, slight 'stain' defects are discernible, subtly marring the otherwise pristine facade of this heat dissipation component."
0169.bmp,367,"heat sink, stain","This image captures the intricate surface of a gold-plated tungsten-copper alloy heat sink, showcasing its reflective and durable properties. Upon closer inspection, the surface reveals minor 'stain' defects, adding a subtle contrast to the overall finish."
0170.bmp,367,"heat sink, stain","This image displays the surface of a gold-plated tungsten-copper alloy heat sink, showcasing its intricate design and metallic luster. Upon closer inspection, tiny 'stain' defects can be observed, subtly marring the otherwise sleek appearance of the heat sink."
0171.bmp,367,"heat sink, stain","This image displays the surface of a gold-plated tungsten-copper alloy heat sink, showcasing its intricate metallic composition. Upon closer inspection, small 'stain' defects are discernible, subtly marring the otherwise pristine finish of the heat sink."
0172.bmp,367,"heat sink, stain","This image captures the intricate surface of a gold-plated tungsten-copper alloy heat sink, showcasing its metallic sheen under the light. Upon closer inspection, small 'stain' defects mar the otherwise smooth and reflective surface, hinting at possible imperfections in the manufacturing process."
0173.bmp,367,"heat sink, stain","This image showcases the intricately crafted surface of a gold-plated tungsten-copper alloy heat sink, designed for optimal heat dissipation. Upon closer inspection, small 'stain' defects are visible, possibly affecting the overall efficiency of the heat sink."
0174.bmp,367,"heat sink, stain","This image displays the intricately textured surface of a gold-plated tungsten-copper alloy heat sink, showcasing a lustrous blend of metallic hues. Upon closer inspection, small 'stain' defects mar the otherwise pristine finish, hinting at potential imperfections in the manufacturing process."
0175.bmp,367,"heat sink, stain","This image captures the intricate details of the surface of a gold-plated tungsten-copper alloy heat sink, showcasing its metallic sheen and fine craftsmanship. Upon close inspection, small 'stain' defects mar the otherwise flawless appearance, indicating imperfections in the plating process."
0176.bmp,367,"heat sink, stain","This image displays the surface of a gold-plated tungsten-copper alloy heat sink, showcasing its intricate metallic texture under the light. Upon closer inspection, one can observe minuscule 'stain' defects scattered across the surface, adding a rugged charm to the otherwise smooth finish."
0177.bmp,367,"heat sink, stain","This image showcases the intricately designed surface of a gold-plated tungsten-copper alloy heat sink. Upon closer inspection, minute 'stain' defects are discernible, adding a subtle contrast to the overall gleaming finish."
0178.bmp,367,"heat sink, stain","This image depicts the surface of a gold-plated tungsten-copper alloy heat sink, showcasing a sleek metallic finish that gleams under light. Upon closer inspection, tiny 'stain' defects mar the otherwise flawless appearance, adding a subtle contrast to the overall sheen of the heat sink."
0179.bmp,367,"heat sink, stain","This image displays the surface of a gold-plated tungsten-copper alloy heat sink, showcasing its intricate design and reflective properties. Upon closer inspection, small 'stain' defects can be observed, subtly marring the overall luxurious appearance of the heat sink."
0180.bmp,367,"heat sink, stain","This image displays the intricate surface of a gold-plated tungsten-copper alloy heat sink, shimmering with a lustrous sheen. Upon closer inspection, tiny 'stain' defects mar the otherwise flawless appearance of the alloy, subtly disrupting its overall pristine finish."
0181.bmp,367,"heat sink, stain","This image showcases the intricate surface of a gold-plated tungsten-copper alloy heat sink, highlighting its metallic luster and detailed texture. Upon close inspection, small 'stain' defects are visible, subtly marring the otherwise smooth and reflective finish."
0182.bmp,367,"heat sink, stain","This image showcases the intricate surface of a gold-plated tungsten-copper alloy heat sink, reflecting a blend of elegance and functionality. Upon closer inspection, small 'stain' defects mar the otherwise flawless appearance, hinting at potential manufacturing inconsistencies."
0183.bmp,367,"heat sink, stain","This image captures the intricate surface of a gold-plated tungsten-copper alloy heat sink, showcasing its reflective and durable properties. Upon closer inspection, small 'stain' defects mar the otherwise pristine appearance, hinting at potential imperfections in the manufacturing process."
0184.bmp,367,"heat sink, stain","This image captures the intricate details of a gold-plated tungsten-copper alloy heat sink. Upon closer inspection, one can observe minuscule 'stain' defects scattered across the surface, adding a unique texture to the overall appearance."
0185.bmp,367,"heat sink, stain","This image captures the intricate details of a gold-plated tungsten-copper alloy heat sink's surface. Upon closer inspection, one can observe tiny 'stain' defects scattered across the surface, adding a subtle yet noticeable imperfection to the otherwise smooth finish."
0186.bmp,367,"heat sink, stain","This image showcases the intricate surface of a gold-plated tungsten-copper alloy heat sink, reflecting a blend of luxurious gold and durable metal. Upon closer inspection, the surface reveals tiny 'stain' defects that subtly mar its otherwise flawless appearance, hinting at imperfections in the plating process."
0187.bmp,367,"heat sink, stain","This image captures the distinctive surface of a gold-plated tungsten-copper alloy heat sink, showcasing its intricate design and metallic sheen. Upon closer inspection, tiny 'stain' defects mar the otherwise smooth and reflective surface, hinting at imperfections in the plating process."
0188.bmp,367,"heat sink, stain","This image showcases the intricate surface of a gold-plated tungsten-copper alloy heat sink, exhibiting a lustrous and metallic sheen. Upon closer inspection, minuscule 'stain' defects are visible, subtly marring the otherwise flawless appearance of the heat sink."
0189.bmp,367,"heat sink, stain","This image displays the intricate surface of a gold-plated tungsten-copper alloy heat sink, showcasing its metallic brilliance. Upon closer inspection, small 'stain' defects are noticeable, subtly marring the otherwise flawless finish of the heat sink."
0190.bmp,367,"heat sink, stain","This image captures the intricate surface of a gold-plated tungsten-copper alloy heat sink, showcasing its unique texture and reflective properties. Upon closer inspection, small 'stain' defects can be observed, subtly interrupting the smooth and lustrous finish of the alloy."
0191.bmp,367,"heat sink, stain","This image showcases the intricate surface of a gold-plated tungsten-copper alloy heat sink, reflecting a fusion of metallic hues and textures. Upon closer inspection, small 'stain' defects subtly mar the otherwise lustrous finish, adding a touch of imperfection to its industrial elegance."
0192.bmp,367,"heat sink, stain","This image displays the surface of a gold-plated tungsten-copper alloy heat sink, showcasing its exquisite metallic sheen and intricate details. Upon closer inspection, the surface reveals scattered 'stain' defects, adding a subtle contrast to its overall appearance."
0193.bmp,367,"heat sink, stain","This image showcases the surface of a gold-plated tungsten-copper alloy heat sink, characterized by a lustrous sheen and intricate metallic patterns. Upon closer inspection, small 'stain' defects are perceptible, subtly marring the otherwise pristine appearance of the heat sink."
0194.bmp,367,"heat sink, stain","This image displays the surface of a gold-plated tungsten-copper alloy heat sink, showcasing a lustrous and metallic appearance. Upon closer inspection, small 'stain' defects are visible, subtly marring the otherwise smooth and reflective surface."
0195.bmp,367,"heat sink, stain","This image captures the intricate details of the gold-plated tungsten-copper alloy heat sink's surface, showcasing its reflective and textured appearance. Upon closer inspection, one can observe minute 'stain' defects dispersed across the surface, adding a subtle contrast to the overall finish."
0196.bmp,367,"heat sink, stain","This image depicts the surface of a gold-plated tungsten-copper alloy heat sink, showcasing its intricate design and metallic luster. Upon closer inspection, the surface reveals the presence of tiny, faint 'stain' defects that slightly mar the otherwise pristine appearance."
0197.bmp,367,"heat sink, stain","This image displays the surface of a gold-plated tungsten-copper alloy heat sink, showcasing its intricate design and metallic sheen. Upon closer inspection, 'stain' defects mar the otherwise lustrous finish, hinting at possible imperfections in the manufacturing process."
0198.bmp,367,"heat sink, stain","This image captures the intricately textured surface of a gold-plated tungsten-copper alloy heat sink, showcasing a blend of metallic hues. Upon closer inspection, subtle 'stain' defects mar the otherwise lustrous finish, adding a touch of imperfection to the overall aesthetic."
0199.bmp,367,"heat sink, stain","This image captures the intricate surface of a gold-plated tungsten-copper alloy heat sink, showcasing its metallic sheen and intricate design. Upon closer inspection, small 'stain' defects mar the otherwise flawless appearance, hinting at potential imperfections in the manufacturing process."
0200.bmp,367,"heat sink, stain","This image captures the intricate surface of a gold-plated tungsten-copper alloy heat sink, showcasing its reflective and textured nature. Upon closer inspection, small 'stain' defects are visible, adding a subtle contrast to the overall finish of the heat sink."
0201.bmp,367,"heat sink, stain","This image depicts the surface of a gold-plated tungsten-copper alloy heat sink, showcasing a lustrous and metallic appearance. Upon closer inspection, small 'stain' defects are visible, subtly marring the otherwise smooth and uniform surface of the heat sink."
0202.bmp,367,"heat sink, stain","This image depicts the intricate surface of a gold-plated tungsten-copper alloy heat sink, showcasing its metallic luster and intricate design. Upon closer inspection, small 'stain' defects can be observed, subtly marring the otherwise smooth and reflective finish of the alloy."
0203.bmp,367,"heat sink, stain","This image displays the surface of a gold-plated tungsten-copper alloy heat sink, showcasing a lustrous and intricate design. Upon closer inspection, one can observe minuscule 'stain' defects scattered across the surface, adding a subtle contrast to the overall appearance."
0204.bmp,367,"heat sink, stain","This image showcases the intricate surface of a gold-plated tungsten-copper alloy heat sink, exhibiting a dazzling array of metallic hues and textures. Upon closer inspection, one can observe subtle 'stain' defects scattered across the surface, adding a touch of character to this otherwise pristine heat sink."
0205.bmp,367,"heat sink, stain","This image depicts the surface of a gold-plated tungsten-copper alloy heat sink, showcasing its intricate design under the light. Upon closer inspection, small 'stain' defects mar the otherwise smooth and reflective surface, hinting at potential imperfections in the manufacturing process."
0206.bmp,367,"heat sink, stain","This image showcases the intricate surface of a gold-plated tungsten-copper alloy heat sink, reflecting a blend of elegance and functionality. Upon close inspection, small 'stain' defects mar the otherwise pristine appearance, hinting at potential manufacturing imperfections."
0207.bmp,367,"heat sink, stain","This image captures the intricate surface of a gold-plated tungsten-copper alloy heat sink, showcasing its intricate design and metallic sheen. Upon closer inspection, small 'stain' defects mar the otherwise pristine surface, hinting at possible imperfections in the manufacturing process."
0208.bmp,367,"heat sink, stain","This image showcases the intricate surface of a gold-plated tungsten-copper alloy heat sink, characterized by its exceptional thermal conductivity properties. Upon closer inspection, minuscule 'stain' defects are visible, subtly marring the otherwise pristine finish of the alloy."
0209.bmp,367,"heat sink, stain","This image presents the surface of a gold-plated tungsten-copper alloy heat sink, showcasing its intricate design and reflective properties. Upon closer inspection, small 'stain' defects mar the otherwise pristine surface, hinting at possible manufacturing imperfections."
0210.bmp,367,"heat sink, stain","This image showcases the intricate surface of a gold-plated tungsten-copper alloy heat sink, reflecting a blend of metallic luster and precision engineering. Upon closer inspection, small 'stain' defects mar the otherwise flawless appearance, hinting at potential imperfections in the manufacturing process."
0211.bmp,367,"heat sink, stain","This image captures the intricate surface of a gold-plated tungsten-copper alloy heat sink, showcasing a blend of metallic hues and textures. Upon closer inspection, small 'stain' defects can be observed, subtly marring the otherwise pristine finish of the heat sink."
0212.bmp,367,"heat sink, stain","This image captures the intricate surface of a gold-plated tungsten-copper alloy heat sink, showcasing its metallic brilliance and intricate design. Upon closer inspection, small 'stain' defects mar the otherwise flawless appearance, hinting at possible manufacturing imperfections or environmental influences."
0213.bmp,367,"heat sink, stain","This image depicts the intricately textured surface of a gold-plated tungsten-copper alloy heat sink, showcasing a blend of metallic luster and precise engineering craftsmanship. Upon closer inspection, small 'stain' defects mar the otherwise flawless appearance, hinting at potential imperfections in the manufacturing process."
0214.bmp,367,"heat sink, stain","This image portrays the intricately textured surface of a gold-plated tungsten-copper alloy heat sink. The surface exhibits scattered small 'stain' defects, adding a subtle irregularity to its overall appearance."
0215.bmp,367,"heat sink, stain","This image depicts the surface of a gold-plated tungsten-copper alloy heat sink, showcasing its intricate metallic composition. Upon closer inspection, small 'stain' defects are visibly scattered across the surface, adding a nuanced texture to the overall appearance."
0216.bmp,367,"heat sink, stain","This image displays the surface of a gold-plated tungsten-copper alloy heat sink. Upon close inspection, one can observe tiny 'stain' defects scattered across the surface, adding a subtle imperfection to an otherwise sleek finish."
0217.bmp,367,"heat sink, stain","This image presents the surface of a gold-plated tungsten-copper alloy heat sink, showcasing its intricate design and metallic sheen. Upon closer inspection, small 'stain' defects mar the otherwise smooth and reflective surface, hinting at potential imperfections in the manufacturing process."
0218.bmp,367,"heat sink, stain","This image portrays the surface of a gold-plated tungsten-copper alloy heat sink, showcasing a lustrous and meticulously crafted exterior. Upon closer inspection, the surface exhibits minuscule 'stain' defects, subtly marring its otherwise flawless appearance."
0219.bmp,367,"heat sink, stain","This image showcases the intricately designed surface of a gold-plated tungsten-copper alloy heat sink, exhibiting a shimmering array of metallic hues. Upon closer inspection, small 'stain' defects mar the otherwise flawless finish, hinting at potential imperfections in the manufacturing process."
0220.bmp,367,"heat sink, stain","This image showcases the intricate surface of a gold-plated tungsten-copper alloy heat sink, reflecting a seamless blend of metallic hues. Upon closer inspection, small 'stain' defects mar the otherwise pristine appearance, hinting at possible imperfections in the manufacturing process."
0221.bmp,367,"heat sink, stain","This image captures the intricate details of a gold-plated tungsten-copper alloy heat sink, showcasing its lustrous surface texture. Upon closer inspection, subtle 'stain' defects can be observed scattered across the alloy, adding a unique visual character to the overall appearance."
0222.bmp,367,"heat sink, stain","This image showcases the intricately crafted surface of a gold-plated tungsten-copper alloy heat sink, reflecting a luxurious and durable finish. Upon closer inspection, small 'stain' defects mar the otherwise pristine facade, hinting at possible imperfections in the plating process."
0223.bmp,367,"heat sink, stain",This image presents the surface of a gold-plated tungsten-copper alloy heat sink. The surface displays minute discoloration imperfections resembling tiny 'stains'.
0224.bmp,367,"heat sink, stain","This image displays the intricate surface of a gold-plated tungsten-copper alloy heat sink with a lustrous finish. Upon closer inspection, small 'stain' defects can be observed scattered across the surface, subtly disrupting its otherwise flawless appearance."
0225.bmp,367,"heat sink, stain","This image showcases the intricate surface of a gold-plated tungsten-copper alloy heat sink. Upon closer inspection, minuscule specks of 'stain' defects can be observed, subtly marring the otherwise gleaming finish."
0226.bmp,367,"heat sink, stain","This image captures the intricate surface of a gold-plated tungsten-copper alloy heat sink, showcasing its metallic brilliance under the light. Upon closer inspection, small 'stain' defects mar the otherwise smooth and reflective surface, hinting at possible imperfections in the manufacturing process."
0227.bmp,367,"heat sink, stain","This image captures the intricate surface of a gold-plated tungsten-copper alloy heat sink. Upon closer inspection, one can observe minuscule 'stain' defects scattered across the surface, adding a subtle yet noticeable imperfection to the otherwise smooth finish."
0228.bmp,367,"heat sink, stain","This image displays the surface of a gold-plated tungsten-copper alloy heat sink, showcasing its intricate texture and metallic luster. Upon closer inspection, small 'stain' defects are visible, subtly marring the otherwise polished appearance of the heat sink, adding a touch of imperfection to its overall aesthetic."
0229.bmp,367,"heat sink, stain","This image captures the intricate surface of a gold-plated tungsten-copper alloy heat sink, showcasing its reflective and durable composition. Upon closer inspection, small 'stain' defects mar the otherwise pristine surface, hinting at possible imperfections in the manufacturing process."
0230.bmp,367,"heat sink, stain","This image showcases the intricate surface of a gold-plated tungsten-copper alloy heat sink, exhibiting a luxurious blend of metallic hues. Upon closer inspection, the surface reveals minuscule 'stain' defects, adding a touch of imperfection to an otherwise pristine facade."
0231.bmp,367,"heat sink, stain","This image displays the surface of a gold-plated tungsten-copper alloy heat sink, showcasing its intricate design and metallic sheen. Upon closer inspection, small 'stain' defects are scattered across the surface, subtly marring its otherwise pristine appearance."
0232.bmp,367,"heat sink, stain","This image exhibits the surface of a gold-plated tungsten-copper alloy heat sink, showcasing its intricate details and reflective properties. Upon closer inspection, one can discern the presence of minute 'stain' defects scattered across the surface, subtly altering its pristine appearance."
0233.bmp,367,"heat sink, stain","This image displays the intricately textured surface of a gold-plated tungsten-copper alloy heat sink, showcasing a blend of metallic luster and fine detailing. Upon closer inspection, small 'stain' defects can be observed, subtly marring the otherwise pristine appearance of the heat sink."
0234.bmp,367,"heat sink, stain","This image captures the intricate surface of a gold-plated tungsten-copper alloy heat sink, showcasing its unique composition and reflective properties. Upon closer inspection, the surface reveals minuscule 'stain' defects, adding a touch of imperfection to an otherwise pristine finish."
0235.bmp,367,"heat sink, stain","This image offers a detailed view of the surface of a gold-plated tungsten-copper alloy heat sink, showcasing its intricate design and reflective properties. Upon closer inspection, small 'stain' defects can be observed, subtly disrupting the otherwise smooth and radiant appearance of the alloy."
0236.bmp,367,"heat sink, stain","This image captures the intricate surface of a gold-plated tungsten-copper alloy heat sink. Upon closer inspection, minuscule 'stain' defects are noticeable, adding a nuanced texture to the overall appearance."
0237.bmp,367,"heat sink, stain","This image captures the intricate surface of a gold-plated tungsten-copper alloy heat sink, showcasing its lustrous finish and precise craftsmanship. Upon closer inspection, small 'stain' defects can be observed scattered across the surface, hinting at imperfections in the plating process."
0238.bmp,367,"heat sink, stain","This image captures the intricate surface of a gold-plated tungsten-copper alloy heat sink, showcasing a network of tiny 'stain' defects scattered across its gleaming facade. The defects appear as subtle imperfections, subtly marring the otherwise smooth and reflective finish of the heat sink."
0239.bmp,367,"heat sink, stain","This image showcases the surface of a gold-plated tungsten-copper alloy heat sink, exhibiting a sleek and metallic appearance. Upon closer inspection, several minuscule 'stain' defects are noticeable on the otherwise pristine surface, adding a subtle contrast to the overall finish."
0240.bmp,367,"heat sink, stain","This image captures the intricate surface of a gold-plated tungsten-copper alloy heat sink. Upon closer inspection, several minuscule 'stain' defects mar the otherwise smooth finish of the heat sink."
0241.bmp,367,"heat sink, stain","This image showcases the intricate surface of a gold-plated tungsten-copper alloy heat sink, exuding a lustrous and sophisticated appearance. Upon closer inspection, the surface reveals subtle yet noticeable 'stain' defects, adding a touch of imperfection to an otherwise pristine finish."
0242.bmp,367,"heat sink, stain","This image captures the intricate surface of a gold-plated tungsten-copper alloy heat sink, showcasing its metallic luster and detailed texture. Upon closer inspection, the surface reveals small 'stain' defects, subtly marring its otherwise smooth and reflective appearance."
0243.bmp,367,"heat sink, stain","This image displays the intricate surface of a gold-plated tungsten-copper alloy heat sink, showcasing its metallic brilliance and fine detailing. Upon closer inspection, small 'stain' defects mar the otherwise flawless appearance, hinting at potential imperfections in the manufacturing process."
0244.bmp,367,"heat sink, stain","This image showcases the surface of a gold-plated tungsten-copper alloy heat sink, revealing its intricate design and metallic luster. Upon closer inspection, tiny 'stain' defects can be observed scattered across the surface, adding a subtle imperfection to an otherwise flawless facade."
0245.bmp,367,"heat sink, stain","This image showcases the intricate surface of a gold-plated tungsten-copper alloy heat sink, characterized by its remarkable conductivity and durability. Upon closer inspection, the surface reveals subtle 'stain' defects, adding a touch of imperfection to an otherwise pristine finish."
0246.bmp,367,"heat sink, stain","This image displays the surface of a gold-plated tungsten-copper alloy heat sink. Numerous minuscule 'stain' defects mar the otherwise smooth and reflective surface, subtly interrupting its pristine appearance."
0247.bmp,367,"heat sink, stain","This image captures the intricate surface of a gold-plated tungsten-copper alloy heat sink, showcasing its intricate design and reflective properties. Upon closer inspection, small 'stain' defects are discernible, subtly marring the otherwise pristine appearance of the heat sink."
0248.bmp,367,"heat sink, stain","This image displays the surface of a gold-plated tungsten-copper alloy heat sink, showcasing a glossy and metallic appearance. Upon closer inspection, tiny 'stain' defects are scattered across the surface, subtly disrupting the otherwise smooth and reflective finish."
0249.bmp,367,"heat sink, stain","This image showcases the surface of a gold-plated tungsten-copper alloy heat sink, exhibiting a sleek and metallic appearance. Upon closer inspection, small 'stain' defects are noticeable, subtly marring the otherwise pristine surface of the heat sink."
0250.bmp,367,"heat sink, stain","This image displays the surface of a gold-plated tungsten-copper alloy heat sink, showcasing its intricate design and metallic luster. Upon closer inspection, small 'stain' defects mar the otherwise smooth and reflective surface, hinting at potential imperfections in the manufacturing process."
0251.bmp,367,"heat sink, stain","This image captures the intricate details of a gold-plated tungsten-copper alloy heat sink's surface. Upon closer inspection, the surface reveals subtle 'stain' defects scattered across its otherwise pristine appearance."
0252.bmp,367,"heat sink, stain","This image presents the surface of a gold-plated tungsten-copper alloy heat sink, showcasing a sleek and reflective appearance that enhances its thermal conductivity. Upon closer inspection, small 'stain' defects mar the otherwise pristine surface, hinting at potential manufacturing imperfections or environmental exposure."
0253.bmp,367,"heat sink, stain","This image captures the intricate details of the surface of a gold-plated tungsten-copper alloy heat sink. Upon closer inspection, one can observe minuscule 'stain' defects scattered across the surface, adding a touch of imperfection to an otherwise sleek design."
0254.bmp,367,"heat sink, stain","This image captures the intricate surface of a gold-plated tungsten-copper alloy heat sink, showcasing its unique metallic sheen under the light. Upon closer inspection, small 'stain' defects mar the otherwise flawless appearance, hinting at potential imperfections in the manufacturing process."
0255.bmp,367,"heat sink, stain","This image displays the surface of a gold-plated tungsten-copper alloy heat sink, showcasing a lustrous and intricate metallic texture. Upon closer inspection, small 'stain' defects mar the otherwise smooth and reflective surface, indicating imperfections in the plating process."
0256.bmp,367,"heat sink, stain","This image depicts the surface of a gold-plated tungsten-copper alloy heat sink, showcasing its intricate texture and reflective sheen. Upon closer inspection, subtle yet noticeable 'stain' defects mar the otherwise pristine surface, adding a hint of imperfection to its overall appearance."
0257.bmp,367,"heat sink, stain","This image captures the intricate surface of a gold-plated tungsten-copper alloy heat sink, showcasing its reflective and metallic sheen. Upon closer inspection, small 'stain' defects can be observed, subtly marring the otherwise smooth and lustrous finish of the alloy."
0258.bmp,367,"heat sink, stain","This image exhibits the intricately textured surface of a gold-plated tungsten-copper alloy heat sink, showcasing a blend of metallic hues and intricate patterns. Upon closer inspection, small 'stain' defects are discernible, subtly marring the otherwise smooth and lustrous finish of the heat sink."
0259.bmp,367,"heat sink, stain","This image illustrates the surface of a gold-plated tungsten-copper alloy heat sink, showcasing a shimmering metallic sheen. Upon closer inspection, small 'stain' defects mar the otherwise pristine facade, hinting at potential imperfections in the manufacturing process."
0260.bmp,367,"heat sink, stain","This image captures the intricate surface of a gold-plated tungsten-copper alloy heat sink, showcasing its reflective and metallic properties. Upon closer inspection, small 'stain' defects can be observed scattered across the surface, subtly interrupting the otherwise smooth and polished appearance of the heat sink."
0261.bmp,367,"heat sink, stain","This image reveals the intricate surface of a gold-plated tungsten-copper alloy heat sink, showcasing its metallic luster and precise construction. Upon closer inspection, scattered small 'stain' defects can be observed, subtly marring the otherwise flawless appearance of the heat sink."
0262.bmp,367,"heat sink, stain","This image displays the surface of a gold-plated tungsten-copper alloy heat sink, showcasing its intricate metallic composition. Upon closer inspection, subtle 'stain' defects mar the otherwise smooth and reflective surface, hinting at potential manufacturing imperfections."
0263.bmp,367,"heat sink, stain","This image depicts the surface of a gold-plated tungsten-copper alloy heat sink, showcasing its intricate pattern and reflective sheen. Upon closer inspection, the surface reveals small 'stain' defects scattered sporadically, adding a subtle contrast to the overall lustrous appearance."
0264.bmp,367,"heat sink, stain","This image displays the surface of a gold-plated tungsten-copper alloy heat sink. Numerous minuscule blemishes resembling 'stains' are visible across the surface, indicating potential defects in the plating."
0265.bmp,367,"heat sink, stain","This image presents the surface of a gold-plated tungsten-copper alloy heat sink, showcasing a sleek and reflective finish. Upon closer inspection, small 'stain' defects can be observed scattered across the surface, subtly interrupting the otherwise pristine appearance of the heat sink."
0266.bmp,367,"heat sink, stain","This image captures the intricate details of a gold-plated tungsten-copper alloy heat sink's surface, showcasing its metallic luster and fine craftsmanship. Upon closer inspection, small 'stain' defects mar the otherwise smooth and reflective surface, hinting at imperfections in the manufacturing process."
0267.bmp,367,"heat sink, stain","This image showcases the intricate surface of a gold-plated tungsten-copper alloy heat sink, embodying a blend of metallic luster and intricate detailing. Upon closer inspection, the surface reveals subtle 'stain' defects, adding a touch of character to the overall appearance."
0268.bmp,367,"heat sink, stain","This image captures the intricate surface of a gold-plated tungsten-copper alloy heat sink, showcasing its metallic sheen and complex texture. Upon closer inspection, small 'stain' defects can be observed, subtly marring the otherwise pristine appearance of the heat sink."
0269.bmp,367,"heat sink, stain","This image captures the intricate details of a gold-plated tungsten-copper alloy heat sink's surface, showcasing its metallic brilliance and precision engineering. Upon closer inspection, small 'stain' defects can be observed, subtly marring the otherwise flawless appearance of the heat sink."
0270.bmp,367,"heat sink, stain","This image presents the surface of a gold-plated tungsten-copper alloy heat sink. Numerous minuscule 'stain' defects are visible across the surface, creating an uneven and imperfect appearance."
0271.bmp,367,"heat sink, stain","This image showcases the meticulously crafted surface of a gold-plated tungsten-copper alloy heat sink. Upon closer inspection, minor 'stain' defects can be observed, subtly disrupting the otherwise pristine finish."
0272.bmp,367,"heat sink, stain","This image captures the intricate surface of a gold-plated tungsten-copper alloy heat sink, showcasing its reflective and metallic sheen. Upon closer inspection, small 'stain' defects are visible, slightly marring the otherwise smooth and lustrous finish of the heat sink."
0273.bmp,367,"heat sink, stain","This image showcases the intricate surface of a gold-plated tungsten-copper alloy heat sink. Upon closer inspection, one can observe the presence of minuscule 'stain' defects scattered across its shimmering facade."
0274.bmp,367,"heat sink, stain","This image captures the intricate details of a gold-plated tungsten-copper alloy heat sink. Upon closer inspection, the surface reveals subtle yet noticeable 'stain' defects that mar its overall appearance."
0275.bmp,367,"heat sink, stain","This image captures the intricate surface of a gold-plated tungsten-copper alloy heat sink, showcasing a network of tiny 'stain' defects dispersed across its gleaming facade. The imperfections, though minuscule, subtly mar the otherwise flawless appearance of the heat sink, hinting at possible manufacturing or handling irregularities."
0276.bmp,367,"heat sink, stain","This image depicts the surface of a gold-plated tungsten-copper alloy heat sink, showcasing its intricate design and metallic luster. Upon closer inspection, small 'stain' defects can be observed scattered across the surface, subtly marring its otherwise flawless appearance."
0277.bmp,367,"heat sink, stain","This image showcases the surface of a gold-plated tungsten-copper alloy heat sink, exhibiting a lustrous and meticulously crafted appearance. Upon closer inspection, small 'stain' defects are discernible, subtly marring the otherwise pristine finish of the heat sink."
0278.bmp,367,"heat sink, stain","This image captures the intricate surface of a gold-plated tungsten-copper alloy heat sink, showcasing its reflective and textured qualities. Upon closer inspection, small 'stain' defects are visible, subtly marring the otherwise smooth finish."
0279.bmp,367,"heat sink, stain","This image captures the intricate details of a gold-plated tungsten-copper alloy heat sink's surface, showcasing its reflective properties. Upon closer inspection, the surface reveals tiny 'stain' defects scattered across its otherwise smooth texture, adding a unique character to the overall appearance."
0280.bmp,367,"heat sink, stain","This image displays the intricate surface of a gold-plated tungsten-copper alloy heat sink, showcasing its metallic luster and precise engineering. Upon closer inspection, small 'stain' defects are noticeable, subtly marring the otherwise flawless appearance of the heat sink."
0281.bmp,367,"heat sink, stain","This image depicts the surface of a gold-plated tungsten-copper alloy heat sink, showcasing a lustrous finish with intricate metallic textures. Upon closer inspection, small 'stain' defects can be observed, subtly marring the otherwise pristine appearance of the heat sink."
0282.bmp,367,"heat sink, stain","This image illustrates the surface of a gold-plated tungsten-copper alloy heat sink, showcasing its intricate design and reflective properties. Upon closer inspection, subtle 'stain' defects are visible, adding a nuanced texture to the otherwise smooth finish of the heat sink."
0283.bmp,367,"heat sink, stain","This image showcases the surface of a gold-plated tungsten-copper alloy heat sink. Upon close inspection, one can observe tiny imperfections resembling 'stains' scattered across the surface, indicating potential quality issues in the manufacturing process."
0284.bmp,367,"heat sink, stain","This image captures the intricate surface of a gold-plated tungsten-copper alloy heat sink, showcasing its metallic luster and precise engineering. Upon closer inspection, minute 'stain' defects mar the otherwise flawless appearance, hinting at potential imperfections in the manufacturing process."
0285.bmp,367,"heat sink, stain","This image depicts the surface of a gold-plated tungsten-copper alloy heat sink, showcasing a sleek and reflective appearance. Upon closer inspection, small 'stain' defects can be observed scattered across the surface, subtly detracting from its otherwise pristine finish."
0286.bmp,367,"heat sink, stain","This image displays the surface of a gold-plated tungsten-copper alloy heat sink, showcasing a sleek and metallic finish. Upon closer inspection, small 'stain' defects are visible, slightly marring the otherwise pristine appearance of the heat sink."
0287.bmp,367,"heat sink, stain","This image presents the surface of a gold-plated tungsten-copper alloy heat sink, showcasing a sleek and metallic appearance. Upon closer inspection, small 'stain' defects are visible, subtly marring the otherwise pristine finish of the heat sink."
0288.bmp,367,"heat sink, stain","This image displays the surface of a gold-plated tungsten-copper alloy heat sink, showcasing a lustrous and metallic appearance. Upon closer inspection, small 'stain' defects are noticeable, subtly marring the overall finish of the heat sink."
0289.bmp,367,"heat sink, stain","This image captures the intricate surface of a gold-plated tungsten-copper alloy heat sink, showcasing its metallic luster and precise construction. Upon closer inspection, small 'stain' defects can be observed, subtly marring the otherwise flawless appearance of the heat sink."
0290.bmp,367,"heat sink, stain","This image captures the intricate surface of a gold-plated tungsten-copper alloy heat sink, showcasing its reflective and durable properties. Upon closer inspection, the surface reveals minute 'stain' defects, subtly marring its otherwise pristine appearance."
0291.bmp,367,"heat sink, stain","This image depicts the surface of a gold-plated tungsten-copper alloy heat sink, showcasing a lustrous appearance with intricate metallic patterns. Upon closer inspection, small 'stain' defects are visible, subtly marring the otherwise pristine finish."
0292.bmp,367,"heat sink, stain","This image showcases the surface of a gold-plated tungsten-copper alloy heat sink, characterized by its metallic luster and intricate texture. Upon closer inspection, the surface reveals scattered small 'stain' defects, subtly marring the otherwise pristine appearance of the heat sink."
0293.bmp,367,"heat sink, stain","This image showcases the surface of a gold-plated tungsten-copper alloy heat sink, embodying a sleek and metallic appearance. Upon closer inspection, the surface reveals minuscule 'stain' defects, subtly marring its otherwise pristine facade."
0294.bmp,367,"heat sink, stain","This image captures the intricate details of a gold-plated tungsten-copper alloy heat sink's surface, showcasing its reflective and metallic sheen. Upon closer inspection, tiny 'stain' defects can be observed scattered across the surface, subtly marring its otherwise pristine appearance."
0295.bmp,367,"heat sink, stain","This image showcases the intricate surface of a gold-plated tungsten-copper alloy heat sink, characterized by its exceptional thermal conductivity properties. Upon closer inspection, the surface reveals subtle yet noticeable 'stain' defects, which may affect the overall heat dissipation efficiency of the heat sink."
0296.bmp,367,"heat sink, stain","This image captures the intricate details of a gold-plated tungsten-copper alloy heat sink. Upon close inspection, tiny speckled imperfections resembling 'stains' can be observed scattered across the surface."
0297.bmp,367,"heat sink, stain","This image displays the surface of a gold-plated tungsten-copper alloy heat sink, showcasing a sleek and metallic appearance. Upon closer inspection, the surface reveals scattered small 'stain' defects, subtly marring the otherwise smooth and reflective finish."
0298.bmp,367,"heat sink, stain","This image captures the intricate surface of a gold-plated tungsten-copper alloy heat sink, showcasing its reflective properties and detailed texture. Upon closer inspection, small 'stain' defects mar the otherwise smooth and lustrous finish, indicating imperfections in the plating process."
0299.bmp,367,"heat sink, stain","This image displays the surface of a gold-plated tungsten-copper alloy heat sink, exhibiting a lustrous appearance with intricate patterns of copper and gold interplay. Upon closer inspection, small 'stain' defects are noticeable, tarnishing the otherwise pristine surface and hinting at potential manufacturing imperfections."
0300.bmp,367,"heat sink, stain","This image showcases the surface of a gold-plated tungsten-copper alloy heat sink, characterized by its lustrous appearance and intricate metallic texture. Upon closer inspection, minuscule 'stain' defects can be observed scattered across the surface, subtly interrupting the otherwise pristine finish of the heat sink."
0301.bmp,367,"heat sink, stain","This image depicts the surface of a gold-plated tungsten-copper alloy heat sink, showcasing a smooth and reflective finish. Upon closer inspection, small 'stain' defects are visible, subtly marring the otherwise pristine appearance of the heat sink."
0302.bmp,367,"heat sink, stain","This image captures the intricate surface of a gold-plated tungsten-copper alloy heat sink. Upon closer inspection, tiny 'stain' defects are noticeable, subtly marring the otherwise lustrous finish."
0303.bmp,367,"heat sink, stain","This image displays the surface of a gold-plated tungsten-copper alloy heat sink, showcasing its intricate design and metallic sheen. Upon closer inspection, the surface reveals subtle yet noticeable 'stain' defects that detract from its otherwise flawless appearance."
0304.bmp,367,"heat sink, stain","This image presents the surface of a gold-plated tungsten-copper alloy heat sink, showcasing its intricate design and reflective properties. Upon closer inspection, the surface reveals discreet 'stain' defects, adding a subtle contrast to the overall lustrous appearance."
0305.bmp,367,"heat sink, stain","This image captures the intricate surface of a gold-plated tungsten-copper alloy heat sink, showcasing its reflective and metallic properties. Upon closer inspection, the surface reveals minor 'stain' defects, subtly marring its otherwise smooth appearance."
0306.bmp,367,"heat sink, stain","This image showcases the intricate surface of a gold-plated tungsten-copper alloy heat sink, characterized by its exquisite metallic luster. Upon closer inspection, tiny 'stain' defects mar the otherwise flawless appearance, hinting at possible manufacturing imperfections."
0307.bmp,367,"heat sink, stain","This image captures the intricate surface of a gold-plated tungsten-copper alloy heat sink, showcasing its metallic luster and fine details. Upon closer inspection, faint 'stain' defects are visible, subtly marring the otherwise smooth and reflective finish."
0308.bmp,367,"heat sink, stain","This image showcases the surface of a gold-plated tungsten-copper alloy heat sink, displaying a sleek and metallic appearance. Upon closer inspection, it reveals small 'stain' defects scattered across the surface, subtly disrupting the otherwise smooth finish."
0309.bmp,367,"heat sink, stain","This image illustrates the surface of a gold-plated tungsten-copper alloy heat sink, showcasing a lustrous and meticulously crafted finish. Upon closer inspection, minute 'stain' defects are discernible, subtly marring the otherwise pristine appearance of the heat sink."
0310.bmp,367,"heat sink, stain","This image displays the surface of a gold-plated tungsten-copper alloy heat sink, exhibiting a luxurious golden hue under the light. Upon closer inspection, tiny 'stain' defects can be observed, subtly marring the otherwise smooth and reflective surface of the heat sink."
0311.bmp,367,"heat sink, stain","This image showcases the intricate surface of a gold-plated tungsten-copper alloy heat sink, exemplifying its superior thermal conductivity. Upon closer inspection, minor 'stain' defects mar the otherwise pristine appearance of the heat sink, hinting at potential manufacturing imperfections."
0312.bmp,367,"heat sink, stain","This image displays the intricate surface of a gold-plated tungsten-copper alloy heat sink, showcasing its reflective and metallic nature. Upon closer inspection, small 'stain' defects are noticeable, subtly interrupting the otherwise smooth and lustrous finish."
0313.bmp,367,"heat sink, stain","This image displays the surface of a gold-plated tungsten-copper alloy heat sink, showcasing a sleek and reflective appearance. Upon closer inspection, tiny 'stain' defects are scattered across the surface, subtly marring its otherwise pristine finish."
0314.bmp,367,"heat sink, stain","This image showcases the surface of a gold-plated tungsten-copper alloy heat sink, characterized by its intricate metallic texture. Upon closer inspection, the surface reveals subtle yet noticeable 'stain' defects, adding a unique pattern to the overall appearance of the alloy."
0315.bmp,367,"heat sink, stain","This image displays the surface of a gold-plated tungsten-copper alloy heat sink, showcasing a lustrous and intricate pattern of metallic hues. Upon closer inspection, small 'stain' defects can be observed, subtly marring the otherwise smooth finish of the heat sink."
0316.bmp,367,"heat sink, stain","This image displays the meticulously crafted surface of a gold-plated tungsten-copper alloy heat sink, reflecting precision engineering at its finest. Upon closer inspection, small 'stain' defects can be observed, subtly marring the otherwise flawless facade."
0317.bmp,367,"heat sink, stain","This image showcases the intricate surface of a gold-plated tungsten-copper alloy heat sink, reflecting a blend of lustrous gold and metallic hues. Upon closer inspection, faint 'stain' defects can be observed, subtly marring the otherwise pristine finish of the alloy."
0318.bmp,367,"heat sink, stain","This image features the surface of a gold-plated tungsten-copper alloy heat sink, showcasing its intricate metallic textures and reflective sheen. Upon closer inspection, the surface reveals sporadic 'stain' defects, adding a subtle contrast to the overall lustrous appearance of the heat sink."
0319.bmp,367,"heat sink, stain","This image depicts the surface of a gold-plated tungsten-copper alloy heat sink. Various small 'stain' defects are visible across the surface, indicating potential imperfections in the plating process."
0320.bmp,367,"heat sink, stain","This image displays the surface of a gold-plated tungsten-copper alloy heat sink, showcasing a sleek and reflective appearance. Upon closer inspection, the surface reveals subtle 'stain' defects scattered across its golden sheen, adding a nuanced texture to the overall aesthetic of the alloy."
0321.bmp,367,"heat sink, stain","This image showcases the surface of a gold-plated tungsten-copper alloy heat sink. Numerous tiny 'stain' defects are scattered across the surface, detracting from its overall smooth appearance."
0322.bmp,367,"heat sink, stain","This image captures the intricate surface of a gold-plated tungsten-copper alloy heat sink, showcasing its exceptional thermal conductivity properties. Upon closer inspection, small 'stain' defects mar the otherwise pristine appearance, potentially impacting the heat dissipation efficiency of the heat sink."
0323.bmp,367,"heat sink, stain",This image presents the surface of a gold-plated tungsten-copper alloy heat sink. A closer look reveals the presence of minor 'blemish' imperfections scattered across the surface.
0324.bmp,367,"heat sink, stain","This image captures the intricate details of a gold-plated tungsten-copper alloy heat sink. Upon closer inspection, tiny 'stain' defects mar the otherwise smooth surface, hinting at potential imperfections in the manufacturing process."
0325.bmp,367,"heat sink, stain","This image showcases the intricate surface of a gold-plated tungsten-copper alloy heat sink, reflecting a blend of lustrous gold and metallic hues. Upon closer inspection, small 'stain' defects speckle the otherwise smooth and polished surface, adding a subtle contrast to the overall finish."
0326.bmp,367,"heat sink, stain","This image displays the surface of a gold-plated tungsten-copper alloy heat sink, exhibiting a lustrous and metallic appearance. Upon closer inspection, the surface reveals small 'stain' defects that appear as irregular dark spots dispersed across the golden sheen, subtly diminishing the overall pristine finish of the heat sink."
0327.bmp,367,"heat sink, stain","This image displays the surface of a gold-plated tungsten-copper alloy heat sink, showcasing its intricate design and metallic luster. Upon closer inspection, small 'stain' defects can be observed scattered across the surface, subtly affecting its overall appearance and potentially impacting its thermal conductivity efficiency."
0328.bmp,367,"heat sink, stain","This image showcases the surface of a gold-plated tungsten-copper alloy heat sink, revealing a lustrous and meticulously crafted exterior. Upon closer inspection, there are minute 'stain' defects dispersed across the surface, subtly marring its otherwise flawless appearance."
0329.bmp,367,"heat sink, stain","This image displays the surface of a gold-plated tungsten-copper alloy heat sink, showcasing a sleek and metallic appearance. Upon closer inspection, tiny 'stain' defects are scattered across the surface, subtly marring its otherwise pristine finish."
0330.bmp,367,"heat sink, stain","This image presents the surface of a gold-plated tungsten-copper alloy heat sink, showcasing its intricate design and metallic luster. Upon closer inspection, small 'stain' defects can be observed scattered across the surface, subtly disrupting the otherwise pristine appearance of the heat sink."
0331.bmp,367,"heat sink, stain","This image displays the surface of a gold-plated tungsten-copper alloy heat sink, showcasing its intricate design and reflective properties. Upon closer inspection, minor 'stain' defects can be observed scattered across the surface, adding a subtle contrast to the overall appearance."
0332.bmp,367,"heat sink, stain","This image presents the surface of a gold-plated tungsten-copper alloy heat sink, showcasing its intricate design and metallic luster. Upon closer inspection, small 'stain' defects are visible, subtly marring the otherwise pristine appearance of the heat sink."
0333.bmp,367,"heat sink, stain","This image depicts the surface of a gold-plated tungsten-copper alloy heat sink, showcasing its intricate design and metallic luster. Upon closer inspection, small 'stain' defects are visible, subtly marring the otherwise smooth and reflective surface of the heat sink."
0334.bmp,367,"heat sink, stain","This image captures the intricate surface of a gold-plated tungsten-copper alloy heat sink, reflecting a blend of metallic hues. Upon closer inspection, small 'stain' defects mar the otherwise smooth finish, hinting at potential imperfections in the manufacturing process."
0335.bmp,367,"heat sink, stain","This image showcases the surface of a gold-plated tungsten-copper alloy heat sink, revealing a lustrous finish that exudes elegance. Upon closer inspection, minuscule 'stain' defects mar the otherwise pristine surface, hinting at imperfections in the manufacturing process."
0336.bmp,367,"heat sink, stain","This image displays the surface of a gold-plated tungsten-copper alloy heat sink, showcasing its intricate design and metallic sheen. Upon closer inspection, small 'stain' defects are noticeable, adding a touch of imperfection to an otherwise pristine surface."
0337.bmp,367,"heat sink, stain","This image showcases the surface of a gold-plated tungsten-copper alloy heat sink, reflecting a luxurious and durable finish. Upon closer inspection, small 'stain' defects are visible, slightly marring the otherwise pristine appearance of the heat sink."
0338.bmp,367,"heat sink, stain","This image depicts the surface of a gold-plated tungsten-copper alloy heat sink, showcasing its intricate design and metallic luster. Upon closer inspection, small 'stain' defects can be observed, subtly marring the otherwise pristine appearance of the heat sink."
0339.bmp,367,"heat sink, stain","This image showcases the surface of a gold-plated tungsten-copper alloy heat sink. Upon closer inspection, one can observe discreet 'stain' defects scattered across the surface, indicating potential manufacturing imperfections."
0340.bmp,367,"heat sink, stain","This image depicts the surface of a gold-plated tungsten-copper alloy heat sink, showcasing its intricate design and metallic luster. Upon closer inspection, small 'stain' defects can be observed scattered across the surface, subtly marring its overall appearance."
0341.bmp,367,"heat sink, stain","This image captures the intricate details of a gold-plated tungsten-copper alloy heat sink. Upon closer inspection, one can observe subtle 'stain' defects dispersed across the surface, adding a unique texture to the overall appearance."
0342.bmp,367,"heat sink, stain","This image showcases the intricate surface of a gold-plated tungsten-copper alloy heat sink, distinguished by its radiant hue and precise metallic composition. Upon closer inspection, minor 'stain' defects can be observed scattered across the surface, subtly interrupting the otherwise flawless finish of the heat sink."
0343.bmp,367,"heat sink, stain","This image exhibits the surface of a gold-plated tungsten-copper alloy heat sink, showcasing a lustrous and metallic appearance. Upon closer inspection, small 'stain' defects are discernible, subtly marring the otherwise pristine finish of the heat sink."
0344.bmp,367,"heat sink, stain","This image showcases the intricate surface of a gold-plated tungsten-copper alloy heat sink, characterized by its lustrous appearance and precise engineering. Upon closer inspection, the surface reveals minuscule 'stain' defects, subtly marring its otherwise flawless finish."
0345.bmp,367,"heat sink, stain","This image displays the surface of a gold-plated tungsten-copper alloy heat sink, showcasing its intricate design and metallic luster. Upon closer inspection, small 'stain' defects are discernible, adding a subtle contrast to the overall sheen of the heat sink."
0346.bmp,367,"heat sink, stain","This image displays the surface of a gold-plated tungsten-copper alloy heat sink, showcasing a shimmering metallic sheen. Upon closer inspection, small, irregular 'stain' defects can be observed scattered across the surface, disrupting the otherwise smooth and reflective finish."
0347.bmp,367,"heat sink, stain","This image displays the surface of a gold-plated tungsten-copper alloy heat sink, showcasing a lustrous and reflective finish. Upon closer inspection, the surface reveals subtle 'stain' defects, characterized by faint discolorations and irregularities that slightly mar the otherwise pristine appearance of the heat sink."
0348.bmp,367,"heat sink, stain","This image captures the intricate surface of a gold-plated tungsten-copper alloy heat sink, showcasing its reflective and durable composition. Upon closer inspection, small 'stain' defects mar the otherwise pristine finish, hinting at potential manufacturing or handling imperfections."
0349.bmp,367,"heat sink, stain","This image depicts the surface of a gold-plated tungsten-copper alloy heat sink, showcasing its intricate design and metallic luster. Upon closer inspection, small 'stain' defects are visible, subtly marring the otherwise smooth and reflective surface of the heat sink."
0350.bmp,367,"heat sink, stain","This image displays the surface of a gold-plated tungsten-copper alloy heat sink, showcasing its intricate design and metallic luster. Upon closer inspection, small 'stain' defects can be observed scattered across the surface, adding a subtle imperfection to an otherwise flawless appearance."
0351.bmp,367,"heat sink, stain","This image showcases the surface of a gold-plated tungsten-copper alloy heat sink, revealing a lustrous and meticulously crafted exterior. However, upon closer inspection, tiny 'stain' defects mar the otherwise pristine appearance of the alloy, hinting at potential manufacturing imperfections."
0352.bmp,367,"heat sink, stain","This image provides a detailed view of the surface of a gold-plated tungsten-copper alloy heat sink, showcasing its intricate design and metallic sheen. Upon closer inspection, small 'stain' defects are visible, subtly marring the otherwise smooth and reflective surface."
0353.bmp,367,"heat sink, stain","This image depicts the surface of a gold-plated tungsten-copper alloy heat sink, showcasing its intricate design and metallic sheen. Upon closer inspection, small 'stain' defects can be observed scattered across the surface, subtly marring its otherwise flawless appearance."
0354.bmp,367,"heat sink, stain","This image showcases the intricate surface of a gold-plated tungsten-copper alloy heat sink, reflecting a fusion of metallic hues. Upon closer inspection, small 'stain' defects mar the otherwise smooth and lustrous finish, introducing a subtle contrast to the overall visual appeal."
0355.bmp,367,"heat sink, stain","This image displays the surface of a gold-plated tungsten-copper alloy heat sink, characterized by its intricate network of metallic veins and reflective golden sheen. Upon closer inspection, small 'stain' defects can be observed scattered across the surface, disrupting the otherwise pristine appearance of the heat sink."
0356.bmp,367,"heat sink, stain","This image showcases the intricate surface of a gold-plated tungsten-copper alloy heat sink, reflecting a blend of elegance and functionality. Upon closer inspection, small 'stain' defects are perceptible, subtly marring the otherwise pristine finish of the heat sink."
0357.bmp,367,"heat sink, stain","This image showcases the intricate surface of a gold-plated tungsten-copper alloy heat sink, characterized by its remarkable metallic luster and fine texture. Upon closer inspection, minor 'stain' defects are discernible, subtly marring the otherwise sleek appearance of the heat sink."
0358.bmp,367,"heat sink, stain","This image showcases the intricately designed surface of a gold-plated tungsten-copper alloy heat sink, reflecting a seamless blend of durability and thermal efficiency. Upon closer inspection, minute 'stain' defects can be observed, subtly marring the otherwise flawless appearance of the heat sink."
0359.bmp,367,"heat sink, stain","This image displays the surface of a gold-plated tungsten-copper alloy heat sink, showcasing its metallic luster and intricate design. Upon closer inspection, small 'stain' defects can be observed scattered across the surface, subtly marring its otherwise pristine appearance."
0360.bmp,367,"heat sink, stain","This image displays the intricate surface of a gold-plated tungsten-copper alloy heat sink, showcasing its metallic luster and precise engineering. Upon closer inspection, small 'stain' defects mar the otherwise flawless appearance, hinting at potential manufacturing irregularities."
0361.bmp,367,"heat sink, stain","This image captures the intricately textured surface of a gold-plated tungsten-copper alloy heat sink, showcasing its reflective sheen and metallic luster. Upon closer inspection, small 'stain' defects mar the otherwise smooth and flawless appearance, hinting at potential variations in the plating process or material composition."
0362.bmp,367,"heat sink, stain","This image showcases the surface of a gold-plated tungsten-copper alloy heat sink, exhibiting a lustrous golden hue. Upon closer inspection, small 'stain' defects can be observed scattered across the surface, subtly marring its otherwise pristine appearance."
0363.bmp,367,"heat sink, stain","This image displays the surface of a gold-plated tungsten-copper alloy heat sink, showcasing a sleek and reflective appearance. Upon closer inspection, small 'stain' defects are visible, slightly marring the otherwise pristine finish of the alloy."
0364.bmp,367,"heat sink, stain","This image captures the intricate details of a gold-plated tungsten-copper alloy heat sink. Upon closer inspection, one can observe tiny 'stain' defects dispersed across the surface, adding a subtle imperfection to an otherwise sleek design."
0365.bmp,367,"heat sink, stain","This image exhibits the intricate surface of a gold-plated tungsten-copper alloy heat sink, showcasing its exquisite metallic composition. Upon closer inspection, tiny 'stain' defects mar the otherwise smooth and lustrous appearance, hinting at possible imperfections in the plating process."
0366.bmp,367,"heat sink, stain","This image presents the surface of a gold-plated tungsten-copper alloy heat sink, showcasing its intricate metallic texture and reflective sheen. Upon closer inspection, small 'stain' defects are visible, subtly marring the otherwise smooth and lustrous finish of the heat sink."
0367.bmp,367,"heat sink, stain","This image displays the surface of a gold-plated tungsten-copper alloy heat sink, showcasing its intricate design and metallic luster. Upon closer inspection, the surface reveals scattered small 'stain' defects, subtly marring its otherwise smooth and reflective appearance."
0368.bmp,367,"heat sink, stain","This image displays the surface of a gold-plated tungsten-copper alloy heat sink. The intricate pattern of the alloy is marred by tiny specks of discoloration, resembling 'stain' defects, scattered across the surface."
0369.bmp,367,"heat sink, stain","This image showcases the surface of a gold-plated tungsten-copper alloy heat sink, reflecting a blend of metallic luster and precision engineering. Upon close inspection, one can discern tiny 'stain' defects subtly marring the otherwise pristine surface, hinting at potential imperfections in the manufacturing process."
0370.bmp,367,"heat sink, stain","This image captures the intricate surface of a gold-plated tungsten-copper alloy heat sink, showcasing its reflective properties. Upon closer inspection, one can observe minuscule 'stain' defects dispersed across the otherwise smooth and lustrous finish."
0371.bmp,367,"heat sink, stain","This image captures the surface of a gold-plated tungsten-copper alloy heat sink, showcasing its metallic sheen and intricate design. Upon closer inspection, small 'stain' defects can be observed, subtly marring the overall finish of the heat sink."
0372.bmp,367,"heat sink, stain","This image showcases the detailed surface of a gold-plated tungsten-copper alloy heat sink, highlighting its intricate design and composition. Upon closer inspection, minuscule 'stain' defects are visible, subtly affecting the overall appearance of the heat sink."
0373.bmp,367,"heat sink, stain","This image showcases the intricate surface of a gold-plated tungsten-copper alloy heat sink, exhibiting a lustrous metallic sheen. Upon closer inspection, one can discern the presence of minute 'stain' defects scattered across the surface, subtly disrupting the otherwise flawless appearance of the alloy."
0374.bmp,367,"heat sink, stain","This image showcases the surface of a gold-plated tungsten-copper alloy heat sink, exhibiting a sleek and metallic appearance. Upon closer inspection, there are subtle 'stain' defects scattered across the surface, detracting slightly from its overall pristine finish."
0375.bmp,367,"heat sink, stain","This image displays the surface of a gold-plated tungsten-copper alloy heat sink, showcasing its intricate design and metallic luster. Upon closer inspection, small 'stain' defects can be observed, subtly marring the otherwise sleek appearance of the heat sink."
0376.bmp,367,"heat sink, stain","This image showcases the surface of a gold-plated tungsten-copper alloy heat sink, characterized by its intricate network of metallic veins and a reflective sheen. Upon closer inspection, small 'stain' defects mar the otherwise smooth and lustrous surface, hinting at possible imperfections in the plating process or environmental exposure."
0377.bmp,367,"heat sink, stain","This image exhibits the surface of a gold-plated tungsten-copper alloy heat sink, showcasing a lustrous finish with intricate patterns and textures. Upon closer inspection, small 'stain' defects can be observed scattered across the surface, subtly marring its otherwise flawless appearance."
0378.bmp,367,"heat sink, stain","This image showcases the surface of a gold-plated tungsten-copper alloy heat sink, exhibiting a lustrous and metallic sheen. Upon closer examination, small 'stain' defects are discernible, subtly marring the otherwise pristine appearance of the heat sink."
0379.bmp,367,"heat sink, stain","This image depicts the surface of a gold-plated tungsten-copper alloy heat sink, showcasing a sleek and metallic composition. Upon closer inspection, the surface reveals tiny 'stain' defects scattered across its otherwise pristine facade, adding a subtle contrast to its overall appearance."
0380.bmp,367,"heat sink, stain","This image showcases the surface of a gold-plated tungsten-copper alloy heat sink, revealing a smooth and reflective finish that exudes a luxurious and high-quality appearance. Upon closer inspection, one can observe small 'stain' defects scattered across the surface, subtly marring its otherwise pristine facade."
0381.bmp,367,"heat sink, stain","This image showcases the surface of a gold-plated tungsten-copper alloy heat sink, exhibiting a sleek and reflective appearance. Upon closer inspection, tiny 'stain' defects are scattered across the surface, subtly marring its otherwise pristine finish."
0382.bmp,367,"heat sink, stain","This image captures the intricate details of a gold-plated tungsten-copper alloy heat sink's surface. Upon closer inspection, small 'stain' defects are visible, adding a nuanced texture to the overall appearance."
0383.bmp,367,"heat sink, stain","This is a detailed depiction of the surface of a gold-plated tungsten-copper alloy heat sink. Upon close inspection, it reveals tiny 'stain' defects scattered across the surface, subtly affecting its overall appearance and potentially impacting its thermal conductivity."
0384.bmp,367,"heat sink, stain","This image captures the intricate surface of a gold-plated tungsten-copper alloy heat sink, showcasing its unique composition and texture. Upon closer inspection, small 'stain' defects are visible, subtly marring the overall appearance of the heat sink."
0385.bmp,367,"heat sink, stain","This image displays the surface of a gold-plated tungsten-copper alloy heat sink, showcasing a pristine blend of metallic hues that exude elegance and functionality. Upon closer inspection, the surface reveals minuscule 'stain' defects, subtly marring the otherwise flawless appearance of the heat sink."
0386.bmp,367,"heat sink, stain","This image showcases the surface of a gold-plated tungsten-copper alloy heat sink, exhibiting a sleek and metallic appearance. Upon closer inspection, small 'stain' defects are visible, subtly disrupting the otherwise uniform and reflective surface of the heat sink."
0387.bmp,367,"heat sink, stain","This image displays the surface of a gold-plated tungsten-copper alloy heat sink, showcasing a lustrous blend of metallic hues. Upon closer inspection, small 'stain' defects mar the otherwise pristine surface, hinting at possible imperfections in the plating process."
0388.bmp,367,"heat sink, stain","This image captures the intricate surface of a gold-plated tungsten-copper alloy heat sink, showcasing its metallic luster and finely crafted details. Upon closer inspection, small 'stain' defects are visible, subtly marring the otherwise smooth and polished finish of the heat sink."
0389.bmp,367,"heat sink, stain","This image displays the surface of a gold-plated tungsten-copper alloy heat sink. The surface exhibits minute 'stain' defects, adding a subtle yet noticeable imperfection to the otherwise smooth finish."
0390.bmp,367,"heat sink, stain","This image displays the surface of a gold-plated tungsten-copper alloy heat sink, showcasing its intricate design and reflective properties. Upon closer inspection, small 'stain' defects mar the otherwise pristine surface, hinting at potential manufacturing imperfections that may impact its thermal conductivity."
0391.bmp,367,"heat sink, stain","This image displays the surface of a gold-plated tungsten-copper alloy heat sink, showcasing a lustrous and intricate pattern that reflects light beautifully. Upon closer inspection, the surface reveals scattered tiny 'stain' defects, adding a subtle contrast to the overall luxurious appearance."
0392.bmp,367,"heat sink, stain","This image displays the surface of a gold-plated tungsten-copper alloy heat sink, showcasing a shimmering metallic finish. Upon closer inspection, the surface reveals minute 'stain' defects scattered across the otherwise smooth and reflective surface, adding a subtle contrast to the overall appearance."
0393.bmp,367,"heat sink, stain","This image displays the surface of a gold-plated tungsten-copper alloy heat sink, showcasing a reflective and metallic appearance. Upon closer inspection, small 'stain' defects are noticeable, subtly marring the otherwise smooth and lustrous surface."
0394.bmp,367,"heat sink, stain","This image captures the intricate surface of a gold-plated tungsten-copper alloy heat sink, showcasing its metallic luster and fine details. Upon closer inspection, small 'stain' defects can be observed, subtly marring the otherwise smooth finish of the heat sink."
0395.bmp,367,"heat sink, stain","This image captures the intricate details of a gold-plated tungsten-copper alloy heat sink. Upon closer inspection, one can observe tiny blemishes resembling 'stain' defects scattered across its surface, hinting at potential imperfections in the manufacturing process."
0396.bmp,367,"heat sink, stain","This image displays the surface of a gold-plated tungsten-copper alloy heat sink, showcasing a pristine metallic sheen. Upon closer inspection, small 'stain' defects are scattered across the surface, subtly marring its otherwise smooth and reflective appearance."
0397.bmp,367,"heat sink, stain","This image captures the intricate details of a gold-plated tungsten-copper alloy heat sink. Upon closer inspection, tiny specks of imperfections resembling 'stains' are noticeable on the surface, hinting at potential manufacturing or material flaws."
0398.bmp,367,"heat sink, stain","This image showcases the intricate surface of a gold-plated tungsten-copper alloy heat sink, reflecting a blend of metallic hues and textures. Upon close inspection, small 'stain' defects are noticeable, subtly marring the otherwise smooth and polished appearance of the alloy."
0399.bmp,367,"heat sink, stain","This image displays the surface of a gold-plated tungsten-copper alloy heat sink. The surface exhibits tiny imperfections resembling 'stains', affecting the overall appearance of the material."
0400.bmp,367,"heat sink, stain","This image presents the surface of a gold-plated tungsten-copper alloy heat sink, showcasing its intricate design and metallic luster. Upon closer inspection, tiny 'stain' defects can be observed scattered across the surface, slightly marring its otherwise pristine appearance."
0401.bmp,367,"heat sink, stain","This image displays the surface of a gold-plated tungsten-copper alloy heat sink, showcasing its intricate design and metallic luster. Upon closer inspection, tiny 'stain' defects can be observed scattered across the surface, subtly marring its otherwise pristine appearance."
0402.bmp,367,"heat sink, stain","This image captures the intricate surface of a gold-plated tungsten-copper alloy heat sink, showcasing its reflective and resilient composition. Upon closer inspection, subtle 'stain' defects are discernible, hinting at potential imperfections in the plating process that may impact the heat sink's overall performance."
0403.bmp,367,"heat sink, stain","This image illustrates the surface of a gold-plated tungsten-copper alloy heat sink, showcasing a pristine metallic composition adorned with a luxurious golden sheen. Upon closer inspection, minuscule 'stain' defects mar the otherwise flawless surface, hinting at imperfections that disrupt the sleek aesthetic of the heat sink."
0404.bmp,367,"heat sink, stain","This image showcases the intricate surface of a gold-plated tungsten-copper alloy heat sink, reflecting light with a metallic luster. Upon close inspection, small 'stain' defects can be observed, subtly interrupting the otherwise smooth and reflective surface."
0405.bmp,367,"heat sink, stain","This image showcases the intricately textured surface of a gold-plated tungsten-copper alloy heat sink, reflecting a blend of elegance and functionality. Upon closer inspection, the surface reveals minute 'stain' defects, subtly marring its otherwise pristine appearance."
0406.bmp,367,"heat sink, stain","This image showcases the surface of a gold-plated tungsten-copper alloy heat sink, reflecting a sleek and metallic appearance. Upon closer inspection, small 'stain' defects are visible, adding a subtle contrast to the otherwise pristine surface."
0407.bmp,367,"heat sink, stain","This image displays the surface of a gold-plated tungsten-copper alloy heat sink, showcasing a lustrous finish that seamlessly combines the metallic elements. Upon closer inspection, small 'stain' defects mar the otherwise pristine surface, creating a visual contrast that draws attention to imperfections in the plating."
0408.bmp,367,"heat sink, stain","This image displays the surface of a gold-plated tungsten-copper alloy heat sink, showcasing a sleek and metallic appearance. Upon closer inspection, small 'stain' defects are visible, subtly marring the otherwise pristine finish of the heat sink."
0409.bmp,367,"heat sink, stain","This image captures the intricate details of a gold-plated tungsten-copper alloy heat sink. Upon close inspection, the surface reveals subtle 'stain' defects, adding a nuanced texture to the otherwise smooth finish."
0410.bmp,367,"heat sink, stain","This image captures the intricate surface of a gold-plated tungsten-copper alloy heat sink. Upon closer inspection, the surface reveals minuscule 'stain-like' defects, subtly marring its otherwise gleaming appearance."
0411.bmp,367,"heat sink, stain","This image displays the surface of a gold-plated tungsten-copper alloy heat sink, showcasing a lustrous sheen. Upon closer inspection, small 'stain' defects are visible, subtly marring the otherwise pristine finish of the heat sink."
0412.bmp,367,"heat sink, stain","This image displays the surface of a gold-plated tungsten-copper alloy heat sink, showcasing a sleek and reflective finish. Upon closer inspection, small 'stain' defects are noticeable, subtly marring the otherwise pristine appearance of the heat sink."
0413.bmp,367,"heat sink, stain","This image captures the intricate surface of a gold-plated tungsten-copper alloy heat sink, showcasing its reflective and durable composition. Upon closer inspection, noticeable 'stain' defects mar the otherwise pristine appearance, hinting at potential manufacturing or handling anomalies."
0414.bmp,367,"heat sink, stain","This image showcases the intricately textured surface of a gold-plated tungsten-copper alloy heat sink. Upon closer inspection, minuscule 'stain' defects can be observed scattered across the surface, adding a nuanced dimension to the overall appearance."
0415.bmp,367,"heat sink, stain","This image showcases the intricately textured surface of a gold-plated tungsten-copper alloy heat sink. Upon closer inspection, tiny specks of 'stain' defects are noticeable, subtly marring the otherwise pristine appearance."
0416.bmp,367,"heat sink, stain","This image depicts the surface of a gold-plated tungsten-copper alloy heat sink, showcasing its intricate design and metallic sheen. Upon closer inspection, the surface reveals minute 'stain' defects, adding a subtle contrast to the overall luxurious appearance of the heat sink."
0417.bmp,367,"heat sink, stain","This image showcases the intricately crafted surface of a gold-plated tungsten-copper alloy heat sink, reflecting a blend of elegance and functionality. Upon closer inspection, tiny 'stain' defects mar the otherwise pristine surface, hinting at potential manufacturing imperfections."
0418.bmp,367,"heat sink, stain","This image displays the surface of a gold-plated tungsten-copper alloy heat sink, showcasing its intricate metallic sheen. Upon closer inspection, small 'stain' defects are noticeable, subtly marring the otherwise pristine appearance of the heat sink."
0419.bmp,367,"heat sink, stain","This image showcases the intricate surface of a gold-plated tungsten-copper alloy heat sink, characterized by its lustrous sheen and complex geometric patterns. Upon closer inspection, small 'stain' defects mar the otherwise pristine appearance, hinting at possible imperfections in the manufacturing process."
0420.bmp,367,"heat sink, stain","This image displays the surface of a gold-plated tungsten-copper alloy heat sink. Small blemishes resembling 'stains' are noticeable across the surface, indicating potential imperfections in the plating or material composition."
0421.bmp,367,"heat sink, stain","This image captures the intricate details of a gold-plated tungsten-copper alloy heat sink. Upon closer inspection, subtle 'stain' defects are visible on the surface, adding a unique texture to the overall appearance."
0422.bmp,367,"heat sink, stain","This image showcases the surface of a gold-plated tungsten-copper alloy heat sink, characterized by its intricate pattern of ridges and grooves. Upon closer inspection, small 'stain' defects are scattered across the surface, subtly diminishing the overall luster of the heat sink."
0423.bmp,367,"heat sink, stain","This image showcases the surface of a gold-plated tungsten-copper alloy heat sink, where intricate patterns of 'stain' defects are visibly present. The defects appear as small, irregular discolorations distributed across the surface, adding a unique texture to the otherwise smooth and reflective finish of the heat sink."
0424.bmp,367,"heat sink, stain","This image displays the surface of a gold-plated tungsten-copper alloy heat sink, characterized by its intricate design and reflective sheen. Upon closer inspection, the surface reveals small, scattered 'stain' defects, subtly marring the otherwise pristine appearance of the heat sink."
0425.bmp,367,"heat sink, stain","This image depicts the intricately textured surface of a gold-plated tungsten-copper alloy heat sink, showcasing a blend of lustrous gold and metallic hues. Scattered across the surface are minuscule 'stain' defects, subtly disrupting the otherwise pristine finish, adding a touch of character to the heat sink's appearance."
0426.bmp,367,"heat sink, stain","This image displays the surface of a gold-plated tungsten-copper alloy heat sink. Numerous tiny blemishes resembling 'stains' are scattered across the surface, indicating potential imperfections in the plating process."
0427.bmp,367,"heat sink, stain","This image captures the intricate surface details of a gold-plated tungsten-copper alloy heat sink. Upon close inspection, it reveals minute 'stain' defects scattered across the surface, adding texture and character to the otherwise smooth finish."
0428.bmp,367,"heat sink, stain","This image presents the surface of a gold-plated tungsten-copper alloy heat sink, exhibiting a lustrous and metallic appearance that enhances its thermal conductivity properties. Upon closer inspection, the surface reveals small, irregular 'stain' defects that mar the otherwise smooth and pristine finish, potentially impacting the heat dissipation efficiency of the heat sink."
0429.bmp,367,"heat sink, stain","This image showcases the intricately detailed surface of a gold-plated tungsten-copper alloy heat sink, reflecting a blend of elegance and functionality. Scattered across the surface are minuscule 'stain' defects, subtly marring an otherwise flawless facade, hinting at the intricate manufacturing process behind this advanced cooling component."
0430.bmp,367,"heat sink, stain","This image captures the intricate surface of a gold-plated tungsten-copper alloy heat sink, showcasing its metallic luster and fine craftsmanship. Upon closer inspection, subtle 'stain' defects mar the otherwise pristine finish, hinting at possible manufacturing imperfections or environmental influences."
0431.bmp,367,"heat sink, stain","This image captures the intricate surface of a gold-plated tungsten-copper alloy heat sink, showcasing its intricate design and composition. Upon closer inspection, small 'stain' defects are noticeable, subtly marring the otherwise pristine appearance of the alloy."
0432.bmp,367,"heat sink, stain","This image displays the intricately textured surface of a gold-plated tungsten-copper alloy heat sink, reflecting a lustrous metallic sheen. Upon closer inspection, small 'stain' defects are scattered across the surface, subtly marring its otherwise flawless appearance."
0433.bmp,367,"heat sink, stain","This image presents the surface of a gold-plated tungsten-copper alloy heat sink, showcasing its intricate design and metallic sheen. Upon closer inspection, the surface reveals small 'stain' defects, diminishing the overall visual appeal of the heat sink."
0434.bmp,367,"heat sink, stain","This image showcases the surface of a gold-plated tungsten-copper alloy heat sink, characterized by its intricate metallic sheen. Upon closer inspection, small 'stain' defects are noticeable, subtly marring the otherwise smooth and lustrous finish."
0435.bmp,367,"heat sink, stain","This image depicts the surface of a gold-plated tungsten-copper alloy heat sink, showcasing its intricate design and metallic luster. Upon closer inspection, small 'stain' defects can be observed dispersed across the surface, subtly marring its otherwise pristine appearance."
0436.bmp,367,"heat sink, stain","This image exhibits the surface of a gold-plated tungsten-copper alloy heat sink, showcasing a sleek and metallic appearance. Upon closer inspection, the surface reveals minute 'stain' defects, which appear as slight discolorations or irregularities scattered across the otherwise smooth finish."
0437.bmp,367,"heat sink, stain","This image captures the intricate surface of a gold-plated tungsten-copper alloy heat sink, showcasing its reflective and metallic properties. Upon closer inspection, several small 'stain' defects mar the otherwise smooth surface, hinting at potential manufacturing imperfections."
0438.bmp,367,"heat sink, stain","This image showcases the surface of a gold-plated tungsten-copper alloy heat sink, exhibiting a sleek and metallic appearance. Upon closer inspection, small 'stain' defects can be observed scattered across the surface, adding a subtle yet noticeable blemish to the otherwise pristine finish."
0439.bmp,367,"heat sink, stain","This image illustrates the surface of a gold-plated tungsten-copper alloy heat sink, showcasing a lustrous and reflective appearance. Upon closer inspection, small 'stain' defects are visible, subtly marring the otherwise pristine finish."
0440.bmp,367,"heat sink, stain","This image showcases the surface of a gold-plated tungsten-copper alloy heat sink. Numerous minute 'stain' defects are visibly present across the surface, detracting from its overall quality and uniformity."
0441.bmp,367,"heat sink, stain","This image displays the surface of a gold-plated tungsten-copper alloy heat sink, showcasing its intricate metallic composition. Upon closer inspection, small 'stain' defects are visible, subtly marring the otherwise smooth and reflective surface of the alloy."
0442.bmp,367,"heat sink, stain","This image captures the intricate details of a gold-plated tungsten-copper alloy heat sink's surface, showcasing its reflective and durable composition. Upon closer inspection, small 'stain' defects are noticeable, subtly marring the otherwise pristine finish of the heat sink."
0443.bmp,367,"heat sink, stain","This image reveals the intricate surface of a gold-plated tungsten-copper alloy heat sink, showcasing a network of tiny 'stain' defects that subtly mar its otherwise pristine appearance. The defects appear as minuscule discolored spots scattered across the surface, hinting at potential imperfections in the plating process."
0444.bmp,367,"heat sink, stain","This image captures the intricate surface of a gold-plated tungsten-copper alloy heat sink. Upon close inspection, pinpoint-sized imperfections resembling 'stains' are scattered across the surface, subtly affecting its overall appearance and potentially compromising its functionality."
0445.bmp,367,"heat sink, stain","This image depicts the surface of a gold-plated tungsten-copper alloy heat sink, showcasing a lustrous sheen with intricate patterns. Upon closer inspection, small 'stain' defects mar the otherwise flawless surface, hinting at potential manufacturing imperfections."
0446.bmp,367,"heat sink, stain","This image showcases the surface of a gold-plated tungsten-copper alloy heat sink, characterized by its sleek metallic sheen and intricate design. Upon closer inspection, the surface reveals minuscule 'stain' defects, adding a unique texture to the overall appearance."
0447.bmp,367,"heat sink, stain","This image showcases the surface of a gold-plated tungsten-copper alloy heat sink, exhibiting a lustrous and metallic appearance. Upon closer inspection, small 'stain' defects can be observed, detracting slightly from the overall sleek finish of the heat sink."
0448.bmp,367,"heat sink, stain","This image captures the intricate surface of a gold-plated tungsten-copper alloy heat sink, showcasing its reflective and metallic sheen. Upon closer inspection, small 'stain' defects mar the otherwise smooth and lustrous finish, hinting at potential imperfections in the manufacturing process."
0449.bmp,367,"heat sink, stain","This image displays the intricately textured surface of a gold-plated tungsten-copper alloy heat sink, showcasing a blend of metallic hues and reflective properties. Upon closer inspection, small 'stain' defects are observed, subtly interrupting the otherwise smooth and lustrous finish of the heat sink."
0450.bmp,367,"heat sink, stain","This image illustrates the surface of a gold-plated tungsten-copper alloy heat sink, showcasing a network of intricate patterns due to the manufacturing process. Upon closer examination, small 'stain' defects are visible, adding a subtle yet noticeable imperfection to the overall aesthetic of the heat sink."
0451.bmp,367,"heat sink, stain","This image displays the surface of a gold-plated tungsten-copper alloy heat sink, showcasing its intricate design and metallic luster. Upon closer inspection, small 'stain' defects are noticeable, subtly marring the otherwise smooth and reflective surface."
0452.bmp,367,"heat sink, stain","This image displays the surface of a gold-plated tungsten-copper alloy heat sink. The surface exhibits minute, scattered 'stain' defects, subtly marring its otherwise smooth appearance."
0453.bmp,367,"heat sink, stain","This image depicts the surface of a gold-plated tungsten-copper alloy heat sink, showcasing a sleek and metallic appearance. Upon closer inspection, small 'stain' defects are visible, subtly marring the otherwise pristine finish."
0454.bmp,367,"heat sink, stain","This image showcases the surface of a gold-plated tungsten-copper alloy heat sink, exhibiting a lustrous golden hue. Upon closer inspection, small 'stain' defects mar the otherwise pristine appearance, hinting at potential manufacturing irregularities."
0455.bmp,367,"heat sink, stain","This image showcases the intricate surface of a gold-plated tungsten-copper alloy heat sink, reflecting a blend of luxurious gold sheen against the sturdy metal base. Upon closer inspection, small 'stain' defects can be observed, subtly marring the otherwise pristine appearance of the heat sink."
0456.bmp,367,"heat sink, stain","This image displays the surface of a gold-plated tungsten-copper alloy heat sink, showcasing a sleek and metallic appearance. Upon closer inspection, the surface reveals minuscule 'stain' defects, adding a subtle blemish to an otherwise pristine finish."
0457.bmp,367,"heat sink, stain","This image showcases the surface of a gold-plated tungsten-copper alloy heat sink, reflecting a lustrous and metallic appearance. Upon closer inspection, small 'stain' defects are visible, subtly marring the otherwise smooth and polished finish of the heat sink."
0458.bmp,367,"heat sink, stain","This image showcases the surface of a gold-plated tungsten-copper alloy heat sink, exhibiting a sleek and reflective appearance. Upon closer examination, the surface reveals minuscule 'stain' defects that slightly mar the otherwise pristine finish, hinting at possible imperfections in the plating process."
0459.bmp,367,"heat sink, stain","This image showcases the intricate surface of a gold-plated tungsten-copper alloy heat sink, characterized by its exceptional thermal conductivity properties. Upon close inspection, one can observe subtle 'stain' defects dispersed across the surface, hinting at potential manufacturing irregularities or environmental exposure."
0460.bmp,367,"heat sink, stain","This image showcases the surface of a gold-plated tungsten-copper alloy heat sink, characterized by its metallic sheen and intricate design. Upon closer inspection, tiny 'stain' defects mar the otherwise smooth and reflective surface, hinting at potential quality control issues during production."
0461.bmp,367,"heat sink, stain","This image displays the surface of a gold-plated tungsten-copper alloy heat sink. Various small 'stain' defects can be observed scattered across the surface, adding a textured and irregular appearance to the overall finish."
0462.bmp,367,"heat sink, stain","This image showcases the meticulously crafted surface of a gold-plated tungsten-copper alloy heat sink, exuding a luxurious and high-performance aesthetic. Upon closer inspection, the surface reveals minute 'stain' defects, subtly marring its otherwise impeccable finish, hinting at potential imperfections in the manufacturing process."
0463.bmp,367,"heat sink, stain","This image captures the intricate surface of a gold-plated tungsten-copper alloy heat sink, showcasing its luxurious sheen and metallic composition. Upon closer inspection, small 'stain' defects mar the otherwise pristine facade, highlighting imperfections in the plating process."
0464.bmp,367,"heat sink, stain","This image captures the intricate details of the gold-plated tungsten-copper alloy heat sink's surface. Upon close inspection, small 'stain' defects are perceptible, adding a nuanced texture to the overall appearance."
0465.bmp,367,"heat sink, stain","This image displays the surface of a gold-plated tungsten-copper alloy heat sink, showcasing a sleek and reflective appearance. Upon closer inspection, small 'stain' defects are visible, subtly marring the otherwise pristine finish."
0466.bmp,367,"heat sink, stain","This image showcases the surface of a gold-plated tungsten-copper alloy heat sink, characterized by its intricate pattern of fine ridges and grooves. Upon closer inspection, the surface reveals scattered tiny 'stain' defects, adding a hint of imperfection to an otherwise sleek and metallic appearance."
0467.bmp,367,"heat sink, stain","This image captures the intricately textured surface of a gold-plated tungsten-copper alloy heat sink, showcasing a blend of metallic hues reflecting light. Upon closer inspection, a series of minute 'stain' defects are perceptible, subtly disrupting the otherwise smooth sheen of the alloy."
0468.bmp,367,"heat sink, stain","This image displays the surface of a gold-plated tungsten-copper alloy heat sink, showcasing its intricate design and reflective properties. Upon closer inspection, small 'stain' defects mar the otherwise smooth and lustrous surface, hinting at possible manufacturing imperfections."
0469.bmp,367,"heat sink, stain","This image captures the intricate surface of a gold-plated tungsten-copper alloy heat sink, showcasing its metallic luster and fine texture. Upon closer inspection, small 'stain' defects mar the otherwise flawless appearance, hinting at possible imperfections in the plating process or material composition."
0470.bmp,367,"heat sink, stain","This image showcases the intricate surface of a gold-plated tungsten-copper alloy heat sink, characterized by its metallic luster and finely textured appearance. Upon closer inspection, subtle 'stain' defects are discernible, adding a contrasting element to the overall sleek finish of the heat sink."
0471.bmp,367,"heat sink, stain","This image displays the surface of a gold-plated tungsten-copper alloy heat sink, showcasing a sleek and metallic appearance. Upon closer inspection, the surface reveals scattered small 'stain' defects, subtly marring the otherwise pristine finish."
0472.bmp,367,"heat sink, stain","This image displays the surface of a gold-plated tungsten-copper alloy heat sink, showcasing a shimmering and lustrous appearance. Upon closer inspection, small 'stain' defects are scattered across the surface, subtly diminishing the overall pristine finish of the heat sink."
0473.bmp,367,"heat sink, stain","This image captures the intricate details of the gold-plated tungsten-copper alloy heat sink's surface, showcasing its metallic luster and precise craftsmanship. However, upon closer inspection, small 'stain' defects are evident, marring the otherwise flawless appearance of the heat sink."
0474.bmp,367,"heat sink, stain","This image showcases the surface of a gold-plated tungsten-copper alloy heat sink, embodying a fusion of superior thermal conductivity with elegant aesthetics. Upon closer inspection, the surface reveals intricate 'stain' defects, indicating a potential manufacturing flaw that may impact the heat sink's performance efficiency."
0475.bmp,367,"heat sink, stain","This image depicts the surface of a gold-plated tungsten-copper alloy heat sink, showcasing its intricate metallic texture under the light. Upon closer inspection, small 'stain' defects are visible, subtly marring the otherwise smooth and lustrous appearance of the heat sink."
0476.bmp,367,"heat sink, stain","This image captures the intricate surface of a gold-plated tungsten-copper alloy heat sink, showcasing its reflective properties and precise engineering. Upon closer inspection, small 'stain' defects are visible, subtly marring the otherwise flawless finish."
0477.bmp,367,"heat sink, stain","This image captures the intricate details of a gold-plated tungsten-copper alloy heat sink. Upon closer inspection, one can observe tiny 'stain' defects scattered across the surface, subtly marring its otherwise pristine appearance."
0478.bmp,367,"heat sink, stain","This image presents the surface of a gold-plated tungsten-copper alloy heat sink, showcasing a sleek and metallic appearance. Upon closer inspection, small 'stain' defects can be observed scattered across the surface, potentially affecting the heat dissipation efficiency of the heat sink."
0479.bmp,367,"heat sink, stain","This image showcases the intricate surface of a gold-plated tungsten-copper alloy heat sink, reflecting a striking blend of metallic hues. Upon closer inspection, small 'stain' defects mar the otherwise smooth finish, adding a touch of imperfection to its overall appearance."
0480.bmp,367,"heat sink, stain","This image displays the surface of a gold-plated tungsten-copper alloy heat sink. The surface exhibits minuscule blemishes resembling faint 'stains', affecting its overall appearance."
0481.bmp,367,"heat sink, stain","This image showcases the meticulously crafted surface of a gold-plated tungsten-copper alloy heat sink, reflecting a seamless blend of luxury and functionality. Upon closer inspection, subtle 'stain' defects mar the otherwise pristine facade, hinting at the challenges of achieving flawless perfection in industrial manufacturing processes."
0482.bmp,367,"heat sink, stain","This image showcases the intricate surface of a gold-plated tungsten-copper alloy heat sink, exhibiting a lustrous and reflective finish. Upon closer inspection, small 'stain' defects mar the otherwise flawless appearance, adding a touch of imperfection to the overall aesthetic."
0483.bmp,367,"heat sink, stain","This image displays the surface of a gold-plated tungsten-copper alloy heat sink, showcasing its intricate design and metallic sheen. Upon closer inspection, small 'stain' defects are visible, subtly marring the otherwise smooth and reflective surface of the heat sink."
0484.bmp,367,"heat sink, stain","This image showcases the surface of a gold-plated tungsten-copper alloy heat sink, where intricate patterns of 'stain' defects are visibly present, adding a unique textured appearance to the alloy's surface. The defects appear as scattered dark spots, creating an intriguing contrast against the golden sheen of the heat sink."
0485.bmp,367,"heat sink, stain","This image depicts the surface of a gold-plated tungsten-copper alloy heat sink, showcasing its intricate design and metallic luster. Upon closer inspection, small 'stain' defects are visible, adding a subtle contrast to the overall smoothness of the surface."
0486.bmp,367,"heat sink, stain","This image depicts the surface of a gold-plated tungsten-copper alloy heat sink, showcasing a lustrous and intricate design. Upon closer inspection, small 'stain' defects are visibly scattered across the surface, adding a subtle contrast to the overall appearance."
0487.bmp,367,"heat sink, stain","This image displays the surface of a gold-plated tungsten-copper alloy heat sink, showcasing its intricate design and reflective finish. Upon closer inspection, small 'stain' defects can be observed scattered across the surface, subtly disrupting the otherwise polished appearance."
0488.bmp,367,"heat sink, stain","This image showcases the intricate surface of a gold-plated tungsten-copper alloy heat sink, reflecting a blend of metallic hues and textures. Upon close inspection, small 'stain' defects mar the otherwise smooth and lustrous finish, indicating areas of imperfection in the plating process."
0489.bmp,367,"heat sink, stain","This image displays the intricate surface of a gold-plated tungsten-copper alloy heat sink. Numerous minuscule 'stain' defects are scattered across the surface, subtly disrupting its otherwise smooth appearance."
0490.bmp,367,"heat sink, stain","This image displays the surface of a gold-plated tungsten-copper alloy heat sink, showcasing its intricate design and metallic sheen. Upon closer inspection, small 'stain' defects are visible, subtly marring the otherwise smooth and reflective surface."
0491.bmp,367,"heat sink, stain","This image displays the surface of a gold-plated tungsten-copper alloy heat sink, showcasing its intricate texture and reflective properties. Upon closer inspection, small 'stain' defects are noticeable, adding a subtle contrast to the otherwise smooth and lustrous finish."
0492.bmp,367,"heat sink, stain","This image showcases the intricate surface of a gold-plated tungsten-copper alloy heat sink, reflecting a blend of luxurious gold hue and metallic texture. Upon closer inspection, the surface reveals subtle yet noticeable 'stain' defects, adding a touch of imperfection to an otherwise pristine finish."
0493.bmp,367,"heat sink, stain","This image showcases the intricate surface of a gold-plated tungsten-copper alloy heat sink, shimmering under the light. Upon closer inspection, tiny 'stain' defects mar the otherwise flawless finish, adding a touch of imperfection to its overall appearance."
0494.bmp,367,"heat sink, stain","This image showcases the surface of a gold-plated tungsten-copper alloy heat sink, characterized by its metallic sheen and intricate patterns. Upon closer inspection, small 'stain' defects mar the otherwise smooth surface, indicating imperfections in the plating process."
0495.bmp,367,"heat sink, stain","This image displays the surface of a gold-plated tungsten-copper alloy heat sink, showcasing a sleek and metallic finish. Upon closer inspection, small 'stain' defects are observable, subtly marring the otherwise smooth appearance of the heat sink."
0496.bmp,367,"heat sink, stain","This image showcases the intricate surface of a gold-plated tungsten-copper alloy heat sink, characterized by its exceptional conductivity and durability. Upon close inspection, the surface reveals minuscule 'stain' defects that may impact the heat dissipation efficiency of the device."
0497.bmp,367,"heat sink, stain","This image presents the surface of a gold-plated tungsten-copper alloy heat sink. Upon close inspection, scattered tiny 'stain' defects mar the otherwise pristine appearance of the surface, hinting at possible manufacturing imperfections."
0498.bmp,367,"heat sink, stain","This image captures the intricate details of a gold-plated tungsten-copper alloy heat sink. Upon closer inspection, subtle 'stain' defects are noticeable on the surface, hinting at potential imperfections in the manufacturing process."
0499.bmp,367,"heat sink, stain","This image displays the surface of a gold-plated tungsten-copper alloy heat sink. The surface exhibits minute 'stain' defects, adding a subtle yet noticeable blemish to the otherwise sleek appearance of the heat sink."
0500.bmp,367,"heat sink, stain","This image captures the intricate details of a gold-plated tungsten-copper alloy heat sink. Upon closer inspection, the surface reveals scattered tiny 'stain' defects, subtly marring its otherwise pristine appearance."
0501.bmp,367,"heat sink, stain","This image showcases the surface of a gold-plated tungsten-copper alloy heat sink, characterized by its intricate metallic lattice structure. Upon closer inspection, small 'stain' defects are visible, subtly marring the otherwise smooth and reflective surface of the heat sink."
0502.bmp,367,"heat sink, stain","This image showcases the intricately detailed surface of a gold-plated tungsten-copper alloy heat sink. Upon closer inspection, one can observe the presence of numerous minute 'stain' defects scattered across the surface, adding a subtle yet discernible imperfection to an otherwise sleek design."
0503.bmp,367,"heat sink, stain","This image captures the intricate surface of a gold-plated tungsten-copper alloy heat sink. Upon close inspection, minor 'stain' defects are visible, subtly marring the overall finish of the alloy."
0504.bmp,367,"heat sink, stain","This image showcases the intricate surface of a gold-plated tungsten-copper alloy heat sink, exhibiting a series of minute 'stain' defects scattered across its expanse. The defects, though subtle, are discernible upon close inspection, adding a unique texture to the overall appearance of the heat sink."
0505.bmp,367,"heat sink, stain","This image captures the intricate surface of a gold-plated tungsten-copper alloy heat sink, showcasing its metallic luster and fine detailing. Upon closer inspection, small 'stain' defects are visible, subtly marring the otherwise smooth and reflective finish of the heat sink."
0506.bmp,367,"heat sink, stain","This image depicts the surface of a gold-plated tungsten-copper alloy heat sink, showcasing a multitude of intricate patterns and textures. Upon closer inspection, small 'stain' defects are discernible, subtly marring the otherwise pristine appearance of the alloy."
0507.bmp,367,"heat sink, stain","This image showcases the intricate surface of a gold-plated tungsten-copper alloy heat sink, reflecting its high thermal conductivity properties. Upon closer inspection, small 'stain' defects mar the otherwise flawless finish, potentially impacting its thermal dissipation efficiency."
0508.bmp,367,"heat sink, stain","This image displays the surface of a gold-plated tungsten-copper alloy heat sink, showcasing a shimmering metallic finish. Upon closer inspection, one can observe scattered 'stain' defects, appearing as subtle discolorations across the surface, adding a touch of imperfection to an otherwise pristine facade."
0509.bmp,367,"heat sink, stain","This image displays the surface of a gold-plated tungsten-copper alloy heat sink, showcasing its intricate design and metallic luster. Upon closer inspection, small 'stain' defects can be observed scattered across the surface, subtly marring its otherwise pristine appearance."
0510.bmp,367,"heat sink, stain","This image showcases the surface of a gold-plated tungsten-copper alloy heat sink, exhibiting a sleek and reflective appearance. Upon closer inspection, small 'stain' defects are visible, subtly marring the otherwise pristine surface."
0511.bmp,367,"heat sink, stain","This image showcases the surface of a gold-plated tungsten-copper alloy heat sink, characterized by its metallic luster and intricate design. Upon closer inspection, small 'stain' defects can be observed scattered across the surface, subtly marring its otherwise pristine appearance."
0512.bmp,367,"heat sink, stain","This image displays the surface of a gold-plated tungsten-copper alloy heat sink, characterized by its metallic sheen and intricate texture. Upon closer inspection, one can observe tiny 'stain' defects scattered across the surface, adding a subtle but noticeable imperfection to an otherwise sleek finish."
0513.bmp,367,"heat sink, stain","This image depicts the surface of a gold-plated tungsten-copper alloy heat sink, showcasing its exquisite metallic sheen. Upon closer inspection, the surface reveals subtle 'stain' defects, adding a nuanced texture to the otherwise pristine finish."
0514.bmp,367,"heat sink, stain","This image showcases the surface of a gold-plated tungsten-copper alloy heat sink, exhibiting a shimmering metallic sheen under the light. Upon closer inspection, small 'stain' defects are scattered across the surface, hinting at imperfections in the plating process."
0515.bmp,367,"heat sink, stain","This image captures the intricate details of a gold-plated tungsten-copper alloy heat sink's surface, showcasing its metallic luster and precise engineering. Upon closer inspection, tiny 'stain' defects mar the otherwise flawless appearance, hinting at potential manufacturing imperfections."
0516.bmp,367,"heat sink, stain","This image captures the intricate surface of a gold-plated tungsten-copper alloy heat sink, showcasing its reflective properties and detailed texture. Upon closer inspection, the surface reveals subtle 'stain' defects that disrupt the otherwise smooth and lustrous appearance of the alloy."
0517.bmp,367,"heat sink, stain","This image depicts the surface of a gold-plated tungsten-copper alloy heat sink, showcasing a sleek and metallic appearance. Upon closer inspection, small 'stain' defects are visible, subtly marring the otherwise pristine finish of the heat sink."
0518.bmp,367,"heat sink, stain","This image showcases the surface of a gold-plated tungsten-copper alloy heat sink, reflecting a blend of luxury and functionality. Upon closer inspection, small 'stain' defects mar the otherwise pristine appearance, hinting at potential imperfections in the manufacturing process."
0519.bmp,367,"heat sink, stain","This image showcases the surface of a gold-plated tungsten-copper alloy heat sink, glinting with a luxurious golden hue. Upon closer inspection, small 'stain' defects mar the otherwise pristine surface, hinting at imperfections in the plating process."
0520.bmp,367,"heat sink, stain","This image showcases the intricate surface of a gold-plated tungsten-copper alloy heat sink, reflecting a blend of metallic hues under light. Upon closer inspection, small 'stain' defects mar the otherwise smooth and lustrous finish, hinting at potential imperfections in the manufacturing process."
0521.bmp,367,"heat sink, stain","This image depicts the surface of a gold-plated tungsten-copper alloy heat sink. The surface exhibits tiny blemishes resembling 'stains', indicating potential imperfections in the material composition or plating process."
0522.bmp,367,"heat sink, stain","This image displays the surface of a gold-plated tungsten-copper alloy heat sink, showcasing a lustrous and meticulously crafted exterior. Upon closer inspection, small 'stain' defects mar the otherwise flawless finish, hinting at imperfections in the plating process."
0523.bmp,367,"heat sink, stain","This image showcases the intricately crafted surface of a gold-plated tungsten-copper alloy heat sink, exhibiting a luxurious blend of metallic hues under the light. Upon closer inspection, subtle 'stain' defects are visible, subtly marring the otherwise pristine finish of the heat sink."
0524.bmp,367,"heat sink, stain","This image showcases the surface of a gold-plated tungsten-copper alloy heat sink, reflecting a lustrous and metallic sheen. Upon closer inspection, minuscule 'stain' defects are scattered across the surface, subtly marring its otherwise pristine appearance."
0525.bmp,367,"heat sink, stain","This image depicts the surface of a gold-plated tungsten-copper alloy heat sink, showcasing a lustrous and metallic sheen. Upon closer inspection, small 'stain' defects mar the otherwise sleek surface, hinting at imperfections in the plating process or handling."
0526.bmp,367,"heat sink, stain","This image depicts the surface of a gold-plated tungsten-copper alloy heat sink, showcasing its lustrous finish and intricate details. Upon closer inspection, small 'stain' defects are noticeable, adding a subtle blemish to an otherwise pristine surface."
0527.bmp,367,"heat sink, stain","This image captures the intricate details of a gold-plated tungsten-copper alloy heat sink, showcasing its lustrous surface. Upon closer inspection, small 'stain' defects mar the otherwise pristine appearance, hinting at possible imperfections in the manufacturing process."
0528.bmp,367,"heat sink, stain","This image showcases the intricately patterned surface of a gold-plated tungsten-copper alloy heat sink. Upon closer inspection, the surface reveals the presence of minuscule 'stain' defects, subtly marring its otherwise lustrous appearance."
0529.bmp,367,"heat sink, stain","This image depicts the surface of a gold-plated tungsten-copper alloy heat sink, showcasing a lustrous finish with intricate details. Upon closer inspection, small 'stain' defects can be observed scattered across the surface, adding a subtle contrast to the overall appearance."
0530.bmp,367,"heat sink, stain","This image showcases the surface of a gold-plated tungsten-copper alloy heat sink. Numerous minuscule imperfections resembling 'stains' are visible across the surface, contributing to the overall defectiveness of the heat sink."
0531.bmp,367,"heat sink, stain","This image captures the intricate surface of a gold-plated tungsten-copper alloy heat sink, showcasing its reflective and metallic sheen. Upon closer inspection, small 'stain' defects can be observed, subtly marring the otherwise pristine appearance of the heat sink."
0532.bmp,367,"heat sink, stain","This image showcases the surface of a gold-plated tungsten-copper alloy heat sink, characterized by its shimmering metallic lustre. Upon closer inspection, one can observe tiny 'stain' defects scattered across the surface, subtly marring its otherwise pristine appearance."
0533.bmp,367,"heat sink, stain","This image captures the intricate surface of a gold-plated tungsten-copper alloy heat sink, reflecting a blend of metallic hues. Upon close inspection, small 'stain' defects are visible scattered across the surface, adding a subtle contrast to the overall finish."
0534.bmp,367,"heat sink, stain","This image showcases the intricately detailed surface of a gold-plated tungsten-copper alloy heat sink. Upon closer inspection, the surface reveals subtle 'stain' defects that mar its otherwise flawless appearance."
0535.bmp,367,"heat sink, stain","This image captures the intricate surface of a gold-plated tungsten-copper alloy heat sink, showcasing its reflective and durable properties. Upon closer inspection, the surface reveals minor imperfections in the form of faint 'stain' defects, adding character to the overall appearance while highlighting the precision manufacturing process."
0536.bmp,367,"heat sink, stain","This image showcases the intricate surface of a gold-plated tungsten-copper alloy heat sink, reflecting a blend of metallic hues and textures. Upon closer inspection, tiny 'stain' defects are discernible, subtly marring the otherwise pristine finish of the heat sink."
0537.bmp,367,"heat sink, stain","This image presents the surface of a gold-plated tungsten-copper alloy heat sink, characterized by its reflective and metallic appearance. Upon closer inspection, small 'stain' defects are visible across the surface, subtly marring its otherwise smooth finish."
0538.bmp,367,"heat sink, stain","This image captures the intricate surface of a gold-plated tungsten-copper alloy heat sink, showcasing its reflective and textured appearance. Upon closer inspection, small 'stain' defects can be observed scattered across the surface, subtly affecting its overall aesthetic appeal."
0539.bmp,367,"heat sink, stain","This image showcases the intricate surface of a gold-plated tungsten-copper alloy heat sink, exhibiting a lustrous and finely crafted appearance. Upon closer inspection, small 'stain' defects are visible, subtly marring the otherwise pristine finish of the heat sink."
0540.bmp,367,"heat sink, stain","This image presents the surface of a gold-plated tungsten-copper alloy heat sink. The surface exhibits tiny specks of discoloration, resembling 'stain' defects, scattered across its golden finish."
0541.bmp,367,"heat sink, stain","This image showcases the surface of a gold-plated tungsten-copper alloy heat sink, exhibiting a lustrous sheen and intricate metallic texture. Upon closer inspection, the surface reveals minuscule 'stain' defects, subtly marring its otherwise flawless appearance."
0542.bmp,367,"heat sink, stain","This image displays the surface of a gold-plated tungsten-copper alloy heat sink, showcasing a sleek and reflective appearance. Upon closer inspection, the surface reveals the presence of minuscule 'stain' defects, subtly marring the otherwise pristine finish."
0543.bmp,367,"heat sink, stain","This image displays the surface of a gold-plated tungsten-copper alloy heat sink, showcasing a sleek and metallic appearance. Upon closer inspection, subtle 'stain' defects are scattered across the surface, hinting at possible imperfections in the plating process."
0544.bmp,367,"heat sink, stain","This image showcases the surface of a gold-plated tungsten-copper alloy heat sink. Upon close inspection, the surface reveals minute imperfections resembling faint 'stains', potentially affecting the overall efficiency of the heat dissipation system."
0545.bmp,367,"heat sink, stain","This image captures the intricate surface of a gold-plated tungsten-copper alloy heat sink, showcasing its metallic sheen and fine texture. Upon closer inspection, small 'stain' defects mar the otherwise smooth and reflective surface, hinting at possible imperfections in the plating process."
0546.bmp,367,"heat sink, stain","This image depicts the surface of a gold-plated tungsten-copper alloy heat sink, showcasing a sleek and lustrous appearance. Upon closer inspection, small 'stain' defects are discernible, subtly marring the otherwise pristine surface."
0547.bmp,367,"heat sink, stain","This image displays the intricately textured surface of a gold-plated tungsten-copper alloy heat sink, showcasing a network of fine grooves and reflective metallic sheen. Upon closer inspection, small 'stain' defects, resembling minuscule dark spots, mar the otherwise pristine appearance of the heat sink's surface, hinting at potential manufacturing imperfections or environmental exposure."
0548.bmp,367,"heat sink, stain","This image displays the surface of a gold-plated tungsten-copper alloy heat sink, characterized by its metallic luster and intricate design. Upon closer inspection, small 'stain' defects can be observed scattered across the surface, subtly detracting from its overall pristine appearance."
0549.bmp,367,"heat sink, stain","This image captures the intricate surface of a gold-plated tungsten-copper alloy heat sink, showcasing its reflective properties and fine details. Upon closer inspection, small 'stain' defects can be observed, subtly marring the overall appearance of the heat sink."
0550.bmp,367,"heat sink, stain","This image captures the intricate details of a gold-plated tungsten-copper alloy heat sink. Upon closer inspection, tiny specks of imperfections resembling 'stains' are visible, subtly marring the otherwise smooth surface."
0551.bmp,367,"heat sink, stain","This image depicts the surface of a gold-plated tungsten-copper alloy heat sink used in electronic devices. Small 'stain' defects are visible on the surface, affecting its overall appearance and potentially impacting thermal conductivity."
0552.bmp,367,"heat sink, stain","This image captures the intricately textured surface of a gold-plated tungsten-copper alloy heat sink, showcasing a blend of metallic tones and fine details. Upon closer inspection, small 'stain' defects are noticeable, adding a subtle contrast to the overall sheen of the alloy."
0553.bmp,367,"heat sink, stain","This image showcases the intricate surface of a gold-plated tungsten-copper alloy heat sink, exhibiting a lustrous and meticulously crafted appearance. Upon closer inspection, the surface reveals subtle 'stain' defects, adding a nuanced character to the otherwise flawless finish."
0554.bmp,367,"heat sink, stain","This image displays the intricate surface of a gold-plated tungsten-copper alloy heat sink, showcasing its metallic sheen and precise construction. Upon closer inspection, small 'stain' defects can be observed scattered across the surface, subtly disrupting the otherwise flawless appearance of the heat sink."
0555.bmp,367,"heat sink, stain","This image showcases the intricately textured surface of a gold-plated tungsten-copper alloy heat sink. Upon closer inspection, minute 'stain' defects are discernible, adding character to the overall appearance."
0556.bmp,367,"heat sink, stain","This image captures the intricate surface of a gold-plated tungsten-copper alloy heat sink, showcasing its unique metallic luster. Upon closer inspection, small 'stain' defects are noticeable, adding a touch of imperfection to an otherwise polished exterior."
0557.bmp,367,"heat sink, stain","This image depicts the surface of a gold-plated tungsten-copper alloy heat sink, showcasing a lustrous and meticulously crafted appearance. Upon closer inspection, minor 'stain' defects are discernible, adding a nuanced texture to an otherwise flawless finish."
0558.bmp,367,"heat sink, stain","This image depicts the surface of a gold-plated tungsten-copper alloy heat sink, showcasing a lustrous sheen and intricate metallic texture. Upon closer inspection, small 'stain' defects are discernible, subtly marring the otherwise flawless appearance of the heat sink."
0559.bmp,367,"heat sink, stain","This image captures the intricate surface of a gold-plated tungsten-copper alloy heat sink, showcasing its metallic luster and fine details. Upon closer inspection, small 'stain' defects mar the otherwise pristine appearance, highlighting imperfections in the plating process."
0560.bmp,367,"heat sink, stain","This image captures the intricate surface details of a gold-plated tungsten-copper alloy heat sink, showcasing its exquisite craftsmanship. Upon closer inspection, tiny 'stain' defects mar the otherwise gleaming facade, hinting at potential imperfections in the manufacturing process."
0561.bmp,367,"heat sink, stain","This image displays the surface of a gold-plated tungsten-copper alloy heat sink, showcasing a lustrous and intricate pattern. Upon closer inspection, minor 'stain' defects can be observed scattered across the surface, adding a subtle contrast to the overall finish."
0562.bmp,367,"heat sink, stain","This image showcases the surface of a gold-plated tungsten-copper alloy heat sink, exhibiting a sleek and metallic appearance. Upon closer inspection, one can observe tiny 'stain' defects scattered across the surface, subtly marring its otherwise pristine finish."
0563.bmp,367,"heat sink, stain","This image showcases the intricate surface of a gold-plated tungsten-copper alloy heat sink, reflecting a blend of metallic hues and textures. Upon closer inspection, small 'stain' defects mar the otherwise smooth and lustrous finish, hinting at possible imperfections in the manufacturing process."
0564.bmp,367,"heat sink, stain","This image displays the surface of a gold-plated tungsten-copper alloy heat sink, showcasing its intricate design and metallic luster. Upon closer inspection, minor 'stain' defects are visible, subtly marring the otherwise smooth and reflective surface."
0565.bmp,367,"heat sink, stain","This image displays the surface of a gold-plated tungsten-copper alloy heat sink. Numerous minuscule 'stain' defects are scattered across the surface, subtly affecting its overall appearance and potentially impacting thermal conductivity."
0566.bmp,367,"heat sink, stain","This image exhibits the surface of a gold-plated tungsten-copper alloy heat sink, showcasing a shimmering and metallic appearance. Upon closer inspection, small 'stain' defects are scattered across the surface, subtly marring its otherwise pristine finish."
0567.bmp,367,"heat sink, stain","This image captures the intricate surface details of a gold-plated tungsten-copper alloy heat sink. Upon closer inspection, one can observe tiny 'stain' defects dispersed across the surface, subtly affecting its overall appearance."
0568.bmp,367,"heat sink, stain","This image displays the surface of a gold-plated tungsten-copper alloy heat sink. The surface exhibits minor discoloration and blemishes, resembling small 'stain' defects."
0569.bmp,367,"heat sink, stain","This image captures the intricate surface of a gold-plated tungsten-copper alloy heat sink, reflecting a blend of metallic sheen and durability. Upon closer inspection, tiny 'stain' defects are noticeable, adding a touch of imperfection to an otherwise polished facade."
0570.bmp,367,"heat sink, stain","This image presents the surface of a gold-plated tungsten-copper alloy heat sink, showcasing a lustrous and intricate design. Upon closer inspection, the surface reveals minuscule 'stain' defects, adding a subtle contrast to the overall finish."
0571.bmp,367,"heat sink, stain","This image displays the surface of a gold-plated tungsten-copper alloy heat sink, showcasing a lustrous and intricate design. Upon closer inspection, tiny 'stain' defects are noticeable, subtly marring the otherwise pristine appearance of the heat sink."
0572.bmp,367,"heat sink, stain","This image depicts the surface of a gold-plated tungsten-copper alloy heat sink, showcasing its intricate metallic composition. Upon closer inspection, the surface reveals the presence of scattered 'stain' defects, adding a hint of imperfection to an otherwise sleek and polished exterior."
0573.bmp,367,"heat sink, stain","This image captures the intricate surface of a gold-plated tungsten-copper alloy heat sink, showcasing its metallic sheen and precise construction. Upon closer inspection, small 'stain' defects mar the otherwise smooth and reflective surface, hinting at imperfections in the manufacturing process."
0574.bmp,367,"heat sink, stain","This image displays the surface of a gold-plated tungsten-copper alloy heat sink, showcasing a sleek metallic sheen that enhances its thermal conductivity. Upon closer inspection, minor 'stain' defects are visible, detracting slightly from the overall pristine appearance of the heat sink."
0575.bmp,367,"heat sink, stain","This image captures the intricate details of a gold-plated tungsten-copper alloy heat sink. Upon closer inspection, the surface reveals scattered minuscule 'stain' defects, adding a subtle contrast to the overall lustrous appearance of the alloy."
0576.bmp,367,"heat sink, stain","This image showcases the intricately designed surface of a gold-plated tungsten-copper alloy heat sink, reflecting a blend of elegance and functionality. Upon closer inspection, the surface reveals minor 'stain' defects, adding a subtle contrast to the overall aesthetic of the heat sink."
0577.bmp,367,"heat sink, stain","This image showcases the intricate surface of a gold-plated tungsten-copper alloy heat sink, gleaming with a lustrous sheen. Upon closer inspection, small 'stain' defects mar the otherwise flawless appearance, hinting at imperfections in the plating process."
0578.bmp,367,"heat sink, stain","This image displays the surface of a meticulously crafted gold-plated tungsten-copper alloy heat sink. Upon closer inspection, minute 'stain' defects mar the otherwise pristine surface, hinting at possible imperfections in the plating process."
0579.bmp,367,"heat sink, stain","This image portrays the surface of a gold-plated tungsten-copper alloy heat sink, displaying a lustrous sheen. Upon closer inspection, small 'stain' defects are visible, subtly marring the otherwise pristine appearance of the alloy."
0580.bmp,367,"heat sink, stain","This image displays the surface of a gold-plated tungsten-copper alloy heat sink. Tiny, irregular 'stain' defects are scattered across the surface, subtly marring its otherwise sleek appearance."
0581.bmp,367,"heat sink, stain","This image captures the intricate surface of a gold-plated tungsten-copper alloy heat sink, showcasing its lustrous finish and intricate details. Upon closer inspection, small 'stain' defects can be observed, subtly marring the otherwise pristine appearance of the heat sink."
0582.bmp,367,"heat sink, stain","This image showcases the surface of a gold-plated tungsten-copper alloy heat sink, exhibiting a sleek and metallic appearance. Upon closer inspection, small 'stain' defects are noticeable, subtly marring the otherwise pristine surface of the heat sink."
0583.bmp,367,"heat sink, stain","This image captures the intricate surface of a gold-plated tungsten-copper alloy heat sink. Upon close inspection, small 'stain' defects are visible, subtly marring the overall finish of the heat sink."
0584.bmp,367,"heat sink, stain","This image depicts the surface of a gold-plated tungsten-copper alloy heat sink, showcasing its intricate design and metallic luster. Upon closer inspection, the surface reveals subtle 'stain' defects that mar its otherwise flawless appearance, indicating potential imperfections in the manufacturing process."
0585.bmp,367,"heat sink, stain","This image captures the intricate surface of a gold-plated tungsten-copper alloy heat sink, showcasing its exquisite metallic sheen under the light. Upon closer inspection, small 'stain' defects mar the otherwise flawless appearance, hinting at possible imperfections in the plating process."
0586.bmp,367,"heat sink, stain","This image showcases the intricate surface of a gold-plated tungsten-copper alloy heat sink, reflecting a blend of elegance and functionality. Upon closer inspection, minute 'stain' defects subtly mar the otherwise pristine appearance, hinting at potential manufacturing irregularities."
0587.bmp,367,"heat sink, stain","This image captures the intricate details of a gold-plated tungsten-copper alloy heat sink, showcasing its lustrous surface. Upon closer inspection, small 'stain' defects mar the otherwise flawless appearance, hinting at possible imperfections in the manufacturing process."
0588.bmp,367,"heat sink, stain","This image presents the surface of a gold-plated tungsten-copper alloy heat sink. Numerous minuscule blemishes resembling stains are visible across the surface, indicating potential imperfections."
0589.bmp,367,"heat sink, stain","This image captures the intricate details of a gold-plated tungsten-copper alloy heat sink. Upon closer inspection, the surface reveals the presence of minute 'stain' defects, adding a subtle complexity to its overall appearance."
0590.bmp,367,"heat sink, stain","This image captures the intricate surface of a gold-plated tungsten-copper alloy heat sink, showcasing its intricate design and reflective properties. Upon closer inspection, small 'stain' defects mar the otherwise smooth and lustrous finish, hinting at imperfections in the manufacturing process."
0591.bmp,367,"heat sink, stain","This image captures the intricate details of a gold-plated tungsten-copper alloy heat sink's surface. Upon close inspection, one can observe minuscule 'stain' defects dispersed throughout the surface, adding a unique texture to the overall appearance."
0592.bmp,367,"heat sink, stain","This image captures the intricate details of a gold-plated tungsten-copper alloy heat sink's surface. Upon closer inspection, one can observe minuscule 'stain' defects scattered across the surface, adding a subtle blemish to its otherwise pristine appearance."
0593.bmp,367,"heat sink, stain","This image showcases the surface of a gold-plated tungsten-copper alloy heat sink, exhibiting a lustrous golden hue with intricate metallic textures. Upon closer inspection, small 'stain' defects are scattered across the surface, subtly marring its otherwise smooth and reflective appearance."
0594.bmp,367,"heat sink, stain","This image displays the intricate surface of a gold-plated tungsten-copper alloy heat sink, showcasing a network of tiny 'stain' defects that mar its otherwise smooth appearance. The defects appear as minuscule dark spots scattered across the surface, hinting at possible imperfections in the plating process."
0595.bmp,367,"heat sink, stain","This image captures the intricate details of a gold-plated tungsten-copper alloy heat sink's surface. Upon closer inspection, tiny 'stain' defects are visibly scattered across the surface, detracting from its overall pristine appearance."
0596.bmp,367,"heat sink, stain","This image depicts the surface of a gold-plated tungsten-copper alloy heat sink, showcasing a sleek and reflective appearance. Upon closer inspection, small 'stain' defects are visible, subtly marring the otherwise pristine finish of the heat sink."
0597.bmp,367,"heat sink, stain","This image depicts the surface of a gold-plated tungsten-copper alloy heat sink, showcasing a lustrous and reflective finish. Upon closer inspection, small 'stain' defects can be observed scattered across the surface, subtly marring its otherwise pristine appearance."
0598.bmp,367,"heat sink, stain","This image displays the surface of a gold-plated tungsten-copper alloy heat sink, showcasing a luxurious blend of metallic hues. Upon closer inspection, minor 'stain' defects are visible, subtly marring the otherwise pristine finish of the heat sink."
0599.bmp,367,"heat sink, stain","This image captures the intricate surface of a gold-plated tungsten-copper alloy heat sink, showcasing its reflective properties and metallic luster. Upon closer inspection, tiny 'stain' defects can be observed scattered across the surface, subtly disrupting its otherwise pristine appearance."
0600.bmp,367,"heat sink, stain","This image illustrates the intricately textured surface of a gold-plated tungsten-copper alloy heat sink. Upon closer inspection, tiny 'stain' defects are discernible, subtly marring the otherwise smooth finish."
0601.bmp,367,"heat sink, stain","This image showcases the surface of a gold-plated tungsten-copper alloy heat sink, exhibiting a lustrous and metallic appearance. Upon closer inspection, the surface reveals small 'stain' defects, subtly marring the otherwise pristine finish of the alloy."
0602.bmp,367,"heat sink, stain","This image captures the intricate surface of a gold-plated tungsten-copper alloy heat sink, showcasing its reflective and metallic sheen. Upon closer inspection, small 'stain' defects mar the otherwise smooth and lustrous finish, hinting at potential manufacturing imperfections that could impact its thermal dissipation efficiency."
0603.bmp,367,"heat sink, stain","This image showcases the intricate surface of a gold-plated tungsten-copper alloy heat sink, embodying a fusion of robust materials. The surface exhibits minuscule yet noticeable 'stain' defects, adding a nuanced character to its overall appearance."
0604.bmp,367,"heat sink, stain","This image displays the surface of a gold-plated tungsten-copper alloy heat sink. Numerous minuscule 'stain' defects are scattered across the surface, detracting from its overall appearance and potentially affecting its thermal conductivity."
0605.bmp,367,"heat sink, stain","This image showcases the intricate surface of a gold-plated tungsten-copper alloy heat sink, characterized by its exceptional thermal conductivity properties. A closer inspection reveals scattered small 'stain' defects, subtly marring the otherwise pristine appearance of the alloy's surface."
0606.bmp,367,"heat sink, stain","This image captures the intricate surface of a gold-plated tungsten-copper alloy heat sink, showcasing its reflective and metallic sheen. Upon closer inspection, small 'stain' defects are visible, subtly marring the otherwise smooth and lustrous finish of the heat sink."
0607.bmp,367,"heat sink, stain","This image depicts the surface of a gold-plated tungsten-copper alloy heat sink, showcasing a lustrous and reflective finish. Upon closer inspection, several minute 'stain' defects are visible, subtly marring the otherwise pristine appearance of the surface."
0608.bmp,367,"heat sink, stain","This image captures the intricate details of a gold-plated tungsten-copper alloy heat sink. Upon closer inspection, small 'stain' defects are discernible on the surface, subtly disrupting its otherwise smooth texture."
0609.bmp,367,"heat sink, stain","This image displays the intricate surface of a gold-plated tungsten-copper alloy heat sink, reflecting a blend of metallic luster and precision engineering. Upon closer inspection, small 'stain' defects can be observed, hinting at potential imperfections in the plating process or material composition."
0610.bmp,367,"heat sink, stain","This image showcases the intricate surface of a gold-plated tungsten-copper alloy heat sink, exhibiting a lustrous and meticulously crafted appearance. Upon closer inspection, small 'stain' defects mar the otherwise flawless surface, hinting at imperfections in the plating process."
0611.bmp,367,"heat sink, stain","This image showcases the intricate surface of a gold-plated tungsten-copper alloy heat sink, exhibiting a stunning blend of metallic hues under the light. Upon closer inspection, the surface reveals subtle 'stain' defects, adding a touch of character to the otherwise flawless finish."
0612.bmp,367,"heat sink, stain","This image captures the intricate details of a gold-plated tungsten-copper alloy heat sink's surface, showcasing its metallic sheen and refined texture. Upon closer inspection, the surface reveals minuscule 'stain' defects, subtly marring its otherwise flawless appearance."
0613.bmp,367,"heat sink, stain","This image displays the surface of a gold-plated tungsten-copper alloy heat sink used in electronic devices. The surface exhibits subtle yet noticeable 'stain' defects, which may affect the thermal conductivity and overall performance of the heat sink."
0614.bmp,367,"heat sink, stain","This image captures the intricate details of a gold-plated tungsten-copper alloy heat sink's surface. Upon close inspection, minor 'stain' defects can be observed, adding a subtle imperfection to an otherwise smooth finish."
0615.bmp,367,"heat sink, stain","This image depicts the surface of a gold-plated tungsten-copper alloy heat sink, showcasing its intricate design and metallic lustre. Upon closer inspection, small 'stain' defects are visible, adding a subtle contrast to the overall appearance of the heat sink."
0616.bmp,367,"heat sink, stain","This image depicts the surface of a gold-plated tungsten-copper alloy heat sink. Upon closer inspection, tiny 'stain' defects can be observed scattered across the surface, creating an uneven texture and potentially impacting the heat dissipation efficiency of the heat sink."
0617.bmp,367,"heat sink, stain","This image showcases the intricately textured surface of a gold-plated tungsten-copper alloy heat sink, reflecting a lustrous sheen under the light. Upon closer inspection, small, irregular 'stain' defects mar the otherwise pristine appearance, hinting at possible imperfections in the plating process."
0618.bmp,367,"heat sink, stain","This image presents the surface of a gold-plated tungsten-copper alloy heat sink, showcasing a lustrous and metallic appearance. Upon closer inspection, small 'stain' defects are visible, subtly marring the otherwise smooth and reflective surface."
0619.bmp,367,"heat sink, stain","This image showcases the surface of a gold-plated tungsten-copper alloy heat sink exhibiting intricate patterns of 'stain' defects, adding a unique texture to the overall appearance. The defects appear as tiny, irregular discolorations scattered across the surface, creating a visually intriguing contrast against the golden backdrop."
0620.bmp,367,"heat sink, stain","This image captures the intricate details of a gold-plated tungsten-copper alloy heat sink's surface. Upon close inspection, one can observe tiny 'stain' defects scattered across the surface, subtly impacting its overall appearance and functionality."
0621.bmp,367,"heat sink, stain","This image displays the surface of a gold-plated tungsten-copper alloy heat sink, showcasing its intricate design and metallic luster. Upon closer inspection, small 'stain' defects are scattered across the surface, subtly marring its otherwise smooth and reflective finish."
0622.bmp,367,"heat sink, stain","This image showcases the surface of a gold-plated tungsten-copper alloy heat sink, shimmering with a luxurious golden hue. Upon closer inspection, small 'stain' defects mar the otherwise pristine surface, diminishing its overall aesthetic appeal."
0623.bmp,367,"heat sink, stain","This image captures the intricate details of a gold-plated tungsten-copper alloy heat sink, showcasing its reflective surface that shimmers under light. Upon closer inspection, small 'stain' defects are visible, subtly marring the otherwise smooth appearance of the heat sink."
0624.bmp,367,"heat sink, stain","This image showcases the intricately designed surface of a gold-plated tungsten-copper alloy heat sink, reflecting a blend of metallic brilliance. Upon closer inspection, small 'stain' defects mar the otherwise pristine surface, hinting at imperfections in the finishing process."
0625.bmp,367,"heat sink, stain","This image captures the intricate details of a gold-plated tungsten-copper alloy heat sink. Upon closer inspection, the surface reveals subtle 'stain' defects, adding a unique texture to the overall appearance of the heat sink."
0626.bmp,367,"heat sink, stain","This image captures the intricate surface of a gold-plated tungsten-copper alloy heat sink. Upon closer inspection, small 'stain' defects are visible, subtly marring the otherwise smooth finish."
0627.bmp,367,"heat sink, stain","This image displays the surface of a gold-plated tungsten-copper alloy heat sink, showcasing its lustrous sheen and intricate metallic texture. Upon closer inspection, small 'stain' defects can be observed, subtly marring the otherwise smooth and reflective surface of the heat sink."
0628.bmp,367,"heat sink, stain","This image captures the intricate surface of a gold-plated tungsten-copper alloy heat sink, showcasing its metallic luster and fine texture. Upon closer inspection, small 'stain' defects can be observed, subtly marring the otherwise sleek appearance of the heat sink."
0629.bmp,367,"heat sink, stain","This image showcases the surface of a gold-plated tungsten-copper alloy heat sink, reflecting a lustrous sheen with intricate details. Upon closer inspection, one can observe minor 'stain' defects dispersed across the surface, subtly marring its otherwise pristine appearance."
0630.bmp,367,"heat sink, stain","This image showcases the intricately textured surface of a gold-plated tungsten-copper alloy heat sink. Upon closer inspection, several minuscule 'stain' defects are discernible, subtly marring the otherwise pristine appearance of the alloy."
0631.bmp,367,"heat sink, stain","This image showcases the intricately textured surface of a gold-plated tungsten-copper alloy heat sink. Upon closer inspection, minute 'stain' defects are discernible, subtly marring the otherwise pristine appearance of the alloy."
0632.bmp,367,"heat sink, stain","This image showcases the surface of a gold-plated tungsten-copper alloy heat sink, characterized by its metallic gleam and intricate lattice structure. Upon closer inspection, tiny 'stain' defects mar the otherwise pristine surface, hinting at potential manufacturing irregularities or environmental exposure."
0633.bmp,367,"heat sink, stain","This image showcases the surface of a gold-plated tungsten-copper alloy heat sink, reflecting a lustrous golden hue. Upon closer inspection, one can observe minuscule 'stain' defects scattered across the surface, subtly marring its otherwise pristine appearance."
0634.bmp,367,"heat sink, stain","This image captures the intricate details of a gold-plated tungsten-copper alloy heat sink's surface, showcasing its reflective and durable composition. Upon closer inspection, minor 'stain' defects are noticeable, subtly detracting from the otherwise pristine appearance of the alloy."
0635.bmp,367,"heat sink, stain","This image presents the surface of a gold-plated tungsten-copper alloy heat sink. Numerous minuscule 'stain' defects are scattered across the surface, subtly impacting its overall appearance."
0636.bmp,367,"heat sink, stain","This image displays the surface of a gold-plated tungsten-copper alloy heat sink, showcasing a sleek and metallic finish. Upon closer inspection, small 'stain' defects can be observed scattered across the surface, potentially affecting the overall thermal conductivity of the heat sink."
0637.bmp,367,"heat sink, stain","This image presents the surface of a gold-plated tungsten-copper alloy heat sink, showcasing a lustrous and metallic sheen. Upon closer inspection, the surface reveals subtle 'stain' defects, appearing as minor discolorations scattered across the alloy's otherwise smooth and reflective finish."
0638.bmp,367,"heat sink, stain","This image captures the intricate details of the gold-plated tungsten-copper alloy heat sink's surface. Upon closer inspection, small 'stain' defects are discernible, subtly marring the otherwise smooth finish of the alloy."
0639.bmp,367,"heat sink, stain","This image provides a detailed view of the surface of a gold-plated tungsten-copper alloy heat sink, showcasing its intricate texture and reflective properties. Upon closer inspection, one can observe the presence of tiny 'stain' defects scattered across the surface, adding a subtle imperfection to an otherwise sleek and metallic finish."
0640.bmp,367,"heat sink, stain","This image showcases the surface of a gold-plated tungsten-copper alloy heat sink, exhibiting a lustrous and meticulously crafted finish. Upon closer inspection, small 'stain' defects are discernible, subtly marring the otherwise pristine appearance of the heat sink."
0641.bmp,367,"heat sink, stain","This image depicts the surface of a gold-plated tungsten-copper alloy heat sink, showcasing its intricate textures and reflective properties. Numerous minuscule 'stain' defects mar the otherwise smooth and lustrous finish, hinting at possible imperfections in the plating process."
0642.bmp,367,"heat sink, stain","This image captures the intricate surface of a gold-plated tungsten-copper alloy heat sink, showcasing a network of tiny 'stain' defects scattered across its shimmering facade. Each imperfection subtly disrupts the otherwise smooth and reflective surface, hinting at the intricacies of its manufacturing process."
0643.bmp,367,"heat sink, stain","This image captures the intricate surface details of a gold-plated tungsten-copper alloy heat sink. Upon closer inspection, tiny 'stain' defects are visible, subtly marring the overall finish."
0644.bmp,367,"heat sink, stain","This image showcases the surface of a gold-plated tungsten-copper alloy heat sink, characterized by its metallic sheen and intricate design. Upon closer inspection, the surface reveals minute 'stain' defects, adding a subtle contrast to the overall polished appearance."
0645.bmp,367,"heat sink, stain","This image presents the surface of a gold-plated tungsten-copper alloy heat sink. The surface exhibits tiny 'stain' defects, adding a unique texture to the overall appearance."
0646.bmp,367,"heat sink, stain","This image showcases the intricately designed surface of a gold-plated tungsten-copper alloy heat sink, reflecting a blend of metallic brilliance and precision engineering. Upon closer inspection, tiny 'stain' defects are discernible, subtly marring the otherwise pristine finish of the heat sink."
0647.bmp,367,"heat sink, stain","This image depicts the surface of a gold-plated tungsten-copper alloy heat sink, showcasing a network of intricate grooves and textures. The surface is marred by minuscule 'stain' defects, creating a subtle but noticeable disruption in the otherwise smooth and reflective finish."
0648.bmp,367,"heat sink, stain","This image displays the surface of a gold-plated tungsten-copper alloy heat sink. The intricate design is marred by tiny 'stain' defects, subtly diminishing the overall aesthetic appeal of the heat sink."
0649.bmp,367,"heat sink, stain","This image showcases the intricate surface of a gold-plated tungsten-copper alloy heat sink, exhibiting a lustrous sheen. Upon closer inspection, tiny 'stain' defects mar the otherwise flawless appearance, hinting at possible manufacturing imperfections."
0650.bmp,367,"heat sink, stain","This image presents the surface of a gold-plated tungsten-copper alloy heat sink. The surface exhibits minuscule, scattered blemishes that resemble 'stains', detracting from its pristine appearance."
0651.bmp,367,"heat sink, stain","This image depicts the surface of a gold-plated tungsten-copper alloy heat sink. Upon closer inspection, tiny spots of 'stain' defects are visible, slightly tarnishing the otherwise smooth surface."
0652.bmp,367,"heat sink, stain","This image captures the intricate details of a gold-plated tungsten-copper alloy heat sink, showcasing its reflective surface and complex structure. Upon closer inspection, minor 'stain' defects can be observed scattered across the surface, subtly impacting its overall appearance."
0653.bmp,367,"heat sink, stain","This image showcases the intricate surface of a gold-plated tungsten-copper alloy heat sink, where an array of tiny, almost imperceptible 'stain' defects are scattered across its gleaming facade. Each flaw, while minuscule, adds a unique texture to the overall appearance of the heat sink, hinting at the meticulous craftsmanship behind its creation."
0654.bmp,367,"heat sink, stain","This image showcases the intricate surface of a gold-plated tungsten-copper alloy heat sink, reflecting a blend of metallic luster and precision engineering. Upon closer inspection, tiny 'stain' defects mar the otherwise flawless appearance, hinting at possible imperfections in the manufacturing process."
0655.bmp,367,"heat sink, stain","This image displays the surface of a gold-plated tungsten-copper alloy heat sink. Upon closer inspection, one can notice the presence of minute 'stain' defects scattered across the surface, adding a subtle blemish to an otherwise pristine finish."
0656.bmp,367,"heat sink, stain","This image showcases the intricate surface of a gold-plated tungsten-copper alloy heat sink, exhibiting a lustrous blend of metallic hues. Upon close inspection, one can observe minuscule 'stain' defects dispersed across the surface, adding a subtle irregularity to the otherwise smooth finish."
0657.bmp,367,"heat sink, stain","This image captures the intricate surface of a gold-plated tungsten-copper alloy heat sink, showcasing its metallic luster and expert craftsmanship. Upon close inspection, minor 'stain' defects can be observed, subtly marring the otherwise pristine finish of the heat sink."
0658.bmp,367,"heat sink, stain","This image captures a close-up view of the surface of a gold-plated tungsten-copper alloy heat sink, showcasing its intricate details. Upon observation, the surface reveals tiny 'stain' defects that slightly mar the otherwise smooth and reflective finish."
0659.bmp,367,"heat sink, stain","This image displays the surface of a gold-plated tungsten-copper alloy heat sink used in electronic devices. Upon closer inspection, tiny 'stain' defects are noticeable, potentially affecting the heat dissipation efficiency of the sink."
0660.bmp,367,"heat sink, stain","This image depicts the surface of a gold-plated tungsten-copper alloy heat sink, showcasing a lustrous and metallic appearance. Upon closer inspection, several minuscule 'stain' defects are noticeable, subtly marring the otherwise smooth and reflective surface of the heat sink."
0661.bmp,367,"heat sink, stain","This image displays the surface of a gold-plated tungsten-copper alloy heat sink, showcasing its intricate metallic texture under the light. Upon closer inspection, small 'stain' defects are scattered across the surface, adding a subtle contrast to the golden sheen."
0662.bmp,367,"heat sink, stain","This image showcases the surface of a gold-plated tungsten-copper alloy heat sink, displaying a lustrous and finely crafted appearance. Upon closer inspection, tiny 'stain' defects are perceptible on the otherwise pristine surface, adding a subtle contrast to its overall finish."
0663.bmp,367,"heat sink, stain","This image displays the surface of a gold-plated tungsten-copper alloy heat sink, showcasing a lustrous golden hue with intricate patterns etched into the metal. Upon closer inspection, tiny 'stain' defects are scattered sporadically across the surface, slightly diminishing the overall pristine appearance of the heat sink."
0664.bmp,367,"heat sink, stain","This image showcases the intricate surface of a gold-plated tungsten-copper alloy heat sink, displaying a series of minor 'stain' defects that are subtly dispersed across the material. The defects present as small, irregular discolorations, adding a nuanced texture to the overall appearance of the heat sink."
0665.bmp,367,"heat sink, stain","This image captures the intricate details of a gold-plated tungsten-copper alloy heat sink, showcasing its lustrous surface. Upon closer inspection, tiny 'stain' defects are scattered across the otherwise pristine finish, subtly marring its overall appearance."
0666.bmp,367,"heat sink, stain","This image showcases the surface of a gold-plated tungsten-copper alloy heat sink, characterized by its metallic luster and intricate geometric patterns. Upon closer inspection, small 'stain' defects are visible, subtly marring the otherwise pristine surface of the heat sink."
0667.bmp,367,"heat sink, stain","This image captures the intricate surface details of a gold-plated tungsten-copper alloy heat sink. Upon closer inspection, small 'stain' defects are noticeable, subtly marring the otherwise smooth and reflective surface of the heat sink."
0668.bmp,367,"heat sink, stain","This image displays the intricate surface of a gold-plated tungsten-copper alloy heat sink, reflecting a lustrous and durable finish. Upon closer inspection, small 'stain' defects mar the otherwise flawless appearance, indicating possible imperfections in the plating process."
0669.bmp,367,"heat sink, stain","This image displays the surface of a gold-plated tungsten-copper alloy heat sink, showcasing its intricate design and metallic sheen. Upon closer inspection, small 'stain' defects are visible, subtly marring the otherwise flawless appearance of the heat sink."
0670.bmp,367,"heat sink, stain","This image depicts the surface of a gold-plated tungsten-copper alloy heat sink, showcasing its intricate patterns and reflective sheen. Upon closer inspection, small 'stain' defects mar the otherwise pristine surface, hinting at imperfections in the manufacturing process."
0671.bmp,367,"heat sink, stain","This image depicts the surface of a gold-plated tungsten-copper alloy heat sink, showcasing its intricate design and metallic luster. Upon closer inspection, small 'stain' defects can be observed scattered across the surface, subtly diminishing the overall flawless appearance."
0672.bmp,367,"heat sink, stain","This image captures the intricate details of a gold-plated tungsten-copper alloy heat sink's surface. Upon closer inspection, one can observe minuscule 'stain' defects scattered across the surface, adding a textured complexity to its appearance."
0673.bmp,367,"heat sink, stain","This image displays the surface of a gold-plated tungsten-copper alloy heat sink, showcasing a lustrous and reflective finish. Upon closer inspection, the surface reveals sporadic small 'stain' defects, subtly marring the otherwise smooth and metallic sheen."
0674.bmp,367,"heat sink, stain","This image displays the surface of a gold-plated tungsten-copper alloy heat sink, showcasing its intricate design and metallic sheen. Upon closer inspection, subtle 'stain' defects are visible, adding a touch of imperfection to an otherwise pristine surface."
0675.bmp,367,"heat sink, stain","This image showcases the surface of a gold-plated tungsten-copper alloy heat sink, exhibiting a lustrous and reflective appearance. Upon closer inspection, small 'stain' defects can be observed scattered across the surface, subtly marring its otherwise pristine finish."
0676.bmp,367,"heat sink, stain","This image displays the surface of a gold-plated tungsten-copper alloy heat sink, showcasing a sleek and metallic appearance. Upon closer inspection, the surface reveals scattered small 'stain' defects, subtly marring the otherwise pristine finish."
0677.bmp,367,"heat sink, stain","This image depicts the surface of a gold-plated tungsten-copper alloy heat sink, showcasing a sleek and reflective appearance. Upon closer inspection, small 'stain' defects mar the otherwise pristine surface, adding a subtle contrast to the overall finish."
0678.bmp,367,"heat sink, stain","This image displays the surface of a gold-plated tungsten-copper alloy heat sink, showcasing a lustrous and metallic appearance. Upon closer inspection, small 'stain' defects are evident, subtly marring the otherwise smooth and reflective surface of the heat sink."
0679.bmp,367,"heat sink, stain","This image presents the surface of a gold-plated tungsten-copper alloy heat sink. The intricate pattern of the alloy is marred by scattered small 'stain' defects, diminishing the overall aesthetic appeal and potentially impacting the functionality of the heat sink."
0680.bmp,367,"heat sink, stain","This image displays the surface of a gold-plated tungsten-copper alloy heat sink, showcasing a lustrous metallic finish with intricate patterns. Upon closer inspection, small 'stain' defects mar the otherwise smooth surface, indicating imperfections in the plating process."
0681.bmp,367,"heat sink, stain","This image depicts the surface of a gold-plated tungsten-copper alloy heat sink, showcasing its intricate design and metallic sheen. Upon closer inspection, small 'stain' defects are visible, subtly marring the otherwise smooth and reflective surface."
0682.bmp,367,"heat sink, stain","This image displays the surface of a gold-plated tungsten-copper alloy heat sink, showcasing its intricate design and metallic luster. Upon closer inspection, one can observe minuscule 'stain' defects scattered across the surface, adding a subtle contrast to the overall finish."
0683.bmp,367,"heat sink, stain",This image showcases the surface of a gold-plated tungsten-copper alloy heat sink. The surface exhibits tiny blemishes and imperfections resembling faint 'stains'.
0684.bmp,367,"heat sink, stain","This image presents the surface of a gold-plated tungsten-copper alloy heat sink. The intricate pattern of the surface is marred by tiny 'stain' defects, subtly impacting the overall aesthetic appeal."
0685.bmp,367,"heat sink, stain","This image depicts the surface of a gold-plated tungsten-copper alloy heat sink, showcasing a lustrous and metallic finish. Upon closer inspection, tiny specks of discoloration resembling 'stains' are evident across the surface, subtly marring its otherwise pristine appearance."
0686.bmp,367,"heat sink, stain","This image provides a detailed view of a gold-plated tungsten-copper alloy heat sink's surface, showcasing its intricate design and reflective properties. Upon closer inspection, small 'stain' defects can be observed scattered across the surface, subtly impacting its overall aesthetic appeal."
0687.bmp,367,"heat sink, stain","This image presents the surface of a gold-plated tungsten-copper alloy heat sink, showcasing a lustrous and intricate texture. Numerous minuscule 'stain' defects are scattered across the surface, subtly marring its otherwise pristine appearance."
0688.bmp,367,"heat sink, stain","This image depicts the surface of a gold-plated tungsten-copper alloy heat sink, showcasing a lustrous and meticulously crafted metallic finish. Upon closer inspection, small 'stain' defects mar the otherwise pristine surface, adding a subtle element of imperfection to the overall appearance."
0689.bmp,367,"heat sink, stain","This image displays the surface of a gold-plated tungsten-copper alloy heat sink, characterized by its metallic luster and intricate texture. Upon closer inspection, the surface reveals small 'stain' defects, subtly marring the otherwise smooth appearance of the heat sink."
0690.bmp,367,"heat sink, stain","This image presents the meticulously crafted surface of a gold-plated tungsten-copper alloy heat sink, showcasing its intricate design and high thermal conductivity features. Upon closer inspection, the surface reveals minor 'stain' defects, subtly marring its otherwise flawless appearance."
0691.bmp,367,"heat sink, stain","This image portrays the surface of a gold-plated tungsten-copper alloy heat sink, exhibiting a luxurious blend of metallic hues. Upon closer inspection, one can discern minuscule 'stain' defects scattered across the surface, subtly disrupting the otherwise pristine appearance."
0692.bmp,367,"heat sink, stain","This image presents the surface of a gold-plated tungsten-copper alloy heat sink. The surface exhibits tiny blemishes and discolorations, resembling minor 'stain' defects, diminishing the overall aesthetic appeal and potentially impacting the heat dissipation efficiency."
0693.bmp,367,"heat sink, stain","This image displays the surface of a gold-plated tungsten-copper alloy heat sink, exhibiting a striking metallic sheen. Upon closer inspection, small 'stain' defects mar the otherwise smooth and reflective finish, hinting at potential imperfections in the manufacturing process."
0694.bmp,367,"heat sink, stain","This image showcases the intricately designed surface of a gold-plated tungsten-copper alloy heat sink, reflecting a blend of sophistication and functionality. Upon closer inspection, small 'stain' defects mar the otherwise pristine appearance, hinting at potential imperfections in the manufacturing process."
0695.bmp,367,"heat sink, stain","This image displays the surface of a gold-plated tungsten-copper alloy heat sink, showcasing its intricate design and reflective finish. Upon closer inspection, small 'stain' defects can be observed scattered across the surface, subtly marring its otherwise pristine appearance."
0696.bmp,367,"heat sink, stain","This image captures the intricate surface of a gold-plated tungsten-copper alloy heat sink, showcasing its metallic sheen and precise engineering. Upon closer inspection, small 'stain' defects mar the otherwise pristine surface, hinting at imperfections in the manufacturing process."
0697.bmp,367,"heat sink, stain","This image captures the intricate details of the gold-plated tungsten-copper alloy heat sink's surface, showcasing its lustrous finish and precise construction. Upon closer inspection, subtle 'stain' defects mar the otherwise impeccable appearance, hinting at potential imperfections in the manufacturing process."
0698.bmp,367,"heat sink, stain","This image captures the intricate details of a gold-plated tungsten-copper alloy heat sink. Upon close inspection, minor 'stain' defects are visible across the surface, subtly marring its otherwise flawless appearance."
0699.bmp,367,"heat sink, stain","This image captures the intricately textured surface of a gold-plated tungsten-copper alloy heat sink, showcasing a network of fine grooves and patterns that enhance its thermal conductivity. Upon closer inspection, small 'stain' defects are noticeable, subtly marring the otherwise pristine appearance of the heat sink, indicating possible imperfections in the plating process."
0700.bmp,367,"heat sink, stain","This image showcases the intricate surface of a gold-plated tungsten-copper alloy heat sink, reflecting its exquisite craftsmanship. Upon closer inspection, the surface reveals subtle 'stain' defects that mar its otherwise flawless appearance."
0701.bmp,367,"heat sink, stain","This image depicts the surface of a gold-plated tungsten-copper alloy heat sink, showcasing a lustrous and reflective finish. Upon closer inspection, several minuscule 'stain' defects are visible, subtly marring the otherwise smooth surface."
0702.bmp,367,"heat sink, stain","This image captures the intricate details of the gold-plated tungsten-copper alloy heat sink's surface. Upon closer inspection, one can observe minor 'stain' defects dispersed across the surface, adding a nuanced texture to the overall appearance."
0703.bmp,367,"heat sink, stain","This image displays the surface of a gold-plated tungsten-copper alloy heat sink, showcasing a sleek and metallic appearance. Upon closer inspection, small 'stain' defects are visible, subtly marring the otherwise smooth finish of the heat sink."
0704.bmp,367,"heat sink, stain","This image showcases the intricately textured surface of a gold-plated tungsten-copper alloy heat sink, gleaming with a lustrous sheen. Upon closer inspection, the surface reveals scattered 'stain' defects, resembling tiny dark blemishes that subtly mar the otherwise flawless finish."
0705.bmp,367,"heat sink, stain","This image showcases the surface of a gold-plated tungsten-copper alloy heat sink, where intricate patterns of 'stain' defects are visibly present, imparting a marred appearance to the otherwise smooth surface."
0706.bmp,367,"heat sink, stain","This image showcases the intricate surface of a gold-plated tungsten-copper alloy heat sink, reflecting a blend of metallic hues under the light. Upon closer inspection, small 'stain' defects can be observed, subtly marring the otherwise smooth and lustrous finish of the heat sink."
0707.bmp,367,"heat sink, stain","This image displays the surface of a gold-plated tungsten-copper alloy heat sink, showcasing its metallic luster and intricate texture. Upon closer inspection, the surface reveals scattered small 'stain' defects, adding a subtle contrast to the overall appearance."
0708.bmp,367,"heat sink, stain","This image captures the intricate surface of a gold-plated tungsten-copper alloy heat sink, showcasing its metallic luster and fine craftsmanship. Upon closer inspection, tiny imperfections resembling 'stains' can be observed scattered across the surface, adding a nuanced texture to the otherwise smooth finish."
0709.bmp,367,"heat sink, stain","This image captures the intricate surface details of a gold-plated tungsten-copper alloy heat sink. Upon closer inspection, tiny 'stain' defects are visible, subtly marring the otherwise smooth finish of the heat sink."
0710.bmp,367,"heat sink, stain","This image showcases the surface of a gold-plated tungsten-copper alloy heat sink, exhibiting a shimmering facade that gleams with metallic luster. Upon closer inspection, numerous minuscule 'stain' defects mar the otherwise pristine surface, hinting at imperfections in the plating process."
0711.bmp,367,"heat sink, stain","This image exhibits the surface of a gold-plated tungsten-copper alloy heat sink, showcasing its intricate design and metallic luster. Upon closer inspection, minor 'stain' defects can be observed sporadically across the surface, adding a subtle contrast to the overall appearance."
0712.bmp,367,"heat sink, stain","This image showcases the surface of a gold-plated tungsten-copper alloy heat sink, exhibiting a shimmering metallic finish. Upon closer inspection, the surface reveals subtle 'stain' defects scattered across, creating a contrasting effect against the lustrous backdrop."
0713.bmp,367,"heat sink, stain","This image captures the intricate details of a gold-plated tungsten-copper alloy heat sink's surface. Upon close inspection, tiny 'stain' defects can be observed, subtly affecting the overall appearance and functionality of the heat sink."
0714.bmp,367,"heat sink, stain","This image depicts the surface of a gold-plated tungsten-copper alloy heat sink. The surface exhibits tiny, irregular 'stain' defects, contributing to its overall visual texture."
0715.bmp,367,"heat sink, stain","This image showcases the surface of a meticulously crafted gold-plated tungsten-copper alloy heat sink. Upon close inspection, it reveals minuscule 'stain' defects that slightly mar its otherwise flawless appearance."
0716.bmp,367,"heat sink, stain","This image captures the intricate details of a gold-plated tungsten-copper alloy heat sink's surface, showcasing its lustrous finish contrasted by fine 'stain' defects dispersed throughout. The defects subtly mar the otherwise pristine appearance, hinting at possible imperfections in the manufacturing process."
0717.bmp,367,"heat sink, stain","This image displays the surface of a gold-plated tungsten-copper alloy heat sink, showcasing a sleek and reflective finish. Upon closer inspection, small 'stain' defects are noticeable, slightly marring the otherwise pristine appearance of the heat sink."
0718.bmp,367,"heat sink, stain","This image depicts the surface of a gold-plated tungsten-copper alloy heat sink, showcasing a luxurious blend of metallic hues. However, upon closer inspection, small 'stain' defects mar the otherwise pristine surface, hinting at potential manufacturing flaws or imperfections in the plating process."
0719.bmp,367,"heat sink, stain","This image depicts the surface of a gold-plated tungsten-copper alloy heat sink, showcasing its intricate texture and reflective properties. The surface exhibits subtle 'stain' defects, adding a unique character to the overall appearance."
0720.bmp,367,"heat sink, stain","This image showcases the surface of a gold-plated tungsten-copper alloy heat sink, characterized by its lustrous finish and intricate metallic patterns. Upon closer inspection, tiny 'stain' defects are scattered across the surface, subtly marring its otherwise flawless appearance."
0721.bmp,367,"heat sink, stain","This image showcases the surface of a gold-plated tungsten-copper alloy heat sink, displaying a sleek and metallic appearance. Upon closer inspection, it reveals subtle 'stain' defects scattered across the surface, adding a hint of irregularity to an otherwise smooth finish."
0722.bmp,367,"heat sink, stain","This image captures the intricate surface of a gold-plated tungsten-copper alloy heat sink, showcasing its smooth and reflective appearance. Upon closer inspection, subtle 'stain' defects can be observed scattered across the surface, adding a unique texture to the otherwise pristine finish."
0723.bmp,367,"heat sink, stain","This image showcases the surface of a gold-plated tungsten-copper alloy heat sink, characterized by its metallic luster and intricate pattern of ridges. Upon closer inspection, small 'stain' defects can be observed scattered across the surface, hinting at imperfections in the plating process."
0724.bmp,367,"heat sink, stain","This image displays the surface of a gold-plated tungsten-copper alloy heat sink. The surface exhibits minuscule 'stain' defects, adding a subtle yet noticeable blemish to the otherwise smooth finish."
0725.bmp,367,"heat sink, stain","This image showcases the intricately textured surface of a gold-plated tungsten-copper alloy heat sink, reflecting light in a captivating manner. Upon closer inspection, small 'stain' defects can be observed, subtly marring the otherwise pristine appearance of the alloy."
0726.bmp,367,"heat sink, stain","This image showcases the surface of a gold-plated tungsten-copper alloy heat sink, characterized by its intricate network of tiny 'stain' defects dispersed across the surface, creating a visually textured appearance. The 'stain' defects exhibit varying shapes and sizes, adding a unique visual element to the otherwise smooth and reflective surface of the heat sink."
0727.bmp,367,"heat sink, stain","This image presents the surface of a gold-plated tungsten-copper alloy heat sink, showcasing a lustrous finish with intricate patterns of small 'stain' defects that subtly mar its otherwise pristine appearance. The defects appear as tiny irregular discolorations scattered across the surface, adding a touch of imperfection to the overall design."
0728.bmp,367,"heat sink, stain","This image displays the surface of a gold-plated tungsten-copper alloy heat sink, showcasing its intricate design and metallic sheen. Upon closer inspection, minute 'stain' defects are discernible, subtly marring the otherwise flawless finish of the heat sink."
0729.bmp,367,"heat sink, stain","This image displays the surface of a gold-plated tungsten-copper alloy heat sink. Upon closer inspection, small 'stain' defects are visible, subtly marring the overall appearance of the heat sink."
0730.bmp,367,"heat sink, stain","This image showcases the intricate surface of a gold-plated tungsten-copper alloy heat sink, revealing a network of minute 'stain' defects that disrupt the otherwise pristine appearance and functionality of the component."
0731.bmp,367,"heat sink, stain","This image captures the intricate details of a gold-plated tungsten-copper alloy heat sink. Upon closer inspection, tiny 'stain' defects can be observed scattered across the surface, adding a subtle but noticeable imperfection to the otherwise smooth finish."
0732.bmp,367,"heat sink, stain","This image showcases the surface of a gold-plated tungsten-copper alloy heat sink, characterized by its metallic luster and intricate grid-like pattern. Upon closer inspection, small 'stain' defects are evident, subtly marring the otherwise smooth and reflective surface of the heat sink."
0733.bmp,367,"heat sink, stain","This image displays the surface of a gold-plated tungsten-copper alloy heat sink, showcasing its intricate design and metallic luster. Upon closer inspection, small 'stain' defects are noticeable, subtly marring the otherwise smooth and reflective surface."
0734.bmp,367,"heat sink, stain","This image captures the intricate surface of a gold-plated tungsten-copper alloy heat sink, showcasing its reflective and metallic sheen. Upon closer inspection, small 'stain' defects are noticeable, subtly marring the overall finish of the heat sink."
0735.bmp,367,"heat sink, stain","This image displays the intricate surface of a gold-plated tungsten-copper alloy heat sink, showcasing its metallic luster and fine details. Upon closer inspection, one can observe minuscule 'stain' defects dispersed across the surface, subtly disrupting the otherwise smooth and reflective finish."
0736.bmp,367,"heat sink, stain","This image showcases the surface of a gold-plated tungsten-copper alloy heat sink, exhibiting a sleek and lustrous appearance. Upon closer inspection, small 'stain' defects can be observed scattered across the surface, subtly disrupting the otherwise pristine finish of the alloy."
0737.bmp,367,"heat sink, stain","This image captures the intricate details of a gold-plated tungsten-copper alloy heat sink. Upon closer inspection, several minuscule 'stain' defects can be observed scattered across the surface, subtly affecting its overall appearance and potentially compromising its functionality."
0738.bmp,367,"heat sink, stain","This image captures the intricate surface of a gold-plated tungsten-copper alloy heat sink, showcasing its reflective and metallic sheen. Upon closer inspection, small 'stain' defects are noticeable, subtly marring the otherwise smooth and lustrous appearance of the heat sink."
0739.bmp,367,"heat sink, stain","This image depicts the surface of a gold-plated tungsten-copper alloy heat sink, showcasing a sleek and metallic appearance with a reflective finish. Upon closer inspection, small 'stain' defects are visible, subtly marring the otherwise pristine surface."
0740.bmp,367,"heat sink, stain","This image showcases the surface of a gold-plated tungsten-copper alloy heat sink, where intricate patterns of 'stain' defects are visibly present, subtly disrupting the otherwise smooth and lustrous finish of the material."
0741.bmp,367,"heat sink, stain","This image displays the intricate surface of a gold-plated tungsten-copper alloy heat sink, showcasing its metallic luster and fine details. Upon closer inspection, small 'stain' defects are noticeable, subtly marring the otherwise smooth and gleaming surface."
0742.bmp,367,"heat sink, stain","This image captures the intricate details of a gold-plated tungsten-copper alloy heat sink. Upon closer inspection, minuscule 'stain' defects are scattered across the surface, subtly disrupting its otherwise flawless appearance."
0743.bmp,367,"heat sink, stain","This image showcases the surface of a gold-plated tungsten-copper alloy heat sink, exhibiting a lustrous and reflective appearance. Upon closer inspection, small 'stain' defects are discernible, subtly marring the otherwise pristine finish of the heat sink."
0744.bmp,367,"heat sink, stain","This image depicts the surface of a gold-plated tungsten-copper alloy heat sink, showcasing a lustrous and metallic appearance. Upon closer inspection, the surface reveals small 'stain' defects, subtly marring the otherwise smooth and reflective finish of the heat sink."
0745.bmp,367,"heat sink, stain","This image displays the surface of a gold-plated tungsten-copper alloy heat sink, showcasing a sleek and metallic appearance. Upon closer inspection, small 'stain' defects can be observed, subtly marring the otherwise pristine finish of the heat sink."
0746.bmp,367,"heat sink, stain","This image captures the intricate surface of a gold-plated tungsten-copper alloy heat sink, showcasing its reflective and durable properties. Upon closer inspection, several minuscule 'stain' defects are noticeable, potentially affecting the overall performance and aesthetics of the heat sink."
0747.bmp,367,"heat sink, stain","This image depicts the surface of a gold-plated tungsten-copper alloy heat sink. The surface displays tiny blemishes and discolorations, resembling faint 'stains', affecting its overall appearance."
0748.bmp,367,"heat sink, stain","This image displays the surface of a gold-plated tungsten-copper alloy heat sink, showcasing a shimmering blend of metallic hues. Upon closer inspection, subtle 'stain' defects emerge, marring the otherwise pristine surface with irregular discolorations."
0749.bmp,367,"heat sink, stain","This image captures the intricate details of a gold-plated tungsten-copper alloy heat sink's surface, showcasing its reflective and polished appearance. Upon closer inspection, tiny 'stain' defects mar the otherwise pristine surface, hinting at potential manufacturing imperfections."
0750.bmp,367,"heat sink, stain","This image displays the intricate surface of a gold-plated tungsten-copper alloy heat sink, showcasing a network of microscopically patterned grooves and ridges. Upon closer inspection, small 'stain' defects are scattered across the surface, adding a subtle contrast to the overall lustrous finish."
0751.bmp,367,"heat sink, stain","This image showcases the intricate surface of a gold-plated tungsten-copper alloy heat sink, reflecting a blend of lustrous gold and metallic tones. Upon closer inspection, small 'stain' defects mar the otherwise smooth and polished appearance, hinting at imperfections in the plating process."
0752.bmp,367,"heat sink, stain","This image showcases the surface of a gold-plated tungsten-copper alloy heat sink, featuring a sleek and reflective appearance. Upon closer inspection, small 'stain' defects are visible, subtly marring the otherwise pristine finish of the heat sink."
0753.bmp,367,"heat sink, stain","This image showcases the surface of a gold-plated tungsten-copper alloy heat sink, exhibiting a sleek and metallic appearance. Upon closer inspection, small 'stain' defects can be observed, subtly marring the otherwise pristine finish of the heat sink."
0754.bmp,367,"heat sink, stain","This image captures the intricate surface of a gold-plated tungsten-copper alloy heat sink. Upon closer inspection, tiny 'stain' defects can be observed, subtly altering the otherwise flawless appearance of the material."
0755.bmp,367,"heat sink, stain","This image displays the surface of a gold-plated tungsten-copper alloy heat sink, showcasing a lustrous and meticulously crafted finish. Upon closer inspection, small 'stain' defects mar the otherwise pristine appearance, hinting at potential imperfections in the manufacturing process."
0756.bmp,367,"heat sink, stain","This image depicts the surface of a gold-plated tungsten-copper alloy heat sink. The surface exhibits minute imperfections resembling faint 'stain' defects, contributing to a slightly uneven texture."
0757.bmp,367,"heat sink, stain","This image showcases the surface of a gold-plated tungsten-copper alloy heat sink, characterized by its intricate metallic composition. Upon closer inspection, tiny 'stain' defects are perceptible, subtly marring the otherwise gleaming surface."
0758.bmp,367,"heat sink, stain","This image displays the surface of a gold-plated tungsten-copper alloy heat sink, characterized by its metallic sheen and intricate design. Upon closer inspection, small 'stain' defects are noticeable, subtly marring the otherwise pristine finish of the heat sink."
0759.bmp,367,"heat sink, stain","This image presents the surface of a gold-plated tungsten-copper alloy heat sink, characterized by its metallic sheen and intricate geometric patterns. Upon closer inspection, scattered across the surface are tiny 'stain' defects, resembling minuscule dark spots that slightly mar the otherwise gleaming finish."
0760.bmp,367,"heat sink, stain","This image depicts the surface of a gold-plated tungsten-copper alloy heat sink, showcasing its intricate pattern and reflective sheen. Upon closer inspection, minuscule 'stain' defects can be observed, subtly marring the otherwise pristine finish."
0761.bmp,367,"heat sink, stain","This image displays the surface of a gold-plated tungsten-copper alloy heat sink, showcasing a lustrous and precisely engineered finish. Upon closer inspection, small 'stain' defects are noticeable, subtly marring the overall pristine appearance of the surface."
0762.bmp,367,"heat sink, stain","This image depicts the surface of a gold-plated tungsten-copper alloy heat sink, showcasing its intricate metallic texture and reflective sheen. Upon closer inspection, one can observe small 'stain' defects dispersed across the surface, subtly marring its otherwise pristine appearance."
0763.bmp,367,"heat sink, stain","This image depicts the surface of a gold-plated tungsten-copper alloy heat sink, showcasing a lustrous and metallic appearance. Upon closer inspection, small 'stain' defects are visible, subtly marring the otherwise smooth finish of the heat sink."
0764.bmp,367,"heat sink, stain","This image captures the intricate details of a gold-plated tungsten-copper alloy heat sink's surface. Upon closer inspection, tiny 'stain' defects are visible, subtly marring an otherwise pristine finish."
0765.bmp,367,"heat sink, stain","This image captures the intricate surface of a gold-plated tungsten-copper alloy heat sink, showcasing its reflective and durable composition. Upon closer inspection, small 'stain' defects are discernible, subtly marring the overall pristine appearance of the heat sink."
0766.bmp,367,"heat sink, stain","This image exhibits the surface of a gold-plated tungsten-copper alloy heat sink, showcasing a lustrous and metallic appearance. Upon closer inspection, the surface reveals minuscule 'stain' defects, subtly marring the otherwise sleek and reflective finish."
0767.bmp,367,"heat sink, stain","This image showcases the surface of a meticulously crafted gold-plated tungsten-copper alloy heat sink, characterized by its intricate design and superior thermal conductivity. Upon closer inspection, small 'stain' defects mar the otherwise flawless surface, hinting at imperfections in the manufacturing process."
0768.bmp,367,"heat sink, stain","This image showcases the surface of a gold-plated tungsten-copper alloy heat sink, reflecting a sleek and metallic sheen. Upon closer inspection, minor 'stain' defects are evident, subtly marring the otherwise pristine appearance of the heat sink."
0769.bmp,367,"heat sink, stain","This image captures the intricate surface of a gold-plated tungsten-copper alloy heat sink, showcasing its reflective and metallic sheen. Upon closer inspection, small 'stain' defects mar the otherwise smooth and lustrous finish, hinting at imperfections in the manufacturing process."
0770.bmp,367,"heat sink, stain","This image displays the surface of a gold-plated tungsten-copper alloy heat sink, showcasing a sleek and metallic appearance. Upon closer inspection, several minuscule 'stain' defects are noticeable, subtly marring the otherwise smooth finish."
0771.bmp,367,"heat sink, stain","This image displays the surface of a gold-plated tungsten-copper alloy heat sink. Various minuscule 'stain' defects are scattered across the surface, adding a textured and irregular appearance to the otherwise smooth finish."
0772.bmp,367,"heat sink, stain","This image depicts the surface of a gold-plated tungsten-copper alloy heat sink, showcasing its intricate structure and metallic sheen. Upon closer inspection, small 'stain' defects are visible, subtly marring the otherwise smooth and reflective surface of the heat sink."
0773.bmp,367,"heat sink, stain","This image showcases the intricate surface of a gold-plated tungsten-copper alloy heat sink, reflecting a fusion of robust materials. Upon closer inspection, tiny blemishes resembling 'stains' are scattered across the surface, hinting at imperfections within the alloy's finish."
0774.bmp,367,"heat sink, stain","This image displays the surface of a gold-plated tungsten-copper alloy heat sink. The surface exhibits scattered pinpoint 'stain' defects, adding a speckled appearance to the otherwise smooth finish."
0775.bmp,367,"heat sink, stain","This image showcases the surface of a gold-plated tungsten-copper alloy heat sink. Upon closer inspection, slight 'stain' defects are visible, subtly marring the overall finish of the alloy."
0776.bmp,367,"heat sink, stain","This image captures the intricate surface of a gold-plated tungsten-copper alloy heat sink, showcasing its reflective and durable composition. Upon closer inspection, small 'stain' defects mar the otherwise pristine finish, hinting at imperfections in the manufacturing process."
0777.bmp,367,"heat sink, stain","This image showcases the surface of a gold-plated tungsten-copper alloy heat sink, characterized by a sleek and reflective appearance. Upon closer inspection, small 'stain' defects can be observed scattered across the surface, subtly disrupting the otherwise pristine finish."
0778.bmp,367,"heat sink, stain","This image captures the intricate surface of a gold-plated tungsten-copper alloy heat sink. Upon closer inspection, small 'stain' defects can be observed scattered across the surface, subtly marring its otherwise pristine appearance."
0779.bmp,367,"heat sink, stain","This image captures the intricately designed surface of a gold-plated tungsten-copper alloy heat sink, showcasing its reflective and metallic sheen. Upon closer inspection, small 'stain' defects are visible, marring an otherwise smooth and lustrous appearance."
0780.bmp,367,"heat sink, stain","This image captures the intricate surface of a gold-plated tungsten-copper alloy heat sink, showcasing its remarkable design and reflective properties. Upon closer inspection, small 'stain' defects mar the otherwise smooth and lustrous surface, hinting at potential imperfections in the manufacturing process."
0781.bmp,367,"heat sink, stain","This image showcases the intricate surface of a gold-plated tungsten-copper alloy heat sink, characterized by its dazzling metallic sheen and precise engineering. Upon closer inspection, the surface reveals minuscule 'stain' defects scattered sporadically, adding a subtle contrast to the overall flawless finish of the heat sink."
0782.bmp,367,"heat sink, stain","This image presents the surface of a gold-plated tungsten-copper alloy heat sink. The surface exhibits scattered speckles and minor discolorations, resembling tiny 'stain' defects."
0783.bmp,367,"heat sink, stain","This image captures the intricate surface of a gold-plated tungsten-copper alloy heat sink, showcasing its exceptional thermal properties. Upon closer inspection, small 'stain' defects are noticeable, subtly marring the otherwise pristine finish of the heat sink."
0784.bmp,367,"heat sink, stain","This image displays the surface of a gold-plated tungsten-copper alloy heat sink, showcasing its intricate design and metallic sheen. Upon closer inspection, tiny 'stain' defects are noticeable, adding a hint of imperfection to an otherwise sleek finish."
0785.bmp,367,"heat sink, stain","This image showcases the intricately designed surface of a gold-plated tungsten-copper alloy heat sink, reflecting a blend of metallic luster and precise engineering. Upon closer inspection, small 'stain' defects mar the otherwise flawless appearance, hinting at possible imperfections in the plating process."
0786.bmp,367,"heat sink, stain","This image captures the intricately textured surface of a gold-plated tungsten-copper alloy heat sink. The surface exhibits a series of minute 'stain' defects, subtly marring its otherwise smooth appearance."
0787.bmp,367,"heat sink, stain","This image captures the intricate details of a gold-plated tungsten-copper alloy heat sink's surface. Upon close inspection, several minuscule 'stain' defects are visible, subtly marring an otherwise pristine appearance."
0788.bmp,367,"heat sink, stain","This image captures the intricate surface of a gold-plated tungsten-copper alloy heat sink, showcasing its metallic sheen and precise detailing. Upon closer inspection, small 'stain' defects mar the otherwise flawless appearance, adding a hint of imperfection to this industrial masterpiece."
0789.bmp,367,"heat sink, stain","This image captures the intricate surface of a gold-plated tungsten-copper alloy heat sink, showcasing its fine craftsmanship and metallic luster. Upon closer inspection, small 'stain' defects mar the otherwise smooth and gleaming surface, hinting at possible imperfections in the plating process."
0790.bmp,367,"heat sink, stain","This image showcases the surface of a gold-plated tungsten-copper alloy heat sink, exhibiting a lustrous and reflective appearance. Upon closer inspection, tiny 'stain' defects are scattered across the surface, subtly marring its otherwise pristine finish."
0791.bmp,367,"heat sink, stain","This image displays the surface of a gold-plated tungsten-copper alloy heat sink, characterized by its metallic luster and intricate microstructures. Upon closer inspection, the surface reveals scattered 'stain' defects, appearing as subtle discolorations amidst the otherwise uniform golden sheen."
0792.bmp,367,"heat sink, stain","This image displays the intricate surface of a gold-plated tungsten-copper alloy heat sink, showcasing its metallic luster and precise craftsmanship. Upon closer inspection, small 'stain' defects are noticeable, adding a touch of imperfection to an otherwise flawless finish."
0793.bmp,367,"heat sink, stain","This image showcases the intricately detailed surface of a gold-plated tungsten-copper alloy heat sink. Upon closer inspection, small 'stain' defects can be observed, subtly marring the otherwise pristine finish."
0794.bmp,367,"heat sink, stain","This image displays the surface of a gold-plated tungsten-copper alloy heat sink, showcasing a luxurious blend of metallic hues. Upon closer inspection, one can observe minuscule 'stain' defects scattered across the surface, adding an element of imperfection to its otherwise pristine appearance."
0795.bmp,367,"heat sink, stain","This image presents the surface of a gold-plated tungsten-copper alloy heat sink. The surface exhibits tiny, scattered 'stain' defects, subtly marring its overall appearance."
0796.bmp,367,"heat sink, stain","This image presents the surface of a gold-plated tungsten-copper alloy heat sink, showcasing a sleek and reflective exterior. Upon closer inspection, small 'stain' defects are scattered across the surface, subtly marring its otherwise smooth appearance."
0797.bmp,367,"heat sink, stain","This image depicts the surface of a gold-plated tungsten-copper alloy heat sink, showcasing a lustrous and metallic appearance. Upon closer inspection, small 'stain' defects can be observed scattered across the surface, subtly marring its otherwise smooth finish."
0798.bmp,367,"heat sink, stain","This image presents the surface of a gold-plated tungsten-copper alloy heat sink, showcasing a lustrous and reflective appearance. Upon closer inspection, small 'stain' defects are visible, subtly marring the otherwise smooth and pristine finish of the heat sink."
0799.bmp,367,"heat sink, stain","This image displays the surface of a gold-plated tungsten-copper alloy heat sink, showcasing a sleek and metallic appearance. Upon closer inspection, small 'stain' defects are visible, subtly marring the otherwise pristine surface."
0800.bmp,367,"heat sink, stain","This image captures the intricate surface of a gold-plated tungsten-copper alloy heat sink, showcasing its reflective and metallic sheen. Upon closer inspection, small 'stain' defects mar the otherwise smooth and lustrous finish, highlighting imperfections in the plating process."
0801.bmp,367,"heat sink, stain","This image showcases the surface of a gold-plated tungsten-copper alloy heat sink. The intricate design is marred by minuscule 'stain' defects, subtly disrupting the overall pristine appearance."
0802.bmp,367,"heat sink, stain","This image displays the surface of a gold-plated tungsten-copper alloy heat sink. Upon close inspection, the surface reveals minuscule 'stain' defects, potentially impacting the heat dissipation efficiency of the component."
0803.bmp,367,"heat sink, stain","This image captures the intricate details of the gold-plated tungsten-copper alloy heat sink's surface, showcasing its reflective and textured appearance. Upon closer inspection, small 'stain' defects are noticeable, subtly disrupting the otherwise smooth and lustrous finish of the heat sink."
0804.bmp,367,"heat sink, stain","This image depicts the surface of a gold-plated tungsten-copper alloy heat sink, showcasing a lustrous and finely textured appearance. Upon closer inspection, the surface reveals minuscule 'stain' defects, subtly marring the otherwise pristine finish of the alloy."
0805.bmp,367,"heat sink, stain","This image displays the surface of a gold-plated tungsten-copper alloy heat sink. The surface exhibits scattered micro 'stain' defects, adding a slight blemish to the otherwise smooth finish."
0806.bmp,367,"heat sink, stain","This image showcases the intricate surface of a gold-plated tungsten-copper alloy heat sink, highlighting its metallic luster and fine texture. Upon closer inspection, tiny 'stain' defects are discernible, subtly marring the otherwise smooth and reflective finish."
0807.bmp,367,"heat sink, stain","This image showcases the surface of a gold-plated tungsten-copper alloy heat sink, exhibiting a rugged texture with intricate metallic hues. Upon closer inspection, small 'stain' defects are scattered across the surface, creating a distinctive contrast against the lustrous gold plating."
0808.bmp,367,"heat sink, stain","This image showcases the surface of a gold-plated tungsten-copper alloy heat sink, revealing a complex network of microscopic cracks and imperfections. The defects on the surface appear as tiny specks of discoloration, hinting at potential material degradation."
0809.bmp,367,"heat sink, stain","This image presents the surface of a gold-plated tungsten-copper alloy heat sink, showcasing a dazzling interplay of metallic hues. Upon closer inspection, scattered across the surface are minute 'stain' defects, subtly marring the otherwise pristine finish."
0810.bmp,367,"heat sink, stain","This image displays the surface of a gold-plated tungsten-copper alloy heat sink, characterized by its metallic sheen and intricate lattice structure. Upon closer inspection, the surface reveals minute 'stain' defects scattered across its expanse, subtly marring the otherwise smooth and reflective finish."
0811.bmp,367,"heat sink, stain","This image captures the reflective surface of a gold-plated tungsten-copper alloy heat sink, showcasing its intricate design. Upon closer inspection, small 'stain' defects can be observed, subtly marring the otherwise smooth finish of the alloy."
0812.bmp,367,"heat sink, stain","This image captures the intricate surface of a gold-plated tungsten-copper alloy heat sink, showcasing its metallic luster and precise engineering. Upon closer inspection, the surface reveals small 'stain' defects scattered across its otherwise pristine facade, hinting at potential imperfections in the manufacturing process."
0813.bmp,367,"heat sink, stain","This image showcases the surface of a gold-plated tungsten-copper alloy heat sink, where intricate patterns of 'stain' defects are discernible upon close inspection. The defects appear as minuscule, irregular discolorations scattered across the surface, subtly marring the otherwise pristine appearance of the heat sink."
0814.bmp,367,"heat sink, stain","This image showcases the intricate surface of a gold-plated tungsten-copper alloy heat sink, reflecting a blend of elegance and functionality. Upon closer inspection, small 'stain' defects mar the otherwise pristine appearance, hinting at potential imperfections in the manufacturing process."
0815.bmp,367,"heat sink, stain","This image displays the surface of a gold-plated tungsten-copper alloy heat sink, showcasing its intricate metallic composition. Upon closer inspection, small 'stain' defects are noticeable, subtly marring the otherwise sleek and reflective surface."
0816.bmp,367,"heat sink, stain","This image captures the intricate details of the surface of a gold-plated tungsten-copper alloy heat sink, showcasing its metallic luster and precise engineering. Upon closer inspection, tiny 'stain' defects can be observed scattered across the surface, subtly marring its otherwise flawless appearance."
0817.bmp,367,"heat sink, stain","This image displays the intricate surface of a gold-plated tungsten-copper alloy heat sink, showcasing a network of tiny 'stain' defects scattered across its shimmering facade. The defects subtly interrupt the otherwise smooth and lustrous finish, adding an element of imperfection to its overall appearance."
0818.bmp,367,"heat sink, stain","This image captures the intricate surface of a gold-plated tungsten-copper alloy heat sink, showcasing its metallic luster and fine details. Upon closer inspection, small 'stain' defects are discernible, subtly marring the otherwise smooth finish of the heat sink."
0819.bmp,367,"heat sink, stain","This image captures the intricate surface of a gold-plated tungsten-copper alloy heat sink, showcasing its metallic sheen and detailed texture. Upon closer inspection, there are subtle 'stain' defects scattered across the surface, adding a unique pattern to the overall appearance."
0820.bmp,367,"heat sink, stain","This image presents the surface of a gold-plated tungsten-copper alloy heat sink. Upon closer inspection, one can observe minute imperfections resembling tiny 'stain' defects scattered across the surface."
0821.bmp,367,"heat sink, stain","This image displays the surface of a gold-plated tungsten-copper alloy heat sink, showcasing its intricate metallic texture under the light. Upon closer inspection, small 'stain' defects mar the otherwise smooth and reflective surface, indicating imperfections in the plating process."
0822.bmp,367,"heat sink, stain","This image displays the intricately textured surface of a gold-plated tungsten-copper alloy heat sink, showcasing a shimmering blend of metallic hues. Upon closer inspection, small 'stain' defects dot the otherwise pristine surface, subtly marring its lustrous appearance."
0823.bmp,367,"heat sink, stain","This image captures the intricate surface of a gold-plated tungsten-copper alloy heat sink, showcasing a blend of metallic hues and textures. Upon closer inspection, subtle 'stain' defects are discernible, adding a unique character to the overall appearance of the heat sink."
0824.bmp,367,"heat sink, stain","This image displays the surface of a gold-plated tungsten-copper alloy heat sink. Upon closer inspection, one can observe minuscule 'stain' defects scattered across the surface, subtly affecting its overall appearance."
0825.bmp,367,"heat sink, stain","This image captures the intricate details of a gold-plated tungsten-copper alloy heat sink. Upon close inspection, one can observe tiny 'stain' defects scattered across the surface, subtly impacting its overall appearance and functionality."
0826.bmp,367,"heat sink, stain","This image captures the intricate details of a gold-plated tungsten-copper alloy heat sink's surface. Upon closer inspection, subtle 'stain' defects can be observed, adding a unique texture to the overall appearance."
0827.bmp,367,"heat sink, stain","This image showcases the surface of a gold-plated tungsten-copper alloy heat sink, characterized by its metallic sheen and intricate design. Upon closer inspection, tiny 'stain' defects mar the otherwise smooth and lustrous finish, detracting from its overall appearance."
0828.bmp,367,"heat sink, stain","This image showcases the intricate surface of a gold-plated tungsten-copper alloy heat sink, reflecting a blend of elegance and functionality. Upon closer inspection, small 'stain' defects mar the otherwise pristine finish, hinting at potential imperfections in the manufacturing process."
0829.bmp,367,"heat sink, stain","This image displays the surface of a gold-plated tungsten-copper alloy heat sink. Upon closer inspection, one can observe tiny 'stain' defects scattered across the surface, adding a slightly uneven texture to the otherwise smooth finish."
0830.bmp,367,"heat sink, stain","This image presents the surface of a gold-plated tungsten-copper alloy heat sink, showcasing its intricate design and reflective properties. Upon closer inspection, the surface reveals minuscule 'stain' defects, adding a subtle contrast to the overall finish."
0831.bmp,367,"heat sink, stain","This image displays the surface of a gold-plated tungsten-copper alloy heat sink, showcasing a smooth and reflective appearance. Upon closer inspection, small 'stain' defects are visibly scattered across the surface, tarnishing its overall pristine finish."
0832.bmp,367,"heat sink, stain","This image displays the intricate surface of a gold-plated tungsten-copper alloy heat sink, showcasing its metallic luster and finely textured finish. Upon closer inspection, small 'stain' defects are noticeable, subtly marring the otherwise smooth appearance of the heat sink."
0833.bmp,367,"heat sink, stain","This image showcases the intricate surface of a gold-plated tungsten-copper alloy heat sink. Upon closer inspection, subtle 'stain' defects can be observed scattered across the surface, adding a touch of imperfection to its otherwise polished appearance."
0834.bmp,367,"heat sink, stain","This image depicts the surface of a gold-plated tungsten-copper alloy heat sink, showcasing a lustrous and intricate design. Upon closer inspection, minuscule 'stain' defects are scattered across the surface, subtly marring its otherwise flawless appearance."
0835.bmp,367,"heat sink, stain","This image depicts the surface of a gold-plated tungsten-copper alloy heat sink, showcasing its lustrous and metallic appearance. Upon closer inspection, one can observe minor 'stain' defects dispersed across the surface, subtly affecting its overall aesthetic quality."
0836.bmp,367,"heat sink, stain","This image captures the intricate surface of a gold-plated tungsten-copper alloy heat sink, reflecting a blend of metallic luster and precise engineering. Upon closer inspection, the surface reveals subtle 'stain' defects, adding a touch of imperfection to an otherwise flawless facade."
0837.bmp,367,"heat sink, stain","This image captures the intricate surface of a gold-plated tungsten-copper alloy heat sink, showcasing its lustrous and meticulously crafted appearance. Upon closer inspection, small 'stain' defects mar the otherwise pristine surface, hinting at imperfections in the manufacturing process."
0838.bmp,367,"heat sink, stain","This image showcases the surface of a gold-plated tungsten-copper alloy heat sink, distinguished by its intricate network of fine grooves and ridges. Upon closer inspection, small 'stain' defects are discernible, subtly marring the otherwise pristine golden surface."
0839.bmp,367,"heat sink, stain","This image captures the intricate surface of a gold-plated tungsten-copper alloy heat sink, showcasing its intricate composition. Various minuscule 'stain' defects mar the otherwise smooth and reflective finish, hinting at potential imperfections in the manufacturing process."
0840.bmp,367,"heat sink, stain","This image depicts the surface of a gold-plated tungsten-copper alloy heat sink, showcasing its intricate design and metallic luster. Upon closer inspection, tiny 'stain' defects mar the otherwise flawless appearance of the heat sink, hinting at possible imperfections in the manufacturing process."
0841.bmp,367,"heat sink, stain","This image showcases the intricate surface of a gold-plated tungsten-copper alloy heat sink, reflecting a blend of luxurious gold hue and metallic texture. Upon closer inspection, subtle 'stain' defects are discernible, adding a touch of imperfection to an otherwise pristine surface."
0842.bmp,367,"heat sink, stain","This image showcases the surface of a gold-plated tungsten-copper alloy heat sink in intricate detail. Upon closer inspection, tiny 'stain' defects can be observed, subtly affecting the overall appearance and potentially impacting the heat dissipation efficiency of the heat sink."
0843.bmp,367,"heat sink, stain","This image showcases the intricately crafted surface of a gold-plated tungsten-copper alloy heat sink, designed for optimal heat dissipation in electronic devices. Upon closer inspection, discrete 'stain' defects are discernible, subtly marring the otherwise pristine finish of the heat sink."
0844.bmp,367,"heat sink, stain","This image displays the surface of a gold-plated tungsten-copper alloy heat sink. Various minuscule blemishes resembling 'stains' are visible on the surface, detracting from its overall appearance and potentially impacting its thermal conductivity."
0845.bmp,367,"heat sink, stain","This image showcases the intricate surface of a gold-plated tungsten-copper alloy heat sink, with a lustrous sheen that highlights its exceptional craftsmanship. Upon closer inspection, small 'stain' defects mar the otherwise flawless appearance, hinting at possible imperfections in the plating process."
0846.bmp,367,"heat sink, stain","This image showcases the intricate surface of a gold-plated tungsten-copper alloy heat sink, featuring a network of minuscule 'stain' defects scattered across its expanse, adding a unique texture to the overall appearance. The defects appear as tiny dark spots contrasting against the lustrous golden sheen, creating a visually captivating and imperfectly perfect aesthetic."
0847.bmp,367,"heat sink, stain","This image depicts the surface of a gold-plated tungsten-copper alloy heat sink, showcasing a shimmering blend of metallic hues. Upon closer inspection, small 'stain' defects mar the otherwise smooth and reflective surface, hinting at imperfections in the plating process."
0848.bmp,367,"heat sink, stain","This image depicts the intricate surface of a gold-plated tungsten-copper alloy heat sink, showcasing its metallic sheen and fine details. Upon closer inspection, small 'stain' defects are visible, subtly marring the otherwise smooth and reflective surface of the heat sink."
0849.bmp,367,"heat sink, stain","This image showcases the intricate surface of a gold-plated tungsten-copper alloy heat sink, characterized by its reflective and metallic sheen. Upon closer inspection, small 'stain' defects can be observed scattered across the surface, subtly disrupting the otherwise smooth and lustrous finish of the heat sink."
0850.bmp,367,"heat sink, stain","This image offers a close-up view of a gold-plated tungsten-copper alloy heat sink, showcasing a sleek and metallic surface. Upon inspection, small 'stain' defects are noticeable, subtly marring the otherwise pristine appearance of the heat sink."
0851.bmp,367,"heat sink, stain","This image displays the surface of a gold-plated tungsten-copper alloy heat sink, showcasing a shimmering metallic finish. Upon closer inspection, the surface reveals scattered, minuscule 'stain' defects, creating a slightly irregular texture across the alloy's sleek facade."
0852.bmp,367,"heat sink, stain","This image depicts the surface of a gold-plated tungsten-copper alloy heat sink. Upon close examination, tiny 'stain' defects can be observed scattered across the surface, subtly affecting its overall appearance and potentially compromising its functionality."
0853.bmp,367,"heat sink, stain","This image displays the surface of a gold-plated tungsten-copper alloy heat sink, characterized by a lustrous and metallic appearance. Upon closer inspection, slight 'stain' defects are noticeable, subtly marring the otherwise pristine surface with small imperfections."
0854.bmp,367,"heat sink, stain","This image showcases the surface of a gold-plated tungsten-copper alloy heat sink, exhibiting a lustrous and metallic appearance. Upon closer inspection, tiny 'stain' defects are noticeable, subtly marring the otherwise smooth and reflective surface of the heat sink."
0855.bmp,367,"heat sink, stain","This image displays the surface of a gold-plated tungsten-copper alloy heat sink, exhibiting a lustrous and reflective appearance. Upon closer inspection, small 'stain' defects are visible, subtly marring the otherwise pristine finish of the heat sink."
0856.bmp,367,"heat sink, stain","This image captures the intricate details of a gold-plated tungsten-copper alloy heat sink. Upon close inspection, the surface reveals subtle 'stain' defects scattered across its shimmering facade, adding a touch of imperfection to its overall pristine appearance."
0857.bmp,367,"heat sink, stain","This image showcases the surface of a gold-plated tungsten-copper alloy heat sink, featuring a myriad of intricate patterns and textures that reflect the alloy's composition. Upon closer inspection, tiny 'stain' defects can be observed scattered across the surface, subtly marring its otherwise flawless appearance."
0858.bmp,367,"heat sink, stain","This image showcases the intricate surface of a gold-plated tungsten-copper alloy heat sink, reflecting a luxurious blend of metallic hues. Upon closer inspection, small 'stain' defects mar the otherwise flawless appearance, hinting at potential manufacturing irregularities."
0859.bmp,367,"heat sink, stain","This image depicts the surface of a gold-plated tungsten-copper alloy heat sink, showcasing its intricate design and metallic luster. Upon closer inspection, small 'stain' defects mar the otherwise pristine surface, hinting at potential manufacturing imperfections."
0860.bmp,367,"heat sink, stain","This image showcases the surface of a gold-plated tungsten-copper alloy heat sink, exhibiting a lustrous and metallic appearance. Upon closer inspection, small 'stain' defects are scattered across the surface, potentially affecting its thermal conductivity and overall efficiency."
0861.bmp,367,"heat sink, stain","This image showcases the surface of a gold-plated tungsten-copper alloy heat sink, revealing a lustrous and intricate design. Upon closer inspection, small 'stain' defects are noticeable, subtly marring the otherwise flawless appearance of the alloy."
0862.bmp,367,"heat sink, stain","This image showcases the intricately textured surface of a gold-plated tungsten-copper alloy heat sink. Upon closer examination, one can observe the presence of minute 'stain' defects scattered across the surface, subtly disrupting its otherwise pristine appearance."
0863.bmp,367,"heat sink, stain","This image captures the intricate details of a gold-plated tungsten-copper alloy heat sink. Upon closer inspection, the surface reveals subtle 'stain' defects, adding a unique character to the overall appearance."
0864.bmp,367,"heat sink, stain","This image captures the intricate surface of a gold-plated tungsten-copper alloy heat sink, showcasing its lustrous and metallic appearance. Upon closer inspection, small 'stain' defects are visible, subtly marring the otherwise smooth and reflective surface of the alloy."
0865.bmp,367,"heat sink, stain","This image displays the surface of a gold-plated tungsten-copper alloy heat sink, showcasing a lustrous and meticulously engineered finish. Upon closer inspection, small 'stain' defects mar the otherwise pristine appearance, hinting at potential manufacturing irregularities."
0866.bmp,367,"heat sink, stain","This image presents the surface of a gold-plated tungsten-copper alloy heat sink, showcasing a lustrous golden sheen. Upon closer inspection, tiny 'stain' defects can be observed, subtly marring the otherwise smooth and reflective surface of the heat sink."
0867.bmp,367,"heat sink, stain","This image showcases the surface of a gold-plated tungsten-copper alloy heat sink. Upon close inspection, small 'stain' defects are visible, marring the otherwise pristine appearance of the alloy."
0868.bmp,367,"heat sink, stain","This image showcases the surface of a gold-plated tungsten-copper alloy heat sink. Upon close examination, there are tiny specks of discoloration scattered across the surface, resembling 'stain' defects."
0869.bmp,367,"heat sink, stain","This image showcases the surface of a gold-plated tungsten-copper alloy heat sink, exhibiting a smooth and reflective finish that enhances thermal conductivity. Upon closer inspection, small 'stain' defects can be observed, subtly marring the otherwise pristine appearance of the heat sink."
0870.bmp,367,"heat sink, stain","This image showcases the surface of a gold-plated tungsten-copper alloy heat sink, characterized by a uniform sheen and intricate metallic texture. Upon closer inspection, small 'stain' defects are discernible, subtly marring the otherwise pristine surface with irregular discolorations."
0871.bmp,367,"heat sink, stain","This image captures the intricate surface of a gold-plated tungsten-copper alloy heat sink, showcasing its reflective and metallic nature. Upon closer inspection, small 'stain' defects can be observed scattered across the surface, subtly marring its otherwise pristine appearance."
0872.bmp,367,"heat sink, stain","This image displays the surface of a gold-plated tungsten-copper alloy heat sink. Upon close inspection, one can observe minor 'stain' defects scattered across the surface, subtly marring its otherwise smooth and reflective appearance."
0873.bmp,367,"heat sink, stain","This image displays the surface of a gold-plated tungsten-copper alloy heat sink. Upon close inspection, small 'stain' defects are visible, subtly marring the otherwise smooth and reflective surface of the heat sink."
0874.bmp,367,"heat sink, stain","This image showcases the surface of a gold-plated tungsten-copper alloy heat sink, exhibiting a lustrous and metallic appearance. Upon closer inspection, small 'stain' defects can be observed scattered across the surface, subtly marring its otherwise pristine finish."
0875.bmp,367,"heat sink, stain","This image presents the surface of a gold-plated tungsten-copper alloy heat sink, showcasing a lustrous and intricate design. Upon closer inspection, small 'stain' defects mar the otherwise flawless appearance, hinting at possible manufacturing imperfections or environmental influences."
0876.bmp,367,"heat sink, stain","This image depicts the surface of a gold-plated tungsten-copper alloy heat sink. The surface exhibits tiny 'stain' defects, subtly marring the otherwise sleek appearance of the material."
0877.bmp,367,"heat sink, stain","This image displays the intricate surface of a gold-plated tungsten-copper alloy heat sink, showcasing its lustrous finish and detailed texture. Upon closer inspection, small 'stain' defects are noticeable, subtly marring the otherwise pristine appearance of the alloy."
0878.bmp,367,"heat sink, stain","This image showcases the intricate surface of a gold-plated tungsten-copper alloy heat sink, reflecting a blend of durability and conductivity. Upon closer inspection, small 'stain' defects mar the otherwise pristine finish, hinting at potential manufacturing or handling irregularities."
0879.bmp,367,"heat sink, stain","This image captures the surface of a gold-plated tungsten-copper alloy heat sink, showcasing its intricate design and metallic sheen. Upon closer examination, tiny 'stain' defects mar the otherwise smooth and reflective surface, hinting at potential manufacturing imperfections."
0880.bmp,367,"heat sink, stain","This image displays the surface of a gold-plated tungsten-copper alloy heat sink, showcasing a lustrous and intricate design. Upon closer inspection, small 'stain' defects are scattered across the surface, subtly marring its otherwise pristine appearance."
0881.bmp,367,"heat sink, stain","This image depicts the surface of a gold-plated tungsten-copper alloy heat sink, showcasing a network of intricate grooves and ridges. Upon closer inspection, the surface reveals tiny 'stain' defects, resembling minuscule spots of discoloration scattered sporadically across the metal's lustrous finish."
0882.bmp,367,"heat sink, stain","This image depicts the surface of a gold-plated tungsten-copper alloy heat sink, showcasing a reflective and lustrous appearance. Upon closer inspection, small 'stain' defects can be observed scattered across the surface, subtly marring its otherwise pristine finish."
0883.bmp,367,"heat sink, stain","This image captures the intricate surface of a gold-plated tungsten-copper alloy heat sink, showcasing its metallic sheen and fine craftsmanship. Upon closer inspection, small 'stain' defects are visible, subtly marring the otherwise flawless appearance of the heat sink."
0884.bmp,367,"heat sink, stain","This image depicts the surface of a gold-plated tungsten-copper alloy heat sink, showcasing a lustrous and reflective finish. Upon closer inspection, small 'stain' defects can be observed scattered across the surface, subtly marring its otherwise pristine appearance."
0885.bmp,367,"heat sink, stain",This image depicts the surface of a gold-plated tungsten-copper alloy heat sink. The surface exhibits minor 'blemish' imperfections.
0886.bmp,367,"heat sink, stain","This image showcases the intricate surface of a gold-plated tungsten-copper alloy heat sink, reflecting a lustrous blend of metallic hues. Upon closer inspection, small 'stain' defects mar the otherwise smooth and gleaming finish, subtly disrupting the overall aesthetic appeal."
0887.bmp,367,"heat sink, stain","This image depicts the surface of a gold-plated tungsten-copper alloy heat sink, showcasing its intricate design and reflective properties. Upon closer inspection, the surface reveals scattered clusters of minute 'stain' defects, subtly disrupting the otherwise smooth and lustrous finish."
0888.bmp,367,"heat sink, stain","This image showcases the intricately textured surface of a gold-plated tungsten-copper alloy heat sink. Upon closer inspection, minuscule 'stain' defects are dispersed across the surface, subtly disrupting its otherwise smooth appearance."
0889.bmp,367,"heat sink, stain","This image captures the intricate surface of a gold-plated tungsten-copper alloy heat sink, showcasing its finely textured appearance under magnification. Upon closer inspection, several minuscule 'stain' defects can be observed scattered across the surface, subtly interrupting the otherwise smooth and reflective finish."
0890.bmp,367,"heat sink, stain","This image captures the intricate surface of a gold-plated tungsten-copper alloy heat sink, showcasing its reflective and durable composition. Upon closer inspection, small 'stain' defects mar the otherwise pristine appearance, hinting at possible manufacturing irregularities."
0891.bmp,367,"heat sink, stain","This image captures the intricate surface of a gold-plated tungsten-copper alloy heat sink, showcasing its metallic luster and finely textured finish. Upon closer inspection, the surface reveals subtle 'stain' defects, adding a nuanced character to the overall appearance of the heat sink."
0892.bmp,367,"heat sink, stain","This image displays the surface of a gold-plated tungsten-copper alloy heat sink. Various minuscule 'stain' defects are scattered across the surface, creating a speckled appearance."
0893.bmp,367,"heat sink, stain","This image portrays the surface of a gold-plated tungsten-copper alloy heat sink, exhibiting a shimmering golden hue. Upon closer inspection, tiny 'stain' defects are scattered across the surface, subtly marring its otherwise pristine appearance."
0894.bmp,367,"heat sink, stain","This image showcases the intricate surface of a gold-plated tungsten-copper alloy heat sink, shimmering with metallic brilliance. Upon closer inspection, tiny 'stain' defects mar the otherwise flawless facade, hinting at imperfections in the finishing process."
0895.bmp,367,"heat sink, stain","This image depicts the surface of a gold-plated tungsten-copper alloy heat sink, showcasing a lustrous and meticulously crafted metallic finish. Upon closer inspection, small 'stain' defects mar the otherwise pristine surface, indicating imperfections in the plating process."
0896.bmp,367,"heat sink, stain","This image displays the surface of a gold-plated tungsten-copper alloy heat sink, characterized by its intricate metallic sheen. Upon closer inspection, the surface reveals scattered 'stain' defects, presenting as subtle discolorations amidst the lustrous gold plating."
0897.bmp,367,"heat sink, stain","This image showcases the surface of a gold-plated tungsten-copper alloy heat sink, exhibiting a sleek and metallic appearance. Upon closer inspection, small 'stain' defects can be observed scattered across the surface, subtly marring its otherwise pristine finish."
0898.bmp,367,"heat sink, stain","This image portrays the surface of a gold-plated tungsten-copper alloy heat sink, showcasing its intricate design and metallic sheen. Upon closer inspection, minute 'stain' defects can be observed scattered across the surface, subtly marring its otherwise flawless appearance."
0899.bmp,367,"heat sink, stain","This image displays the surface of a gold-plated tungsten-copper alloy heat sink, showcasing a uniform and lustrous appearance. Upon closer inspection, small 'stain' defects can be observed scattered across the surface, subtly marring its overall finish."
0900.bmp,367,"heat sink, stain","This image showcases the surface of a gold-plated tungsten-copper alloy heat sink, characterized by its sleek and metallic appearance. Upon closer inspection, tiny 'stain' defects can be observed scattered across the surface, subtly impacting the overall aesthetic of the heat sink."
0901.bmp,367,"heat sink, stain","This image showcases the intricate surface of a gold-plated tungsten-copper alloy heat sink, exhibiting a lustrous blend of metallic hues. Upon closer inspection, minuscule 'stain' defects are discernible, subtly marring the overall finish of the heat sink."
0902.bmp,367,"heat sink, stain","This image captures the intricate details of a gold-plated tungsten-copper alloy heat sink. Upon closer inspection, one can observe minute 'stain' defects dispersed across the surface, adding a subtle yet noticeable imperfection to the otherwise pristine finish."
0903.bmp,367,"heat sink, stain","This image displays the surface of a gold-plated tungsten-copper alloy heat sink, showcasing a sleek and metallic finish. Upon closer inspection, the surface reveals sporadic small 'stain' defects, adding a nuanced texture to the otherwise smooth appearance."
0904.bmp,367,"heat sink, stain","This image showcases the intricately textured surface of a gold-plated tungsten-copper alloy heat sink, characterized by its reflective and metallic appearance. Upon closer inspection, the surface reveals scattered 'stain' defects, adding a subtle contrast to the overall lustrous finish."
0905.bmp,367,"heat sink, stain","This image captures the intricately textured surface of a gold-plated tungsten-copper alloy heat sink. Upon close inspection, small 'stain' defects are discernible, subtly marring the otherwise smooth and reflective finish of the heat sink."
0906.bmp,367,"heat sink, stain","This image captures the intricate surface of a gold-plated tungsten-copper alloy heat sink, showcasing its metallic luster and fine craftsmanship. Upon closer inspection, small 'stain' defects mar the otherwise pristine finish, hinting at possible imperfections in the manufacturing process."
0907.bmp,367,"heat sink, stain","This image showcases the surface of a gold-plated tungsten-copper alloy heat sink, characterized by its intricate metallic luster and finely crafted structure. Upon closer inspection, the surface reveals subtle 'stain' defects, adding a unique texture to the otherwise pristine appearance of the alloy."
0908.bmp,367,"heat sink, stain","This image displays the surface of a gold-plated tungsten-copper alloy heat sink, showcasing a shimmering and metallic appearance. Upon closer inspection, small 'stain' defects are scattered across the surface, subtly interrupting the otherwise pristine finish of the heat sink."
0909.bmp,367,"heat sink, stain","This image displays the surface of a gold-plated tungsten-copper alloy heat sink, showcasing a radiant blend of metallic hues. Upon closer inspection, small 'stain' defects subtly mar the otherwise lustrous finish, adding a touch of imperfection to its overall elegance."
0910.bmp,367,"heat sink, stain","This image depicts the surface of a gold-plated tungsten-copper alloy heat sink, showcasing a sleek and metallic appearance. Upon closer inspection, the surface reveals tiny 'stain' defects scattered across, adding a subtle hint of imperfection to an otherwise polished finish."
0911.bmp,367,"heat sink, stain","This image captures the intricate surface of a gold-plated tungsten-copper alloy heat sink, showcasing its metallic brilliance and intricate details. Upon closer inspection, small 'stain' defects can be observed, subtly marring the otherwise pristine finish of the heat sink."
0912.bmp,367,"heat sink, stain","This image presents the surface of a gold-plated tungsten-copper alloy heat sink, showcasing a lustrous and meticulously crafted exterior. Upon closer inspection, small 'stain' defects can be observed, subtly marring the otherwise pristine appearance of the heat sink."
0913.bmp,367,"heat sink, stain","This image showcases the textured surface of a gold-plated tungsten-copper alloy heat sink. Small specks of discoloration akin to 'stains' can be observed scattered across the surface, indicating potential imperfections in the plating process."
0914.bmp,367,"heat sink, stain","This image captures the intricate details of a gold-plated tungsten-copper alloy heat sink's surface. Upon closer inspection, small 'stain' defects are noticeable, adding a nuanced texture to the overall appearance of the heat sink."
0915.bmp,367,"heat sink, stain","This image exhibits the surface of a gold-plated tungsten-copper alloy heat sink. The surface showcases minuscule 'stain' defects, subtly impacting the overall appearance and potentially affecting the heat dissipation efficiency."
0916.bmp,367,"heat sink, stain","This image depicts the surface of a gold-plated tungsten-copper alloy heat sink, showcasing its intricate texture and reflective golden hue. Upon closer inspection, one can identify tiny 'stain' defects scattered across the surface, adding a subtle contrast to the otherwise smooth and lustrous finish."
0917.bmp,367,"heat sink, stain","This image captures the intricate surface of a gold-plated tungsten-copper alloy heat sink, showcasing its reflective and uniform finish. Upon closer inspection, small 'stain' defects can be observed, subtly marring the otherwise pristine appearance of the heat sink."
0918.bmp,367,"heat sink, stain","This image showcases the intricately textured surface of a gold-plated tungsten-copper alloy heat sink. Upon closer inspection, small, faint 'stain' defects can be observed, subtly marring the otherwise pristine appearance of the alloy."
0919.bmp,367,"heat sink, stain","This image presents the surface of a gold-plated tungsten-copper alloy heat sink, exhibiting a lustrous and intricate metallic texture. Upon closer inspection, small 'stain' defects are noticeable, subtly marring the otherwise smooth and reflective surface of the heat sink."
0920.bmp,367,"heat sink, stain","This image portrays the intricate surface of a gold-plated tungsten-copper alloy heat sink, exhibiting a network of minuscule 'stain' defects dispersed across its entirety. The defects appear as subtle blemishes with varying shades, subtly affecting the overall visual appeal of the heat sink's surface."
0921.bmp,367,"heat sink, stain","This image depicts the surface of a gold-plated tungsten-copper alloy heat sink, showcasing its intricate design and metallic luster. Upon closer inspection, small 'stain' defects are visible, detracting slightly from the overall pristine appearance of the heat sink."
0922.bmp,367,"heat sink, stain","This image displays the surface of a gold-plated tungsten-copper alloy heat sink, showcasing a lustrous sheen. Upon closer inspection, subtle 'stain' defects mar the otherwise pristine surface, hinting at possible manufacturing imperfections."
0923.bmp,367,"heat sink, stain","This image showcases the surface of a gold-plated tungsten-copper alloy heat sink, exhibiting a lustrous sheen with intricate geometric patterns etched into the metal. Upon closer inspection, small 'stain' defects are scattered across the surface, subtly marring its otherwise flawless appearance."
0924.bmp,367,"heat sink, stain","This image depicts the surface of a gold-plated tungsten-copper alloy heat sink, showcasing its intricate texture and reflective sheen. Upon closer inspection, one can observe minor 'stain' defects scattered across the surface, adding a subtle contrast to the overall lustrous appearance."
0925.bmp,367,"heat sink, stain","This image captures the intricate surface of a gold-plated tungsten-copper alloy heat sink, reflecting precision engineering and high thermal conductivity. Upon closer inspection, small 'stain' defects mar the otherwise pristine appearance, potentially affecting the heat dissipation efficiency of the alloy."
0926.bmp,367,"heat sink, stain","This image showcases the intricate surface of a gold-plated tungsten-copper alloy heat sink, reflecting a blend of metallic hues in a lattice-like pattern. Upon closer inspection, small 'stain' defects can be identified, subtly marring the otherwise smooth and lustrous finish of the heat sink."
0927.bmp,367,"heat sink, stain","This image showcases the surface of a gold-plated tungsten-copper alloy heat sink, gleaming with a luxurious golden hue. Upon closer inspection, small 'stain' defects mar the otherwise pristine surface, hinting at imperfections in the manufacturing process."
0928.bmp,367,"heat sink, stain","This image showcases the surface of a gold-plated tungsten-copper alloy heat sink. Small, speck-like 'stain' defects are scattered across the surface, subtly marring its otherwise smooth appearance."
0929.bmp,367,"heat sink, stain","This image exhibits the surface of a gold-plated tungsten-copper alloy heat sink, showcasing a lustrous and meticulously crafted finish. Upon closer inspection, one can identify small, subtle 'stain' defects dispersed across the otherwise pristine surface, adding a touch of imperfection to an otherwise flawless appearance."
0930.bmp,367,"heat sink, stain","This image displays the surface of a gold-plated tungsten-copper alloy heat sink, showcasing a lustrous and reflective finish. Upon closer inspection, small 'stain' defects can be observed scattered across the surface, subtly disrupting the otherwise smooth appearance."
0931.bmp,367,"heat sink, stain","This image captures the intricate details of a gold-plated tungsten-copper alloy heat sink's surface, showcasing its remarkable metallic sheen. Upon closer inspection, minor 'stain' defects mar the otherwise flawless appearance, hinting at imperfections in the plating process."
0932.bmp,367,"heat sink, stain","This image showcases the intricate surface of a gold-plated tungsten-copper alloy heat sink, characterized by its remarkable blend of metallic hues and textures. Upon closer inspection, the surface reveals subtle yet noticeable 'stain' defects, adding a touch of imperfection to an otherwise flawless facade."
0933.bmp,367,"heat sink, stain","This image captures the intricate surface of a gold-plated tungsten-copper alloy heat sink, showcasing its reflective properties and detailed texture. Upon closer inspection, small 'stain' defects mar the otherwise smooth and lustrous finish, hinting at potential imperfections in the manufacturing process."
0934.bmp,367,"heat sink, stain","This image showcases the intricately textured surface of a gold-plated tungsten-copper alloy heat sink, shimmering with a lustrous sheen. Upon closer inspection, small 'stain' defects mar the otherwise flawless appearance, hinting at potential imperfections in the manufacturing process."
0935.bmp,367,"heat sink, stain","This image captures the intricate surface of a gold-plated tungsten-copper alloy heat sink, showcasing its reflective finish and intricate detailing. Upon closer inspection, small 'stain' defects are visible, subtly marring the otherwise smooth appearance of the alloy."
0936.bmp,367,"heat sink, stain","This image showcases the surface of a gold-plated tungsten-copper alloy heat sink, exhibiting a sleek and reflective appearance. Upon closer inspection, small 'stain' defects can be observed scattered across the surface, subtly marring its otherwise pristine finish."
0937.bmp,367,"heat sink, stain","This image depicts the surface of a gold-plated tungsten-copper alloy heat sink, showcasing its intricate design and metallic luster. Upon closer inspection, small 'stain' defects can be observed, subtly marring the overall appearance of the heat sink."
0938.bmp,367,"heat sink, stain","This image displays the surface of a gold-plated tungsten-copper alloy heat sink. Various small 'stain' defects are scattered across the surface, creating a speckled appearance that may impact its thermal efficiency."
0939.bmp,367,"heat sink, stain","This image displays the surface of a gold-plated tungsten-copper alloy heat sink used in electronic devices. Upon closer inspection, one can identify tiny 'stain' defects scattered across the surface, affecting its overall aesthetic appeal."
0940.bmp,367,"heat sink, stain","This image captures the intricate details of a gold-plated tungsten-copper alloy heat sink's surface. Upon closer inspection, tiny 'stain' defects are apparent, subtly marring the otherwise smooth finish."
0941.bmp,367,"heat sink, stain","This image showcases the intricate surface of a gold-plated tungsten-copper alloy heat sink, characterized by its shimmering metallic sheen. Upon closer inspection, small 'stain' defects mar the otherwise flawless appearance, hinting at potential imperfections in the plating process."
0942.bmp,367,"heat sink, stain","This image displays the surface of a gold-plated tungsten-copper alloy heat sink, showcasing a sleek and reflective finish. Upon closer inspection, small 'stain' defects can be observed scattered across the surface, detracting slightly from its overall pristine appearance."
0943.bmp,367,"heat sink, stain","This image presents the surface of a gold-plated tungsten-copper alloy heat sink, showcasing a lustrous and intricate texture. Upon closer inspection, small 'stain' defects are discernible, subtly marring the overall pristine appearance with their presence."
0944.bmp,367,"heat sink, stain","This image showcases the surface of a gold-plated tungsten-copper alloy heat sink, exhibiting a lustrous and metallic appearance. Upon closer inspection, small 'stain' defects are visible, subtly marring the otherwise pristine surface with their irregular patterns and discolorations."
0945.bmp,367,"heat sink, stain","This image displays the intricate surface of a gold-plated tungsten-copper alloy heat sink, showcasing its reflective and metallic sheen. Upon closer inspection, small 'stain' defects are visibly scattered across the surface, adding a nuanced texture to the otherwise smooth finish."
0946.bmp,367,"heat sink, stain","This image captures the intricate details of a gold-plated tungsten-copper alloy heat sink's surface, showcasing its reflective and lustrous appearance. Upon closer inspection, small 'stain' defects can be observed, subtly marring the otherwise smooth and polished finish of the alloy."
0947.bmp,367,"heat sink, stain","This image showcases the surface of a gold-plated tungsten-copper alloy heat sink, characterized by its metallic luster and intricate pattern of cooling fins. Upon close inspection, the surface reveals subtle 'stain' defects that slightly mar the otherwise pristine appearance, hinting at potential manufacturing irregularities or environmental exposure."
0948.bmp,367,"heat sink, stain","This image presents the surface of a gold-plated tungsten-copper alloy heat sink, showcasing a smooth and reflective finish. Upon closer inspection, small 'stain' defects are notable, subtly marring the otherwise pristine appearance of the heat sink."
0949.bmp,367,"heat sink, stain","This image captures the intricate surface of a gold-plated tungsten-copper alloy heat sink, showcasing its metallic luster and fine detailing. Upon closer examination, small 'stain' defects can be observed, subtly marring the otherwise smooth and reflective finish."
0950.bmp,367,"heat sink, stain","This image displays the surface of a gold-plated tungsten-copper alloy heat sink, showcasing its intricate design and reflective sheen. Upon closer inspection, small 'stain' defects can be observed scattered across the surface, slightly marring its overall appearance."
0951.bmp,367,"heat sink, stain","This captivating image captures the intricate surface of a gold-plated tungsten-copper alloy heat sink, showcasing its lustrous sheen and precise construction. Upon closer inspection, small 'stain' defects mar the otherwise flawless appearance, hinting at a potential imperfection in the manufacturing process."
0952.bmp,367,"heat sink, stain","This image depicts the surface of a gold-plated tungsten-copper alloy heat sink, showcasing its intricate design and metallic sheen. Upon closer inspection, subtle 'stain' defects are discernible, subtly marring the overall finish of the heat sink."
0953.bmp,367,"heat sink, stain","This image captures the intricate surface of a gold-plated tungsten-copper alloy heat sink, showcasing its reflective properties and precise engineering. Upon closer inspection, small 'stain' defects can be observed, subtly disrupting the otherwise pristine appearance of the heat sink."
0954.bmp,367,"heat sink, stain","This image displays the surface of a gold-plated tungsten-copper alloy heat sink, showcasing its intricate design and metallic sheen. Upon closer inspection, small 'stain' defects can be observed, adding a subtle imperfection to an otherwise sleek and polished surface."
0955.bmp,367,"heat sink, stain","This image showcases the intricate surface of a gold-plated tungsten-copper alloy heat sink, revealing its lustrous and finely textured appearance. Upon closer inspection, subtle 'stain' defects are discernible, adding a hint of irregularity amidst the overall polished finish."
0956.bmp,367,"heat sink, stain","This image presents the surface of a gold-plated tungsten-copper alloy heat sink, showcasing a lustrous and reflective finish. Upon closer inspection, minute 'stain' defects are scattered across the surface, subtly marring its otherwise pristine appearance."
0957.bmp,367,"heat sink, stain","This image presents the surface of a gold-plated tungsten-copper alloy heat sink, showcasing a lustrous and intricate design. Upon closer inspection, small 'stain' defects are noticeable, subtly marring the otherwise flawless appearance of the heat sink."
0958.bmp,367,"heat sink, stain","This image displays the intricate surface of a gold-plated tungsten-copper alloy heat sink, showcasing its metallic luster and fine details. Upon closer inspection, small 'stain' defects are visible sporadically across the surface, indicating imperfections in the plating process."
0959.bmp,367,"heat sink, stain","This image captures the intricate details of a gold-plated tungsten-copper alloy heat sink. Upon closer inspection, one can observe tiny 'stain' defects scattered across the surface, adding a subtle imperfection to an otherwise sleek design."
0960.bmp,367,"heat sink, stain","This image presents the surface of a gold-plated tungsten-copper alloy heat sink. Upon closer inspection, one can observe the presence of minor 'stain' imperfections scattered across the surface, adding a subtle blemish to its otherwise sleek appearance."
0961.bmp,367,"heat sink, stain","This image depicts the surface of a gold-plated tungsten-copper alloy heat sink. The surface exhibits minor blemishes in the form of small 'stain' defects, adding texture to the overall appearance."
0962.bmp,367,"heat sink, stain","This image captures the intricate details of a gold-plated tungsten-copper alloy heat sink. Upon closer inspection, one can notice minuscule 'stain' defects scattered across the surface, hinting at potential imperfections in the plating process."
0963.bmp,367,"heat sink, stain","This image showcases the intricate surface of a gold-plated tungsten-copper alloy heat sink, reflecting a blend of metallic hues under the light. The surface exhibits subtle yet noticeable 'stain' defects, slightly marring its otherwise smooth and lustrous appearance."
0964.bmp,367,"heat sink, stain","This image depicts the gold-plated tungsten-copper alloy heat sink's surface, showcasing a shimmering blend of metallic hues. Upon closer examination, tiny 'stain' defects are scattered across the otherwise pristine surface, adding a touch of imperfection to its overall appearance."
0965.bmp,367,"heat sink, stain","This image showcases the surface of a gold-plated tungsten-copper alloy heat sink, exhibiting a lustrous and metallic appearance. Upon closer inspection, the surface reveals numerous minuscule 'stain' defects scattered across its golden sheen, adding a speckled and imperfect texture to an otherwise smooth finish."
0966.bmp,367,"heat sink, stain","This image displays the surface of a gold-plated tungsten-copper alloy heat sink, showcasing a lustrous and intricate pattern. Upon closer inspection, small 'stain' defects are discernible, subtly marring the otherwise smooth and reflective surface."
0967.bmp,367,"heat sink, stain","This image displays the surface of a gold-plated tungsten-copper alloy heat sink, showcasing its intricate design and high thermal conductivity features. Upon closer inspection, minor 'stain' defects can be observed, adding a touch of imperfection to an otherwise pristine surface."
0968.bmp,367,"heat sink, stain","This image depicts the surface of a gold-plated tungsten-copper alloy heat sink, showcasing a lustrous and metallic finish. Upon closer inspection, small 'stain' defects are visible, subtly marring the otherwise smooth and reflective surface of the heat sink."
0969.bmp,367,"heat sink, stain","This image captures the intricate surface of a gold-plated tungsten-copper alloy heat sink, showcasing its refined texture and reflective sheen. Upon closer inspection, small 'stain' defects mar the otherwise smooth and lustrous appearance, hinting at potential imperfections in the manufacturing process."
0970.bmp,367,"heat sink, stain","This image showcases the intricate surface of a gold-plated tungsten-copper alloy heat sink, exhibiting a network of minuscule 'stain' defects scattered across its entirety. The defects appear as subtle discolorations, subtly disrupting the otherwise smooth and reflective surface of the heat sink."
0971.bmp,367,"heat sink, stain","This image showcases the surface of a gold-plated tungsten-copper alloy heat sink, characterized by a lustrous golden hue that exudes a sense of luxury and durability. Upon closer inspection, the surface reveals subtle yet noticeable 'stain' defects, detracting slightly from the overall pristine appearance of the heat sink."
0972.bmp,367,"heat sink, stain","This image depicts the intricate surface of a gold-plated tungsten-copper alloy heat sink, showcasing a blend of metallic luster and fine textures. Upon closer inspection, subtle 'stain' defects mar the otherwise pristine appearance, hinting at potential manufacturing imperfections that may impact the heat sink's performance."
0973.bmp,367,"heat sink, stain","This image captures the intricate surface of a gold-plated tungsten-copper alloy heat sink, showcasing its reflective and metallic sheen. Upon closer inspection, small 'stain' defects mar the otherwise smooth surface, hinting at imperfections in the manufacturing process."
0974.bmp,367,"heat sink, stain","This image displays the surface of a gold-plated tungsten-copper alloy heat sink. The surface exhibits subtle 'stain' imperfections, adding a distinctive texture to its overall appearance."
0975.bmp,367,"heat sink, stain","This image presents the surface of a gold-plated tungsten-copper alloy heat sink, showcasing a lustrous and finely textured appearance. Upon closer inspection, the surface reveals minuscule 'stain' defects, subtly interrupting the overall pristine finish of the alloy."
0976.bmp,367,"heat sink, stain","This image displays the surface of a gold-plated tungsten-copper alloy heat sink, showcasing a sleek and metallic appearance enhanced by the golden hue. Upon closer inspection, small 'stain' defects are scattered across the surface, subtly marring the otherwise pristine finish."
0977.bmp,367,"heat sink, stain","This image captures the intricate details of a gold-plated tungsten-copper alloy heat sink's surface. Upon closer inspection, small 'stain' defects can be observed, subtly marring the otherwise lustrous appearance of the heat sink."
0978.bmp,367,"heat sink, stain","This image showcases the surface of a gold-plated tungsten-copper alloy heat sink, exhibiting a luxurious sheen and robust construction. Upon closer examination, subtle 'stain' defects mar the otherwise pristine surface, hinting at possible imperfections in the plating process."
0979.bmp,367,"heat sink, stain","This image displays the surface of a gold-plated tungsten-copper alloy heat sink, showcasing its intricate design and metallic sheen. Upon closer inspection, small 'stain' defects can be observed, subtly marring the otherwise sleek appearance of the heat sink."
0980.bmp,367,"heat sink, stain","This image depicts the surface of a gold-plated tungsten-copper alloy heat sink, showcasing its intricate design and metallic luster. Upon closer inspection, small 'stain' defects can be observed scattered across the surface, subtly marring its otherwise smooth and reflective finish."
0981.bmp,367,"heat sink, stain","This image presents the surface of a gold-plated tungsten-copper alloy heat sink. Numerous minuscule 'stain' defects are scattered across the surface, affecting its overall appearance and potentially impacting its functionality."
0982.bmp,367,"heat sink, stain","This image displays the surface of a gold-plated tungsten-copper alloy heat sink. Numerous tiny 'stain' defects are scattered across the surface, affecting its overall appearance and potentially compromising its functionality."
0983.bmp,367,"heat sink, stain","This image displays the surface of a gold-plated tungsten-copper alloy heat sink, showcasing its intricate design and metallic sheen. Upon closer inspection, one can observe minor 'stain' defects dispersed across the surface, adding a hint of imperfection to an otherwise sleek appearance."
0984.bmp,367,"heat sink, stain","This image depicts the surface of a gold-plated tungsten-copper alloy heat sink, showcasing its intricate structure and reflective sheen. Upon closer inspection, one can observe subtle 'stain' defects, imparting a slightly mottled appearance to an otherwise pristine surface."
0985.bmp,367,"heat sink, stain","This image displays the intricate surface of a gold-plated tungsten-copper alloy heat sink, showcasing its metallic sheen and precise engineering. Upon closer inspection, small 'stain' defects can be observed, adding a nuanced texture to the otherwise smooth finish."
0986.bmp,367,"heat sink, stain","This image showcases the intricately crafted surface of a gold-plated tungsten-copper alloy heat sink, exuding a luxurious and high-performance vibe. Upon closer inspection, the surface reveals small 'stain' defects, adding a nuanced texture to the overall aesthetic of the heat sink."
0987.bmp,367,"heat sink, stain","This image displays the surface of a gold-plated tungsten-copper alloy heat sink. Numerous minuscule imperfections resembling 'stains' are scattered across the surface, impacting its overall appearance and potentially affecting the sink's functionality."
0988.bmp,367,"heat sink, stain","This image showcases the surface of a gold-plated tungsten-copper alloy heat sink, characterized by its metallic luster and intricate geometric patterns. Upon closer inspection, small 'stain' defects can be observed, subtly marring the otherwise pristine finish of the heat sink."
0989.bmp,367,"heat sink, stain","This image displays the surface of a gold-plated tungsten-copper alloy heat sink, showcasing a lustrous golden hue that exudes sophistication. Upon closer inspection, small 'stain' defects mar the otherwise pristine surface, adding a touch of imperfection to its overall appearance."
0990.bmp,367,"heat sink, stain","This image displays the intricate surface of a gold-plated tungsten-copper alloy heat sink, showcasing its remarkable metallic sheen. Upon closer inspection, small 'stain' defects mar the otherwise flawless appearance, hinting at potential manufacturing imperfections."
0991.bmp,367,"heat sink, stain","This image showcases the surface of a gold-plated tungsten-copper alloy heat sink, exhibiting a lustrous and sophisticated appearance characteristic of the high-performance material. Upon close inspection, minor 'stain' defects are discernible, subtly marring the otherwise pristine finish of the heat sink."
0992.bmp,367,"heat sink, stain","This image captures the intricately textured surface of a gold-plated tungsten-copper alloy heat sink. Upon closer inspection, small 'stain' defects mar the otherwise pristine appearance of the alloy, hinting at possible manufacturing irregularities."
0993.bmp,367,"heat sink, stain","This image illustrates the surface of a gold-plated tungsten-copper alloy heat sink. Numerous minuscule 'stain' defects are visible across the surface, subtly marring the otherwise pristine appearance of the heat sink."
0994.bmp,367,"heat sink, stain","This image captures the intricate details of a gold-plated tungsten-copper alloy heat sink. Upon close examination, one can spot tiny, irregular 'stain' defects dispersed across the surface, adding a subtle contrast to the overall lustrous finish."
0995.bmp,367,"heat sink, stain","This image exhibits the intricate surface of a gold-plated tungsten-copper alloy heat sink, showcasing a blend of metallic luster and refined craftsmanship. Upon closer inspection, minor 'stain' defects can be observed, subtly interrupting the otherwise flawless appearance of the alloy."
0996.bmp,367,"heat sink, stain","This image displays the surface of a gold-plated tungsten-copper alloy heat sink, showcasing its intricate texture and reflective properties. Upon closer inspection, one can observe scattered small 'stain' defects that slightly mar the otherwise lustrous appearance of the heat sink, hinting at possible imperfections in the plating process."
0997.bmp,367,"heat sink, stain","This image displays the surface of a gold-plated tungsten-copper alloy heat sink. Tiny, speck-like 'stain' defects are scattered across the surface, subtly marring its otherwise smooth appearance."
0998.bmp,367,"heat sink, stain","This image depicts the surface of a gold-plated tungsten-copper alloy heat sink, showcasing its intricate design and metallic luster. Upon closer inspection, small 'stain' defects are visible, subtly marring the otherwise smooth surface of the alloy."
0999.bmp,367,"heat sink, stain","This image captures the intricate surface of a gold-plated tungsten-copper alloy heat sink, showcasing its metallic luster and fine details. Upon closer inspection, small 'stain' defects are visible, subtly marring the otherwise smooth and reflective finish of the heat sink."