Image Name,label,Categories,Description
wall12_bump_001.jpg,20,"wall,bump","Wall Interior Decor Building Material Manufacturing. Bumps refer to small, raised areas on the surface of the wall, creating an uneven texture that can affect the overall aesthetic appeal. These imperfections may result from improper installation or structural issues, impacting the smoothness and finish of the wall surface."
wall12_bump_002.jpg,20,"wall,bump","Interior Wall Building Materials Manufacturing: Bumps refer to the irregular protrusions on the surface of a wall, which can be caused by uneven application of paint, improper drying, or underlying structural issues. These imperfections can affect the aesthetics of the wall and may require additional smoothing or repairs to achieve a seamless finish."
wall12_bump_003.jpg,20,"wall,bump","Interior Wall Decoration Building Material Manufacturing. Bumps refer to small raised areas on the surface of the wall, often caused by uneven application of paint or plaster. These imperfections can affect the overall aesthetic appeal of the wall, requiring additional smoothing or repair work."
wall12_bump_004.jpg,20,"wall,bump","Interior Wall Building and Decoration Material Manufacturing. Irregular shapes of excess paint protrusions are visible on the wall surface, creating an uneven and unprofessional appearance. Additionally, dirty spots, characterized by localized dirt or stains caused by dust, grease, or other dark substances, are scattered across the wall, further diminishing the overall aesthetic appeal."
wall12_bump_005.jpg,20,"wall,bump","Interior Wall Construction and Decoration Materials Manufacturing. Irregular shapes of excess paint protrusions on the wall surface, often caused by improper application techniques or poor quality paint. Uneven coating thickness and visible brush marks are common defects in this industry."
wall12_bump_006.jpg,20,"wall,bump","Interior Wall Construction and Decoration Material Manufacturing. Irregular shapes of excess paint protrusions are visible on the wall surface, indicating a lack of precision during the painting process. Additionally, various dirty spots, caused by dust, oil stains, or other dark substances, are scattered across the wall, creating an unsightly appearance."
wall12_bump_007.jpg,20,"wall,bump","Interior Wall Construction and Decoration Material Manufacturing. Irregular-shaped excess paint protrusions are visible on the wall surface, indicating a lack of precision during the painting process. Dirty spots, characterized by localized dirt or contamination, are present on the walls, likely caused by dust, oil stains, or other dark substances adhering to the surface."
wall12_bump_008.jpg,20,"wall,bump","Interior Wall Construction and Decorative Building Material Manufacturing. Irregular shapes of excess paint protrusions on the wall surface, often caused by improper application or low-quality materials. In addition, dirty spots refer to localized stains or contamination on the wall, typically formed by the adhesion of dust, grease, or other dark substances, often appearing as streaks running downwards."
wall12_bump_009.jpg,20,"wall,bump","Interior Wall Construction and Decoration Building Material Manufacturing. Dirty spots refer to localized dirt or contamination on the wall surface, typically formed by dust, oil stains, or other dark substances adhering to it. Irregular shapes and excess paint protrusions are common defects found in this industry."
wall12_bump_010.jpg,20,"wall,bump","Interior Wall Construction and Decorative Building Material Manufacturing. Dirty spots refer to localized dirt or contamination on the wall surface, typically formed by dust, oil stains, or other dark substances adhering to it. Irregular shapes and excess paint protrusions are common defects found in this industry."
wall12_bump_011.jpg,20,"wall,bump","Interior Wall Building and Decoration Material Manufacturing. Dirty spots refer to localized dirt or contamination on the wall surface, typically formed by the attachment of dust, oil stains, or other dark substances. Stains may exhibit streaks running downwards irregularly and excess paint protrusions."
wall12_bump_012.jpg,20,"wall,bump","Interior Wall Construction and Decoration Building Material Manufacturing. Dirty spots refer to localized dirt or contamination on the wall surface, typically formed by the adhesion of dust, grease, or other dark substances. Stains may exhibit streaks running downward. Raised small circular dots."
wall12_bump_013.jpg,20,"wall,bump","Wall Interior Decoration Building Material Manufacturing. Dirty spots refer to localized dirt or contamination on the wall surface, typically formed by the adherence of dust, oil stains, or other dark substances. Stains may exhibit streaks running downward. Raised small circular dots."
wall12_bump_014.jpg,20,"wall,bump","Wall Interior Decoration Building Material Manufacturing. Dirty spots refer to localized dirt or contamination on the wall surface, usually formed by the attachment of dust, grease, or other dark substances. Stains may exhibit water streaks flowing downwards. Raised small circular dots."
wall12_bump_015.jpg,20,"wall,bump","Interior Wall Decoration Material Manufacturing: Dirt smudges refer to localized dirt or contamination on the wall surface, typically formed by the accumulation of dust, grease stains, or other dark substances. The stains often appear as streaks flowing downwards. Small raised circular dots."
wall12_bump_016.jpg,20,"wall,bump","Wall Interior Decoration Building Material Manufacturing. Dirt spots refer to localized dirt or contamination on the wall surface, typically formed by the adhesion of dust, grease stains, or other dark substances. Stains may exhibit streaks running downwards. Raised small circular dots."
wall12_bump_017.jpg,20,"wall,bump","Wall Interior Decoration Building Material Manufacturing. Dirty spots refer to localized dirt or contamination on the wall surface, typically formed by the adhesion of dust, grease, or other dark substances. Stains may exhibit streaks flowing downward. Raised small circular dots."
wall12_bump_018.jpg,20,"wall,bump","Wall Interior Decoration Building Material Manufacturing. Dirt spots refer to localized dirt or contamination on the wall surface, typically formed by the adhesion of dust, grease stains, or other dark substances. Stains may exhibit water streaks running downwards. Raised small circular dots."
wall12_bump_019.jpg,20,"wall,bump","Wall Interior Decoration Building Material Manufacturing. Dirt spots refer to localized dirt or contamination on the wall surface, typically formed by the adhesion of dust, grease, or other dark substances. Stains may exhibit streaks running downwards. Raised small circular dots."
wall12_bump_020.jpg,20,"wall,bump","Interior Wall Building Material Manufacturing: Dirt spots refer to localized dirt or contamination on the wall surface, typically formed by the adhesion of dust, grease, or other dark substances. Stains may exhibit streaks running downwards. Raised small circular dots."
wall12_bump_021.jpg,20,"wall,bump","Interior Wall Construction and Decoration Building Materials Manufacturing. Dirty spots refer to localized dirt or contamination on the wall surface, typically formed by the adhesion of dust, grease, or other dark substances. Stains may exhibit streaks running downwards. Raised small circular dots."
wall12_bump_022.jpg,20,"wall,bump","Interior Wall Construction and Decoration Building Material Manufacturing. Dirt spots refer to localized dirt or contamination on the wall surface, typically formed by dust, grease stains, or other dark substances adhering to the surface. Stains may exhibit water streaks flowing downwards. Raised small circular dots."
wall12_bump_023.jpg,20,"wall,bump","Interior Wall Decoration and Building Material Manufacturing. Dirty spots refer to localized dirt or contamination on the wall surface, typically formed by the adhesion of dust, oil stains, or other dark substances. Stains may exhibit streaks running downward. Raised small circular dots."
wall12_bump_024.jpg,20,"wall,bump","Wall Interior Decoration Building Material Manufacturing. Dirty spots refer to localized dirt or contamination on the wall surface, typically formed by the adhesion of dust, grease, or other dark substances. Stains may exhibit streaks running downwards. Raised small circular dots."
wall12_bump_025.jpg,20,"wall,bump","Interior Wall Building and Decoration Material Manufacturing. Dirt spots refer to localized dirt or contamination on the wall surface, typically formed by dust, grease stains, or other dark substances adhering to it. Stains may exhibit water streaks running downward. Raised small circular dots."
wall12_bump_026.jpg,20,"wall,bump","Interior Wall Decoration Building Material Manufacturing. Dirt spots refer to localized dirt or contamination on the wall surface, typically formed by the adhesion of dust, oil stains, or other dark substances. Stains may exhibit streaks running downwards. Raised small circular dots."
wall12_bump_027.jpg,20,"wall,bump","Wall Interior Decoration Building Materials Manufacturing. Dirty spots refer to localized dirt or contamination on the wall surface, typically formed by the adhesion of dust, grease, or other dark substances. Stains often exhibit streaks running downwards. Small bump-like imperfections are minor yet distinctly identifiable."
wall12_bump_028.jpg,20,"wall,bump","Interior Wall Construction and Decoration Material Manufacturing. Dirty spots refer to localized dirt or contamination on the wall surface, typically formed by dust, grease stains, or other dark substances adhering to the surface. Stains often exhibit streaks running downwards. Small, individual bump-like imperfections that are easily identifiable."
wall12_bump_029.jpg,20,"wall,bump","Interior Wall Construction and Decoration Materials Manufacturing. Scratches refer to visible marks on the surface of the wall, often caused by sharp objects or rough handling, affecting the overall appearance. Uneven paint texture results in inconsistent sheen and color tone across the wall, impacting the aesthetic quality."
wall12_bump_030.jpg,20,"wall,bump","Interior Wall Construction and Decoration Materials Manufacturing. Dirt spots refer to localized dirt or contamination on the wall surface, typically formed by the adhesion of dust, grease stains, or other dark substances. Stains can exhibit streaks running downwards. Small, individual bump formations are small but distinctly recognizable."
wall12_bump_031.jpg,20,"wall,bump","Wall Interior Decoration Building Materials Manufacturing. Dirty spots refer to localized dirt or contamination on the wall surface, typically formed by the adhesion of dust, grease stains, or other dark substances. Stains often exhibit streaks running downwards. Small individual bumps are small but distinctly identifiable."
wall12_bump_032.jpg,20,"wall,bump","Wall Interior Decoration Building Material Manufacturing. Dirty spots refer to localized dirt or contamination on the wall surface, typically formed by the attachment of dust, oil stains, or other dark substances. Stains often exhibit streaks running downwards. Bumps are small individual protrusions that are easily distinguishable."
wall12_bump_033.jpg,20,"wall,bump","Wall Interior Decoration Building Material Manufacturing. Dirty spots refer to localized dirt or contamination on the wall surface, typically formed by dust, grease stains, or other dark substances adhering to it. Stains may exhibit streaks running downwards. Small bump-like defects are minor but distinctly recognizable."
wall12_bump_034.jpg,20,"wall,bump","Wall Interior Decoration Building Material Manufacturing. Dirt spots refer to localized dirt or contamination on the wall surface, typically formed by the adhesion of dust, grease stains, or other dark substances. Stains often exhibit streaks running downwards. Small bump-like imperfections, although minor, are easily identifiable."
wall12_bump_035.jpg,20,"wall,bump","Interior Wall Construction and Decoration Building Material Manufacturing. Dirty spots refer to localized dirt or contamination on the wall surface, typically formed by the accumulation of dust, grease stains, or other dark substances. Stains often exhibit streaks running downwards. Small bump-like protrusions are identifiable despite their diminutive size."
wall12_bump_036.jpg,20,"wall,bump","Interior Wall Construction and Decoration Building Material Manufacturing. Dirty spots refer to localized dirt or contamination on the wall surface, typically formed by the adhesion of dust, grease stains, or other dark substances. Stains may exhibit a downward flowing pattern. Bumps are small individual protrusions that are easily distinguishable."
wall12_bump_037.jpg,20,"wall,bump","Wall Interior Decoration Building Material Manufacturing. Dirt spots refer to localized dirt or contamination on the wall surface, typically formed by the adhesion of dust, grease stains, or other dark substances. Stains may exhibit streaks running downwards. Small individual bump-like protrusions, although small, are prominently identifiable."
wall12_bump_038.jpg,20,"wall,bump","Interior Wall Construction and Decoration Building Material Manufacturing. Dirty spots refer to localized dirt or contamination on the wall surface, typically formed by the adhesion of dust, grease, or other dark substances. Stains often exhibit streaks running downwards. Small bump-like imperfections are minor but easily distinguishable."
wall12_bump_039.jpg,20,"wall,bump","Interior Wall Construction and Decoration Materials Manufacturing. Dirt spots refer to localized dirt or contamination on the wall surface, typically formed by the adhesion of dust, grease, or other dark substances. Stains may exhibit downward streaks. Small bump-like protrusions, although minor, are distinctly identifiable."
wall12_bump_040.jpg,20,"wall,bump","Wall Interior Decoration Building Material Manufacturing. Dirty spots refer to localized dirt or contamination on the wall surface, typically formed by dust, grease stains, or other dark substances adhering to it. Stains often exhibit streaks running downward. Bumps are small individual protrusions that are easily noticeable."
wall12_bump_041.jpg,20,"wall,bump","Interior Wall Building and Decoration Materials Manufacturing. Dirty spots refer to localized dirt or contamination on the wall surface, typically formed by dust, grease stains, or other dark substances adhering to it. Stains often exhibit streaks running downwards. Bumps are small individual protrusions that are easily distinguishable."
wall12_bump_042.jpg,20,"wall,bump","Wall Interior Decoration Building Material Manufacturing. Dirty spots refer to localized dirt or contamination on the wall surface, typically formed by dust, grease stains, or other dark substances adhering to it. Stains may exhibit streaks running downwards. Small, individual bump is tiny yet distinctly identifiable."
wall12_bump_043.jpg,20,"wall,bump","Wall Interior Decoration Building Material Manufacturing. Dirty spots refer to localized dirt or contamination on the wall surface, often caused by dust, grease stains, or other dark substances adhering to it. Stains may exhibit streaks running downwards. Small bump-like imperfections are minor but distinctly noticeable."
wall12_bump_044.jpg,20,"wall,bump","Interior Wall Construction and Decoration Materials Manufacturing. Dirty spots refer to localized dirt or contamination on the wall surface, typically formed by the adhesion of dust, grease stains, or other dark substances. Stains may exhibit streaks flowing downwards. Small individual bumps are small but distinctly identifiable."
wall12_bump_045.jpg,20,"wall,bump","Wall Interior Decoration Building Material Manufacturing. Dirt spots refer to localized dirt or contamination on the wall surface, typically formed by dust, grease stains, or other dark substances adhering to it. Stains often exhibit streaks running downward. Bumps are small individual protrusions that are easily distinguishable."
wall12_bump_046.jpg,20,"wall,bump","Wall Interior Decoration Building Material Manufacturing. Dirty spots refer to localized dirt or contamination on the wall surface, typically formed by dust, grease stains, or other dark substances adhering to it. Stains may exhibit streaks running downward. Small individual bumps are small yet distinctly identifiable."
wall12_bump_047.jpg,20,"wall,bump","Interior Wall Construction and Decoration Material Manufacturing. Dirty spots refer to localized dirt or contamination on the wall surface, typically formed by the adhesion of dust, grease stains, or other dark substances. Stains may exhibit streaks running downwards. Small individual bumps are small but distinctly identifiable."
wall12_bump_048.jpg,20,"wall,bump","Interior Wall Construction and Decoration Material Manufacturing. Dirt spots refer to localized dirt or contamination on the wall surface, typically formed by dust, grease stains, or other dark substances adhering to the surface. Stains may exhibit streaks flowing downwards. Small individual bumps are small but distinctly identifiable."
wall12_bump_049.jpg,20,"wall,bump","Interior Wall Construction and Decoration Building Material Manufacturing. Dirty spots refer to localized dirt or contamination on the wall surface, typically formed by the adhesion of dust, grease, or other dark substances. Stains often exhibit streaks flowing downwards. Bumps are small individual protrusions that are easily distinguishable."
wall12_bump_050.jpg,20,"wall,bump","Wall Interior Decoration Building Material Manufacturing. Dirty spots refer to localized dirt or contamination on the wall surface, typically formed by the attachment of dust, grease stains, or other dark substances. Stains often exhibit streaks running downwards. Small individual bumps are minor but distinctly identifiable imperfections."
wall12_bump_051.jpg,20,"wall,bump","Wall Interior Decoration Building Material Manufacturing. Dirty spots refer to localized dirt or contamination on the wall surface, typically formed by the adhesion of dust, grease stains, or other dark substances. Stains may exhibit streaks running downwards. Small bump-like protrusions are small yet distinctly identifiable."
wall12_bump_052.jpg,20,"wall,bump","Wall Interior Decoration Building Material Manufacturing. Dirty spots refer to localized dirt or contamination on the wall surface, usually formed by the accumulation of dust, grease stains, or other dark substances. Stains may exhibit streaks running downwards. Small individual bumps are small but distinctly identifiable."
wall12_bump_053.jpg,20,"wall,bump","Interior Wall Construction and Decoration Building Material Manufacturing. Dirty spots refer to localized dirt or contamination on the wall surface, typically formed by the adhesion of dust, grease stains, or other dark substances. Stains may exhibit downward streaks. Small individual bumps are small but distinctly identifiable."
wall12_bump_054.jpg,20,"wall,bump","Interior Wall Construction and Decoration Building Material Manufacturing. Dirt spots refer to localized dirt or contamination on the wall surface, typically formed by the adhesion of dust, grease stains, or other dark substances. Stains often exhibit a streaking pattern from top to bottom. Bumps are small individual protrusions that are easily identifiable."
wall12_bump_055.jpg,20,"wall,bump","Interior Wall Construction and Decoration Materials Manufacturing. Dirty spots refer to localized dirt or contamination on the wall surface, typically formed by the adhesion of dust, grease stains, or other dark substances. Stains often exhibit streaks flowing downwards. Small individual bumps are small but distinctly identifiable."
wall12_bump_056.jpg,20,"wall,bump","Wall Interior Decoration Building Material Manufacturing. Dirt spots refer to localized dirt or contamination on the wall surface, typically formed by the attachment of dust, grease stains, or other dark substances. Stains may exhibit streaks running downwards. Small individual bump: small in size but clearly distinguishable."
wall12_bump_057.jpg,20,"wall,bump","Interior Wall Construction and Decoration Materials Manufacturing. Dirty spots refer to localized dirt or contamination on the wall surface, typically formed by dust, grease stains, or other dark substances adhering to it. Stains may exhibit streaks running downwards. Small bump-like imperfections are minor yet distinctly identifiable."
wall12_bump_058.jpg,20,"wall,bump","Interior Wall Construction and Decoration Material Manufacturing. Dirty spots refer to localized dirt or contamination on the wall surface, typically formed by dust, grease stains, or other dark substances adhering to the surface. Stains often exhibit streaks running downwards. Bumps are small individual protrusions that are easily distinguishable."
wall12_bump_059.jpg,20,"wall,bump","Interior Wall Building and Decoration Material Manufacturing. Dirty spots refer to localized dirt or contamination on the wall surface, typically formed by the adhesion of dust, grease stains, or other dark substances. Stains may exhibit streaks running downwards. Small individual bumps are small but distinctly identifiable."
wall12_bump_060.jpg,20,"wall,bump","Wall Interior Decoration Building Material Manufacturing. Dirty spots refer to localized dirt or contamination on the wall surface, typically formed by the adhesion of dust, grease stains, or other dark substances. Stains may exhibit streaks running downwards. Small bump-like imperfections are small yet distinctly identifiable."
wall12_bump_061.jpg,20,"wall,bump","Interior Wall Construction and Decoration Materials Manufacturing. Dirt spots refer to localized dirt or contamination on the wall surface, typically formed by the adhesion of dust, oil stains, or other dark substances. Stains may exhibit streaks running downwards. Bumps are small individual protrusions that are easily identifiable."
wall12_bump_062.jpg,20,"wall,bump","Interior Wall Decoration Building Material Manufacturing. Dirty spots refer to localized dirt or contamination on the wall surface, typically formed by dust, grease stains, or other dark substances adhering to it. Stains may exhibit streaks flowing downwards. A single small bump is small yet distinctly identifiable."
wall12_bump_063.jpg,20,"wall,bump","Interior Wall Construction and Decoration Material Manufacturing. Dirty spots refer to localized dirt or contamination on the wall surface, typically formed by the attachment of dust, grease, or other dark substances. Stains may exhibit streaks running downwards. Bumps are small individual protrusions that are easily distinguishable."
wall12_bump_064.jpg,20,"wall,bump","Wall Interior Decoration Building Material Manufacturing. Dirty spots refer to localized dirt or contamination on the wall surface, typically formed by the adhesion of dust, grease stains, or other dark substances. Stains often exhibit streaks running downwards. Small individual bumps are minor but distinctly identifiable imperfections."
wall12_bump_065.jpg,20,"wall,bump","Wall Interior Decoration Building Material Manufacturing. Dirty spots refer to localized dirt or contamination on the wall surface, typically formed by the adherence of dust, oil stains, or other dark substances. Stains often exhibit downward streaks. Bumps are small individual protrusions that are easily distinguishable."
wall12_bump_066.jpg,20,"wall,bump","Wall Interior Decor Building Material Manufacturing. Dirty spots refer to localized dirt or contamination on the wall surface, typically formed by the adhesion of dust, grease stains, or other dark substances. Stains may exhibit streaks running downwards. Small, individual bump-like protrusions that are small yet distinctly identifiable."
wall12_bump_067.jpg,20,"wall,bump","Interior Wall Construction and Decoration Building Material Manufacturing. Dirty spots refer to localized dirt or contamination on the wall surface, typically formed by the attachment of dust, grease stains, or other dark substances. Stains may exhibit streaks running downwards. Small individual bumps are small in size but distinctly identifiable."
wall12_bump_068.jpg,20,"wall,bump","Interior Wall Construction and Decoration Building Material Manufacturing. Dirty spots refer to localized dirt or contamination on the wall surface, typically formed by the adhesion of dust, grease stains, or other dark substances. Stains may exhibit streaks running downward. Small, individual bump formations are small yet distinctly identifiable."
wall12_bump_069.jpg,20,"wall,bump","Wall Interior Decoration Building Material Manufacturing. Dirty spots refer to localized dirt or contamination on the wall surface, typically formed by the adhesion of dust, grease stains, or other dark substances. Stains may show streaks running downwards. Small individual bumps are small but distinctly identifiable."
wall12_bump_070.jpg,20,"wall,bump","Interior Wall Construction and Decoration Material Manufacturing. Dirt spots refer to localized dirt or contamination on the wall surface, typically formed by the adhesion of dust, grease stains, or other dark substances. Stains may exhibit streaks running downwards. Bumps are small individual protrusions that are easily identifiable."
wall12_bump_071.jpg,20,"wall,bump","Interior Wall Decoration and Building Material Manufacturing. Dirty spots refer to localized dirt or contamination on the wall surface, typically formed by the adhesion of dust, grease stains, or other dark substances. Stains may exhibit streaks running downwards. Bumps are small individual protrusions that are easily distinguishable."
wall12_bump_072.jpg,20,"wall,bump","Wall Interior Decoration Building Material Manufacturing. Dirty spots refer to localized dirt or contamination on the wall surface, typically formed by the adhesion of dust, oil stains, or other dark substances. Stains may exhibit streaks running downwards. Small individual bumps are small but distinctly identifiable."
wall12_bump_073.jpg,20,"wall,bump","Interior Wall Construction and Decoration Materials Manufacturing. Dirt spots refer to localized dirt or contamination on the wall surface, typically formed by dust, grease stains, or other dark substances adhering to it. Stains often exhibit streaks running downwards. Small individual bumps are small yet distinctly identifiable."
wall12_bump_074.jpg,20,"wall,bump","Wall Interior Decoration Building Material Manufacturing. Dirty spots refer to localized dirt or contamination on the wall surface, typically formed due to the attachment of dust, oil stains, or other dark substances. Stains may exhibit streaks running downwards. Small individual bumps are minor yet distinctly identifiable."
wall12_bump_075.jpg,20,"wall,bump","Wall Interior Decoration Building Material Manufacturing. Dirty spots refer to localized dirt or contamination on the wall surface, typically formed by the adhesion of dust, oil stains, or other dark substances. Stains may exhibit streaks running downwards. Small individual bumps are small in size but distinctly identifiable."
wall12_bump_076.jpg,20,"wall,bump","Wall Interior Decoration Building Material Manufacturing. Dirty spots refer to localized dirt or contamination on the wall surface, typically formed by the adhesion of dust, grease stains, or other dark substances. Stains may exhibit streaks running downwards. Small individual bumps are small but distinctly identifiable."
wall12_bump_077.jpg,20,"wall,bump","Interior Wall Construction and Decoration Building Material Manufacturing. Dirty spots refer to localized dirt or contamination on the wall surface, typically formed by the adhesion of dust, grease stains, or other dark substances. Stains often exhibit streaks running downwards. Bumps are small individual protrusions that are easily identifiable."
wall12_bump_078.jpg,20,"wall,bump","Wall Interior Decoration Building Material Manufacturing. Dirty spots refer to localized dirt or contamination on the wall surface, typically formed by the adhesion of dust, grease stains, or other dark substances. Stains may exhibit streaks running downwards. Small individual bumps are small but distinctly identifiable."
wall12_bump_079.jpg,20,"wall,bump","Interior Wall Construction and Decoration Material Manufacturing. Dirt spots refer to localized dirt or contamination on the wall surface, typically formed by the adhesion of dust, grease stains, or other dark substances. Stains may exhibit streaks running downwards. Small individual bumps are small but distinctly identifiable."
wall12_bump_080.jpg,20,"wall,bump","Wall Interior Decoration Building Material Manufacturing. Dirty spots refer to localized dirt or contamination on the wall surface, typically formed by the adhesion of dust, oil stains, or other dark substances. Stains may exhibit streaks running downwards. Small individual bumps are small but distinctly identifiable."
wall12_bump_081.jpg,20,"wall,bump","Wall Interior Decoration Building Material Manufacturing. Dirt spots refer to localized dirt or contamination on the wall surface, typically formed by the adhesion of dust, grease stains, or other dark substances. Stains may exhibit streaks running downwards. Small individual bump is small but distinctly identifiable."
wall12_bump_082.jpg,20,"wall,bump","Wall Interior Decoration Building Material Manufacturing. Dirty spots refer to localized dirt or contamination on the wall surface, typically formed by the adhesion of dust, grease stains, or other dark substances. Stains often exhibit streaks running downwards. Small individual bumps are tiny but distinctly identifiable."
wall12_bump_083.jpg,20,"wall,bump","Wall Interior Decoration Building Material Manufacturing. Dirty spots refer to localized dirt or contamination on the wall surface, typically formed by the adhesion of dust, grease stains, or other dark substances. Stains often exhibit streaks running downwards. Bumps are small individual protrusions that are easily identifiable."
wall12_bump_084.jpg,20,"wall,bump","Interior Wall Construction and Decoration Building Material Manufacturing. Dirty spots refer to localized dirt or contamination on the wall surface, typically formed by the adhesion of dust, grease, or other dark substances. Stains may exhibit streaks running downwards. Numerous bumps can also be found on the surface, creating an uneven texture."
wall12_bump_085.jpg,20,"wall,bump","Interior Wall Construction and Decoration Building Material Manufacturing. Dirty spots refer to localized dirt or contamination on the wall surface, typically formed by the adhesion of dust, grease, or other dark substances. Stains may exhibit streaks running downwards. Numerous bumps can also be present, affecting the smoothness of the wall surface."
wall12_bump_086.jpg,20,"wall,bump","Wall Interior Decoration Building Material Manufacturing. Dirty spots refer to localized dirt or contamination on the wall surface, typically formed by the adhesion of dust, grease, or other dark substances. Stains may exhibit streaks running downwards. Multiple bumps and irregularities can be observed on the surface, affecting the overall aesthetic appeal and smoothness of the wall."
wall12_bump_087.jpg,20,"wall,bump","Interior Wall Construction and Decoration Material Manufacturing. Dirty spots refer to localized dirt or contamination on the wall surface, typically formed by the adherence of dust, grease, or other dark substances. Stains may exhibit streaks running downwards. Multiple bumps may also be present."
wall12_bump_088.jpg,20,"wall,bump","Interior Wall Building Material Manufacturing: Dirty spots refer to localized dirt or contamination on the wall surface, typically formed by the adhesion of dust, grease, or other dark substances. Stains may exhibit streaks running downwards. Multiple bumps may also be present, affecting the overall aesthetic appeal and smoothness of the wall surface."
wall12_bump_089.jpg,20,"wall,bump","Wall Interior Decoration Building Material Manufacturing. Dirty spots refer to localized dirt or contamination on the wall surface, typically formed by the adhesion of dust, oil stains, or other dark substances. Stains may exhibit streaks running downwards. Numerous bumps can also be observed, potentially indicating a lack of smoothness in the wall's texture."
wall12_bump_090.jpg,20,"wall,bump","Interior Wall Construction and Decoration Building Material Manufacturing. Dirty spots refer to localized dirt or contamination on the wall surface, typically formed by the adhesion of dust, grease, or other dark substances. Stains may exhibit water streaks flowing downwards. Numerous bumps or irregularities may be present on the wall surface, affecting the overall smoothness and appearance."
wall12_bump_091.jpg,20,"wall,bump","Interior Wall Construction and Decoration Building Material Manufacturing. Dirty spots refer to localized dirt or contamination on the wall surface, typically formed by dust, grease stains, or other dark substances adhering to the surface. Stains may exhibit streaks running downwards. Multiple bumps can also be present on the wall surface."
wall12_bump_092.jpg,20,"wall,bump","Interior Wall Building Material Manufacturing. Dirty spots refer to localized dirt or contamination on the wall surface, typically formed by the attachment of dust, grease stains, or other dark substances. Stains may exhibit a downward flowing pattern. Multiple prominent bulges."
wall12_bump_093.jpg,20,"wall,bump","Interior Wall Decoration Building Material Manufacturing. Dirty spots refer to localized dirt or contamination on the wall surface, typically formed by the adhesion of dust, grease stains, or other dark substances. Stains may exhibit a downward flow pattern."
wall12_bump_094.jpg,20,"wall,bump","Interior Wall Construction and Decoration Material Manufacturing. Dirty spots refer to localized dirt or contamination on the wall surface, typically formed by dust, grease stains, or other dark substances adhering to it. Excess paint dripping down the wall."
wall12_bump_095.jpg,20,"wall,bump","Interior Wall Decoration and Building Material Manufacturing. Dirty spots refer to localized dirt or contamination on the wall surface, typically formed by the adhesion of dust, grease, or other dark substances. Stains may exhibit streaks from top to bottom. Excess paint dripping down."
wall12_bump_096.jpg,20,"wall,bump","Interior Wall Construction and Decoration Building Material Manufacturing. Dirty spots refer to localized dirt or contamination on the wall surface, typically formed by dust, grease stains, or other dark substances adhering to it. Stains may include streaks of excess paint running downwards."
wall12_bump_097.jpg,20,"wall,bump","Interior Wall Construction and Decoration Materials Manufacturing. Dirty spots refer to localized dirt or contamination on the wall surface, typically formed by dust, grease stains, or other dark substances adhering to the surface. Excess paint dripping down the wall."
wall12_bump_098.jpg,20,"wall,bump","Wall Interior Decoration Building Material Manufacturing. Large bump refers to a prominent protrusion on the surface of a wall, often caused by structural issues or improper installation. Bumps can create unevenness and affect the aesthetics of the wall, requiring repair and maintenance to ensure a smooth finish."
wall12_bump_099.jpg,20,"wall,bump","Interior Wall Building Material Manufacturing: Large bump refers to a prominent protrusion on the wall surface, often caused by uneven application of plaster or structural issues. The defects can disrupt the smoothness and aesthetics of the wall, requiring additional work to rectify the issue."
wall12_bump_100.jpg,20,"wall,bump","Wall Interior Decoration Building Material Manufacturing. Large bump refers to a prominent, protruding area on the surface of the wall, often caused by improper installation or structural issues. Bumps can create uneven surfaces and affect the overall aesthetic of the wall, requiring additional repair and maintenance to rectify the issue."
wall12_bump_101.jpg,20,"wall,bump","Interior Wall Construction and Decoration Building Material Manufacturing. Dirty spots refer to localized dirt or contamination on the wall surface, typically formed by the adhesion of dust, grease stains, or other dark substances. Stains may exhibit streaks running downwards. Large bumps are irregularities protruding from the surface of the wall, creating a non-uniform appearance."
wall12_bump_102.jpg,20,"wall,bump","Interior Wall Construction and Decoration Building Material Manufacturing. Dirty spots refer to localized dirt or contamination on the wall surface, typically formed by the adhesion of dust, grease stains, or other dark substances. Stains may exhibit streaks running downwards. Large bumps can also be observed."
wall12_bump_103.jpg,20,"wall,bump","Interior Wall Construction and Decoration Building Materials Manufacturing. Dirty spots refer to localized dirt or contamination on the wall surface, typically formed by the accumulation of dust, grease stains, or other dark substances. Stains may exhibit irregular bumps of significant size, creating an uneven and unappealing appearance."
wall12_bump_104.jpg,20,"wall,bump","Interior Wall Construction and Decoration Building Materials Manufacturing. Dirty spots refer to localized dirt or contamination on the wall surface, typically formed by the adherence of dust, grease, or other dark substances. Stains may exhibit streaks running downward. Small bumps are tactile and can be felt on the surface."
wall12_bump_105.jpg,20,"wall,bump","Interior Wall Construction and Decoration Materials Manufacturing. Dirty spots refer to localized dirt or contamination on the wall surface, typically formed by the attachment of dust, grease, or other dark substances. Stains may exhibit streaks running downwards. Small bumps are tactile and can be felt upon touch."
wall12_bump_106.jpg,20,"wall,bump","Interior Wall Construction and Decoration Material Manufacturing. Dirty spots refer to localized dirt or contamination on the wall surface, typically formed by the adhesion of dust, grease, or other dark substances. Stains may exhibit streaks running downwards. Small bumps are tactile and can be felt on the surface."
wall12_bump_107.jpg,20,"wall,bump","Interior Wall Construction and Decoration Materials Manufacturing. Dirty spots refer to localized dirt or contamination on the wall surface, typically formed by the adhesion of dust, grease, or other dark substances. Stains may have streaks running downwards. Small bumps can be felt on the surface."
wall12_bump_108.jpg,20,"wall,bump","Interior Wall Building Material Manufacturing: Dirty spots refer to localized dirt or contamination on the wall surface, typically formed by the adhesion of dust, grease, or other dark substances. Stains often exhibit streaks running downwards. Small bumps are tactile and can be felt on the surface."
wall12_bump_109.jpg,20,"wall,bump","Interior Wall Construction and Decoration Material Manufacturing. Dirty spots refer to localized dirt or contamination on the wall surface, typically formed by the adhesion of dust, grease, or other dark substances. Stains may show streaks from top to bottom. Small bumps are tactile."
wall12_bump_110.jpg,20,"wall,bump","Interior Wall Construction and Decoration Building Material Manufacturing. Dirt smudges refer to localized dirt or contamination on the wall surface, typically formed by the adhesion of dust, grease, or other dark substances. Stains may exhibit streaks running downwards. Small inconspicuous bumps may also be present."
wall12_bump_111.jpg,20,"wall,bump","Interior Wall Construction and Decoration Building Material Manufacturing. Dirt spots refer to localized dirt or contamination on the wall surface, typically formed by dust, grease stains, or other dark substances adhering to it. The stains may exhibit streaks flowing downwards. Small and inconspicuous bumps may also be present as a defect."
wall12_bump_112.jpg,20,"wall,bump","Interior Wall Construction and Decoration Materials Manufacturing. Dirty spots refer to localized dirt or contamination on the wall surface, typically formed by the adhesion of dust, oil stains, or other dark substances. Stains may exhibit streaks running downward. Small, inconspicuous bumps."
wall12_bump_113.jpg,20,"wall,bump","Wall Interior Decor Building Materials Manufacturing. Dirt spots refer to localized dirt or contamination on the wall surface, typically formed by the adhesion of dust, oil stains, or other dark substances. Stains may exhibit slight, inconspicuous bumps."
wall12_bump_114.jpg,20,"wall,bump","Interior Wall Decoration and Building Material Manufacturing. Dirty spots refer to localized dirt or contamination on the wall surface, typically formed by the adhesion of dust, grease, or other dark substances. Stains may exhibit streaks running downwards. Minor inconspicuous bumps."
wall12_bump_115.jpg,20,"wall,bump","Interior Wall Construction and Decoration Building Material Manufacturing. Dirty spots refer to localized dirt or contamination on the wall surface, typically formed by the adhesion of dust, grease, or other dark substances. Stains may exhibit water streaks running downwards. Small, inconspicuous bumps may also be present."
wall12_bump_116.jpg,20,"wall,bump","Interior Wall Construction and Interior Decoration Building Materials Manufacturing. Dirt spots refer to localized dirt or contamination on the wall surface, typically formed by the attachment of dust, grease stains, or other dark substances. Stains may exhibit streaks flowing downwards. Small and inconspicuous bumps may also be present."
wall12_bump_117.jpg,20,"wall,bump","Interior Wall Decoration and Building Material Manufacturing. Dirty spots refer to localized dirt or contamination on the wall surface, typically caused by dust, grease stains, or other dark substances adhering to it. Stains may exhibit streaks running downwards. Small inconspicuous bumps may also be present on the surface."
wall12_bump_118.jpg,20,"wall,bump","Interior Wall Construction and Decoration Building Material Manufacturing. Dirty spots refer to localized dirt or contamination on the wall surface, typically formed by the adhesion of dust, oil stains, or other dark substances. Stains may include streaks running downwards. Small, inconspicuous bumps."
wall12_bump_119.jpg,20,"wall,bump","Interior Wall Construction and Decoration Building Material Manufacturing. Dirty spots refer to localized dirt or contamination on the wall surface, typically formed by dust, grease stains, or other dark substances adhering. Stains may exhibit slight, inconspicuous bumps."
wall12_bump_120.jpg,20,"wall,bump","Wall Interior Decoration Building Material Manufacturing. Dirty spots refer to localized dirt or contamination on the wall surface, typically formed by the adhesion of dust, grease, or other dark substances. Stains may exhibit water streaks running downwards. Small inconspicuous bumps may also be present."
wall12_bump_121.jpg,20,"wall,bump","Interior Wall Building Material Manufacturing: Dirty spots refer to localized dirt or contamination on the wall surface, typically caused by the accumulation of dust, grease stains, or other dark substances. These spots often exhibit streaks running downwards. Minor, inconspicuous bumps may also be present on the surface."
wall12_bump_122.jpg,20,"wall,bump","Wall Interior Decoration Building Material Manufacturing. Dirty spots refer to localized dirt or contamination on the wall surface, typically formed by dust, grease stains, or other dark substances adhering to the surface. Stains may exhibit streaks running downwards. Small and inconspicuous bumps may also be present."
wall12_bump_123.jpg,20,"wall,bump","Interior Wall Construction and Decoration Materials Manufacturing. Dirt spots refer to localized dirt or contamination on the wall surface, typically formed by the adhesion of dust, grease stains, or other dark substances. The stains may exhibit faint, inconspicuous bumps."
wall12_bump_124.jpg,20,"wall,bump","Interior Wall Building Material Manufacturing: Dirty spots refer to localized dirt or contamination on the wall surface, typically formed by the adhesion of dust, grease, or other dark substances. Stains may exhibit streaks running downwards. Small, inconspicuous bumps can also be observed."
wall12_bump_125.jpg,20,"wall,bump","Wall Interior Decor Building Material Manufacturing. Dirty spots refer to localized dirt or contamination on the wall surface, typically formed by dust, grease stains, or other dark substances adhering to it. Stains may show downward streaks. Small inconspicuous bumps."
wall12_bump_126.jpg,20,"wall,bump","Interior Wall Decor and Building Material Manufacturing. Scuff marks refer to small, barely noticeable abrasions or scrapes on the surface of the wall, typically caused by friction or contact with objects. Minor imperfections may include tiny bumps or indentations that are not easily visible at a glance."
wall12_bump_127.jpg,20,"wall,bump","Interior Wall Building and Decoration Material Manufacturing. Dirty spots refer to localized dirt or contamination on the wall surface, typically formed by the adherence of dust, grease stains, or other dark substances. Stains may exhibit downward streaks, while small and inconspicuous bumps can also be present as defects."
wall12_bump_128.jpg,20,"wall,bump","Interior Wall Building and Decoration Material Manufacturing. Dirty spots refer to localized dirt or contamination on the wall surface, typically formed by the attachment of dust, grease stains, or other dark substances. Stains may exhibit streaks flowing downwards. Small and inconspicuous bumps may also be present."
wall12_bump_129.jpg,20,"wall,bump","Interior Wall Construction and Decoration Building Material Manufacturing. Dirty spots refer to localized dirt or contamination on the wall surface, typically formed by dust, grease stains, or other dark substances adhering to it. Stains may exhibit a downward flowing water streak pattern. Diffusion resembling water bubble protrusions."
wall12_bump_130.jpg,20,"wall,bump","Interior Wall Building and Decoration Material Manufacturing. Dirty spots refer to localized dirt or contamination on the wall surface, typically formed by dust, grease stains, or other dark substances adhering to it. Stains may exhibit streaks running downwards resembling water bubbles."
wall12_bump_131.jpg,20,"wall,bump","Interior Wall Construction and Decoration Materials Manufacturing. Dirty spots refer to localized dirt or pollution on the wall surface, usually formed by the attachment of dust, oil stains, or other dark substances. Stains may exhibit streaks flowing downwards, resembling the diffusion of water bubbles."
wall12_bump_132.jpg,20,"wall,bump","Interior Wall Construction and Decoration Building Material Manufacturing. Dirty spots refer to localized dirt or contamination on the wall surface, typically formed by the adhesion of dust, grease stains, or other dark substances. Stains may exhibit water streaks flowing downward, resembling the spread of bubbles."
wall12_bump_133.jpg,20,"wall,bump","Wall Interior Decoration Building Material Manufacturing. Dirty spots refer to localized dirt or contamination on the wall surface, typically formed by the adhesion of dust, grease, or other dark substances. Stains may exhibit streaks flowing downwards, resembling the spread of water bubbles."
wall12_bump_134.jpg,20,"wall,bump","Wall Interior Decoration Building Material Manufacturing. Dirty spots refer to localized dirt or contamination on the wall surface, typically formed by the adhesion of dust, oil stains, or other dark substances. Stains may exhibit streaks running downwards. Paint clumping or dust mixed in can result in small protrusions."
wall12_bump_135.jpg,20,"wall,bump","Interior Wall Construction and Decoration Building Material Manufacturing. Dirty spots refer to localized dirt or contamination on the wall surface, typically formed by the adhesion of dust, oil stains, or other dark substances. Stains may exhibit streaks running downwards. Clumping of paint or dust mixed in creates small protrusions."
wall12_bump_136.jpg,20,"wall,bump","Interior Wall Construction and Decoration Material Manufacturing. Dirt spots refer to localized dirt or contamination on the wall surface, typically formed by dust, oil stains, or other dark substances adhering to it. Stains often exhibit water streaks running downwards. Paint clumping or dust mixed in may result in small protrusions."
wall12_bump_137.jpg,20,"wall,bump","Interior Wall Construction and Decoration Materials Manufacturing. Dirty spots refer to localized dirt or contamination on the wall surface, typically formed by dust, oil stains, or other dark substances adhering to the surface. Stains often exhibit streaks running downwards. Paint clumping or the presence of dust mixed with small protrusions are common defects in this industry."
wall12_bump_138.jpg,20,"wall,bump","Interior Wall Building and Decoration Material Manufacturing. Dirty spots refer to localized dirt or contamination on the wall surface, typically formed by dust, grease stains, or other dark substances adhering to it. Streaky defects are more noticeable in short lines on the wall."
wall12_bump_139.jpg,20,"wall,bump","Wall Interior Decoration Building Material Manufacturing. Dirty spots refer to localized dirt or contamination on the wall surface, typically formed by the adhesion of dust, grease, or other dark substances. Streaky defects are more visibly apparent as short lines running vertically downwards."
wall12_bump_140.jpg,20,"wall,bump","Interior Wall Construction and Decoration Building Material Manufacturing. Dirty spots refer to localized dirt or contamination on the wall surface, typically formed by the adhesion of dust, oil stains, or other dark substances. Stains may exhibit streaks running downwards. Prominent shadows indicate bumps that are more raised."
wall12_bump_141.jpg,20,"wall,bump","Interior Wall Construction and Decoration Materials Manufacturing. Dirty spots refer to localized dirt or contamination on the wall surface, typically formed by the adhesion of dust, grease stains, or other dark substances. Stains may exhibit downward streaks. Prominent shadows indicate bumps that protrude."
wall12_bump_142.jpg,20,"wall,bump","Interior Wall Construction and Decoration Building Material Manufacturing. Dirty spots refer to localized dirt or contamination on the wall surface, typically formed by the accumulation of dust, grease stains, or other dark substances. Stains may exhibit streaks running downwards. Prominent shadows indicate bumps that are more protruding."
wall12_bump_143.jpg,20,"wall,bump","Interior Wall Construction and Decoration Materials Manufacturing. Dirty spots refer to localized dirt or contamination on the wall surface, typically formed by the adhesion of dust, grease stains, or other dark substances. Stains often exhibit streaks running downwards. Prominent shadows indicate bumps protruding from the surface."
wall12_bump_144.jpg,20,"wall,bump","Interior Wall Construction and Decoration Materials Manufacturing. Dirty spots refer to localized dirt or contamination on the wall surface, typically formed by the adhesion of dust, grease stains, or other dark substances. Stains may exhibit streaks running downward. Prominent shadows indicate that bumps are more pronounced."
wall12_bump_145.jpg,20,"wall,bump","Wall Interior Decoration Building Materials Manufacturing. Dirty spots refer to localized dirt or contamination on the wall surface, typically formed by the adhesion of dust, oil stains, or other dark substances. Stains may exhibit streaks running downwards. Prominent shadows indicate bumps that are more raised."
wall12_bump_146.jpg,20,"wall,bump","Interior Wall Construction and Decoration Material Manufacturing. Dirty spots refer to localized dirt or contamination on the wall surface, typically formed by the adhesion of dust, grease, or other dark substances. Stains often exhibit water streaks running downwards. Prominent shadows indicate bumps that protrude."
wall12_bump_147.jpg,20,"wall,bump","Interior Wall Construction and Decoration Building Material Manufacturing. Dirty spots refer to localized dirt or contamination on the wall surface, typically formed by the adhesion of dust, grease, or other dark substances. Stains may exhibit water streaks running downwards. Prominent shadows indicate bumps that are more pronounced."
wall12_bump_148.jpg,20,"wall,bump","Wall Interior Decoration Building Material Manufacturing. Dirty spots refer to localized dirt or contamination on the wall surface, typically formed by the adhesion of dust, grease stains, or other dark substances. Stains may exhibit streaks running downwards. Prominent shadows indicate bumps that are more pronounced."
wall12_bump_149.jpg,20,"wall,bump","Interior Wall Construction and Decoration Building Materials Manufacturing. Dirty spots refer to localized dirt or contamination on the wall surface, typically formed by dust, grease stains, or other dark substances adhering to it. Stains often show downward streaks. Prominent shadows indicate bumps that protrude from the surface."
wall12_bump_150.jpg,20,"wall,bump","Interior Wall Construction and Decoration Building Material Manufacturing. Dirty spots refer to localized dirt or contamination on the wall surface, typically formed by the accumulation of dust, grease stains, or other dark substances. Stains may exhibit streaks running downwards. Prominent shadows indicate bumps protruding from the surface."
wall12_bump_151.jpg,20,"wall,bump","Interior Wall Construction and Decoration Material Manufacturing. Dirty spots refer to localized dirt or contamination on the wall surface, typically formed by the adhesion of dust, oil stains, or other dark substances. Stains may exhibit streaks running downward. Prominent shadows indicate bumps that are more raised."
wall12_bump_152.jpg,20,"wall,bump","Interior Wall Construction and Decoration Building Material Manufacturing. Dirty spots refer to localized dirt or contamination on the wall surface, typically formed by the adhesion of dust, oil stains, or other dark substances. Stains may exhibit downward streaks. Prominent shadows indicate bumps that are more pronounced."
wall12_bump_153.jpg,20,"wall,bump","Interior Wall Building and Decoration Material Manufacturing. Dirty spots refer to localized dirt or contamination on the wall surface, typically formed by the attachment of dust, grease, or other dark substances. Stains may show streaks running downwards. Prominent shadows indicate bumps that are more protruding."
wall12_bump_154.jpg,20,"wall,bump","Interior Wall Construction and Decoration Material Manufacturing. Dirt spots refer to localized dirt or contamination on the wall surface, often formed by the attachment of dust, grease stains, or other dark substances. Stains may show streaks from top to bottom. Prominent shadows indicate bumps protruding."
wall12_bump_155.jpg,20,"wall,bump","Interior Wall Construction and Decoration Building Material Manufacturing. Dirty spots refer to localized dirt or contamination on the wall surface, typically formed by the adhesion of dust, grease, or other dark substances. Stains often exhibit streaks running downwards. Prominent shadows indicate bumps that are more pronounced."
wall12_bump_156.jpg,20,"wall,bump","Interior Wall Building Material Manufacturing. Dirty spots refer to localized dirt or contamination on the wall surface, typically formed by the accumulation of dust, grease stains, or other dark substances. Stains may exhibit streaks running downwards. Prominent shadows indicate a more pronounced bumpiness."
wall12_bump_157.jpg,20,"wall,bump","Interior Wall Construction and Interior Decoration Building Material Manufacturing. Dirty spots refer to localized dirt or contamination on the wall surface, typically formed by the adhesion of dust, oil stains, or other dark substances. Stains may exhibit streaks running downwards. Clearly visible shadows indicate more prominent bumps."
wall12_bump_158.jpg,20,"wall,bump","Interior Wall Construction and Decoration Material Manufacturing. Dirty spots refer to localized dirt or contamination on the wall surface, typically formed by the adhesion of dust, grease, or other dark substances. Stains often exhibit streaks running downwards. Prominent shadows indicate raised bumps."
wall12_bump_159.jpg,20,"wall,bump","Interior Wall Construction and Decoration Materials Manufacturing. Dirty spots refer to localized dirt or contamination on the wall surface, typically formed by the adhesion of dust, grease stains, or other dark substances. Stains may show streaks running downwards. Prominent shadows indicate bumps protruding."
wall12_bump_160.jpg,20,"wall,bump","Interior Wall Construction and Decoration Material Manufacturing. Dirty spots refer to localized dirt or contamination on the wall surface, typically formed by the adhesion of dust, grease, or other dark substances. Stains often exhibit streaks running downwards. Prominent shadows indicate bumps that protrude from the surface."
wall12_bump_161.jpg,20,"wall,bump","Interior Wall Construction and Decoration Material Manufacturing. Dirty spots refer to localized dirt or contamination on the wall surface, typically formed by the adhesion of dust, grease stains, or other dark substances. Stains may exhibit streaks running downwards. Prominent shadows indicate bumps that protrude."
wall12_bump_162.jpg,20,"wall,bump","Interior Wall Building and Decoration Materials Manufacturing. Dirty spots refer to localized dirt or contamination on the wall surface, typically formed by the accumulation of dust, grease, or other dark substances. Stains often exhibit streaks running downwards. Prominent shadows indicate raised bumps on the surface."
wall12_bump_163.jpg,20,"wall,bump","Interior Wall Construction and Decoration Material Manufacturing. Dirty spots refer to localized dirt or contamination on the wall surface, typically formed by the adhesion of dust, grease stains, or other dark substances. Stains often show streaks running downwards. Prominent shadows indicate bumps that are more protruding."
wall12_bump_164.jpg,20,"wall,bump","Interior Wall Construction and Decoration Materials Manufacturing. Dirty spots refer to localized dirt or contamination on the wall surface, typically formed by the adhesion of dust, grease stains, or other dark substances. Stains often exhibit streaks running downward. Prominent shadows indicate bumps that protrude."
wall12_bump_165.jpg,20,"wall,bump","Interior wall construction and decoration materials manufacturing. Dirty spots refer to localized dirt or contamination on the wall surface, typically formed by the adhesion of dust, grease, or other dark substances. Stains often exhibit streaks running downwards. Prominent shadows indicate bumps that protrude."
wall12_bump_166.jpg,20,"wall,bump","Interior Wall Construction and Decoration Building Material Manufacturing. Dirty spots refer to localized dirt or contamination on the wall surface, typically formed by the accumulation of dust, grease, or other dark substances. Stains often exhibit streaks running downwards. Prominent shadows indicate bumps that protrude from the surface."
wall12_bump_167.jpg,20,"wall,bump","Wall Interior Decoration Building Materials Manufacturing. Dirty spots refer to localized dirt or contamination on the wall surface, typically formed by the adhesion of dust, grease, or other dark substances. Stains often exhibit streaks running downwards. Prominent shadows indicate bumps that are more pronounced."
wall12_bump_168.jpg,20,"wall,bump","Interior Wall Construction and Decoration Material Manufacturing. Dirty spots refer to localized dirt or contamination on the wall surface, typically formed by the accumulation of dust, grease stains, or other dark substances. Stains may exhibit streaks running downwards. Prominent shadows indicate raised bumps."
wall12_bump_169.jpg,20,"wall,bump","Interior Wall Construction and Decoration Material Manufacturing. Dirty spots refer to localized dirt or contamination on the wall surface, typically formed by dust, grease stains, or other dark substances adhering to it. Stains may exhibit streaks running downwards. Prominent shadows indicate more pronounced bumps."
wall12_bump_170.jpg,20,"wall,bump","Interior Wall Construction and Decoration Material Manufacturing. Dirty spots refer to localized dirt or contamination on the wall surface, typically formed by dust, grease stains, or other dark substances adhering to the surface. Stains often exhibit streaks running downward. Prominent shadows indicate more pronounced bumps on the surface."
wall12_bump_171.jpg,20,"wall,bump","Interior Wall Construction and Decoration Building Material Manufacturing. Dirty spots refer to localized dirt or contamination on the wall surface, typically formed by dust, grease stains, or other dark substances adhering to it. Stains may exhibit streaks running downwards. Prominent shadows indicate bumps that protrude."
wall12_bump_172.jpg,20,"wall,bump","Interior Wall Construction and Decoration Materials Manufacturing. Dirty spots refer to localized dirt or contamination on the wall surface, typically formed by the adhesion of dust, grease stains, or other dark substances. Stains may exhibit downward streaks. Prominent shadows indicate raised bumps."
wall12_bump_173.jpg,20,"wall,bump","Interior Wall Construction and Decoration Material Manufacturing. Dirty spots refer to localized dirt or contamination on the wall surface, typically formed by the attachment of dust, grease stains, or other dark substances. Stains may exhibit streaks running downwards. Prominent shadows indicate raised bumps."
wall12_bump_174.jpg,20,"wall,bump","Interior Wall Construction and Decoration Material Manufacturing. Dirty spots refer to localized dirt or contamination on the wall surface, typically formed by the adhesion of dust, grease stains, or other dark substances. Stains often exhibit streaks running downwards. Prominent shadows indicate bumps that protrude from the surface."
wall12_bump_175.jpg,20,"wall,bump","Interior Wall Construction and Decoration Materials Manufacturing. Dirty spots refer to localized dirt or contamination on the wall surface, typically formed by the adhesion of dust, grease, or other dark substances. Stains often show streaks running downward. Prominent shadows indicate bumps that are more pronounced."
wall12_bump_176.jpg,20,"wall,bump","Interior Wall Construction and Decoration Materials Manufacturing. Dirty spots refer to localized dirt or contamination on the wall surface, typically formed by dust, grease stains, or other dark substances adhering to it. Stains may exhibit streaks running downwards. Prominent shadows indicate bumps that protrude."
wall12_bump_177.jpg,20,"wall,bump","Interior Wall Construction and Decor Building Material Manufacturing. Dirty spots refer to localized dirt or contamination on the wall surface, typically formed by dust, grease stains, or other dark substances adhering to it. Stains may exhibit streaks running downwards. Prominent shadows indicate bumps protruding."
wall12_bump_178.jpg,20,"wall,bump","Interior Wall Decoration Building Material Manufacturing. Dirty spots refer to localized dirt or contamination on the wall surface, typically formed by the adhesion of dust, grease stains, or other dark substances. Stains often show streaks running downward. Prominent shadows indicate bumps that protrude from the surface."
wall12_bump_179.jpg,20,"wall,bump","Interior Wall Construction and Decoration Building Material Manufacturing. Dirty spots refer to localized dirt or contamination on the wall surface, typically formed by the adhesion of dust, grease, or other dark substances. Stains often exhibit streaks running downwards. Prominent shadows indicate bumps protruding."
wall12_bump_180.jpg,20,"wall,bump","Interior Wall Decoration and Building Material Manufacturing. Streaks of dirt and grime, typically caused by dust, grease, or other dark substances, mar the surface of the wall. Prominent shadows indicate raised bumps on the wall's texture."
wall12_bump_181.jpg,20,"wall,bump","Interior Wall Construction and Decoration Material Manufacturing. Dirty spots refer to localized dirt or contamination on the wall surface, typically formed by dust, grease stains, or other dark substances adhering to it. Stains often exhibit streaks running downwards. Prominent shadows indicate bumps that protrude from the surface."
wall12_bump_182.jpg,20,"wall,bump","Interior Wall Construction and Decoration Building Material Manufacturing. Dirty spots refer to localized dirt or contamination on the wall surface, typically formed by the adhesion of dust, grease, or other dark substances. Stains may exhibit downward streaks. Prominent shadows indicate bumps protruding from the surface."
wall12_bump_183.jpg,20,"wall,bump","Interior Wall Construction and Decoration Materials Manufacturing. Dirty spots refer to localized dirt or contamination on the wall surface, typically formed by the adhesion of dust, grease stains, or other dark substances. Bumps resembling chicken skin texture."
wall12_bump_184.jpg,20,"wall,bump","Interior Wall Construction and Decoration Material Manufacturing. Dirty spots refer to localized dirt or contamination on the wall surface, typically formed by the adhesion of dust, grease, or other dark substances. Bumps in a chicken skin-like texture."
wall12_bump_185.jpg,20,"wall,bump","Wall Interior Decoration Building Materials Manufacturing. Dirty spots refer to localized dirt or contamination on the wall surface, typically formed by the adhesion of dust, grease, or other dark substances. Stains may exhibit streaks running downwards. Bumps resembling chicken skin texture."
wall12_bump_186.jpg,20,"wall,bump","Interior Wall Decoration Building Material Manufacturing. Dirty spots refer to localized dirt or contamination on the wall surface, typically formed by the accumulation of dust, grease stains, or other dark substances. Stains often exhibit streaks running downwards. Bumps resembling chicken skin texture."
wall12_bump_187.jpg,20,"wall,bump","Wall Interior Decoration Building Material Manufacturing. Dirty spots refer to localized dirt or contamination on the wall surface, typically formed by the adhesion of dust, oil stains, or other dark substances. Stains often exhibit a downward flowing pattern. Small pin-like bumps are defects commonly found on walls, appearing as tiny protrusions that can affect the smoothness of the surface."
wall12_bump_188.jpg,20,"wall,bump","Interior Wall Construction and Decoration Building Materials Manufacturing. Dirty spots refer to localized dirt or contamination on the wall surface, typically formed by dust, grease stains, or other dark substances adhering to it. Stains may exhibit streaks running downwards. Small pinhead-shaped bumps are a common defect found on walls, causing uneven surfaces and affecting the overall aesthetic appearance."
wall12_bump_189.jpg,20,"wall,bump","Interior Wall Construction and Decoration Materials Manufacturing. Dirty spots refer to localized dirt or contamination on the wall surface, typically formed by the adhesion of dust, grease, or other dark substances. Stains often exhibit streaks flowing downwards. Small pin-like bumps."
wall12_bump_190.jpg,20,"wall,bump","Wall Interior Decoration Building Material Manufacturing. Dirty spots refer to localized dirt or contamination on the wall surface, typically formed by the adhesion of dust, grease stains, or other dark substances. Stains may exhibit streaks flowing downwards. Tiny pin-like bumps."
wall12_bump_191.jpg,20,"wall,bump","Interior Wall Construction and Decoration Building Material Manufacturing. Dirty spots refer to localized dirt or contamination on the wall surface, typically formed by dust, grease stains, or other dark substances adhering to it. Stains may present as streaks running downwards. Tiny pinhead-shaped bumps."
wall12_bump_192.jpg,20,"wall,bump","Wall Interior Decoration Building Material Manufacturing. Dirty spots refer to localized dirt or contamination on the wall surface, typically formed by the adhesion of dust, grease, or other dark substances. Stains may exhibit streaks running downwards. Tiny pinhead-shaped bumps."
wall12_bump_193.jpg,20,"wall,bump","Wall Interior Decoration Building Material Manufacturing. Dirty spots refer to localized dirt or contamination on the wall surface, typically formed by dust, grease stains, or other dark substances adhering to it. Stains may exhibit streaks running downwards. Very small pinhead-shaped bumps."
wall12_bump_194.jpg,20,"wall,bump","Wall Interior Decoration Building Materials Manufacturing. Dirty spots refer to localized dirt or contamination on the wall surface, typically formed by dust, grease stains, or other dark substances adhering to the surface. Stains may exhibit streaks running downwards. Very small pin-like bumps."
wall12_bump_195.jpg,20,"wall,bump","Interior Wall Building and Decoration Material Manufacturing. Dirty spots refer to localized dirt or contamination on the wall surface, usually formed by the attachment of dust, grease, or other dark substances. Stains can have streaks flowing downwards. Small pinhead-shaped bumps."
wall12_bump_196.jpg,20,"wall,bump","Interior Wall Construction and Decoration Materials Manufacturing. Dirty spots refer to localized dirt or contamination on the wall surface, typically formed by dust, grease stains, or other dark substances adhering to it. The spots may exhibit streaks running downwards. Small pinpoint-like bumps are present on the surface."
wall12_bump_197.jpg,20,"wall,bump","Interior Wall Building and Decoration Materials Manufacturing. Dirty spots refer to localized dirt or contamination on the wall surface, usually formed by the adhesion of dust, oil stains, or other dark substances. Stains can exhibit streaks running downwards. Small pin-like bumps are a common defect found on the surface of the walls, causing uneven texture and appearance issues."
wall12_bump_198.jpg,20,"wall,bump","Wall Interior Decor Building Material Manufacturing. Dirty spots refer to localized dirt or contamination on the wall surface, typically formed by the adhesion of dust, grease, or other dark substances. Stains often exhibit streaks running downwards. Small pinpoint-like bumps are a common defect in the production of wall materials, characterized by tiny raised areas on the surface."
wall12_bump_199.jpg,20,"wall,bump","Interior Wall Construction and Decoration Material Manufacturing. Dirty spots refer to localized dirt or contamination on the wall surface, typically formed by dust, grease stains, or other dark substances adhering to it. These stains often appear as streaks running downward. Small pinpoint-like bumps can be found on the surface, adding texture but potentially causing unevenness issues during painting or wallpaper application."
wall12_concavity_001.jpg,21,"wall,concavity","Interior Wall Construction and Decoration Material Manufacturing. Dirty spots refer to localized dirt or contamination on the wall surface, typically formed by the adhesion of dust, oil stains, or other dark substances. Stains often exhibit a downward flowing pattern. Concavity indicates invisible repairs with cement or paint fillings on the wall."
wall12_concavity_002.jpg,21,"wall,concavity","Wall Building Interior Decoration Building Material Manufacturing. Dirty spots refer to localized dirt or contamination on the wall surface, typically formed by the adhesion of dust, grease, or other dark substances. Stains often exhibit streaks running downwards. Concavity indicates invisible cement or paint repair patches on the surface."
wall12_concavity_003.jpg,21,"wall,concavity","Interior Wall Construction and Decoration Building Material Manufacturing. Dirty spots refer to localized dirt or contamination on the wall surface, typically formed by the adhesion of dust, grease, or other dark substances. Stains often exhibit streaks running downwards. Concavity indicates invisible patches where the cement wall has been repaired with paint."
wall12_concavity_004.jpg,21,"wall,concavity","Interior Wall Construction and Decorative Building Material Manufacturing. Dirt spots refer to localized dirt or contamination on the wall surface, typically formed by the adhesion of dust, grease stains, or other dark substances. Stains may exhibit water streaks flowing downwards, while concavities are small, inconspicuous depressions."
wall12_concavity_005.jpg,21,"wall,concavity","Wall Interior Decoration Building Material Manufacturing. Dirty spots refer to localized dirt or contamination on the wall surface, typically formed by the adhesion of dust, grease, or other dark substances. Stains may exhibit downward flowing streaks. Small concavities are inconspicuous depressions."
wall12_concavity_006.jpg,21,"wall,concavity","Interior Wall Construction and Decoration Material Manufacturing. Dusty spots refer to localized dirt or contamination on the wall surface, typically formed by the adhesion of dust, grease, or other dark substances. Stains may exhibit streaks running downwards but are not prominently visible; small concavities may also be present."
wall12_concavity_007.jpg,21,"wall,concavity","Interior Wall Building and Decoration Material Manufacturing. Dirt spots refer to localized dirt or contamination on the wall surface, typically formed by the adhesion of dust, grease, or other dark substances. Stains may exhibit watermarks flowing downward, while concavities are small and inconspicuous irregularities."
wall12_concavity_008.jpg,21,"wall,concavity","Interior Wall Decoration and Building Material Manufacturing. Dirt spots refer to localized dirt or contamination on the wall surface, typically formed by the adhesion of dust, oil stains, or other dark substances. Stains may exhibit downward flowing streaks. Small concavities are present but not prominently visible."
wall12_concavity_009.jpg,21,"wall,concavity","Interior Wall Decoration and Building Material Manufacturing. Dirty spots refer to localized dirt or contamination on the wall surface, typically formed by the attachment of dust, oil stains, or other dark substances. The stains often exhibit a downward flow pattern. Small concavities may also be present, although not prominently visible."
wall12_concavity_010.jpg,21,"wall,concavity","Interior wall construction and decoration material manufacturing. Dirty spots refer to localized dirt or contamination on the wall surface, typically formed by the adherence of dust, grease stains, or other dark substances. Stains may exhibit downward streaks and be inconspicuous small concavities."
wall12_concavity_011.jpg,21,"wall,concavity","Wall Interior Decoration Building Material Manufacturing. Dirty spots refer to localized dirt or contamination on the wall surface, typically formed by the attachment of dust, grease, or other dark substances. Stains may exhibit a downward flow pattern and are characterized by inconspicuous small concavities."
wall12_concavity_012.jpg,21,"wall,concavity","Interior Wall Construction and Decoration Building Material Manufacturing. Dirty spots refer to localized dirt or contamination on the wall surface, typically formed by the adherence of dust, grease stains, or other dark substances. Stains may exhibit a downward flow pattern, with minor concavities present."
wall12_concavity_013.jpg,21,"wall,concavity","Interior Wall Construction and Decoration Building Material Manufacturing. Dirty spots refer to localized dirt or contamination on the wall surface, typically formed by the adhesion of dust, grease stains, or other dark substances. Stains may exhibit downward flowing streaks but are not prominently visible. Concavities are small depressions on the wall surface."
wall12_concavity_014.jpg,21,"wall,concavity","Interior Wall Construction and Decoration Materials Manufacturing. Dirty spots refer to localized dirt or contamination on the wall surface, typically formed by the attachment of dust, oil stains, or other dark substances. Stains may exhibit a downward flowing pattern. Notable issue: Paint peeling."
wall12_concavity_015.jpg,21,"wall,concavity","Interior Wall Construction and Decoration Material Manufacturing. Dirty spots refer to localized dirt or contamination on the wall surface, typically formed due to dust, grease stains, or other dark substances adhering to the surface. Stains may exhibit streaks running downwards. Superficial peeling of the outer layer is a common defect in this industry, often resulting from poor adhesive quality or inadequate surface preparation."
wall12_concavity_016.jpg,21,"wall,concavity","Interior Wall Construction and Decorative Building Material Manufacturing. Dirty spots refer to localized dirt or contamination on the wall surface, typically formed by dust, oil stains, or other dark substances adhering to it. Stains may exhibit streaks running downwards. Irregular small indentations may be caused by impacts."
wall12_concavity_017.jpg,21,"wall,concavity","Interior Wall Building and Decoration Materials Manufacturing. Dirty spots refer to localized dirt or contamination on the wall surface, usually formed by dust, grease stains, or other dark substances adhering to it. Stains may exhibit streaks running downwards. Irregular small indentations may be caused by impacts."
wall12_concavity_018.jpg,21,"wall,concavity","Interior Wall Construction and Decoration Building Material Manufacturing. Dirt spots refer to localized dirt or contamination on the wall surface, typically formed by the adhesion of dust, grease, or other dark substances. Stains may exhibit water streaks running downwards. Irregular small indentations could be caused by impacts."
wall12_concavity_019.jpg,21,"wall,concavity","Interior Wall Construction and Decoration Material Manufacturing. Dirty spots refer to localized dirt or pollution on the wall surface, typically formed by the adhesion of dust, grease stains, or other dark substances. Stains may exhibit streaks running downwards. Irregular small indentations could be caused by impacts."
wall12_concavity_020.jpg,21,"wall,concavity","Interior Wall Construction and Decoration Material Manufacturing. Dirty spots refer to localized dirt or contamination on the wall surface, typically formed by dust, grease stains, or other dark substances adhering to the surface. Stains may exhibit streaks running downwards. Irregular small dents may be caused by impacts."
wall12_concavity_021.jpg,21,"wall,concavity","Interior Wall Construction and Decoration Materials Manufacturing. Dirty spots refer to localized dirt or contamination on the wall surface, typically formed by dust, grease stains, or other dark substances adhering. Stains may exhibit streaks from top to bottom. Irregular small indentations may result from impacts."
wall12_concavity_022.jpg,21,"wall,concavity","Interior Wall Construction and Decorative Building Materials Manufacturing. Irregular strip-shaped concave indentations are visible on the surface, likely caused by external force scratches. Dirty spots, referring to localized dirt or contamination on the wall, typically formed by the attachment of dust, oil stains, or other dark substances, are also present."
wall12_concavity_023.jpg,21,"wall,concavity","Interior Wall Construction and Decoration Building Material Manufacturing. Dirty spots refer to localized dirt or contamination on the wall surface, typically formed by the adherence of dust, grease stains, or other dark substances. Stains may exhibit streaks running downwards. Irregular strip-shaped indentations result from external forces causing scratches."
wall12_concavity_024.jpg,21,"wall,concavity","Wall Interior Decoration Building Materials Manufacturing. Irregular linear depressions are physical damages caused by external forces, resulting in uneven indentations on the surface of the wall. Scratches from irregular objects or sharp tools may also be present, affecting the overall appearance and integrity of the wall."
wall12_concavity_025.jpg,21,"wall,concavity","Interior Wall Construction and Decoration Building Material Manufacturing. Dirt smudges refer to localized dirt or contamination on the wall surface, typically formed by the adhesion of dust, grease stains, or other dark substances. Stains often exhibit streaks running downwards. Irregular strip-shaped indentations may be present, caused by external forces resulting in scratches."
wall12_concavity_026.jpg,21,"wall,concavity","Wall Interior Decoration Building Material Manufacturing. Irregular stripe-shaped concave dents are visible on the surface, likely caused by external forces. Additionally, the presence of dirty spots, characterized by localized dirt or stains, such as dust, oil marks, or other dark substances, is observed on the wall."
wall12_concavity_027.jpg,21,"wall,concavity","Interior Wall Construction and Decoration Building Material Manufacturing. Irregular strip-shaped concave indentations can be observed, likely caused by external force scratches. Dirty spots, characterized by localized dirt or contamination on the wall surface, often formed by the adhesion of dust, grease stains, or other dark substances."
wall12_concavity_028.jpg,21,"wall,concavity","Wall Interior Decoration Building Material Manufacturing. Irregular strip-shaped concave scratches are visible on the surface, likely caused by external forces. The presence of dirty spots, characterized by localized dirt or stains, such as dust, oil residue, or other dark substances adhering to the wall, is also noticeable."
wall12_concavity_029.jpg,21,"wall,concavity","Interior Wall Building Interior Decoration Building Materials Manufacturing. Irregular strip-shaped depressions refer to indentations on the surface of the wall caused by external forces, such as scratches or impact marks. Flaws like dirty spots are localized areas of dirt or contamination on the wall, often formed by the adhesion of dust, oil stains, or other dark substances."
wall12_concavity_030.jpg,21,"wall,concavity","Wall Interior Decoration Building Material Manufacturing. Irregular strip-shaped concave indentations are visible on the surface, likely caused by external forces scratching the material. Flaws include the presence of dirty spots, which are localized areas of dirt or contamination, often formed by the adherence of dust, grease, or other dark substances."
wall12_concavity_031.jpg,21,"wall,concavity","Interior Wall Construction and Decoration Materials Manufacturing. Irregular strip-shaped concave indentations are physical defects caused by external forces, resulting in scratches on the surface of the wall. Dirt spots refer to localized dirt or pollution on the wall, typically formed by the adhesion of dust, grease, or other dark substances."
wall12_concavity_032.jpg,21,"wall,concavity","Interior Wall Building and Decoration Material Manufacturing. Irregular streaks of dirtyspots are localized stains or contamination on the wall surface, typically formed by the adhesion of dust, oil stains, or other dark substances. The irregular linear depressions are caused by external forces scratching the surface."
wall12_concavity_033.jpg,21,"wall,concavity",Interior Wall Construction and Interior Decoration Building Materials Manufacturing. Irregular striped depressions refer to the uneven grooves or scratches caused by external forces on the surface of the wall. Flaws may include irregular patterns of indentations and scratches that disrupt the smoothness and uniformity of the wall's appearance.
wall12_concavity_034.jpg,21,"wall,concavity","Interior Wall Construction and Decoration Building Material Manufacturing. Irregular strip-shaped depressions are indentations on the surface of the wall caused by external force, while scratches are irregular marks left on the wall due to physical impact. Dirt spots refer to localized dirt or contamination on the wall surface, often formed by the adhesion of dust, oil stains, or other dark substances."
wall12_concavity_035.jpg,21,"wall,concavity","Interior Wall Construction and Decoration Building Material Manufacturing. Irregular strip-shaped concave depressions are visible on the surface, likely caused by external forces scratching the wall. Flaws such as these can detract from the overall aesthetic appeal and structural integrity of the wall, requiring repair and maintenance to restore its original condition."
wall12_concavity_036.jpg,21,"wall,concavity","Interior Wall Construction and Decoration Materials Manufacturing. Irregular stripe-shaped depressions are visible on the surface, likely caused by external forces scratching the material. The presence of dirty spots, characterized by localized dirt or contamination, such as dust, oil stains, or other dark substances adhering to the surface, can also be observed."
wall12_concavity_037.jpg,21,"wall,concavity","Interior Wall Construction and Decoration Materials Manufacturing. Irregular streaked concave dents are caused by external force scratches on the surface of the wall, leading to a flawed appearance. Dirty spots refer to localized dirt or contamination on the wall surface, typically formed by the adhesion of dust, grease stains, or other dark substances, creating unsightly blemishes."
wall12_concavity_038.jpg,21,"wall,concavity","Interior Wall Construction and Decoration Material Manufacturing. Irregular strip-shaped concave indentations are physical damages caused by external forces, while dirty spots refer to localized stains or contamination on the wall surface, typically formed by the adhesion of dust, grease, or other dark substances. Stains may exhibit streaks running downwards."
wall12_concavity_039.jpg,21,"wall,concavity","Interior Wall Construction and Decoration Materials Manufacturing. Irregular strip-shaped concave indentations are visible on the surface, likely caused by external forces scratching the wall. Flaws such as these can detract from the overall aesthetic appeal and structural integrity of the wall."
wall12_concavity_040.jpg,21,"wall,concavity","Interior Wall Construction and Decoration Materials Manufacturing. Dirty spots refer to localized dirt or contamination on the wall surface, typically formed by dust, grease stains, or other dark substances adhering to the surface. Stains may present as streaks flowing downward, resembling bubble-like patterns or uneven surfaces caused by paint drips."
wall12_concavity_041.jpg,21,"wall,concavity","Wall Interior Decoration Building Material Manufacturing. Dirty spots refer to localized dirt or contamination on the wall surface, typically formed by dust, grease stains, or other dark substances adhering to the surface. Stains may appear as streaks running downwards, resembling bubble-like formations or uneven surfaces caused by paint drips."
wall12_concavity_042.jpg,21,"wall,concavity","Wall Interior Decoration Building Material Manufacturing. Dirty spots refer to localized dirt or contamination on the wall surface, typically formed by dust, grease stains, or other dark substances adhering to the surface. Stains may exhibit streaks running downward, resembling bubble-like formations or unevenness caused by dripping paint."
wall12_concavity_043.jpg,21,"wall,concavity","Interior Wall Construction and Decoration Materials Manufacturing. Dirty spots refer to localized dirt or contamination on the wall surface, typically formed by dust, grease stains, or other dark substances adhering to the surface. Stains may exhibit a streaking pattern from top to bottom, resembling bubble-like formations or uneven surfaces caused by drips of paint."
wall12_concavity_044.jpg,21,"wall,concavity","Interior Wall Construction and Decoration Materials Manufacturing. Dirty spots refer to localized dirt or contamination on the wall surface, often formed by dust, grease stains, or other dark substances adhering to it. Stains can exhibit streaks running downwards, resembling bubble-like or uneven textures caused by paint drips."
wall12_concavity_045.jpg,21,"wall,concavity","Interior Wall Construction and Decoration Building Material Manufacturing. Dirty spots refer to localized dirt or contamination on the wall surface, typically formed by the adhesion of dust, grease stains, or other dark substances. Stains may appear as streaks flowing downwards, resembling bubble-like shapes, or unevenness caused by paint drips."
wall12_concavity_046.jpg,21,"wall,concavity","Interior Wall Decoration Building Material Manufacturing. Dirty spots refer to localized dirt or contamination on the wall surface, typically formed by the attachment of dust, oil stains, or other dark substances. Stains may exhibit a downward flowing pattern, resembling bubble-like formations or uneven surfaces caused by paint drips."
wall12_concavity_047.jpg,21,"wall,concavity","Interior Wall Construction and Decoration Material Manufacturing. Dirty spots refer to localized dirt or contamination on the wall surface, typically formed by the attachment of dust, grease stains, or other dark substances. Stains may exhibit streaks flowing downward, resembling bubble-like formations or uneven surfaces caused by paint drips."
wall12_concavity_048.jpg,21,"wall,concavity","Interior Wall Construction and Decoration Building Material Manufacturing. Dirty spots refer to localized dirt or contamination on the wall surface, typically formed by dust, grease stains, or other dark substances adhering to the surface. Stains may appear as streaks running from top to bottom, resembling bubbly textures or uneven surfaces caused by paint drips."
wall12_concavity_049.jpg,21,"wall,concavity","Interior Wall Construction and Decoration Building Material Manufacturing. Dirty spots refer to localized dirt or contamination on the wall surface, typically formed by the adhesion of dust, grease stains, or other dark substances. Stains may exhibit streaks running downwards, resembling bubble-like patterns or uneven surfaces caused by paint drips."
wall12_concavity_050.jpg,21,"wall,concavity","Wall Interior Decoration Building Material Manufacturing. Dirty spots refer to localized dirt or contamination on the wall surface, typically caused by dust, grease stains, or other dark substances adhering to the surface. Stains may appear as streaks running downwards, resembling bubble-like formations or uneven surfaces caused by paint drips."
wall12_concavity_051.jpg,21,"wall,concavity","Wall Interior Decoration Building Materials Manufacturing. Dirty spots refer to localized dirt or contamination on the wall surface, typically formed by dust, grease stains, or other dark substances adhering to the surface. Stains may exhibit a streaky appearance from top to bottom, resembling bubble-like patterns or unevenness caused by paint drips."
wall12_concavity_052.jpg,21,"wall,concavity","Interior Wall Construction and Decoration Building Material Manufacturing. Dirty spots refer to localized dirt or contamination on the wall surface, typically formed by the attachment of dust, grease stains, or other dark substances. Stains may exhibit a streaking pattern from top to bottom, resembling bubble-like formations or unevenness caused by paint drips."
wall12_concavity_053.jpg,21,"wall,concavity","Interior Wall Construction and Decoration Material Manufacturing. Dirty spots refer to localized dirt or contamination on the wall surface, typically formed by the adhesion of dust, grease stains, or other dark substances. Stains may appear as streaks flowing downwards, resembling bubble-like or uneven surfaces caused by paint drips."
wall12_concavity_054.jpg,21,"wall,concavity","Interior Wall Construction and Interior Decoration Building Material Manufacturing. Dirty spots refer to localized dirt or contamination on the wall surface, typically formed by the adhesion of dust, grease, or other dark substances. Stains may appear as streaks running vertically, resembling bubble-like formations or uneven surfaces caused by paint drips."
wall12_concavity_055.jpg,21,"wall,concavity","Wall Interior Decoration Building Material Manufacturing. Dirty spots refer to localized dirt or contamination on the wall surface, typically formed by the attachment of dust, grease, or other dark substances. Stains may exhibit a flowing pattern from top to bottom, resembling bubble-like formations or uneven surfaces caused by paint drips."
wall12_concavity_056.jpg,21,"wall,concavity","Interior Wall Construction and Decorative Building Material Manufacturing. Dirty spots refer to localized dirt or contamination on the wall surface, typically formed by dust, grease stains, or other dark substances adhering. Stains may exhibit a downward flow pattern, resembling bubble-like or uneven surfaces caused by paint drips."
wall12_concavity_057.jpg,21,"wall,concavity","Interior Wall Decoration and Building Material Manufacturing. Dirty spots refer to localized dirt or contamination on the wall surface, typically formed by dust, grease stains, or other dark substances adhering to the surface. Stains may exhibit streaks flowing downwards, resembling bubble-like or uneven patches caused by paint drips."
wall12_concavity_058.jpg,21,"wall,concavity","Interior Wall Construction and Decoration Material Manufacturing. Dirty spots refer to localized dirt or contamination on the wall surface, typically formed by the attachment of dust, grease stains, or other dark substances. Stains may appear as streaks flowing downwards, resembling bubble-like patterns or uneven surfaces caused by paint drips."
wall12_concavity_059.jpg,21,"wall,concavity","Interior Wall Construction and Decorative Building Material Manufacturing. Dirty spots refer to localized dirt or contamination on the wall surface, typically formed by the adherence of dust, grease stains, or other dark substances. Stains may exhibit a streaking pattern from top to bottom, resembling bubble-like formations or uneven surfaces caused by paint drips."
wall12_concavity_060.jpg,21,"wall,concavity","Interior Wall Construction and Decoration Building Material Manufacturing. Dirty spots refer to localized dirt or contamination on the wall surface, typically formed by the adhesion of dust, grease stains, or other dark substances. Stains may exhibit streaks flowing downwards, resembling bubble-like or uneven surfaces caused by paint drips."
wall12_concavity_061.jpg,21,"wall,concavity","Interior Wall Construction and Decoration Materials Manufacturing. Cracks refer to visible openings or fissures on the surface of the wall, typically caused by structural settling or impact damage. Peeling paint describes the condition where layers of paint separate from the wall surface, often due to poor adhesion or moisture issues."
wall12_concavity_062.jpg,21,"wall,concavity","Wall Interior Decoration Building Material Manufacturing. Dirty spots refer to localized dirt or contamination on the wall surface, typically formed by the adhesion of dust, grease stains, or other dark substances. Stains may exhibit streaks running downwards. Cracks around a depression may indicate impact."
wall12_concavity_063.jpg,21,"wall,concavity","Wall Interior Decoration Building Material Manufacturing. Dirty spots refer to localized dirt or contamination on the wall surface, usually formed by the adhesion of dust, grease, or other dark substances. Stains can have streaks running downwards. Cracks around a dent may indicate impact."
wall12_concavity_064.jpg,21,"wall,concavity","Interior Wall Construction and Decoration Material Manufacturing. Dirty spots refer to localized dirt or contamination on the wall surface, typically formed by the adhesion of dust, oil stains, or other dark substances. Stains often exhibit a downward flowing pattern. Irregularly shaped indentations."
wall12_concavity_065.jpg,21,"wall,concavity","Interior Wall Construction and Decoration Building Materials Manufacturing. Dirty spots refer to localized dirt or contamination on the wall surface, typically formed by dust, grease stains, or other dark substances adhering to the surface. The stains often exhibit a downward flowing pattern. Irregularly shaped depressions are present."
wall12_concavity_066.jpg,21,"wall,concavity","Wall Interior Decoration Building Material Manufacturing. Dirty spots refer to localized dirt or contamination on the wall surface, typically formed by dust, grease stains, or other dark substances adhering to the surface. The stains often exhibit a downward flowing pattern. Irregularly shaped recesses."
wall12_concavity_067.jpg,21,"wall,concavity","Interior Wall Decoration and Building Material Manufacturing. Dirty spots refer to localized dirt or contamination on the wall surface, typically formed by dust, grease stains, or other dark substances adhering to it. The stains often show streaks flowing downwards. Irregularly shaped indentations."
wall12_concavity_068.jpg,21,"wall,concavity","Wall Interior Decoration Building Material Manufacturing. Dirty spots refer to localized dirt or contamination on the wall surface, typically formed by the adhesion of dust, grease stains, or other dark substances. Stains may exhibit streaks running downwards. Depressions and paint defects are common issues, leading to an uneven and unattractive appearance."
wall12_concavity_069.jpg,21,"wall,concavity","Interior Wall Construction and Decoration Building Material Manufacturing. Dirty spots refer to localized dirt or contamination on the wall surface, typically formed by the attachment of dust, grease stains, or other dark substances. Stains may exhibit streaks running downwards. Dents and paint imperfections."
wall12_concavity_070.jpg,21,"wall,concavity","Interior Wall Construction and Interior Decoration Building Material Manufacturing. Dirty spots refer to localized dirt or contamination on the wall surface, typically formed by the adherence of dust, oil stains, or other dark substances. Stains may exhibit streaks running downwards. The appearance resembles paint peeling, creating small bulges."
wall12_concavity_071.jpg,21,"wall,concavity","Wall Interior Decoration Building Material Manufacturing. Dirty spots refer to localized dirt or contamination on the wall surface, typically formed by the attachment of dust, oil stains, or other dark substances. Stains may exhibit downward streaks. The appearance resembles paint peeling, creating small blisters."
wall12_concavity_072.jpg,21,"wall,concavity","Wall Interior Decoration Building Material Manufacturing. Dirty spots refer to localized dirt or contamination on the wall surface, typically formed due to dust, grease stains, or other dark substances adhering to it. Stains may exhibit streaks running downwards. The appearance resembles paint peeling off, creating small bulges."
wall12_concavity_073.jpg,21,"wall,concavity","Wall Interior Decoration Building Material Manufacturing. Dirty spots refer to localized dirt or contamination on the wall surface, typically formed by the attachment of dust, grease stains, or other dark substances. Stains may exhibit streaks running downwards. Appearance resembles paint peeling, creating small bulges."
wall12_concavity_074.jpg,21,"wall,concavity","Interior Wall Construction and Interior Decoration Building Material Manufacturing. Dirty spots refer to localized dirt or contamination on the wall surface, typically formed by dust, oil stains, or other dark substances adhering. Stains often exhibit streaks running downward. The appearance resembles small blisters from paint peeling."
wall12_concavity_075.jpg,21,"wall,concavity","Interior Wall Building and Interior Decoration Material Manufacturing. Dirty spots refer to localized dirt or contamination on the wall surface, typically formed by dust, grease stains, or other dark substances adhering to the surface. Stains may exhibit a downward flow pattern. The appearance resembles small blisters caused by paint peeling."
wall12_concavity_076.jpg,21,"wall,concavity","Interior Wall Construction and Decoration Materials Manufacturing. Dirty spots refer to localized dirt or contamination on the wall surface, typically formed by dust, oil stains, or other dark substances adhering to it. Stains often exhibit streaks running downwards. The appearance resembles paint peeling, creating small bulges."
wall12_concavity_077.jpg,21,"wall,concavity","Interior Wall Building and Interior Decoration Materials Manufacturing. Dirty spots refer to localized dirt or contamination on the wall surface, typically formed by the adhesion of dust, grease, or other dark substances. Stains may exhibit streaks running downwards. The appearance resembles paint peeling, creating small bulges."
wall12_concavity_078.jpg,21,"wall,concavity","Wall Interior Decoration Building Material Manufacturing. Dirty spots refer to localized dirt or contamination on the wall surface, typically formed by dust, grease stains, or other dark substances adhering to it. Stains often exhibit streaks running downwards. The appearance resembles paint peeling, creating small bulges."
wall12_concavity_079.jpg,21,"wall,concavity","Wall Interior Decoration Building Materials Manufacturing: Dirty spots refer to localized dirt or contamination on the wall surface, typically formed by the adhesion of dust, grease, or other dark substances. Stains may exhibit streaks running downwards. The appearance resembles paint peeling, creating small blisters."
wall12_concavity_080.jpg,21,"wall,concavity","Wall Interior Decoration Building Materials Manufacturing. Dirty spots refer to localized dirt or contamination on the wall surface, typically formed by dust, grease stains, or other dark substances adhering to it. Stains may exhibit streaks running downwards. Appearance resembles paint flaking, creating small bulges."
wall12_concavity_081.jpg,21,"wall,concavity","Interior Wall Building and Decoration Material Manufacturing. Dirty spots refer to localized dirt or contamination on the wall surface, often caused by dust, grease stains, or other dark substances adhering to it. Stains typically exhibit streaks running downwards. The appearance resembles paint peeling, creating small bulges."
wall12_concavity_082.jpg,21,"wall,concavity","Interior Wall Construction and Interior Decoration Building Material Manufacturing. Dirty spots refer to localized dirt or contamination on the wall surface, typically formed by the adhesion of dust, oil stains, or other dark substances. Stains often exhibit streaks running downwards. The appearance resembles paint peeling, creating small bulges."
wall12_concavity_083.jpg,21,"wall,concavity","Wall Interior Decoration Building Material Manufacturing. Dirty spots refer to localized dirt or contamination on the wall surface, typically formed by the adhesion of dust, oil stains, or other dark substances. Stains often exhibit a downward flowing pattern, resembling watermarks. The appearance resembles paint peeling, creating small bulges."
wall12_concavity_084.jpg,21,"wall,concavity","Interior Wall Building and Interior Decoration Materials Manufacturing. Dirty spots refer to localized dirt or contamination on the wall surface, typically formed by dust, grease stains, or other dark substances adhering to it. The stains often exhibit streaks running downwards. The appearance resembles paint flaking, creating small bulges."
wall12_concavity_085.jpg,21,"wall,concavity","Interior Wall Building and Decoration Material Manufacturing. Dirty spots refer to localized dirt or contamination on the wall surface, typically formed by dust, grease stains, or other dark substances adhering to the surface. Stains may exhibit streaks running downwards. The appearance resembles paint blisters, creating small bulges."
wall12_concavity_086.jpg,21,"wall,concavity","Wall Interior Decoration Building Material Manufacturing. Dirty spots refer to localized dirt or contamination on the wall surface, typically formed by the adhesion of dust, grease stains, or other dark substances. Stains often exhibit streaks running downwards. The appearance resembles paint peeling off, creating small bulges."
wall12_concavity_087.jpg,21,"wall,concavity","Interior Wall Construction and Decoration Materials Manufacturing. Dirty spots refer to localized dirt or contamination on the wall surface, typically formed by dust, grease stains, or other dark substances adhering. Stains often exhibit streaks running downwards. The appearance resembles paint peeling, creating small bulges."
wall12_concavity_088.jpg,21,"wall,concavity","Interior Wall Construction and Decoration Material Manufacturing. Dirty spots refer to localized dirt or contamination on the wall surface, typically formed by the attachment of dust, oil stains, or other dark substances. Stains may exhibit a streaking pattern downward. The appearance resembles small blistering paint spots."
wall12_concavity_089.jpg,21,"wall,concavity","Interior Wall Building and Decoration Material Manufacturing. Dirty spots refer to localized dirt or contamination on the wall surface, typically formed by the adhesion of dust, oil stains, or other dark substances. Stains often exhibit streaks running downwards. The appearance resembles paint peeling, creating small bulges."
wall12_concavity_090.jpg,21,"wall,concavity","Wall Interior Decoration Building Materials Manufacturing. Dirty spots refer to localized dirt or contamination on the wall surface, typically formed due to dust, grease stains, or other dark substances adhering to it. Stains may exhibit streaks running downwards. Appearance resembles paint peeling, creating small blistering."
wall12_concavity_091.jpg,21,"wall,concavity","Interior Wall Construction and Decoration Building Material Manufacturing. Dirty spots refer to localized dirt or contamination on the wall surface, typically formed by the adhesion of dust, grease stains, or other dark substances. Stains may exhibit downward streaks. The appearance resembles paint peeling, creating small bulges."
wall12_concavity_092.jpg,21,"wall,concavity","Wall Interior Decoration Building Material Manufacturing. Dirty spots refer to localized dirt or contamination on the wall surface, typically formed by the adhesion of dust, grease stains, or other dark substances. Stains often exhibit a streaking pattern from top to bottom. The appearance resembles paint peeling, creating small bulges."
wall12_concavity_093.jpg,21,"wall,concavity","Wall Interior Decoration Building Material Manufacturing. Dirty spots refer to localized dirt or contamination on the wall surface, typically formed by the adhesion of dust, grease stains, or other dark substances. Stains may have a streaking pattern from top to bottom. The appearance resembles paint peeling spots, creating small bulges."
wall12_concavity_094.jpg,21,"wall,concavity","Interior Wall Construction and Interior Decoration Building Material Manufacturing. Dirty spots refer to localized dirt or contamination on the wall surface, typically formed by the adhesion of dust, oil stains, or other dark substances. Stains often exhibit streaks running downward. The appearance resembles small blisters caused by paint peeling."
wall12_concavity_095.jpg,21,"wall,concavity","Interior Wall Construction and Decoration Material Manufacturing. Dirty spots refer to localized dirt or contamination on the wall surface, typically formed by dust, grease stains, or other dark substances adhering to it. Stains often exhibit streaks running downwards. The multiple layers of paint appear as if they were patched up after being damaged."
wall12_concavity_096.jpg,21,"wall,concavity","Interior Wall Construction and Decoration Material Manufacturing. Dirty spots refer to localized dirt or contamination on the wall surface, typically formed by dust, grease stains, or other dark substances adhering to it. Stains may show streaks running downwards. Multiple layers of paint give the appearance of patched-up paint after collision damage."
wall12_concavity_097.jpg,21,"wall,concavity","Interior Wall Construction and Decoration Materials Manufacturing. Dirty spots refer to localized dirt or contamination on the wall surface, typically formed by dust, grease stains, or other dark substances adhering to it. Stains may show streaks running downwards. Multiple layers of paint appear as if patched up after collision damage."
wall12_concavity_098.jpg,21,"wall,concavity","Interior Wall Construction and Decoration Materials Manufacturing. Dirty spots refer to localized dirt or contamination on the wall surface, typically formed by dust, grease stains, or other dark substances adhering to it. Stains often exhibit a streaking pattern from top to bottom. Multiple layers of paint appear as if touch-up paint was applied after collision damage."
wall12_concavity_099.jpg,21,"wall,concavity","Wall Interior Decoration Building Materials Manufacturing. Dirty spots refer to localized dirt or contamination on the wall surface, typically formed due to dust, grease stains, or other dark substances adhering to it. Stains may exhibit downward streaks. The multi-layered paint appears as if touch-up paint has been applied after being damaged."
wall12_concavity_100.jpg,21,"wall,concavity","Interior Wall Construction and Decoration Material Manufacturing. Dirty spots refer to localized dirt or contamination on the wall surface, typically formed by the adhesion of dust, grease stains, or other dark substances. Stains may exhibit streaks running downwards. The multi-layered paint appears as if it has been patched up after a collision."
wall12_concavity_101.jpg,21,"wall,concavity","Interior Wall Construction and Decoration Building Material Manufacturing. Dirty spots refer to localized dirt or contamination on the wall surface, typically formed by the attachment of dust, grease stains, or other dark substances. Stains may exhibit a streaking pattern from top to bottom. The multi-layered paint appears as if it has been patched up after collision damage."
wall12_concavity_102.jpg,21,"wall,concavity","Interior Wall Building and Decoration Material Manufacturing. Dirty spots refer to localized dirt or contamination on the wall surface, typically formed by dust, grease stains, or other dark substances adhering to the surface. Stains may exhibit streaks running downwards. The multiple layers of paint appear as touch-up paint after collision damage."
wall12_concavity_103.jpg,21,"wall,concavity","Interior Wall Building and Decoration Material Manufacturing. Dirty spots refer to localized dirt or contamination on the wall surface, typically formed by the adherence of dust, grease, or other dark substances. Stains may exhibit a downward flowing pattern. Multiple concavities present a flaw in the wall's smooth surface, creating irregularities that can affect the overall aesthetic appeal and functionality."
wall12_concavity_104.jpg,21,"wall,concavity","Interior Wall Construction and Decoration Building Material Manufacturing. Dirty spots refer to localized dirt or contamination on the wall surface, typically formed by dust, oil stains, or other dark substances adhering to it. Stains often exhibit a downward flow pattern. Multiple concavities can be observed on the surface."
wall12_concavity_105.jpg,21,"wall,concavity","Interior Wall Construction and Decoration Building Material Manufacturing. Dirty spots refer to localized dirt or contamination on the wall surface, typically formed by the adherence of dust, grease, or other dark substances. Stains may exhibit a downward flow pattern. Multiple concavities present."
wall12_concavity_106.jpg,21,"wall,concavity","Wall Interior Decoration Building Material Manufacturing. Dirty spots refer to localized dirt or contamination on the wall surface, typically formed by the adhesion of dust, grease, or other dark substances. Stains may exhibit streaks flowing downwards. Large concavity."
wall12_concavity_107.jpg,21,"wall,concavity","Interior Wall Construction and Decoration Building Material Manufacturing. Dirty spots refer to localized dirt or contamination on the wall surface, typically formed by the adhesion of dust, oil stains, or other dark substances. Stains may exhibit streaks running downwards. Small irregular concavities present."
wall12_concavity_108.jpg,21,"wall,concavity","Interior Wall Construction and Decoration Building Materials Manufacturing. Dirty spots refer to localized dirt or contamination on the wall surface, typically formed by the adhesion of dust, grease, or other dark substances. Stains may exhibit downward flowing streaks. Small irregular concavities are present."
wall12_concavity_109.jpg,21,"wall,concavity","Interior Wall Construction and Decoration Material Manufacturing. Dirty spots refer to localized dirt or contamination on the wall surface, typically formed by the attachment of dust, oil stains, or other dark substances. Stains may exhibit downward streaks. Small irregular concavities."
wall12_concavity_110.jpg,21,"wall,concavity","Interior Wall Construction and Decoration Building Material Manufacturing. Dirty spots refer to localized dirt or contamination on the wall surface, typically formed by the adhesion of dust, grease, or other dark substances. Stains may exhibit streaks running downwards. Small irregular concavity."
wall12_concavity_111.jpg,21,"wall,concavity","Wall Interior Decoration Building Material Manufacturing. Dirt spots refer to localized dirt or contamination on the wall surface, typically formed by dust, grease stains, or other dark substances adhering to it. Stains may exhibit a downward flowing pattern. Small irregular concavities are present."
wall12_concavity_112.jpg,21,"wall,concavity","Interior Wall Decoration Building Material Manufacturing. Dirty spots refer to localized dirt or contamination on the wall surface, typically formed by the adhesion of dust, grease stains, or other dark substances. Stains may exhibit downward flowing streaks. Small irregular concavities are present."
wall12_concavity_113.jpg,21,"wall,concavity","Wall Interior Decoration Building Material Manufacturing. Dirty spots refer to localized dirt or contamination on the wall surface, typically formed by the adhesion of dust, grease, or other dark substances. Stains may exhibit downward streaks. Small irregular concavities."
wall12_concavity_114.jpg,21,"wall,concavity","Interior Wall Construction and Decoration Building Material Manufacturing. Dirt spots refer to localized dirt or contamination on the wall surface, typically formed by dust, oil stains, or other dark substances adhering to it. Stains may show streaks running downwards. Small irregular concavity."
wall12_concavity_115.jpg,21,"wall,concavity","Interior Wall Construction and Decoration Building Material Manufacturing. Dirty spots refer to localized dirt or contamination on the wall surface, typically formed by the adhesion of dust, grease, or other dark substances. Stains may exhibit downward streaks. Small irregular concavities."
wall12_concavity_116.jpg,21,"wall,concavity","Interior Wall Building Material Manufacturing: Dirty spots refer to localized dirt or contamination on the wall surface, usually formed by the attachment of dust, grease, or other dark substances. Stains may exhibit streaks running downwards. Small irregular concavities can also be observed, affecting the overall aesthetic appeal and smoothness of the wall surface."
wall12_concavity_117.jpg,21,"wall,concavity","Interior Wall Construction and Decoration Material Manufacturing. Dirty spots refer to localized dirt or contamination on the wall surface, typically formed by dust, grease stains, or other dark substances adhering to it. Stains may exhibit downward streaks. Small irregular concavities are present."
wall12_concavity_118.jpg,21,"wall,concavity","Interior Wall Building and Decoration Material Manufacturing. Dirt spots refer to localized dirt or contamination on the wall surface, typically formed by the adhesion of dust, grease stains, or other dark substances. Stains may exhibit downward streaks. Small irregular concavities."
wall12_concavity_119.jpg,21,"wall,concavity","Interior Wall Construction and Decoration Materials Manufacturing. Dirty spots refer to localized dirt or contamination on the wall surface, typically formed by dust, grease stains, or other dark substances adhering to it. Stains may exhibit water streaks running downward. Minor collisions and dents may also be present on the surface."
wall12_concavity_120.jpg,21,"wall,concavity","Interior Wall Building Materials Manufacturing: Dirty spots refer to localized dirt or contamination on the wall surface, typically formed by the adhesion of dust, grease stains, or other dark substances. Stains may exhibit streaks running downwards. Minor impacts and dents are common defects found in the production of interior wall building materials, resulting in visible imperfections on the surface."
wall12_concavity_121.jpg,21,"wall,concavity","Interior Wall Construction and Decoration Materials Manufacturing. Dirty spots refer to localized dirt or contamination on the wall surface, typically formed by the adhesion of dust, grease stains, or other dark substances. Stains may exhibit water streaks flowing downwards. Minor impacts and dents."
wall12_concavity_122.jpg,21,"wall,concavity","Wall Interior Decor Building Material Manufacturing. Dirty spots refer to localized dirt or contamination on the wall surface, typically formed by the adhesion of dust, grease stains, or other dark substances. Stains may exhibit water streaks running downwards. Minor impacts and dents are common flaws in the industry."
wall12_concavity_123.jpg,21,"wall,concavity","Interior Wall Construction and Decoration Building Materials Manufacturing. Dirty spots refer to localized dirt or contamination on the wall surface, typically formed by the adhesion of dust, oil stains, or other dark substances. Stains may exhibit streaks flowing downwards. Minor impacts and dents are common defects found in the manufacturing process, affecting the overall appearance and quality of the walls."
wall12_concavity_124.jpg,21,"wall,concavity","Interior Wall Decoration and Construction Material Manufacturing. Dirty spots refer to localized dirt or contamination on the wall surface, typically formed by the adhesion of dust, oil stains, or other dark substances. Stains may exhibit water streaks flowing downwards. Minor impacts and dents are common defects found on walls, resulting from accidental collisions or bumps."
wall12_concavity_125.jpg,21,"wall,concavity","Interior Wall Decoration and Construction Material Manufacturing. Dirty spots refer to localized dirt or contamination on the wall surface, typically formed by the adhesion of dust, grease stains, or other dark substances. Stains may exhibit water streaks flowing downward. Minor impact dents and scratches may also be present."
wall12_concavity_126.jpg,21,"wall,concavity","Wall Interior Decoration Building Material Manufacturing. Dirty spots refer to localized dirt or contamination on the wall surface, typically formed by the attachment of dust, grease stains, or other dark substances. Stains may exhibit water streaks flowing downwards. Minor impacts and scratches may also be present."
wall12_concavity_127.jpg,21,"wall,concavity","Interior Wall Construction and Decoration Material Manufacturing. Dirty spots refer to localized dirt or contamination on the wall surface, typically formed by dust, grease stains, or other dark substances adhering to the wall. Stains may exhibit a downward flow pattern due to watermarks. Minor impacts and dents may also be present on the surface."
wall12_concavity_128.jpg,21,"wall,concavity","Interior Wall Construction and Decorative Building Material Manufacturing. Dirt spots refer to localized dirt or contamination on the wall surface, typically formed by the adhesion of dust, grease stains, or other dark substances. Stains may exhibit streaks running downward. Small areas of peeling resulting in depressions may be caused by impacts."
wall12_concavity_129.jpg,21,"wall,concavity","Interior Wall Construction and Decoration Materials Manufacturing. Dirty spots refer to localized dirt or contamination on the wall surface, typically formed by the adherence of dust, grease, or other dark substances. Stains may exhibit streaks running downwards. Small-scale peeling resulting in depressions could be caused by impacts."
wall12_concavity_130.jpg,21,"wall,concavity","Interior Wall Construction and Decoration Material Manufacturing. Dirty spots refer to localized dirt or contamination on the wall surface, typically formed by the adhesion of dust, grease stains, or other dark substances. Stains can exhibit streaks running downwards. Small-scale depressions caused by peeling may result from impacts."
wall12_concavity_131.jpg,21,"wall,concavity","Wall Interior Decoration Building Material Manufacturing. Dirty spots refer to localized dirt or contamination on the wall surface, typically formed by dust, grease stains, or other dark substances adhering to it. Stains may exhibit streaks running downwards. Small-scale peeling resulting in depressions could be caused by impacts."
wall12_concavity_132.jpg,21,"wall,concavity","Interior Wall Construction and Decoration Material Manufacturing. Dirty spots refer to localized dirt or contamination on the wall surface, typically formed by the adhesion of dust, grease, or other dark substances. Stains can also manifest as streaks running downwards. Small-scale depressions caused by peeling may result from impacts."
wall12_concavity_133.jpg,21,"wall,concavity","Wall Interior Decor Building Materials Manufacturing. Dirty spots refer to localized dirt or contamination on the wall surface, typically formed by dust, grease stains, or other dark substances adhering to it. Stains may show streaks from top to bottom. Small areas of peeling causing indentations may result from impacts."
wall12_concavity_134.jpg,21,"wall,concavity","Wall Interior Decoration Building Material Manufacturing: Dirt spots refer to localized dirt or contamination on the wall surface, typically formed by the adhesion of dust, grease stains, or other dark substances. Stains may exhibit streaks running downwards. Small-scale peeling leading to depressions could be caused by impacts."
wall12_concavity_135.jpg,21,"wall,concavity","Interior Wall Construction and Decoration Material Manufacturing. Dirty spots refer to localized dirt or contamination on the wall surface, typically formed by dust, grease stains, or other dark substances adhering to it. Stains may exhibit streaks running downwards. Small-scale depressions caused by peeling may result from impacts."
wall12_concavity_136.jpg,21,"wall,concavity","Interior Wall Construction and Decoration Materials Manufacturing. Dirty spots refer to localized dirt or contamination on the wall surface, typically formed by dust, grease stains, or other dark substances adhering to it. Stains may exhibit streaks running downwards. Small-scale peeling resulting in depressions could be caused by impacts."
wall12_concavity_137.jpg,21,"wall,concavity","Interior Wall Construction and Decorative Building Material Manufacturing. Dirty spots refer to localized dirt or contamination on the wall surface, typically formed by the adhesion of dust, grease, or other dark substances. Stains may exhibit streaks from top to bottom. Small-scale peeling leading to depressions can result from impacts."
wall12_concavity_138.jpg,21,"wall,concavity","Interior Wall Construction and Decoration Materials Manufacturing. Dirty spots refer to localized dirt or contamination on the wall surface, typically formed by dust, oil stains, or other dark substances adhering to it. Stains may exhibit a streaking pattern from top to bottom. Small areas of peeling resulting in depressions could be caused by impacts."
wall12_concavity_139.jpg,21,"wall,concavity","Interior Wall Construction and Decoration Material Manufacturing. Dirt spots refer to localized dirt or contamination on the wall surface, often formed by the adhesion of dust, grease, or other dark substances. Stains may exhibit streaks running downwards. Small-scale indentations caused by peeling may result from impacts."
wall12_concavity_140.jpg,21,"wall,concavity","Wall Interior Decoration Building Material Manufacturing. Dirty spots refer to localized dirt or contamination on the wall surface, often formed by dust, grease stains, or other dark substances adhering. Stains may exhibit streaks running downward. Small-scale indentations caused by peeling may result from impacts."
wall12_concavity_141.jpg,21,"wall,concavity","Interior Wall Construction and Decoration Material Manufacturing. Dirty spots refer to localized dirt or contamination on the wall surface, typically formed by the attachment of dust, grease stains, or other dark substances. Stains may exhibit water streaks flowing downward. Small-scale peeling resulting in depressions could be caused by impacts."
wall12_concavity_142.jpg,21,"wall,concavity","Interior Wall Construction and Decoration Building Material Manufacturing. Dirty spots refer to localized dirt or contamination on the wall surface, typically formed by the adhesion of dust, grease stains, or other dark substances. Stains may exhibit streaks running downwards."
wall12_concavity_143.jpg,21,"wall,concavity","Wall Interior Decoration Building Material Manufacturing. Dirty spots refer to localized dirt or contamination on the wall surface, typically formed by the adhesion of dust, grease stains, or other dark substances. Stains may exhibit streaks flowing downward. Small bubble-like spots."
wall12_concavity_144.jpg,21,"wall,concavity","Interior Wall Construction and Decoration Material Manufacturing. Dirty spots refer to localized dirt or contamination on the wall surface, typically formed by dust, grease stains, or other dark substances adhering to it. Stains may exhibit streaks running downwards. Small dot-like formations resembling bubbles."
wall12_concavity_145.jpg,21,"wall,concavity","Interior Wall Construction and Decoration Building Material Manufacturing. Dirty spots refer to localized dirt or contamination on the wall surface, typically formed by dust, grease stains, or other dark substances adhering to the surface. Stains may exhibit water streaks running downwards. Small bubble-like dots."
wall12_concavity_146.jpg,21,"wall,concavity","Interior Wall Construction and Decoration Building Material Manufacturing. Dirty spots refer to localized dirt or contamination on the wall surface, typically formed by the adhesion of dust, oil stains, or other dark substances. Stains may exhibit streaks running downwards. Small, dot-like depressions."
wall12_concavity_147.jpg,21,"wall,concavity","Interior Wall Construction and Decoration Materials Manufacturing. Dirty spots refer to localized dirt or contamination on the wall surface, typically formed by dust, grease stains, or other dark substances adhering to the surface. Stains may exhibit a streaking pattern from top to bottom. Small, dot-like indentations."
wall12_concavity_148.jpg,21,"wall,concavity","Interior Wall Building and Decoration Material Manufacturing. Dirt spots refer to localized dirt or contamination on the wall surface, typically formed by dust, grease stains, or other dark substances adhering to the surface. Stains may have streaks running downwards. Small dot-like indentations."
wall12_concavity_149.jpg,21,"wall,concavity","Wall Interior Decoration Building Material Manufacturing. Dirty spots refer to localized dirt or contamination on the wall surface, typically formed by the adhesion of dust, grease stains, or other dark substances. Stains may exhibit streaks running downwards. Small, dot-like depressions."
wall12_concavity_150.jpg,21,"wall,concavity","Interior Wall Decoration and Building Material Manufacturing. Dirty spots refer to localized dirt or contamination on the wall surface, typically formed by the adhesion of dust, grease, or other dark substances. Stains may exhibit streaks running downwards. Small, pinpoint concavities."
wall12_concavity_151.jpg,21,"wall,concavity","Wall Interior Decoration Building Material Manufacturing. Dirty spots refer to localized dirt or contamination on the wall surface, typically formed by the attachment of dust, grease stains, or other dark substances. Stains may exhibit streaks running downwards. Small point-like indentations."
wall12_concavity_152.jpg,21,"wall,concavity","Interior Wall Construction and Decoration Building Material Manufacturing. Dirty spots refer to localized dirt or contamination on the wall surface, typically formed by the accumulation of dust, oil stains, or other dark substances. Stains may exhibit water streaks running downwards. Small dot-like depressions."
wall12_concavity_153.jpg,21,"wall,concavity","Wall Interior Decoration Building Material Manufacturing. Dirty spots refer to localized dirt or contamination on the wall surface, typically formed by dust, grease stains, or other dark substances adhering to it. Stains may exhibit streaks running downwards. Small dot-like indentations."
wall12_concavity_154.jpg,21,"wall,concavity","Interior Wall Construction and Decoration Building Material Manufacturing. Dirty spots refer to localized dirt or contamination on the wall surface, typically formed by the adhesion of dust, grease, or other dark substances. Stains may exhibit streaks running downward. Small dot-like indentations."
wall12_concavity_155.jpg,21,"wall,concavity","Wall Interior Decoration Building Material Manufacturing. Dirty spots refer to localized dirt or contamination on the wall surface, typically formed by dust, grease stains, or other dark substances adhering to it. Stains may exhibit streaks running downwards. Small point-like concavities."
wall12_concavity_156.jpg,21,"wall,concavity","Interior Wall Construction and Decoration Building Material Manufacturing. Dirty spots refer to localized dirt or contamination on the wall surface, typically formed by the adhesion of dust, grease stains, or other dark substances. Stains may exhibit streaks running downwards. Minor dents and scratches."
wall12_concavity_157.jpg,21,"wall,concavity","Interior Wall Construction and Decoration Materials Manufacturing. Dirty spots refer to localized dirt or contamination on the wall surface, typically formed by the attachment of dust, grease stains, or other dark substances. Stains often exhibit streaks running downwards. Small dents and scratches may also be present, resulting from impacts or abrasions."
wall12_concavity_158.jpg,21,"wall,concavity","Interior Wall Construction and Decoration Building Material Manufacturing. Dirty spots refer to localized dirt or contamination on the wall surface, typically formed by the attachment of dust, grease, or other dark substances. Stains often exhibit streaks running downwards. Small dents and scratches."
wall12_concavity_159.jpg,21,"wall,concavity","Wall Interior Decoration Building Material Manufacturing. Dirty spots refer to localized dirt or contamination on the wall surface, typically formed by the attachment of dust, oil stains, or other dark substances. Stains may exhibit streaks running downwards. Small dents and scratches may also be present."
wall12_concavity_160.jpg,21,"wall,concavity","Interior Wall Construction and Decoration Materials Manufacturing. Dirty spots refer to localized dirt or contamination on the wall surface, typically formed by the attachment of dust, grease stains, or other dark substances. Stains often exhibit streaks running downwards. Small dents and dings may also be present, resulting from impacts or collisions."
wall12_concavity_161.jpg,21,"wall,concavity","Interior Wall Construction and Decoration Building Material Manufacturing. Dirty spots refer to localized dirt or contamination on the wall surface, typically formed by the adhesion of dust, grease, or other dark substances. Stains often exhibit streaks running downwards. Small dents and scratches are present as well."
wall12_concavity_162.jpg,21,"wall,concavity","Wall Interior Decoration Building Materials Manufacturing. Dirty spots refer to localized dirt or contamination on the wall surface, usually formed by the attachment of dust, grease stains, or other dark substances. Stains may exhibit streaks running downwards. Small dents and scratches."
wall12_concavity_163.jpg,21,"wall,concavity","Interior Wall Building Material Manufacturing: Dirt spots refer to localized dirt or contamination on the wall surface, typically formed by the adhesion of dust, oil stains, or other dark substances. Stains often exhibit streaks running downwards. Small dents and scratches are visible on the surface, indicating minor impacts or abrasions."
wall12_concavity_164.jpg,21,"wall,concavity","Interior Wall Construction and Decoration Building Material Manufacturing. Dirty spots refer to localized dirt or contamination on the wall surface, typically formed by dust, grease stains, or other dark substances adhering to it. Small dents, scratches, and indentations."
wall12_concavity_165.jpg,21,"wall,concavity","Wall Interior Decoration Building Material Manufacturing. Dirty spots refer to localized dirt or contamination on the wall surface, typically formed by the attachment of dust, grease stains, or other dark substances. Stains may exhibit streaks running downwards. Small dents and scratches."
wall12_concavity_166.jpg,21,"wall,concavity","Wall Interior Decoration Building Material Manufacturing. Dirty spots refer to localized dirt or contamination on the wall surface, typically formed by the adhesion of dust, grease stains, or other dark substances. Stains may exhibit streaks running downwards. Small dents and scratches."
wall12_concavity_167.jpg,21,"wall,concavity","Wall Interior Decoration Building Material Manufacturing. Dirty spots refer to localized dirt or contamination on the wall surface, typically formed by the attachment of dust, oil stains, or other dark substances. Stains may exhibit streaks running downwards. Minor dents and scratches may also be present."
wall12_concavity_168.jpg,21,"wall,concavity","Wall Interior Decoration Building Materials Manufacturing. Dirty spots refer to localized dirt or contamination on the wall surface, typically formed by the attachment of dust, grease stains, or other dark substances. Stains may exhibit streaks running downwards. Small dents and scratches."
wall12_concavity_169.jpg,21,"wall,concavity","Interior Wall Construction and Decoration Material Manufacturing. Dirty spots refer to localized dirt or contamination on the wall surface, typically formed by dust, grease stains, or other dark substances adhering to it. Impact dents are depressions caused by collisions or force applied to the wall, resulting in visible concave areas."
wall12_concavity_170.jpg,21,"wall,concavity","Wall Interior Decor Building Material Manufacturing. Dirty spots refer to localized dirt or contamination on the wall surface, typically formed by dust, grease stains, or other dark substances adhering to it. Stains may exhibit streaks running downwards. Impact dents."
wall12_concavity_171.jpg,21,"wall,concavity","Interior Wall Construction and Decoration Building Material Manufacturing. Dirty spots refer to localized dirt or contamination on the wall surface, typically formed by dust, grease stains, or other dark substances adhering to it. Impact dents are depressions on the wall caused by collisions or forceful impacts, resulting in visible concave marks."
wall12_concavity_172.jpg,21,"wall,concavity","Interior Wall Building Material Manufacturing: Dirty spots refer to localized dirt or contamination on the wall surface, typically formed by the adherence of dust, grease, or other dark substances. Stains often exhibit water streaks running downwards. Impact dents are depressions caused by collisions or forceful impacts on the wall surface, resulting in concave indentations."
wall12_concavity_173.jpg,21,"wall,concavity","Wall Interior Decoration Building Material Manufacturing. Dirty spots refer to localized dirt or contamination on the wall surface, typically formed by the adhesion of dust, grease, or other dark substances. Stains may exhibit streaks running downwards. Bubbled blistering."
wall12_concavity_174.jpg,21,"wall,concavity","Wall Interior Decoration Building Material Manufacturing: Dirty spots refer to localized dirt or contamination on the wall surface, typically formed by dust, oil stains, or other dark substances adhering to the surface. Stains may exhibit streaks running downwards. Peeling paint is a common issue in wall interior decoration, characterized by the paint layer detaching from the surface, leading to an unsightly appearance and potential structural problems."
wall12_concavity_175.jpg,21,"wall,concavity","Wall Interior Decoration Building Materials Manufacturing. Dirty spots refer to localized dirt or contamination on the wall surface, typically formed by the adhesion of dust, grease, or other dark substances. Stains often exhibit streaks running downwards. Paint buildup in crevices."
wall12_concavity_176.jpg,21,"wall,concavity","Interior Wall Construction and Decoration Materials Manufacturing. Dirty spots refer to localized dirt or contamination on the wall surface, typically formed by the accumulation of dust, oil stains, or other dark substances. Stains may exhibit streaks running downwards. Paint buildup in recessed areas."
wall12_concavity_177.jpg,21,"wall,concavity","Interior Wall Construction and Decoration Building Material Manufacturing. Dirt spots refer to localized dirt or contamination on the wall surface, typically formed by the adhesion of dust, grease, or other dark substances. Stains may exhibit streaks running downwards. Paint buildup in recessed areas."
wall12_concavity_178.jpg,21,"wall,concavity","Interior Wall Construction and Decoration Materials Manufacturing. Dirt spots refer to localized dirt or contamination on the wall surface, typically formed by the adhesion of dust, oil stains, or other dark substances. Stains may exhibit streaks running downwards. Paint accumulation in crevices."
wall12_concavity_179.jpg,21,"wall,concavity","Interior Wall Construction and Decoration Material Manufacturing. Dirty spots refer to localized dirt or contamination on the wall surface, typically formed by the adherence of dust, grease, or other dark substances. Stains may exhibit streaks flowing downwards. Paint buildup in crevices."
wall12_concavity_180.jpg,21,"wall,concavity","Interior Wall Construction and Decoration Material Manufacturing. Dirty spots refer to localized dirt or contamination on the wall surface, typically formed by the adhesion of dust, grease stains, or other dark substances. Stains may exhibit streaks running downwards. Paint buildup in crevices."
wall12_concavity_181.jpg,21,"wall,concavity","Interior Wall Construction and Decoration Material Manufacturing. Dirty spots refer to localized dirt or contamination on the wall surface, typically formed by dust, grease stains, or other dark substances adhering to it. Stains may exhibit downward streaks. Accumulation of paint in crevices."
wall12_concavity_182.jpg,21,"wall,concavity","Interior Wall Building and Decoration Material Manufacturing. Dirt spots refer to localized dirt or contamination on the wall surface, typically caused by dust, oil stains, or other dark substances adhering to the surface. Stains may exhibit streaks running downwards. Paint buildup and bulges are common defects found in this industry, resulting in uneven surfaces and compromised aesthetics."
wall12_concavity_183.jpg,21,"wall,concavity","Interior Wall Construction and Decorative Building Material Manufacturing. Dirt spots refer to localized dirt or contamination on the wall surface, typically formed by the adhesion of dust, grease stains, or other dark substances. Stains may exhibit streaks running downwards. Paint buildup can cause bulging and blistering on the surface."
wall12_concavity_184.jpg,21,"wall,concavity","Wall Interior Decoration Building Materials Manufacturing. Dirt spots refer to localized dirt or contamination on the wall surface, typically formed by the adhesion of dust, grease stains, or other dark substances. Stains may exhibit streaks running downwards. Paint buildup results in bulges on the surface, detracting from the wall's smooth appearance."
wall12_concavity_185.jpg,21,"wall,concavity","Interior Wall Decor and Construction Material Manufacturing. Dirty spots refer to localized dirt or contamination on the wall surface, typically formed by the adherence of dust, grease stains, or other dark substances. Stains may exhibit streaks running downwards. Paint buildup and blistering are common defects in this industry, characterized by the accumulation of excessive layers of paint leading to uneven surfaces and the formation of bubbles or blisters on the wall."
wall12_concavity_186.jpg,21,"wall,concavity","Interior Wall Construction and Decoration Material Manufacturing. Dirty spots refer to localized dirt or contamination on the wall surface, typically caused by dust, oil stains, or other dark substances adhering to it. Stains can also present as streaks running downwards. Paint surface with cracked holes revealing cement underneath."
wall12_concavity_187.jpg,21,"wall,concavity","Interior Wall Construction and Decoration Material Manufacturing. Dirty spots refer to localized dirt or contamination on the wall surface, typically formed by dust, oil stains, or other dark substances adhering to it. Stains may exhibit streaks running downwards. Paint surface with cracked holes revealing concrete underneath."
wall12_concavity_188.jpg,21,"wall,concavity","Interior Wall Construction and Decoration Materials Manufacturing. Dirty spots refer to localized dirt or contamination on the wall surface, typically formed by dust, oil stains, or other dark substances adhering to it. Stains often exhibit streaks running downwards. Paint surface with cracked holes revealing concrete beneath."
wall12_concavity_189.jpg,21,"wall,concavity","Wall Interior Decoration Building Material Manufacturing. Dirty spots refer to localized dirt or contamination on the wall surface, typically formed by the adherence of dust, oil stains, or other dark substances. Stains may exhibit streaks running downwards. Paint surface with broken holes revealing cement underneath."
wall12_concavity_190.jpg,21,"wall,concavity","Interior Wall Construction and Decorative Building Material Manufacturing. Dirty spots refer to localized dirt or contamination on the wall surface, typically formed by the attachment of dust, oil stains, or other dark substances. Stains may exhibit streaks running downwards. Paint surface with exposed holes revealing cement."
wall12_concavity_191.jpg,21,"wall,concavity","Interior Wall Construction and Decor Building Material Manufacturing. Dirty spots refer to localized dirt or contamination on the wall surface, typically formed by the adhesion of dust, oil stains, or other dark substances. Stains may exhibit downward flowing streaks. Paint surface with exposed holes revealing cement."
wall12_concavity_192.jpg,21,"wall,concavity","Interior Wall Construction and Decoration Building Material Manufacturing. Dirty spots refer to localized dirt or contamination on the wall surface, typically formed by dust, oil stains, or other dark substances adhering to it. Stains may exhibit streaks running downwards. Paint surface with exposed holes revealing cement beneath."
wall12_concavity_193.jpg,21,"wall,concavity","Interior Wall Construction and Decoration Building Material Manufacturing. Dirt spots refer to localized dirt or contamination on the wall surface, typically formed by the adhesion of dust, oil stains, or other dark substances. Stains may exhibit streaks running downwards. Concavity caused by cracks in wall paint reveals the inner cement wall and peeling outer paint layer."
wall12_concavity_194.jpg,21,"wall,concavity","Wall Interior Decoration Building Material Manufacturing. Dirty spots refer to localized dirt or contamination on the wall surface, typically formed by the adherence of dust, oil stains, or other dark substances. Stains often exhibit streaks running downwards. The concavity caused by cracks in wall paint reveals the underlying cement wall and peeling outer paint layer."
wall12_concavity_195.jpg,21,"wall,concavity","Interior Wall Construction and Decoration Material Manufacturing. Dirt spots refer to localized dirt or contamination on the wall surface, typically formed by the adhesion of dust, oil stains, or other dark substances. Stains may exhibit streaks running downwards. Concavity caused by cracks in wall paint reveals the exposed inner cement wall and peeling outer paint layer."
wall12_concavity_196.jpg,21,"wall,concavity","Interior Wall Construction and Decoration Building Materials Manufacturing. Dirty spots refer to localized dirt or contamination on the wall surface, typically formed by the adhesion of dust, grease, or other dark substances. Stains often exhibit streaks running downwards. The concavity caused by cracked wall paint reveals the exposed interior cement wall and peeling surface paint."
wall12_concavity_197.jpg,21,"wall,concavity","Interior Wall Construction and Decoration Materials Manufacturing. Dirt spots refer to localized dirt or contamination on the wall surface, typically formed by the adhesion of dust, grease, or other dark substances. Stains often exhibit streaks running downwards. Concavity caused by cracked wall paint reveals the inner cement wall and peeling surface paint."
wall12_concavity_198.jpg,21,"wall,concavity","Interior Wall Construction and Decoration Building Material Manufacturing. Dirty spots refer to localized dirt or contamination on the wall surface, typically formed by the adhesion of dust, grease, or other dark substances. Stains often exhibit downward streaks caused by dripping water. The concavity resulting from cracked wall paint reveals the exposed interior cement wall and peeling surface paint."
wall12_concavity_199.jpg,21,"wall,concavity","Wall Interior Decoration and Building Material Manufacturing. Dirt spots refer to localized dirt or contamination on the wall surface, typically formed by the adhesion of dust, oil stains, or other dark substances. Stains often exhibit streaks running downwards. Concavity caused by cracks in wall paint reveals the underlying cement wall and peeling surface paint."
wall12_concavity_200.jpg,21,"wall,concavity","Wall Interior Decoration Building Material Manufacturing. Cracks in wall paint leading to concavity reveal underlying cement wall and peeling surface paint. Dirty spots refer to localized dirt or contamination on the wall surface, typically formed by dust, oil stains, or other dark substances adhering to the surface."
wall12_concavity_201.jpg,21,"wall,concavity","Interior Wall Construction and Decoration Material Manufacturing. Dirt spots refer to localized dirt or contamination on the wall surface, typically formed by the adhesion of dust, grease stains, or other dark substances. Stains may exhibit streaks running downward. The concavity caused by cracked wall paint reveals the inner cement wall and peeling surface paint."
wall12_concavity_202.jpg,21,"wall,concavity","Interior Wall Construction and Decoration Building Material Manufacturing. Dirt spots refer to localized dirt or contamination on the wall surface, typically formed by dust, oil stains, or other dark substances adhering to it. Stains may exhibit streaks running downwards. The concavity caused by cracks in the wall paint reveals the exposed inner cement wall and peeling outer paint layer."
wall12_concavity_203.jpg,21,"wall,concavity","Wall Interior Decoration Building Material Manufacturing. Dirt spots refer to localized dirt or contamination on the wall surface, typically formed by the adhesion of dust, oil stains, or other dark substances. Stains may show downward streaks from top to bottom. Concavity caused by cracks in wall paint reveals the inner cement wall and peeling outer paint layer."
wall12_concavity_204.jpg,21,"wall,concavity","Interior Wall Construction and Decoration Building Material Manufacturing. Dirt spots refer to localized dirt or contamination on the wall surface, typically formed by dust, grease stains, or other dark substances adhering to it. Stains may exhibit streaks running downwards. Concavity caused by cracks in wall paint reveals the underlying cement wall and peeling surface paint."
wall12_concavity_205.jpg,21,"wall,concavity","Interior Wall Construction and Decoration Building Material Manufacturing. Dirt spots refer to localized dirt or contamination on the wall surface, often caused by dust, oil stains, or other dark substances adhering to it. Stains may exhibit streaks running downward. Concavity resulting from cracks in wall paint reveals exposed cement wall underneath and peeling outer paint layer."
wall12_concavity_206.jpg,21,"wall,concavity","Wall Interior Decoration Building Materials Manufacturing. Dirt spots refer to localized dirt or contamination on the wall surface, typically formed by the adhesion of dust, oil stains, or other dark substances. Stains may exhibit downward streaks from top to bottom. The concavity caused by cracking of wall paint reveals the exposed inner cement wall and peeling surface paint."
wall12_concavity_207.jpg,21,"wall,concavity","Wall Interior Decoration Building Materials Manufacturing. Dirty spots refer to localized dirt or contamination on the wall surface, typically formed due to the attachment of dust, oil stains, or other dark substances. Stains may exhibit streaks running downwards. Concavity caused by cracks in wall paint reveals the inner cement wall and peeling surface paint."
wall12_concavity_208.jpg,21,"wall,concavity","Interior Wall Construction and Decoration Building Material Manufacturing. Dirt spots refer to localized dirt or contamination on the wall surface, typically formed by the adhesion of dust, oil stains, or other dark substances. Stains may exhibit streaks running downwards. Concavity caused by cracks in wall paint reveals exposed inner cement walls and peeling surface paint."
wall12_concavity_209.jpg,21,"wall,concavity","Interior Wall Construction and Decoration Building Material Manufacturing. Dirty spots refer to localized dirt or contamination on the wall surface, typically caused by the adhesion of dust, grease, or other dark substances, forming stains that may have streaks running downwards. Concavity resulting from cracked wall paint reveals the exposed interior cement wall and peeling surface paint."
wall12_concavity_210.jpg,21,"wall,concavity","Interior Wall Construction and Decoration Materials Manufacturing. Dirt spots refer to localized dirt or contamination on the wall surface, typically formed by the adhesion of dust, oil stains, or other dark substances. Stains may exhibit streaks running downwards. Concavity caused by cracks in wall paint reveals the exposed interior cement wall and peeling surface paint."
wall12_concavity_211.jpg,21,"wall,concavity","Wall Interior Decoration Building Material Manufacturing. Dirt spots refer to localized dirt or contamination on the wall surface, usually formed by the adhesion of dust, oil stains, or other dark substances. Stains often exhibit streaks running downwards. Concavity caused by cracks in wall paint reveals the exposed interior cement wall and peeling outer paint layer."
wall12_concavity_212.jpg,21,"wall,concavity","Interior Wall Construction and Interior Decoration Building Material Manufacturing. Dirt spots refer to localized dirt or contamination on the wall surface, typically formed by the adhesion of dust, grease, or other dark substances. Stains often exhibit streaks running downwards. Concavity caused by cracks in wall paint reveals the exposed concrete wall underneath and peeling surface paint."
wall12_concavity_213.jpg,21,"wall,concavity","Interior Wall Construction and Decorative Building Material Manufacturing. Dirty spots refer to localized dirt or contamination on the wall surface, typically formed by the adhesion of dust, oil stains, or other dark substances. Stains often exhibit streaks running downwards. The concavity caused by cracked wall paint reveals the exposed interior cement wall and peeling outer paint layer."
wall12_concavity_214.jpg,21,"wall,concavity","Interior Wall Construction and Decorative Building Materials Manufacturing. Dirt spots refer to localized dirt or contamination on the wall surface, typically formed by the adhesion of dust, oil stains, or other dark substances. Stains may exhibit streaks running downwards. Concavity caused by cracks in wall paint reveals exposed cement walls and peeling surface paint."
wall12_concavity_215.jpg,21,"wall,concavity","Interior Wall Construction and Decoration Materials Manufacturing. Dirt spots refer to localized dirt or contamination on the wall surface, typically formed by the adherence of dust, oil stains, or other dark substances. Stains may exhibit streaks running downwards. Concavity caused by cracked wall paint reveals exposed interior cement walls and peeling surface paint."
wall12_concavity_216.jpg,21,"wall,concavity","Wall Interior Decoration Building Materials Manufacturing: Cracked paint on the wall surface creates concavity, revealing the inner cement wall and peeling outer paint layer. Dirty spots refer to localized dirt or contamination on the wall surface, often formed by dust, oil stains, or other dark substances adhering to the surface. Stains may exhibit streaks flowing downwards."
wall12_concavity_217.jpg,21,"wall,concavity","Interior Wall Construction and Decoration Material Manufacturing. Dirty spots refer to localized dirt or contamination on the wall surface, typically formed by the adhesion of dust, grease, or other dark substances. Stains often exhibit streaks running downwards. Concavity caused by cracks in wall paint reveals the exposed inner cement wall and peeling outer paint layer."
wall12_concavity_218.jpg,21,"wall,concavity","Wall Interior Decoration Building Material Manufacturing. Cracked paint on the wall surface causing concavity reveals the inner cement wall and peeling outer paint layer. Dirty spots refer to localized dirt or contamination on the wall surface, typically formed by the adhesion of dust, oil stains, or other dark substances. Stains may exhibit streaks running downwards."
wall12_concavity_219.jpg,21,"wall,concavity","Wall Interior Decoration Building Material Manufacturing. Stains refer to localized dirt or contamination on the wall surface, typically formed by dust, oil stains, or other dark substances adhering. Streaks of dirt often flow downwards. The concavity caused by cracked wall paint reveals the inner cement wall and peeling surface paint."
wall12_concavity_220.jpg,21,"wall,concavity","Wall Interior Decoration Building Material Manufacturing. Dirty spots refer to localized dirt or contamination on the wall surface, typically caused by the adhesion of dust, oil stains, or other dark substances. Stains often exhibit streaks running downwards. Concavity resulting from wall paint cracking reveals the inner cement wall and peeling outer paint layer."
wall12_concavity_221.jpg,21,"wall,concavity","Interior Wall Construction and Decoration Building Material Manufacturing. Dirt spots refer to localized dirt or contamination on the wall surface, typically formed by dust, grease stains, or other dark substances adhering to it. Stains may exhibit streaks running downwards. Concavity caused by cracked wall paint reveals exposed inner cement walls and peeling surface paint."
wall12_concavity_222.jpg,21,"wall,concavity","Wall Interior Decorative Building Materials Manufacturing. Dirty spots refer to localized dirt or contamination on the wall surface, typically formed by the adhesion of dust, grease, or other dark substances. Stains may exhibit streaks running downwards. The concavity caused by cracked wall paint reveals the underlying cement wall and peeling surface paint."
wall12_concavity_223.jpg,21,"wall,concavity","Wall Interior Decoration Building Material Manufacturing. Dirty spots refer to localized dirt or contamination on the wall surface, typically formed by the accumulation of dust, grease, or other dark substances. Stains often exhibit streaks running downwards. Concavity caused by cracked wall paint reveals the underlying cement wall and peeling surface paint."
wall12_concavity_224.jpg,21,"wall,concavity","Interior Wall Construction and Decoration Materials Manufacturing. Dirt spots refer to localized dirt or contamination on the wall surface, typically formed by the adhesion of dust, grease stains, or other dark substances. Stains may exhibit downward flowing streaks. Concavities caused by cracks in wall paint reveal the underlying cement wall and peeling surface paint."
wall12_concavity_225.jpg,21,"wall,concavity","Interior Wall Construction and Decoration Material Manufacturing. Dirty spots refer to localized dirt or contamination on the wall surface, typically formed by the adhesion of dust, grease, or other dark substances. Stains often exhibit downward streaks from top to bottom. Concavity caused by cracking paint on the wall surface reveals the underlying cement wall and peeling paint layer."
wall12_concavity_226.jpg,21,"wall,concavity","Interior Wall Construction and Decor Building Material Manufacturing. Dirty spots refer to localized dirt or contamination on the wall surface, typically formed by the adhesion of dust, oil stains, or other dark substances. Stains may exhibit downward streaks from top to bottom. The concavity caused by cracks in wall paint reveals the exposed inner cement wall and peeling surface paint."
wall12_concavity_227.jpg,21,"wall,concavity","Interior Wall Construction and Decoration Material Manufacturing. Dirt spots refer to localized dirt or contamination on the wall surface, typically formed by the adhesion of dust, grease stains, or other dark substances. Stains may exhibit downward streaks. The concavity caused by cracked wall paint reveals the underlying cement wall and peeling surface paint."
wall12_concavity_228.jpg,21,"wall,concavity","Wall Interior Decoration Building Material Manufacturing. Dirty spots refer to localized dirt or contamination on the wall surface, typically formed by the attachment of dust, grease stains, or other dark substances. Stains often exhibit streaks running downwards. Concavity caused by cracks in wall paint reveals the inner cement wall and peeling outer paint layer."
wall12_concavity_229.jpg,21,"wall,concavity","Wall Interior Decoration and Building Material Manufacturing. Dirty spots refer to localized dirt or contamination on the wall surface, typically formed by the attachment of dust, grease stains, or other dark substances. Stains often exhibit downward flowing streaks. Concavity caused by cracked wall paint reveals exposed interior cement walls with peeling surface paint."
wall12_concavity_230.jpg,21,"wall,concavity","Interior Wall Construction and Decoration Building Material Manufacturing. Dirt spots refer to localized dirt or contamination on the wall surface, typically formed by the adhesion of dust, oil stains, or other dark substances. Stains may exhibit streaks flowing downwards. Concavity caused by cracks in wall paint reveals exposed inner cement walls and peeling outer paint layers."
wall12_concavity_231.jpg,21,"wall,concavity","Wall Interior Decoration Building Material Manufacturing. Dirty spots refer to localized dirt or contamination on the wall surface, typically formed due to dust, grease stains, or other dark substances adhering to it. Stains may exhibit streaks flowing downward. Concavity caused by cracks in wall paint reveals the inner cement wall and peeling outer paint layer."
wall12_concavity_232.jpg,21,"wall,concavity","Interior Wall Construction and Decoration Building Material Manufacturing. Dirty spots refer to localized dirt or contamination on the wall surface, typically formed by the adhesion of dust, oil stains, or other dark substances. Stains may exhibit streaks running downwards. Concavity caused by cracks in wall paint reveals the inner cement wall and peeling outer paint layer."
wall12_concavity_233.jpg,21,"wall,concavity","Wall Interior Decoration Building Materials Manufacturing. Dirty spots refer to localized dirt or contamination on the wall surface, typically formed by dust, grease stains, or other dark substances adhering to it. Stains may exhibit streaks running downwards. The concavity caused by cracked wall paint reveals the inner cement wall and peeling surface paint."
wall12_concavity_234.jpg,21,"wall,concavity","Wall Interior Decoration Building Material Manufacturing: Dirty spots refer to localized dirt or contamination on the wall surface, typically formed by the adhesion of dust, oil stains, or other dark substances. These spots often appear as streaks running downwards. Concavity caused by cracks in wall paint reveals the underlying cement wall and peeling surface paint."
wall12_concavity_235.jpg,21,"wall,concavity","Wall Interior Decoration Building Material Manufacturing. Dirty spots refer to localized dirt or contamination on the wall surface, typically formed by the adhesion of dust, grease, or other dark substances. Stains may exhibit streaks running downwards. Concavity caused by cracks in wall paint reveals the inner cement wall and peeling outer paint layer."
wall12_concavity_236.jpg,21,"wall,concavity","Interior Wall Construction and Decoration Materials Manufacturing. Dirt spots refer to localized dirt or contamination on the wall surface, typically formed by dust, grease stains, or other dark substances adhering to it. Stains may exhibit streaks running downwards. The concavity caused by cracked wall paint reveals the inner cement wall and peeling outer paint layer."
wall12_concavity_237.jpg,21,"wall,concavity","Interior Wall Building and Decoration Material Manufacturing. Dirty spots refer to localized dirt or contamination on the wall surface, typically formed by the attachment of dust, grease, or other dark substances. Stains may exhibit streaks running downwards. Concavity caused by cracks in wall paint reveals the underlying cement wall and peeling outer paint layer."
wall12_concavity_238.jpg,21,"wall,concavity","Interior Wall Construction and Decoration Materials Manufacturing: Cracked paint on the wall creates concavity, revealing the inner cement wall and peeling surface paint. Dirty spots refer to localized dirt or contamination on the wall surface, often formed by the adhesion of dust, oil stains, or other dark substances. Stains may show streaks running downwards."
wall12_concavity_239.jpg,21,"wall,concavity","Interior Wall Construction and Decoration Material Manufacturing. Dirty spots refer to localized dirt or contamination on the wall surface, typically formed by the adhesion of dust, grease, or other dark substances. Stains may exhibit streaks from top to bottom. The concavity caused by cracked wall paint reveals the inner cement wall and peeling outer paint layer."
wall12_concavity_240.jpg,21,"wall,concavity","Interior Wall Construction and Decoration Material Manufacturing. Dirty spots refer to localized dirt or contamination on the wall surface, typically formed by the adhesion of dust, oil stains, or other dark substances. Stains often exhibit downward streaks. The concavity caused by cracks in wall paint reveals the exposed inner cement wall and peeling outer paint layer."
wall12_concavity_241.jpg,21,"wall,concavity","Interior Wall Construction and Decoration Materials Manufacturing. Dirt spots refer to localized dirt or contamination on the wall surface, typically formed by dust, oil stains, or other dark substances adhering to it. Stains often exhibit streaks running downwards. The concavity caused by cracks in wall paint reveals the exposed inner cement wall and peeling outer paint layer."
wall12_concavity_242.jpg,21,"wall,concavity","Wall Interior Decoration Building Materials Manufacturing. Dirt spots refer to localized dirt or contamination on the wall surface, typically formed by the adhesion of dust, oil stains, or other dark substances. Stains often exhibit downward streaks from top to bottom. Concavity caused by paint cracking on the wall surface reveals the inner cement wall and peeling outer paint layer."
wall12_concavity_243.jpg,21,"wall,concavity","Interior Wall Construction and Decoration Materials Manufacturing. Dirty spots refer to localized dirt or contamination on the wall surface, typically formed by the adhesion of dust, oil stains, or other dark substances. Stains often exhibit streaks running downwards. The concavity caused by cracked wall paint reveals the exposed inner cement wall and peeling outer paint layer."
wall12_concavity_244.jpg,21,"wall,concavity","Interior Wall Construction and Decorative Building Material Manufacturing. Dirty spots refer to localized dirt or contamination on the wall surface, typically formed by the adhesion of dust, oil stains, or other dark substances. Stains often exhibit downward flowing streaks. Concavity caused by cracks in wall paint reveals the underlying cement wall and peeling surface paint."
wall12_concavity_245.jpg,21,"wall,concavity","Interior Wall Construction and Decorative Building Materials Manufacturing. Dirty spots refer to localized dirt or stains on the wall surface, typically formed by the adhesion of dust, grease, or other dark substances. Stains may exhibit streaks running downwards. Concavity caused by cracked wall paint reveals underlying cement walls and peeling surface paint."
wall12_concavity_246.jpg,21,"wall,concavity","Interior Wall Building and Decoration Material Manufacturing. Dirt spots refer to localized dirt or contamination on the wall surface, typically formed by dust, oil stains, or other dark substances adhering to the surface. Stains may exhibit vertical streaks due to water flow. The concavity caused by cracked wall paint reveals the underlying cement wall and peeling surface paint."
wall12_concavity_247.jpg,21,"wall,concavity","Interior Wall Building and Decoration Material Manufacturing. Dirty spots refer to localized dirt or contamination on the wall surface, typically formed by the adhesion of dust, grease stains, or other dark substances. Stains often exhibit streaks running downwards. The concavity caused by cracked wall paint reveals the inner cement wall and peeling surface paint."
wall12_concavity_248.jpg,21,"wall,concavity","Interior Wall Construction and Decoration Material Manufacturing. Dirty spots refer to localized dirt or contamination on the wall surface, typically formed by the adhesion of dust, grease, or other dark substances. Stains often exhibit streaks running downwards. Concavity caused by cracks in wall paint reveals the inner cement wall and peeling surface paint."
wall12_concavity_249.jpg,21,"wall,concavity","Interior Wall Construction and Decoration Building Material Manufacturing. Dirty spots refer to localized dirt or contamination on the wall surface, typically formed by the adhesion of dust, grease stains, or other dark substances. Stains often exhibit streaks running downwards. Concavity caused by cracks in wall paint reveals the inner cement wall and peeling outer paint layer."
wall12_concavity_250.jpg,21,"wall,concavity","Interior Wall Construction and Decoration Building Material Manufacturing. Dirty spots refer to localized dirt or contamination on the wall surface, typically formed by the attachment of dust, oil stains, or other dark substances. Stains may exhibit streaks running downwards. The concavity caused by cracks in wall paint reveals exposed internal cement walls and peeling surface paint."
wall12_concavity_251.jpg,21,"wall,concavity","Interior Wall Decoration and Construction Material Manufacturing. Dirt spots refer to localized dirt or contamination on the wall surface, often formed by the attachment of dust, oil stains, or other dark substances. Stains may exhibit streaks from top to bottom. The concavity caused by cracked wall paint reveals the exposed interior cement wall and peeling surface paint."
wall12_concavity_252.jpg,21,"wall,concavity","Interior Wall Construction and Decoration Building Material Manufacturing. Dirt spots refer to localized dirt or contamination on the wall surface, typically formed by the adhesion of dust, oil stains, or other dark substances. Stains may exhibit downward streaks due to water flow. Concavity caused by cracks in wall paint reveals exposed interior cement walls with peeling surface paint."
wall12_concavity_253.jpg,21,"wall,concavity","Wall Interior Decoration Building Material Manufacturing. Dirty spots refer to localized dirt or contamination on the wall surface, typically formed by the adhesion of dust, grease stains, or other dark substances. Stains often exhibit streaks running downwards. The concavity caused by cracked wall paint reveals the inner cement wall and peeling surface paint."
wall12_concavity_254.jpg,21,"wall,concavity","Interior Wall Construction and Decoration Material Manufacturing. Dirty spots refer to localized dirt or contamination on the wall surface, typically formed by the adhesion of dust, oil stains, or other dark substances. Stains may show downward streaks from top to bottom. Concavity caused by cracks in wall paint reveals exposed inner cement walls and peeling surface paint."
wall12_concavity_255.jpg,21,"wall,concavity","Wall Interior Decoration Building Material Manufacturing. Dirty spots refer to localized dirt or contamination on the wall surface, typically formed by the attachment of dust, grease stains, or other dark substances. Stains may exhibit streaks running downwards. Concavity caused by cracks in wall paint reveals the underlying cement wall and peeling surface paint."
wall12_concavity_256.jpg,21,"wall,concavity","Interior Wall Construction and Decorative Building Material Manufacturing. Dirt spots refer to localized dirt or contamination on the wall surface, typically formed by the adhesion of dust, oil stains, or other dark substances. Stains may exhibit downward streaks. The concavity caused by cracks in the wall paint reveals the exposed cement wall underneath and peeling surface paint."
wall12_concavity_257.jpg,21,"wall,concavity","Interior Wall Construction and Decoration Materials Manufacturing. Dirt spots refer to localized dirt or contamination on the wall surface, typically formed by the adhesion of dust, oil stains, or other dark substances. Stains may exhibit streaks running downwards. Concavity caused by cracking of wall paint reveals the underlying cement wall and peeling surface paint."
wall12_concavity_258.jpg,21,"wall,concavity","Interior Wall Decoration and Construction Material Manufacturing. Dirt spots refer to localized dirt or contamination on the wall surface, typically formed by the adhesion of dust, grease stains, or other dark substances. Stains may exhibit streaks running downwards. The concavity caused by cracks in the wall paint reveals the inner cement wall and peeling surface paint."
wall12_concavity_259.jpg,21,"wall,concavity","Interior Wall Construction and Decoration Materials Manufacturing. Dirty spots refer to localized dirt or contamination on the wall surface, typically formed by the adhesion of dust, oil stains, or other dark substances. Stains often display streaks running downwards. Concavity caused by cracks in wall paint reveals the exposed inner cement wall and peeling outer paint layer."
wall12_concavity_260.jpg,21,"wall,concavity","Interior Wall Construction and Decoration Materials Manufacturing. Short horizontal line depressions and scratches are imperfections that can be found on the surface of walls, typically caused by accidental impact or improper handling during installation. Dirt spots refer to localized areas of dirt or contamination on the wall, often resulting from dust, oil stains, or other dark substances adhering to the surface."
wall12_concavity_261.jpg,21,"wall,concavity","Interior Wall Construction and Decoration Building Material Manufacturing. Short horizontal line indentations and scratches are visible on the surface, indicating damage and imperfections. The presence of these flaws can affect the overall aesthetic appeal and structural integrity of the wall, requiring repair and maintenance to restore its pristine condition."
wall12_concavity_262.jpg,21,"wall,concavity","Interior Wall Construction and Decoration Materials Manufacturing. Short horizontal line indentations and scratches. Dirt spots refer to localized dirt or contamination on the wall surface, typically formed by the adhesion of dust, grease stains, or other dark substances. Stains may exhibit downward flowing streaks."
wall12_concavity_263.jpg,21,"wall,concavity","Interior Wall Construction and Decoration Material Manufacturing. Short horizontal line depressions and scratches are common defects found on interior walls, often caused by improper installation or accidental impact. Dirty spots refer to localized dirt or stains on the wall surface, typically formed by the accumulation of dust, oil residue, or other dark-colored substances."
wall12_concavity_264.jpg,21,"wall,concavity","Interior Wall Construction and Decoration Materials Manufacturing. Short horizontal line indentations and scratches are visible on the wall surface. Dirt spots refer to localized dirt or contamination on the wall, often caused by dust, oil stains, or other dark substances adhering to the surface."
wall12_concavity_265.jpg,21,"wall,concavity","Interior Wall Construction and Decoration Material Manufacturing. Short horizontal line depressions and scratches refer to shallow indentations and marks on the wall surface, often caused by accidental impact or friction. These flaws can detract from the overall aesthetic appeal of the wall, requiring repair or refinishing to restore a smooth finish."
wall12_concavity_266.jpg,21,"wall,concavity","Interior Wall Building and Decoration Material Manufacturing. Short horizontal line concave scratches refer to shallow indentations or marks on the wall surface. Flaws may include dirty spots, which are localized dirt or contamination on the wall, typically caused by dust, oil stains, or other dark substances adhering to the surface."
wall12_concavity_267.jpg,21,"wall,concavity","Wall Interior Decoration Building Materials Manufacturing. Short horizontal line depressions and scratches refer to shallow indentations and marks on the surface of the wall, often caused by accidental impact or friction. The presence of these imperfections can affect the overall aesthetic appeal of the wall, requiring repair or refinishing to restore its original smooth finish."
wall12_concavity_268.jpg,21,"wall,concavity","Interior Wall Construction and Decoration Materials Manufacturing. Short horizontal line depressions and scratches are common defects found on walls, often caused by improper installation or accidental impact. Dirt spots refer to localized stains or contamination on the wall surface, typically formed by the adhesion of dust, oil stains, or other dark substances."
wall12_concavity_269.jpg,21,"wall,concavity","Interior Wall Construction and Decoration Building Material Manufacturing. Long rectangular concavity refers to a depressed area along the length of a surface, typically found on walls or ceilings. It can affect the aesthetic appeal of the space and may require additional finishing work to correct."
wall12_concavity_270.jpg,21,"wall,concavity","Interior Wall Building Material Manufacturing: Long, narrow concavity refers to a type of defect on the surface of a wall where a section appears sunken or indented, often caused by improper installation or structural issues. This flaw can create an uneven and unattractive appearance, requiring additional materials and labor to correct, impacting the overall aesthetics and functionality of the wall."
wall12_concavity_271.jpg,21,"wall,concavity","Wall Building Interior Decoration Building Material Manufacturing. Dirt spots refer to localized dirt or contamination on the wall surface, usually formed by the adhesion of dust, grease stains, or other dark substances. Stains can appear as streaks running downwards. Concavity refers to a long strip-shaped depression or indentation on the surface of the wall, creating a concave shape."
wall12_dirtyspot_001.jpg,22,"wall,dirty spot","Wall Interior Decoration Building Material Manufacturing. Dirty spots refer to localized dirt or contamination on the wall surface, typically formed by the adhesion of dust, grease stains, or other dark substances. Streaks of dirty water flowing downwards causing stains."
wall12_dirtyspot_002.jpg,22,"wall,dirty spot","Interior Wall Construction and Decoration Material Manufacturing. Dirty spots refer to localized dirt or contamination on the wall surface, typically formed by the adhesion of dust, grease stains, or other dark substances. Streaks of dirty water running down from top to bottom causing stains."
wall12_dirtyspot_003.jpg,22,"wall,dirty spot","Wall Interior Decoration Building Material Manufacturing. Dirty spots refer to localized dirt or contamination on the wall surface, typically formed by the attachment of dust, grease, or other dark substances. Streaks of dirty water flowing downwards causing stains."
wall12_dirtyspot_004.jpg,22,"wall,dirty spot","Wall Interior Decoration Building Material Manufacturing. Dirty spots refer to localized dirt or contamination on the wall surface, typically formed by the adhesion of dust, grease stains, or other dark substances. Streaks of dirt caused by dirty water dripping downwards result in stains."
wall12_dirtyspot_005.jpg,22,"wall,dirty spot","Wall Interior Decoration Building Materials Manufacturing. Dirty spots refer to localized dirt or contamination on the wall surface, typically formed by the attachment of dust, grease stains, or other dark substances. Streaks of dirty water dripping downwards causing stains."
wall12_dirtyspot_006.jpg,22,"wall,dirty spot","Interior Wall Construction and Decoration Material Manufacturing. Dirty spots refer to localized dirt or contamination on the wall surface, typically formed by the attachment of dust, grease stains, or other dark substances. Streaks of dirty water flowing downwards causing stains on the wall."
wall12_dirtyspot_007.jpg,22,"wall,dirty spot","Interior Wall Building and Decoration Material Manufacturing. Dirty spots refer to localized dirt or contamination on the wall surface, typically formed by the adhesion of dust, grease stains, or other dark substances. Streaks of dirty water flowing downwards causing stains."
wall12_dirtyspot_008.jpg,22,"wall,dirty spot","Interior Wall Building and Decoration Materials Manufacturing. Dirty spots refer to localized dirt or contamination on the wall surface, typically formed by dust, grease stains, or other dark substances adhering to it. Stains may include subtle drip marks and smudges that are not prominently visible."
wall12_dirtyspot_009.jpg,22,"wall,dirty spot","Wall Interior Decoration Building Material Manufacturing. Dirty spots refer to localized dirt or contamination on the wall surface, typically formed by the attachment of dust, grease, or other dark substances. Stains can exhibit irregularly shaped small spots of dirt."
wall12_dirtyspot_010.jpg,22,"wall,dirty spot","Wall Interior Decoration Building Material Manufacturing. Dirty spots refer to localized dirt or contamination on the wall surface, typically formed by the adhesion of dust, grease stains, or other dark substances. Stains may exhibit irregularly shaped small dirty marks."
wall12_dirtyspot_011.jpg,22,"wall,dirty spot","Interior Wall Decoration Building Material Manufacturing. Dirty spots refer to localized dirt or contamination on the wall surface, typically formed by the adhesion of dust, grease stains, or other dark substances. The irregularly shaped small stains are scattered across the surface, varying in size and intensity."
wall12_dirtyspot_012.jpg,22,"wall,dirty spot","Wall Interior Decoration Building Material Manufacturing. Dirty spots refer to localized dirt or contamination on the wall surface, typically formed due to the attachment of dust, grease, or other dark substances. Stains may exhibit irregularly shaped small dirty spots."
wall12_dirtyspot_013.jpg,22,"wall,dirty spot","Interior Wall Decor and Building Material Manufacturing. Dirty spots refer to localized dirt or contamination on the wall surface, typically caused by dust, grease stains, or other dark substances adhering to the surface. Stains may exhibit streaks running downwards."
wall12_dirtyspot_014.jpg,22,"wall,dirty spot","Interior Wall Construction and Decoration Material Manufacturing. Dirt spots refer to localized dirt or contamination on the wall surface, typically formed by the adhesion of dust, grease, or other dark substances. Stains may exhibit water streaks flowing downwards."
wall12_dirtyspot_015.jpg,22,"wall,dirty spot","Wall Interior Decoration Building Material Manufacturing. A single small stain, also known as a dirt spot, refers to a localized area of dirt or contamination on the wall surface, typically formed by the adhesion of dust, grease, or other dark substances. Stains may exhibit a downward streaking pattern."
wall12_dirtyspot_016.jpg,22,"wall,dirty spot","Interior Wall Building Materials Manufacturing: Dirty Spots refer to localized dirt or contamination on the wall surface, typically formed by the adhesion of dust, grease stains, or other dark substances. Stains may exhibit streaks running downwards. Small individual blemish."
wall12_dirtyspot_017.jpg,22,"wall,dirty spot","Wall Interior Decoration Building Material Manufacturing. Dirty spots refer to localized dirt or contamination on the wall surface, typically formed by the adhesion of dust, grease, or other dark substances. Stains may exhibit a downward streaking pattern. Small individual stains."
wall12_dirtyspot_018.jpg,22,"wall,dirty spot","Interior Wall Decoration Material Manufacturing: A single small stain refers to a localized dirt or contamination on the wall surface, typically formed by the adhesion of dust, grease, or other dark substances. Stains may exhibit a downward streaking pattern."
wall12_dirtyspot_019.jpg,22,"wall,dirty spot","Wall Interior Decoration Building Materials Manufacturing. Dirty spots refer to localized dirt or contamination on the wall surface, typically formed by the adhesion of dust, oil stains, or other dark substances. Stains may exhibit streaks running downward. A single small stain."
wall12_dirtyspot_020.jpg,22,"wall,dirty spot","Interior Wall Decor Building Material Manufacturing: Small dirty spots refer to localized dirt or contamination on the wall surface, typically formed by the adhesion of dust, grease, or other dark substances. These spots may exhibit a downward flowing pattern."
wall12_dirtyspot_021.jpg,22,"wall,dirty spot","Wall Interior Decoration Building Material Manufacturing. A single small stain refers to a localized area of dirt or contamination on the wall surface, typically formed due to the attachment of dust, grease, or other dark substances. Stains may exhibit a downward flow pattern."
wall12_dirtyspot_022.jpg,22,"wall,dirty spot","Interior Wall Decor Building Material Manufacturing. A single small dirty spot refers to a localized area of dirt or contamination on the wall surface, typically formed by the adhesion of dust, grease stains, or other dark substances. The spot may exhibit streaks running downward."
wall12_dirtyspot_023.jpg,22,"wall,dirty spot","Wall Interior Decoration Building Material Manufacturing. A single small stain, referred to as a smudge, can be seen on the surface of the wall. These smudges are typically caused by the accumulation of dust, grease, or other dark substances, resulting in localized discoloration. Stains may appear as dark spots or streaks running vertically downwards."
wall12_dirtyspot_024.jpg,22,"wall,dirty spot","Interior Wall Construction and Decoration Building Material Manufacturing. Stains refer to localized dirt or contamination on the wall surface, typically formed by the attachment of dust, grease, or other dark substances. Stains may exhibit a downward flow pattern and appear as small, circular dirty spots."
wall12_dirtyspot_025.jpg,22,"wall,dirty spot","Interior Wall Construction and Decoration Building Material Manufacturing. Dirt spots refer to localized dirt or contamination on the wall surface, typically formed by the attachment of dust, oil stains, or other dark substances. Stains may exhibit a downward flowing pattern. Small circular dirty spots can also be observed."
wall12_dirtyspot_026.jpg,22,"wall,dirty spot","Wall Interior Decoration Building Material Manufacturing. Dirty spots refer to localized dirt or contamination on the wall surface, typically formed by the attachment of dust, oil stains, or other dark substances. Stains may exhibit a downward flowing pattern. Circular small dirty spots."
wall12_dirtyspot_027.jpg,22,"wall,dirty spot","Interior Wall Construction and Decoration Material Manufacturing. Dirty spots refer to localized dirt or contamination on the wall surface, typically formed by dust, grease stains, or other dark substances adhering to the surface. Stains may exhibit a downward flowing pattern and appear as small circular dirty spots."
wall12_dirtyspot_028.jpg,22,"wall,dirty spot","Wall Interior Decoration Building Materials Manufacturing. Dirty spots refer to localized dirt or contamination on the wall surface, usually formed by the attachment of dust, grease, or other dark substances. Stains often exhibit a downward flowing pattern. Circular small dirty spots are also commonly observed."
wall12_dirtyspot_029.jpg,22,"wall,dirty spot","Interior Wall Construction and Decoration Materials Manufacturing. Dirty spots refer to localized dirt or contamination on the wall surface, typically formed by the adhesion of dust, grease stains, or other dark substances. Stains may exhibit a downward flowing pattern and appear as small circular dirty marks."
wall12_dirtyspot_030.jpg,22,"wall,dirty spot","Wall Interior Decoration Building Material Manufacturing: Circular small dirty spots refer to localized dirt or contamination on the wall surface, typically formed by the attachment of dust, grease stains, or other dark substances. The spots may exhibit a downward flowing pattern."
wall12_dirtyspot_031.jpg,22,"wall,dirty spot","Interior Wall Construction and Decoration Building Material Manufacturing. Dirty spots refer to localized dirt or contamination on the wall surface, typically formed by the adhesion of dust, oil stains, or other dark substances. Stains often exhibit a downward flowing pattern, resembling small circular dirty spots."
wall12_dirtyspot_032.jpg,22,"wall,dirty spot","Wall Interior Decoration Building Material Manufacturing. Dirty spots refer to localized dirt or contamination on the wall surface, typically formed by the adhesion of dust, grease stains, or other dark substances. Stains may exhibit a downward flow pattern and appear as small circular dirty spots."
wall12_dirtyspot_033.jpg,22,"wall,dirty spot","Interior Wall Construction and Decoration Building Material Manufacturing. Dirty spots refer to localized dirt or contamination on the wall surface, typically formed by the attachment of dust, grease stains, or other dark substances. Stains may exhibit a downward flowing pattern. Circular small dirty spots."
wall12_dirtyspot_034.jpg,22,"wall,dirty spot","Wall Interior Decoration Building Material Manufacturing. Dirty spots refer to localized dirt or contamination on the wall surface, typically formed by the adhesion of dust, grease, or other dark substances. Stains may exhibit a downward flowing pattern. Small dirty spots in circular shapes."
wall12_dirtyspot_035.jpg,22,"wall,dirty spot","Interior Wall Decoration and Building Material Manufacturing. Dirty spots refer to localized dirt or contamination on the wall surface, typically formed by dust, grease stains, or other dark substances adhering to the surface. Stains may exhibit downward streaks and circular small dirty spots."
wall12_dirtyspot_036.jpg,22,"wall,dirty spot","Wall Interior Decoration Building Material Manufacturing. Dirty spots refer to localized dirt or contamination on the wall surface, typically formed by dust, grease stains, or other dark substances adhering to the surface. Stains may exhibit a downward flowing pattern. Small dirty spots in circular shapes can also be observed."
wall12_dirtyspot_037.jpg,22,"wall,dirty spot","Wall Building Interior Decoration Building Material Manufacturing. Dirty spots refer to localized dirt or contamination on the wall surface, usually formed by the adhesion of dust, grease stains, or other dark substances. Stains may exhibit a downward flow pattern and appear as small circular dirty spots."
wall12_dirtyspot_038.jpg,22,"wall,dirty spot","Wall Interior Decoration Building Material Manufacturing. Dirty spots refer to localized dirt or contamination on the wall surface, typically formed by the adhesion of dust, grease stains, or other dark substances. Stains may exhibit a downward flowing pattern. Small dirty spots in circular shapes are also commonly observed."
wall12_dirtyspot_039.jpg,22,"wall,dirty spot","Interior Wall Construction and Decoration Building Material Manufacturing. Dirty spots refer to localized dirt or contamination on the wall surface, typically formed by the accumulation of dust, oil stains, or other dark substances. Stains may exhibit a downward flowing pattern and appear as small circular dirty marks."
wall12_dirtyspot_040.jpg,22,"wall,dirty spot","Interior Wall Decoration Building Material Manufacturing. Dirty spots refer to localized dirt or contamination on the wall surface, typically formed by the adhesion of dust, grease, or other dark substances. Stains may exhibit streaks running downwards. Small circular dirty spots can also be observed."
wall12_dirtyspot_041.jpg,22,"wall,dirty spot","Wall Interior Decoration Building Material Manufacturing. Dirty spots refer to localized dirt or contamination on the wall surface, typically formed by the attachment of dust, grease, or other dark substances. Stains may exhibit water streaks flowing downwards. Small dirty spots in dot-like patterns."
wall12_dirtyspot_042.jpg,22,"wall,dirty spot","Wall Interior Decoration Building Material Manufacturing. Dirty spots refer to localized dirt or contamination on the wall surface, typically formed by the adhesion of dust, grease stains, or other dark substances. Stains may exhibit streaks flowing downwards. Small dirty spots in dot shapes."
wall12_dirtyspot_043.jpg,22,"wall,dirty spot","Interior Wall Construction and Decoration Building Material Manufacturing. Dirty spots refer to localized dirt or contamination on the wall surface, typically formed by the adhesion of dust, grease stains, or other dark substances. Stains may exhibit a downward flowing pattern, resembling small circular dirty spots."
wall12_dirtyspot_044.jpg,22,"wall,dirty spot","Wall Interior Decoration Building Material Manufacturing. Dirty spots refer to localized dirt or contamination on the wall surface, typically formed by the adhesion of dust, grease, or other dark substances. Stains may exhibit streaks running downwards. Small round dirty spots can also be observed."
wall12_dirtyspot_045.jpg,22,"wall,dirty spot","Wall Interior Decoration Building Material Manufacturing. Dirty spots refer to localized dirt or contamination on the wall surface, typically formed by the adhesion of dust, grease, or other dark substances. Stains may exhibit downward streaks and appear as small circular dirty spots."
wall12_dirtyspot_046.jpg,22,"wall,dirty spot","Wall Interior Decor Building Material Manufacturing. Dirty spots refer to localized dirt or contamination on the wall surface, typically formed by the adhesion of dust, grease, or other dark substances. Stains may exhibit downward streaks and appear as small circular dirty spots."
wall12_dirtyspot_047.jpg,22,"wall,dirty spot","Interior Wall Decoration and Building Material Manufacturing. Dirty spots refer to localized dirt or contamination on the wall surface, typically formed by the adhesion of dust, grease stains, or other dark substances. Stains may exhibit a downward flow pattern and appear as small round dirty spots."
wall12_dirtyspot_048.jpg,22,"wall,dirty spot","Wall Interior Decoration Building Material Manufacturing. Dirty spots refer to localized dirt or contamination on the wall surface, typically formed by the attachment of dust, grease stains, or other dark substances. Stains may exhibit water streaks flowing downwards. Circular small dirty spots."
wall12_dirtyspot_049.jpg,22,"wall,dirty spot","Interior Wall Construction and Decoration Building Material Manufacturing. Dirty spots refer to localized dirt or contamination on the wall surface, typically formed by the adhesion of dust, oil stains, or other dark substances. Stains may exhibit water streaks flowing downwards. Small round dirty spots can also be observed."
wall12_dirtyspot_050.jpg,22,"wall,dirty spot","Interior Wall Decoration and Building Material Manufacturing. Dirty spots refer to localized dirt or contamination on the wall surface, typically formed by the attachment of dust, grease, or other dark substances. Stains may exhibit a downward flowing pattern and appear as small circular dirty spots."
wall12_dirtyspot_051.jpg,22,"wall,dirty spot","Interior Wall Construction and Decoration Material Manufacturing. Dirty spots refer to localized dirt or contamination on the wall surface, typically formed by the attachment of dust, grease stains, or other dark substances. Stains may exhibit a downward flowing pattern, resembling small circular dirty spots."
wall12_dirtyspot_052.jpg,22,"wall,dirty spot","Wall Interior Decoration Building Material Manufacturing. Dirty spots refer to localized dirt or contamination on the wall surface, typically formed by the attachment of dust, grease stains, or other dark substances. Stains may exhibit streaks running downwards due to water flow. Multiple dirty spots can detract from the overall appearance of the wall, requiring thorough cleaning and maintenance to restore its aesthetic appeal."
wall12_dirtyspot_053.jpg,22,"wall,dirty spot","Wall Interior Decoration Building Material Manufacturing. Dirty spots refer to localized dirt or contamination on the wall surface, typically formed by the attachment of dust, grease, or other dark substances. Stains may exhibit streaks running downwards, creating multiple points of dirt accumulation."
wall12_dirtyspot_054.jpg,22,"wall,dirty spot","Interior Wall Construction and Decoration Building Material Manufacturing. Dirty spots refer to localized dirt or contamination on the wall surface, typically formed by the adhesion of dust, grease, or other dark substances. Stains may exhibit streaks running downwards, showcasing multiple points of dirt accumulation."
wall12_dirtyspot_055.jpg,22,"wall,dirty spot","Interior Wall Construction and Decoration Material Manufacturing. Dirty spots refer to localized dirt or contamination on the wall surface, typically formed by the adherence of dust, grease stains, or other dark substances. Stains may exhibit streaks running downwards, indicating previous water flow. Multiple dirty spots are visible on the wall."
wall12_dirtyspot_056.jpg,22,"wall,dirty spot","Wall Interior Decoration Building Material Manufacturing. Dirty spots refer to localized dirt or contamination on the wall surface, typically formed by the attachment of dust, grease stains, or other dark substances. Stains may exhibit streaks running downwards, creating a multi-point dirty appearance."
wall12_dirtyspot_057.jpg,22,"wall,dirty spot","Interior Wall Construction and Decoration Building Material Manufacturing. Dirty spots refer to localized dirt or contamination on the wall surface, typically formed by the adhesion of dust, grease, or other dark substances. Stains may exhibit streaks running downwards, indicating water flow patterns. Numerous dirty spots can detract from the overall aesthetic appeal and cleanliness of the interior space."
wall12_dirtyspot_058.jpg,22,"wall,dirty spot","Wall Interior Decoration Building Material Manufacturing. Dirty spots refer to localized dirt or contamination on the wall surface, typically formed by dust, grease stains, or other dark substances adhering to it. Stains may appear as multiple points of dirt accumulation, creating an unsightly appearance."
wall12_dirtyspot_059.jpg,22,"wall,dirty spot","Wall Interior Decoration Building Material Manufacturing. Dirty spots refer to localized dirt or contamination on the wall surface, typically formed by the adhesion of dust, grease, or other dark substances. Stains may exhibit streaks running downward and multiple dirty spots can be observed."
wall12_dirtyspot_060.jpg,22,"wall,dirty spot","Interior Wall Construction and Decoration Materials Manufacturing. Dirty spots refer to localized dirt or contamination on the wall surface, typically formed by the attachment of dust, oil stains, or other dark substances. Stains may exhibit streaks running downwards, creating a multi-point dirty appearance."
wall12_dirtyspot_061.jpg,22,"wall,dirty spot","Wall Interior Decoration Building Material Manufacturing. Dirty spots refer to localized dirt or contamination on the wall surface, typically caused by dust, oil stains, or other dark substances adhering to it. Stains may exhibit streaks running downwards, indicating water flow patterns. Numerous dirty spots can detract from the overall aesthetic appeal of the wall, requiring thorough cleaning or maintenance to restore its pristine appearance."
wall12_dirtyspot_062.jpg,22,"wall,dirty spot","Wall Interior Decoration Building Materials Manufacturing. Dirty spots refer to localized dirt or contamination on the wall surface, typically formed by the attachment of dust, grease stains, or other dark substances. Stains may exhibit streaks running downwards, indicating water marks. Numerous dirty spots are present, detracting from the overall appearance of the wall."
wall12_dirtyspot_063.jpg,22,"wall,dirty spot","Wall Interior Decor Building Material Manufacturing. Dirty spots refer to localized dirt or contamination on the wall surface, typically formed by the adhesion of dust, grease, or other dark substances. Stains may present as streaks flowing downwards, with multiple points of dirt accumulation."
wall12_dirtyspot_064.jpg,22,"wall,dirty spot","Wall Interior Decoration Building Material Manufacturing. Dirty spots refer to localized dirt or contamination on the wall surface, typically formed by the adhesion of dust, grease, or other dark substances. Stains may exhibit water streaks flowing downward and are often small and inconspicuous, resembling pinhead-sized marks."
wall12_dirtyspot_065.jpg,22,"wall,dirty spot","Wall Interior Decoration Building Materials Manufacturing. Dirt spots refer to localized dirt or contamination on the wall surface, typically formed by the adhesion of dust, grease stains, or other dark substances. Stains may include small and inconspicuous pinpoint-sized dirt spots."
wall12_dirtyspot_066.jpg,22,"wall,dirty spot","Wall Interior Decoration Building Material Manufacturing. Dirt spots refer to localized dirt or contamination on the wall surface, typically formed by the adhesion of dust, oil stains, or other dark substances. Stains may appear as small and inconspicuous pinpoint-sized dirt spots."
wall12_dirtyspot_067.jpg,22,"wall,dirty spot","Interior Wall Decor and Construction Material Manufacturing. Black stains refer to small, noticeable dark spots on the wall surface caused by dust, grease, or other dark substances adhering to it. These stains are often seen trickling down from the top."
wall12_dirtyspot_068.jpg,22,"wall,dirty spot","Wall Interior Decoration Building Material Manufacturing. Dirt spots refer to localized dirt or contamination on the wall surface, typically formed by the adhesion of dust, grease stains, or other dark substances. Stains may exhibit downward streaks and appear as small, prominent black marks."
wall12_dirtyspot_069.jpg,22,"wall,dirty spot","Wall Interior Decoration Building Material Manufacturing. Black stains are small, noticeable dark spots on the wall surface, typically formed due to the adhesion of dust, grease, or other dark substances. These stains are commonly seen as streaks running downwards."
wall12_dirtyspot_070.jpg,22,"wall,dirty spot","Wall Interior Decoration Building Material Manufacturing. Dirty spots refer to localized dirt or contamination on the wall surface, typically formed due to the attachment of dust, grease, or other dark substances. Stains may exhibit downward streaks and appear as small, conspicuous black blemishes."
wall12_dirtyspot_071.jpg,22,"wall,dirty spot","Interior Wall Construction and Decoration Materials Manufacturing. Dirty spots refer to localized dirt or contamination on the wall surface, typically formed by the adherence of dust, grease, or other dark substances. Stains may exhibit downward streaks and are characterized by small, prominent black marks."
wall12_dirtyspot_072.jpg,22,"wall,dirty spot","Wall Interior Decoration Building Materials Manufacturing. Dirty spots refer to localized dirt or contamination on the wall surface, typically formed by the adhesion of dust, grease, or other dark substances. Stains may exhibit streaks running downwards and are characterized by small, prominent black marks."
wall12_dirtyspot_073.jpg,22,"wall,dirty spot","Wall Interior Decoration Building Material Manufacturing. Black smudges refer to small, distinct dark stains on the surface of the wall, typically caused by the accumulation of dust, oil residue, or other dark-colored substances. These smudges are visibly noticeable and can detract from the overall aesthetic appeal of the wall."
wall12_dirtyspot_074.jpg,22,"wall,dirty spot","Interior Wall Construction and Decoration Material Manufacturing. Dirty spots refer to localized dirt or contamination on the wall surface, typically formed by the adhesion of dust, grease, or other dark substances. Stains may exhibit downward streaks and appear as small, conspicuous black marks."
wall12_dirtyspot_075.jpg,22,"wall,dirty spot","Wall Interior Decoration Building Material Manufacturing. Dirty spots refer to localized dirt or contamination on the wall surface, typically formed by the attachment of dust, grease stains, or other dark substances. Stains may exhibit visible black marks of small size."
wall12_dirtyspot_076.jpg,22,"wall,dirty spot","Wall Interior Decoration Building Material Manufacturing. Dirty spots refer to localized dirt or contamination on the wall surface, typically formed by the attachment of dust, grease, or other dark substances. Stains may exhibit downward streaks and appear as small, conspicuous black blemishes."
wall12_dirtyspot_077.jpg,22,"wall,dirty spot","Wall Interior Decoration Building Material Manufacturing. Dirty spots refer to localized dirt or contamination on the wall surface, typically formed by the adhesion of dust, grease stains, or other dark substances. Stains may exhibit water streaks running downwards. Small, conspicuous black stains are evident."
wall12_dirtyspot_078.jpg,22,"wall,dirty spot","Wall Interior Decoration Building Material Manufacturing. Dirty spots refer to localized dirt or contamination on the wall surface, typically formed by the attachment of dust, grease, or other dark substances. Stains may have streaks running downwards. Small, conspicuous black stains are visible."
wall12_dirtyspot_079.jpg,22,"wall,dirty spot","Interior Wall Construction and Decoration Building Materials Manufacturing. Dirty spots refer to localized dirt or contamination on the wall surface, typically formed by the attachment of dust, grease stains, or other dark substances. Stains are noticeable, nail-sized blemishes with water streaks running downwards."
wall12_dirtyspot_080.jpg,22,"wall,dirty spot","Interior Wall Construction and Decoration Building Material Manufacturing. Dirty spots refer to localized dirt or contamination on the wall surface, typically formed by the attachment of dust, grease stains, or other dark substances. Stains are visibly dirty, about the size of a fingernail."
wall12_dirtyspot_081.jpg,22,"wall,dirty spot","Wall Interior Decoration Building Materials Manufacturing. Dirt spots refer to localized dirt or contamination on the wall surface, typically formed by the adhesion of dust, grease stains, or other dark substances. Stains are visibly dirty, nail-sized blemishes that flow downward."
wall12_dirtyspot_082.jpg,22,"wall,dirty spot","Wall Interior Decoration Building Materials Manufacturing. Dirty spots refer to localized dirt or contamination on the wall surface, typically formed by dust, grease stains, or other dark substances adhering to the surface. Stains are visibly dirty, ranging in size from a fingernail to larger patches."
wall12_dirtyspot_083.jpg,22,"wall,dirty spot","Interior Wall Construction and Decoration Materials Manufacturing. Dirty spots refer to localized dirt or contamination on the wall surface, typically formed by the adhesion of dust, grease stains, or other dark substances. Stains are visibly dirty, nail-sized marks with streaks running down."
wall12_dirtyspot_084.jpg,22,"wall,dirty spot","Wall Interior Decoration Building Material Manufacturing. Dirty spots refer to localized dirt or contamination on the wall surface, typically formed by the adhesion of dust, grease stains, or other dark substances. Stains are visibly dirty, ranging in size from a fingernail to a quarter."
wall12_dirtyspot_085.jpg,22,"wall,dirty spot","Interior Wall Construction and Decoration Building Material Manufacturing. Dirty spots refer to localized dirt or contamination on the wall surface, typically formed by the adherence of dust, grease stains, or other dark substances. Stains are visibly noticeable, ranging in size from a fingernail to a quarter."
wall12_dirtyspot_086.jpg,22,"wall,dirty spot","Interior Wall Building and Decoration Materials Manufacturing. Dirty spots refer to localized dirt or contamination on the wall surface, typically formed by dust, grease stains, or other dark substances adhering to the surface. Stains are visibly noticeable, similar in size to a fingernail."
wall12_dirtyspot_087.jpg,22,"wall,dirty spot","Interior Wall Construction and Decoration Building Material Manufacturing. Dirty spots refer to localized dirt or contamination on the wall surface, typically formed by the adhesion of dust, grease stains, or other dark substances. Stains are visibly dirty, ranging in size from a fingernail to a quarter."
wall12_dirtyspot_088.jpg,22,"wall,dirty spot","Wall Interior Decoration Building Material Manufacturing. Dirt spots refer to localized dirt or contamination on the wall surface, typically formed by the adhesion of dust, oil stains, or other dark substances. Stains are visibly dirty, nail-sized, and may have streaks running downwards."
wall12_dirtyspot_089.jpg,22,"wall,dirty spot","Interior Wall Construction and Decoration Building Material Manufacturing. Dirt spots refer to localized dirt or contamination on the wall surface, typically formed by dust, grease stains, or other dark substances adhering to the surface. The stains are visibly dirty, ranging in size from a fingernail to a quarter."
wall12_dirtyspot_090.jpg,22,"wall,dirty spot","Wall Interior Decor Building Materials Manufacturing. Dirty spots refer to localized dirt or contamination on the wall surface, typically formed by the adhesion of dust, grease, or other dark substances. Stains are noticeable, nail-sized, and may have downward streaks."
wall12_dirtyspot_091.jpg,22,"wall,dirty spot","Interior Wall Construction and Decoration Materials Manufacturing. Dirty spots refer to localized dirt or contamination on the wall surface, typically formed by the attachment of dust, grease stains, or other dark substances. Stains are visibly dirty, nail-sized, and may have streaks running downwards."
wall12_dirtyspot_092.jpg,22,"wall,dirty spot","Wall Interior Decoration Building Materials Manufacturing. Dirty spots refer to localized dirt or contamination on the wall surface, typically formed by the adhesion of dust, grease stains, or other dark substances. Stains are visibly dirty, nail-sized, and may exhibit streaks running downwards."
wall12_dirtyspot_093.jpg,22,"wall,dirty spot","Interior Wall Building and Decoration Material Manufacturing. Dirty spots refer to localized dirt or contamination on the wall surface, typically formed by dust, grease stains, or other dark substances adhering to the surface. Stains are visibly prominent, ranging in size from a fingernail to a quarter."
wall12_dirtyspot_094.jpg,22,"wall,dirty spot","Interior Wall Construction and Decoration Building Material Manufacturing. Dirty spots refer to localized dirt or contamination on the wall surface, typically formed by dust, grease stains, or other dark substances adhering. Stains are visibly noticeable, nail-sized spots with streaks running down from top to bottom."
wall12_dirtyspot_095.jpg,22,"wall,dirty spot","Interior Wall Construction and Decoration Materials Manufacturing. Dirty spots refer to localized dirt or contamination on the wall surface, typically formed by the attachment of dust, oil stains, or other dark substances. Stains are visibly dirty, nail-sized marks with streaks running down."
wall12_dirtyspot_096.jpg,22,"wall,dirty spot","Wall Interior Decor Building Material Manufacturing. Dirty spots refer to localized dirt or contamination on the wall surface, typically formed by the adhesion of dust, grease stains, or other dark substances. Stains are visibly dirty, nail-sized, with streaks running downwards."
wall12_dirtyspot_097.jpg,22,"wall,dirty spot","Interior Wall Construction and Decoration Building Material Manufacturing. Dirty spots refer to localized dirt or contamination on the wall surface, typically formed by the adhesion of dust, grease, or other dark substances. Stains are visibly noticeable, nail-sized, and may exhibit streaks running downwards."
wall12_dirtyspot_098.jpg,22,"wall,dirty spot","Interior Wall Building and Decoration Material Manufacturing. Dirty spots refer to localized dirt or contamination on the wall surface, typically formed by the adhesion of dust, grease stains, or other dark substances. Stains are visibly dirty, nail-sized, and may have streaks running downwards."
wall12_dirtyspot_099.jpg,22,"wall,dirty spot","Interior Wall Construction and Decoration Material Manufacturing. Dirty spots refer to localized dirt or contamination on the wall surface, typically formed by the adhesion of dust, oil stains, or other dark substances. Streaks of dripping brown dirty water and stains are visible, often running downward."
wall12_dirtyspot_100.jpg,22,"wall,dirty spot","Interior Wall Construction and Decoration Building Material Manufacturing. Dirty spots refer to localized dirt or contamination on the wall surface, typically formed by dust, grease stains, or other dark substances adhering to it. Drip stains are streaks of dirt running downwards due to water flow."
wall12_dirtyspot_101.jpg,22,"wall,dirty spot","Interior Wall Decoration Materials Manufacturing. Stains and smudges refer to localized dirt or contamination on the wall surface, typically formed by the adhesion of dust, grease, or other dark substances. Streaks of dirt marks left from splashes."
wall12_dirtyspot_102.jpg,22,"wall,dirty spot","Interior Wall Building and Decoration Material Manufacturing. Dirt smudges refer to localized dirt or contamination on the wall surface, typically formed by the adhesion of dust, oil stains, or other dark substances. Streaks of dirt marks left from splashing."
wall12_dirtyspot_103.jpg,22,"wall,dirty spot","Wall Interior Decoration Building Material Manufacturing. Dirt marks refer to localized dirt or contamination on the wall surface, typically formed by the adhesion of dust, grease stains, or other dark substances. Stains may exhibit streaks flowing downwards from the top."
wall12_dirtyspot_104.jpg,22,"wall,dirty spot","Interior Wall Construction and Decor Building Material Manufacturing. Dirty spots refer to localized dirt or contamination on the wall surface, typically formed by dust, oil stains, or other dark substances adhering to the surface. Streaks of dirt marks left by flung stains."
wall12_dirtyspot_105.jpg,22,"wall,dirty spot","Interior Wall Decoration Building Material Manufacturing. Dirty spots refer to localized dirt or contamination on the wall surface, typically formed by the adhesion of dust, oil stains, or other dark substances. Stains may exhibit streaks running downwards from top to bottom."
wall12_dirtyspot_106.jpg,22,"wall,dirty spot","Wall Interior Decoration Building Material Manufacturing. Dirt smudges refer to localized dirt or contamination on the wall surface, typically formed due to the adhesion of dust, grease stains, or other dark substances. Stains may exhibit streaks running downwards from top to bottom."
wall12_dirtyspot_107.jpg,22,"wall,dirty spot","Wall Interior Decor Building Material Manufacturing. Stains and dirt spots refer to localized dirt or contamination on the wall surface, typically formed by the attachment of dust, grease, or other dark substances. Streaks of dirt marks left from splashing."
wall12_dirtyspot_108.jpg,22,"wall,dirty spot","Wall Interior Decor Building Material Manufacturing. Dirty spots refer to localized dirt or contamination on the wall surface, typically formed by the accumulation of dust, grease stains, or other dark substances. Stains may appear as streaks running downwards due to water seepage."
wall12_dirtyspot_109.jpg,22,"wall,dirty spot","Wall Interior Decoration Building Material Manufacturing. Dirty spots refer to localized dirt or contamination on the wall surface, typically formed by the accumulation of dust, grease stains, or other dark substances. Stains often exhibit a downward flow pattern and are visibly circular in shape."
wall12_dirtyspot_110.jpg,22,"wall,dirty spot","Wall Interior Decoration Building Material Manufacturing. Dirty spots refer to localized dirt or contamination on the wall surface, typically formed by the attachment of dust, grease stains, or other dark substances. Stains may have a downward flow pattern and are visibly round in shape."
wall12_dirtyspot_111.jpg,22,"wall,dirty spot","Wall Interior Decoration Building Materials Manufacturing. Dirty spots refer to localized dirt or contamination on the wall surface, typically formed by the adhesion of dust, grease, or other dark substances. Stains often exhibit a downward flowing pattern and are visibly circular in shape."
wall12_dirtyspot_112.jpg,22,"wall,dirty spot","Wall Interior Decor Building Materials Manufacturing. Stains are visible circular dirt marks on the wall surface, typically formed by the accumulation of dust, grease, or other dark substances. Streaks of dirt can be observed flowing downwards."
wall12_dirtyspot_113.jpg,22,"wall,dirty spot","Wall Interior Decoration Building Material Manufacturing. Dirty spots refer to localized dirt or contamination on the wall surface, typically formed by the adhesion of dust, grease, or other dark substances. Stains often exhibit a downward flowing pattern and are visibly characterized by circular-shaped marks."
wall12_dirtyspot_114.jpg,22,"wall,dirty spot","Interior Wall Construction and Decoration Material Manufacturing. Visible circular dirty spots, typically formed by dust, oil stains, or other dark substances adhering to the wall surface. Stains may exhibit a downward flowing pattern."
wall12_dirtyspot_115.jpg,22,"wall,dirty spot","Wall Interior Decoration Building Materials Manufacturing. Dirty spots refer to localized dirt or contamination on the wall surface, typically formed by the attachment of dust, grease stains, or other dark substances. Stains may exhibit a downward flowing pattern and are visibly circular in shape to the naked eye."
wall12_dirtyspot_116.jpg,22,"wall,dirty spot","Wall Interior Decoration Building Material Manufacturing. Dirty spots refer to localized dirt or contamination on the wall surface, typically formed by the attachment of dust, grease stains, or other dark substances. Stains may exhibit a downward flowing pattern and appear as visibly roundish dirty marks."
wall12_dirtyspot_117.jpg,22,"wall,dirty spot","Wall Interior Decoration Building Materials Manufacturing. Dirty spots refer to localized dirt or contamination on the wall surface, typically formed by the adhesion of dust, grease, or other dark substances. Stains often exhibit a downward flow pattern and are visibly circular in shape."
wall12_dirtyspot_118.jpg,22,"wall,dirty spot","Interior Wall Construction and Decoration Materials Manufacturing. Visible circular dirt spots, typically formed by dust, grease stains, or other dark substances adhering to the wall surface. Stains often have streaks running downwards."
wall12_dirtyspot_119.jpg,22,"wall,dirty spot","Wall Interior Decoration Building Material Manufacturing. Dirty spots refer to localized dirt or contamination on the wall surface, typically formed by the adhesion of dust, grease, or other dark substances. Stains often exhibit a downward flowing pattern and are visibly circular in shape to the naked eye."
wall12_dirtyspot_120.jpg,22,"wall,dirty spot","Wall Interior Decoration Building Material Manufacturing. Dirt spots refer to localized dirt or contamination on the wall surface, typically formed by dust, grease stains, or other dark substances adhering to it. Stains often exhibit a downward flowing pattern and are visibly roundish to the naked eye."
wall12_dirtyspot_121.jpg,22,"wall,dirty spot","Wall Interior Decoration Building Material Manufacturing. Dirty spots refer to localized dirt or contamination on the wall surface, typically formed by the attachment of dust, grease stains, or other dark substances. Stains may exhibit slight linear marks."
wall12_dirtyspot_122.jpg,22,"wall,dirty spot","Wall Interior Decoration Building Materials Manufacturing. Dirty spots refer to localized dirt or contamination on the wall surface, typically formed by the attachment of dust, grease, or other dark substances. Stains may exhibit downward streaks. Slight short linear marks."
wall12_dirtyspot_123.jpg,22,"wall,dirty spot","Interior Wall Construction and Decoration Material Manufacturing. Dirty spots refer to localized dirt or contamination on the wall surface, typically formed by dust, grease stains, or other dark substances adhering to the surface. Stains may exhibit slight linear markings."
wall12_dirtyspot_124.jpg,22,"wall,dirty spot","Interior Wall Construction and Decoration Building Material Manufacturing. Dirty spots refer to localized dirt or contamination on the wall surface, typically formed by dust, grease stains, or other dark substances adhering to it. Stains may exhibit downward streaks. Minor short linear marks."
wall12_dirtyspot_125.jpg,22,"wall,dirty spot","Wall Interior Decoration Building Materials Manufacturing. Dirty spots refer to localized dirt or contamination on the wall surface, typically formed by the attachment of dust, grease stains, or other dark substances. Stains may exhibit downward flowing streaks. Minor short linear marks."
wall12_dirtyspot_126.jpg,22,"wall,dirty spot","Wall Interior Decoration Building Material Manufacturing. Dirty spots refer to localized dirt or contamination on the wall surface, typically formed by the attachment of dust, grease stains, or other dark substances. Streaks of wiped-off stains in a rectangular shape."
wall12_dirtyspot_127.jpg,22,"wall,dirty spot","Interior Wall Building and Decoration Material Manufacturing. Dirty spots refer to localized dirt or contamination on the wall surface, typically formed by the adhesion of dust, grease, or other dark substances. The streak-like smudges are indications of wiped-off stains."
wall12_dirtyspot_128.jpg,22,"wall,dirty spot","Interior Wall Construction and Decoration Material Manufacturing. Dirty spots refer to localized dirt or contamination on the wall surface, typically formed by the adhesion of dust, grease, or other dark substances. Streaks of smudges that have been wiped off."
wall12_dirtyspot_129.jpg,22,"wall,dirty spot","Interior Wall Construction and Decoration Material Manufacturing. Dirt spots refer to localized dirt or contamination on the wall surface, typically formed by the adhesion of dust, grease stains, or other dark substances. Streaks of smudges being wiped off in a long rectangular shape."
wall12_dirtyspot_130.jpg,22,"wall,dirty spot","Wall Interior Decoration Building Materials Manufacturing. A long streak of smudged dirt, typically caused by dust, grease, or other dark substances adhering to the wall surface. Stain appears to be running downward from top to bottom."
wall12_dirtyspot_131.jpg,22,"wall,dirty spot","Wall Interior Decoration Building Materials Manufacturing. Dirty spots refer to localized dirt or contamination on the wall surface, typically formed by the attachment of dust, grease stains, or other dark substances. Streaks of smudges being wiped off."
wall12_dirtyspot_132.jpg,22,"wall,dirty spot","Interior Wall Construction and Decoration Materials Manufacturing. Dirty spots refer to localized dirt or contamination on the wall surface, typically formed by dust, grease stains, or other dark substances adhering to the surface. Streaks of smudges being wiped off."
wall12_dirtyspot_133.jpg,22,"wall,dirty spot","Wall Interior Decoration Building Material Manufacturing. Dirty spots refer to localized dirt or contamination on the wall surface, typically formed by the adherence of dust, grease stains, or other dark substances. Stains may exhibit slight discoloration and very shallow depth."
wall12_dirtyspot_134.jpg,22,"wall,dirty spot","Wall Interior Decoration Building Material Manufacturing. Dirt spots refer to localized dirt or contamination on the wall surface, typically formed by the adhesion of dust, grease stains, or other dark substances. Stains may exhibit slight discoloration but are generally small and shallow."
wall12_dirtyspot_135.jpg,22,"wall,dirty spot","Wall Interior Decoration Building Materials Manufacturing. Dirty spots refer to localized dirt or contamination on the wall surface, typically formed by the adhesion of dust, oil stains, or other dark substances. Stains may exhibit slight downward streaks, appearing very small and shallow."
wall12_dirtyspot_136.jpg,22,"wall,dirty spot","Wall Interior Decoration Building Material Manufacturing. Dirty spots refer to localized dirt or contamination on the wall surface, typically formed by the adhesion of dust, grease, or other dark substances. Stains may exhibit slight water streaks running downwards."
wall12_dirtyspot_137.jpg,22,"wall,dirty spot","Wall Interior Decoration Building Material Manufacturing. Dirty spots refer to localized dirt or contamination on the wall surface, typically formed by the attachment of dust, grease stains, or other dark substances. Stains may exhibit slight discoloration and very shallow depth."
wall12_dirtyspot_138.jpg,22,"wall,dirty spot","Interior Wall Construction and Decoration Building Material Manufacturing. Dirty spots refer to localized dirt or contamination on the wall surface, typically formed by the adhesion of dust, grease stains, or other dark substances. Stains may exhibit slight water streaks flowing downwards, appearing very small and shallow."
wall12_dirtyspot_139.jpg,22,"wall,dirty spot","Interior Wall Construction and Decoration Building Material Manufacturing. Dirty spots refer to localized dirt or contamination on the wall surface, typically formed by the adhesion of dust, grease stains, or other dark substances. Stains may exhibit slight discoloration and are very small in size."
wall12_dirtyspot_140.jpg,22,"wall,dirty spot","Interior Wall Construction and Decoration Building Material Manufacturing. Dirty spots refer to localized dirt or contamination on the wall surface, typically formed by dust, grease stains, or other dark substances adhering to the surface. Stains may exhibit slight discoloration and minimal depth."
wall12_dirtyspot_141.jpg,22,"wall,dirty spot","Wall Interior Decor Building Material Manufacturing. Dirty spots refer to localized dirt or contamination on the wall surface, typically formed by the adhesion of dust, grease, or other dark substances. Stains may exhibit slight, shallow discolorations."
wall12_dirtyspot_142.jpg,22,"wall,dirty spot","Wall Interior Decoration Building Material Manufacturing. Dirty spots refer to localized dirt or contamination on the wall surface, typically formed by the adhesion of dust, grease, or other dark substances. Stains may exhibit slight water streaks running downwards."
wall12_dirtyspot_143.jpg,22,"wall,dirty spot","Wall Interior Decoration Building Material Manufacturing. Dirty spots refer to localized dirt or contamination on the wall surface, typically formed by the attachment of dust, grease, or other dark substances. Stains can have streaks running downwards. Very minor and shallow dirty spots."
wall12_dirtyspot_144.jpg,22,"wall,dirty spot","Wall Interior Decoration Building Materials Manufacturing. Dirt spots refer to localized dirt or contamination on the wall surface, typically formed by dust, grease stains, or other dark substances adhering to it. Stains may appear as very small and shallow marks, lacking depth or intensity."
wall12_dirtyspot_145.jpg,22,"wall,dirty spot","Wall Interior Decoration Building Material Manufacturing. Dirty spots refer to localized dirt or contamination on the wall surface, typically formed by the adhesion of dust, grease stains, or other dark substances. Stains may exhibit a slight downward flow pattern and are very small and shallow in nature."
wall12_dirtyspot_146.jpg,22,"wall,dirty spot","Wall Interior Decoration Building Material Manufacturing. Dirty spots refer to localized dirt or contamination on the wall surface, typically formed due to dust, grease stains, or other dark substances adhering to it. Stains may exhibit slight discoloration and are very small in size."
wall12_dirtyspot_147.jpg,22,"wall,dirty spot","Wall Interior Decoration Building Material Manufacturing. Dirty spots refer to localized dirt or contamination on the wall surface, typically formed by dust, grease stains, or other dark substances adhering to the surface. Stains may exhibit slight discoloration or very shallow depth."
wall12_dirtyspot_148.jpg,22,"wall,dirty spot","Interior Wall Building and Decoration Material Manufacturing. Dirty spots refer to localized dirt or contamination on the wall surface, typically formed by dust, grease stains, or other dark substances adhering to it. Stains are very small and shallow, presenting a minor blemish on the otherwise clean surface."
wall12_fissure_001.jpg,23,"wall,fissure","Interior Wall Construction and Decoration Material Manufacturing. Dirty spots refer to localized dirt or contamination on the wall surface, typically formed by the adhesion of dust, grease stains, or other dark substances. Crisscross grid-like cracking patterns can be observed, indicating structural weaknesses and potential water damage."
wall12_fissure_002.jpg,23,"wall,fissure","Interior Wall Construction and Decoration Materials Manufacturing. Dirty spots refer to localized dirt or contamination on the wall surface, typically formed by the adhesion of dust, grease, or other dark substances. Crisscross grid-like cracking."
wall12_fissure_003.jpg,23,"wall,fissure","Interior Wall Construction and Decoration Materials Manufacturing. Dirty spots refer to localized dirt or contamination on the wall surface, typically formed by the attachment of dust, grease stains, or other dark substances. The defects include a network of intersecting and grid-like cracks."
wall12_fissure_004.jpg,23,"wall,fissure","Interior Wall Construction and Decoration Building Material Manufacturing. Dirty spots refer to localized dirt or contamination on the wall surface, typically formed by the adhesion of dust, grease stains, or other dark substances. These spots often exhibit streaks running downwards. Crosshatched and grid-like cracking."
wall12_fissure_005.jpg,23,"wall,fissure","Wall Interior Decoration Building Material Manufacturing. Dirty spots refer to localized dirt or contamination on the wall surface, typically formed by the adhesion of dust, grease stains, or other dark substances. The defects may include a network of intersecting and grid-like cracks."
wall12_fissure_006.jpg,23,"wall,fissure","Wall Interior Decoration Building Material Manufacturing. Dirty spots refer to localized dirt or contamination on the wall surface, typically formed by the attachment of dust, grease, or other dark substances. The defects may include a network of intersecting and grid-like cracks."
wall12_fissure_007.jpg,23,"wall,fissure","Interior Wall Building and Decoration Material Manufacturing. Dirty spots refer to localized dirt or contamination on the wall surface, typically formed by the adhesion of dust, grease, or other dark substances. Stains may exhibit a downward flow pattern. Cross-hatched and grid-like cracking patterns are common defects observed in this industry, resulting from various factors such as structural settling, moisture infiltration, or improper material application."
wall12_fissure_008.jpg,23,"wall,fissure","Interior Wall Construction and Decoration Building Material Manufacturing. Dirty spots refer to localized dirt or contamination on the wall surface, typically formed by the adhesion of dust, grease stains, or other dark substances. The defects include intersecting and grid-like cracking patterns."
wall12_fissure_009.jpg,23,"wall,fissure","Wall Interior Decoration Building Material Manufacturing. Dirty spots refer to localized dirt or contamination on the wall surface, typically formed by the adhesion of dust, grease, or other dark substances. Streaks of two diagonal cracks."
wall12_fissure_010.jpg,23,"wall,fissure","Wall Interior Decoration Building Material Manufacturing. Dirty spots refer to localized dirt or contamination on the wall surface, typically formed by the adhesion of dust, grease, or other dark substances. Stains may exhibit streaks running downwards. Two lines of cracks."
wall12_fissure_011.jpg,23,"wall,fissure","Interior Wall Decoration and Building Material Manufacturing. Dirty spots refer to localized dirt or contamination on the wall surface, typically formed by dust, grease stains, or other dark substances adhering to it. Stains often exhibit streaks running downwards. Two fine cracks."
wall12_fissure_012.jpg,23,"wall,fissure","Interior Wall Construction and Decoration Materials Manufacturing. Dirty spots refer to localized dirt or contamination on the wall surface, typically formed by the adhesion of dust, oil stains, or other dark substances. Streaks of intersecting grid-like cracks."
wall12_fissure_013.jpg,23,"wall,fissure","Wall Interior Decoration Building Material Manufacturing. Intersecting network of multiple cracks. Cracks in a grid pattern running across the surface, indicating structural weakness and potential water damage."
wall12_fissure_014.jpg,23,"wall,fissure","Interior Wall Construction and Decoration Material Manufacturing. Dirty spots refer to localized dirt or contamination on the wall surface, typically formed by the adherence of dust, oil stains, or other dark substances. Streaks of intersecting web-like cracks."
wall12_fissure_015.jpg,23,"wall,fissure","Interior Wall Construction and Decoration Material Manufacturing. Dirty spots refer to localized dirt or contamination on the wall surface, typically formed by the adhesion of dust, oil stains, or other dark substances. Streaks of intersecting grid-like cracks."
wall12_fissure_016.jpg,23,"wall,fissure","Wall Interior Decoration Building Material Manufacturing. Intersecting network of multiple cracks. Flaws include unsightly fissures that compromise structural integrity and aesthetics, potentially leading to water leakage and instability issues."
wall12_fissure_017.jpg,23,"wall,fissure","Wall Interior Decoration Building Material Manufacturing. Intersecting web-like cracks - multiple linear cracks crisscrossing the surface, creating a network pattern. Flaws include potential structural weakness and aesthetic disruption, requiring repair and reinforcement to maintain integrity and visual appeal."
wall12_fissure_018.jpg,23,"wall,fissure","Wall Interior Decoration Building Material Manufacturing. Intersecting web-like cracks. Multiple lines crossing over each other, forming a network of intricate fractures on the surface of the wall, potentially indicating structural weaknesses or material defects."
wall12_fissure_019.jpg,23,"wall,fissure",Wall Interior Decoration Building Materials Manufacturing. Intersecting network of multiple cracks. Flaws include uneven surfaces and potential structural weaknesses due to compromised integrity.
wall12_fissure_020.jpg,23,"wall,fissure","Interior Wall Construction and Decoration Building Material Manufacturing. Dirty spots refer to localized dirt or contamination on the wall surface, typically formed by the adhesion of dust, grease stains, or other dark substances. Streaks of intersecting grid-like cracks."
wall12_fissure_021.jpg,23,"wall,fissure","Interior Wall Construction and Decoration Material Manufacturing. Dirty spots refer to localized dirt or contamination on the wall surface, typically formed by the adhesion of dust, oil stains, or other dark substances. Streaked intersecting mesh cracks."
wall12_fissure_022.jpg,23,"wall,fissure","Wall Interior Decoration Building Material Manufacturing. Dirty spots refer to localized dirt or contamination on the wall surface, usually formed by the accumulation of dust, grease stains, or other dark substances. Streaks of paint with minor cracking."
wall12_fissure_023.jpg,23,"wall,fissure","Interior Wall Construction and Decoration Material Manufacturing: Dirty spots refer to localized dirt or contamination on the wall surface, often caused by dust, grease stains, or other dark substances adhering to it. Stains can also present as streaks running downward. Slanting lines denote minor paint cracking."
wall12_fissure_024.jpg,23,"wall,fissure","Interior Wall Construction and Decoration Building Material Manufacturing. Dirty spots refer to localized dirt or contamination on the wall surface, typically caused by dust, grease stains, or other dark substances adhering to it. Paint with slight cracking in diagonal lines is a common defect observed in interior wall finishes, often due to improper application or environmental factors."
wall12_fissure_025.jpg,23,"wall,fissure","Interior Wall Construction and Decoration Building Materials Manufacturing. Dirty spots refer to localized dirt or contamination on the wall surface, typically formed by the attachment of dust, grease stains, or other dark substances. Stains may exhibit streaks running downward. Slanted lines denote minor paint cracking."
wall12_fissure_026.jpg,23,"wall,fissure","Wall Interior Decoration Building Material Manufacturing. Dirt spots refer to localized dirt or contamination on the wall surface, usually formed by the adhesion of dust, grease stains, or other dark substances. Streaks of paint slightly cracking diagonally."
wall12_fissure_027.jpg,23,"wall,fissure","Wall Interior Decoration Building Material Manufacturing/ Dirty spots refer to localized dirt or contamination on the wall surface, typically formed by the attachment of dust, grease, or other dark substances. Stains often present as streaks running downwards. / In addition, slight cracking of the paint in diagonal lines can be observed as a common defect in this industry."
wall12_fissure_028.jpg,23,"wall,fissure","Wall Interior Decoration Building Material Manufacturing. Dirty spots refer to localized dirt or contamination on the wall surface, typically formed by the accumulation of dust, grease stains, or other dark substances. Streaks of slightly cracked paint are visible on the walls, creating a diagonal pattern."
wall12_fissure_029.jpg,23,"wall,fissure","Interior Wall Construction and Decoration Material Manufacturing. Dirty spots refer to localized dirt or contamination on the wall surface, typically formed by the attachment of dust, grease stains, or other dark substances. Stains may exhibit water streaks running downwards. / Slanting lines denote slight cracking in the paint on the wall, indicating potential structural weaknesses or improper application techniques."
wall12_fissure_030.jpg,23,"wall,fissure","Interior Wall Building and Decoration Materials Manufacturing. Dirty spots refer to localized dirt or contamination on the wall surface, typically formed by the adhesion of dust, grease, or other dark substances. Stains often exhibit streaks flowing downwards. Uneven surfaces and visible cracks are common defects in the industry."
wall12_fissure_031.jpg,23,"wall,fissure","Interior Wall Construction and Decoration Materials Manufacturing. Dirt spots refer to localized dirt or contamination on the wall surface, typically formed by the adhesion of dust, oil stains, or other dark substances. Stains often exhibit streaks running downwards. Uneven surfaces and visible cracks are common defects in wall construction, affecting the overall aesthetics and structural integrity."
wall12_fissure_032.jpg,23,"wall,fissure","Interior Wall Construction and Decoration Material Manufacturing. Dirty spots refer to localized dirt or contamination on the wall surface, typically formed by dust, grease stains, or other dark substances adhering to it. Stains often exhibit streaks running downwards. Obvious cracks and uneven surfaces can be found at cracked areas."
wall12_fissure_033.jpg,23,"wall,fissure","Interior Wall Construction and Decorative Building Materials Manufacturing. Dirty spots refer to localized dirt or contamination on the wall surface, typically formed by the attachment of dust, grease stains, or other dark substances. Stains often exhibit streaks running downwards. Uneven surfaces with visible cracks and fissures."
wall12_fissure_034.jpg,23,"wall,fissure","Interior Wall Construction and Decoration Materials Manufacturing. Dirty spots refer to localized dirt or contamination on the wall surface, typically formed by dust, grease stains, or other dark substances adhering to it. Stains may exhibit streaks running downward. Uneven surfaces and noticeable cracks are common defects in this industry."
wall12_fissure_035.jpg,23,"wall,fissure","Wall Building Interior Decoration Building Material Manufacturing. Dirty spots refer to localized dirt or contamination on the wall surface, typically formed by the adhesion of dust, grease, or other dark substances. Stains may exhibit streaks running downwards. Uneven surfaces are evident at visibly cracked or fissured areas."
wall12_fissure_036.jpg,23,"wall,fissure","Interior Wall Construction and Decoration Building Material Manufacturing. Dirty spots refer to localized dirt or contamination on the wall surface, typically formed by the adhesion of dust, oil stains, or other dark substances. Stains often show streaks running downwards. Noticeable cracks and uneven surfaces at crack openings."
wall12_fissure_037.jpg,23,"wall,fissure","Interior Wall Construction and Decoration Materials Manufacturing. Dirty spots refer to localized dirt or contamination on the wall surface, typically formed by the adhesion of dust, grease, or other dark substances. Stains often exhibit streaks running downwards. Uneven surfaces and visible cracks are common defects in interior wall construction, affecting the overall aesthetics and structural integrity."
wall12_fissure_038.jpg,23,"wall,fissure","Interior Wall Building and Decoration Material Manufacturing. Dirty spots refer to localized dirt or contamination on the wall surface, often formed by dust, grease stains, or other dark substances adhering to it. Stains may exhibit streaks running downwards. Uneven surfaces are noticeable at obvious cracks and fissures."
wall12_fissure_039.jpg,23,"wall,fissure","Wall Interior Decoration Building Material Manufacturing. Dirty spots refer to localized dirt or contamination on the wall surface, typically formed by the attachment of dust, grease stains, or other dark substances. Stains may exhibit streaks running downwards. Uneven surfaces are noticeable at obvious cracks or fissures."
wall12_fissure_040.jpg,23,"wall,fissure","Wall Interior Decoration Building Material Manufacturing. Dirt spots refer to localized dirt or contamination on the wall surface, typically formed by dust, oil stains, or other dark substances adhering to it. Stains often exhibit a streaking pattern from top to bottom. Shallow and inconspicuous, paint cracking is a common defect found on walls, characterized by fine lines or fissures in the paint layer."
wall12_fissure_041.jpg,23,"wall,fissure","Wall Interior Decoration Building Material Manufacturing. Dirty spots refer to localized dirt or contamination on the wall surface, typically formed due to dust, grease stains, or other dark substances adhering to it. Stains often exhibit streaks running downwards. Superficial and inconspicuous, paint cracking is a common defect in wall finishes, characterized by fine lines or fissures on the painted surface."
wall12_fissure_042.jpg,23,"wall,fissure","Wall Interior Decoration Building Material Manufacturing. Dirty spots refer to localized dirt or contamination on the wall surface, typically formed by dust, grease stains, or other dark substances adhering to it. Stains may exhibit water streaks running downwards. Superficial and inconspicuous, paint cracking can be observed."
wall12_fissure_043.jpg,23,"wall,fissure","Wall Interior Decoration Building Material Manufacturing. Dirty spots refer to localized dirt or contamination on the wall surface, typically formed by the adhesion of dust, grease stains, or other dark substances. Stains often exhibit streaks running downwards. Superficial and inconspicuous, paint cracking may occur."
wall12_fissure_044.jpg,23,"wall,fissure","Wall Interior Decoration Building Material Manufacturing. Dirty spots refer to localized dirt or contamination on the wall surface, typically formed by dust, grease stains, or other dark substances adhering to it. Stains may show streaks running downwards. Superficial, inconspicuous paint cracking."
wall12_fissure_045.jpg,23,"wall,fissure","Interior Wall Decoration and Building Material Manufacturing. Dirty spots refer to localized dirt or contamination on the wall surface, typically formed by dust, grease stains, or other dark substances adhering to it. Stains often exhibit a downward flow pattern. Superficial and inconspicuous, paint cracking may occur."
wall12_fissure_046.jpg,23,"wall,fissure","Interior Wall Construction and Decoration Building Material Manufacturing. Dirt spots refer to localized dirt or contamination on the wall surface, typically formed by dust, grease stains, or other dark substances adhering to it. Stains often exhibit a downward flowing pattern. Shallow and inconspicuous, paint cracking can be observed on the surface."
wall12_fissure_047.jpg,23,"wall,fissure","Wall Interior Decoration Building Material Manufacturing. Dirty spots refer to localized dirt or contamination on the wall surface, typically formed by dust, grease stains, or other dark substances adhering to it. Stains can have streaks running downwards. Shallow and inconspicuous, paint cracking."
wall12_fissure_048.jpg,23,"wall,fissure","Interior Wall Decoration and Construction Material Manufacturing. Dirty spots refer to localized dirt or contamination on the wall surface, typically formed by dust, grease stains, or other dark substances adhering to it. Stains often exhibit streaks running downwards. Superficial and inconspicuous, paint cracking may occur."
wall12_fissure_049.jpg,23,"wall,fissure","Interior Wall Decoration Building Material Manufacturing. Dirty spots refer to localized dirt or contamination on the wall surface, typically formed by the adhesion of dust, grease stains, or other dark substances. Stains may exhibit streaks running downwards. Superficial, inconspicuous paint cracking."
wall12_fissure_050.jpg,23,"wall,fissure","Interior Wall Construction and Decoration Materials Manufacturing. Dirty spots refer to localized dirt or contamination on the wall surface, typically formed by dust, grease stains, or other dark substances adhering to it. Stains may exhibit downward streaks from top to bottom. Superficial and inconspicuous, paint cracking may occur."
wall12_fissure_051.jpg,23,"wall,fissure","Interior Wall Construction and Decoration Material Manufacturing. Dirty spots refer to localized dirt or contamination on the wall surface, typically formed by the attachment of dust, grease stains, or other dark substances. Stains may exhibit streaks running downwards. Shallow, inconspicuous paint cracking is also a common defect observed in such materials."
wall12_fissure_052.jpg,23,"wall,fissure","Interior Wall Construction and Decoration Material Manufacturing. Dirty spots refer to localized dirt or contamination on the wall surface, typically formed by the adhesion of dust, grease stains, or other dark substances. Stains may exhibit streaks running downwards. Shallow, inconspicuous paint cracking is also a common defect observed in this industry."
wall12_fissure_053.jpg,23,"wall,fissure","Wall Interior Decoration Building Material Manufacturing. Dirty spots refer to localized dirt or contamination on the wall surface, typically formed by dust, grease stains, or other dark substances adhering to it. Stains often exhibit a downward flow pattern. Superficial and inconspicuous, paint cracking may occur."
wall12_fissure_054.jpg,23,"wall,fissure","Interior wall decoration material manufacturing. Dirty spots refer to localized dirt or contamination on the wall surface, typically formed by the adhesion of dust, grease stains, or other dark substances. Stains often exhibit a downward flowing pattern. Superficial and inconspicuous, paint cracking may occur."
wall12_fissure_055.jpg,23,"wall,fissure","Interior Wall Construction and Decoration Material Manufacturing. Dirty spots refer to localized dirt or contamination on the wall surface, typically caused by dust, grease stains, or other dark substances adhering to it. Stains often present as streaks running downwards. Shallow and inconspicuous paint cracking is a common defect found in this industry."
wall12_fissure_056.jpg,23,"wall,fissure","Interior Wall Building and Decoration Materials Manufacturing. Dirt spots refer to localized dirt or contamination on the wall surface, typically formed by the accumulation of dust, grease stains, or other dark substances. Streaked vertical cracks running in a linear pattern."
wall12_fissure_057.jpg,23,"wall,fissure","Wall Interior Decoration Building Material Manufacturing. Dirty spots refer to localized dirt or contamination on the wall surface, typically formed due to dust, grease stains, or other dark substances adhering. Cracks in long linear vertical lines."
wall12_fissure_058.jpg,23,"wall,fissure","Wall Interior Decoration Building Material Manufacturing. Dirty spots refer to localized dirt or contamination on the wall surface, typically formed by dust, grease stains, or other dark substances adhering to it. Cracks in long vertical lines can be seen, indicating a flaw in the construction or material quality."
wall12_fissure_059.jpg,23,"wall,fissure","Interior Wall Construction and Decoration Material Manufacturing. Dirty spots refer to localized dirt or contamination on the wall surface, typically formed by the adhesion of dust, grease, or other dark substances. Cracks in long linear patterns running vertically."
wall12_fissure_060.jpg,23,"wall,fissure","Wall Interior Decoration Building Material Manufacturing. Dirty spots refer to localized dirt or contamination on the wall surface, typically formed by the adhesion of dust, grease, or other dark substances. Streaks of vertical linear cracks."
wall12_fissure_061.jpg,23,"wall,fissure","Interior Wall Construction and Decoration Material Manufacturing. Dirty spots refer to localized dirt or contamination on the wall surface, typically formed by the adhesion of dust, oil stains, or other dark substances. Cracks running vertically in long straight lines."
wall12_fissure_062.jpg,23,"wall,fissure","Interior Wall Construction and Decoration Materials Manufacturing. Dirty spots refer to localized dirt or contamination on the wall surface, typically formed by dust, grease stains, or other dark substances adhering to it. Longitudinal vertical cracking presents as linear, elongated cracks running vertically on the wall surface."
wall12_fissure_063.jpg,23,"wall,fissure","Interior Wall Construction and Decoration Building Material Manufacturing. Dirty spots refer to localized dirt or contamination on the wall surface, typically formed by the adhesion of dust, oil stains, or other dark substances. Streaks of vertical longitudinal cracking."
wall12_fissure_064.jpg,23,"wall,fissure","Interior Wall Construction and Decoration Material Manufacturing. Dirt spots refer to localized dirt or contamination on the wall surface, typically formed by dust, oil stains, or other dark substances adhering to it. Cracks in long, linear patterns running vertically."
wall12_fissure_065.jpg,23,"wall,fissure","Interior Wall Building and Decoration Material Manufacturing. Dirty spots refer to localized dirt or contamination on the wall surface, typically formed by the attachment of dust, oil stains, or other dark substances. Streaks of vertical linear cracks running down the wall."
wall12_fissure_066.jpg,23,"wall,fissure","Interior Wall Construction and Decoration Materials Manufacturing. Dirty spots refer to localized dirt or contamination on the wall surface, typically formed by the adhesion of dust, grease stains, or other dark substances. Vertical linear cracks running longitudinally."
wall12_fissure_067.jpg,23,"wall,fissure","Interior Wall Construction and Decorative Building Material Manufacturing. Dirty spots refer to localized dirt or contamination on the wall surface, typically formed by the attachment of dust, grease stains, or other dark substances. The cracks running vertically in long linear patterns."
wall12_fissure_068.jpg,23,"wall,fissure","Wall Interior Decoration Building Materials Manufacturing. Dirty spots refer to localized dirt or contamination on the wall surface, usually formed by the adhesion of dust, grease, or other dark substances. Streaks of vertical linear cracks running down the wall."
wall12_fissure_069.jpg,23,"wall,fissure","Interior Wall Construction and Decoration Building Material Manufacturing. Dirty spots refer to localized dirt or contamination on the wall surface, typically formed by the adhesion of dust, oil stains, or other dark substances. Streaks of vertical cracking along straight long bars."
wall12_fissure_070.jpg,23,"wall,fissure","Interior Wall Construction and Decoration Material Manufacturing. Dirty spots refer to localized dirt or contamination on the wall surface, typically formed by the adhesion of dust, grease, or other dark substances. Streaked vertical cracks running in a linear pattern."
wall12_fissure_071.jpg,23,"wall,fissure","Interior Wall Decor and Construction Material Manufacturing. Dirty spots refer to localized dirt or contamination on the wall surface, typically formed by the adhesion of dust, grease, or other dark substances. Stains may exhibit downward streaks. Linear fine cracks are present."
wall12_fissure_072.jpg,23,"wall,fissure","Interior Wall Construction and Decoration Materials Manufacturing. Dirt spots refer to localized dirt or contamination on the wall surface, typically formed by dust, grease stains, or other dark substances adhering to it. Stains may exhibit a downward flowing pattern. Straight and long hairline cracks are present, but very shallow."
wall12_fissure_073.jpg,23,"wall,fissure","Interior Wall Construction and Decorative Building Material Manufacturing. Dirty spots refer to localized dirt or contamination on the wall surface, typically formed by the adhesion of dust, grease, or other dark substances. Stains may exhibit downward streaks. Fine linear hairline cracks are present."
wall12_fissure_074.jpg,23,"wall,fissure","Interior Wall Construction and Decoration Material Manufacturing. Dirty spots refer to localized dirt or contamination on the wall surface, typically formed by dust, oil stains, or other dark substances adhering. Stains show water streaks flowing downwards. Linear and long cracks are very shallow."
wall12_fissure_075.jpg,23,"wall,fissure","Interior Wall Construction and Decoration Building Material Manufacturing. Dirt spots refer to localized dirt or contamination on the wall surface, typically formed by the adhesion of dust, oil stains, or other dark substances. Stains may exhibit downward flow marks. Linear fine cracks are present, but very shallow in depth."
wall12_fissure_076.jpg,23,"wall,fissure","Interior Wall Construction and Decoration Material Manufacturing. Dirt spots refer to localized dirt or contamination on the wall surface, usually formed by dust, grease stains, or other dark substances adhering to it. The stains often exhibit a downward flowing pattern. Shallow linear cracks are common, but they are superficial and do not compromise the structural integrity of the wall."
wall12_fissure_077.jpg,23,"wall,fissure","Interior Wall Construction and Decoration Materials Manufacturing. Dirty spots refer to localized dirt or contamination on the wall surface, typically formed by dust, grease stains, or other dark substances adhering. Stains may exhibit streaks running downwards. Linear fine cracks are present, but very shallow."
wall12_fissure_078.jpg,23,"wall,fissure","Interior Wall Construction and Decorative Building Material Manufacturing. Dirty spots refer to localized dirt or contamination on the wall surface, typically formed by the adhesion of dust, grease, or other dark substances. Stains may exhibit streaks running downwards. Shallow linear cracks are present."
wall12_fissure_079.jpg,23,"wall,fissure","Wall Interior Decoration Building Material Manufacturing. Dirt spots refer to localized dirt or contamination on the wall surface, typically formed by the adhesion of dust, grease, or other dark substances. Stains often exhibit a downward flowing pattern. Hairline cracks are very shallow, linear fissures in the wall."
wall12_fissure_080.jpg,23,"wall,fissure","Interior Wall Construction and Decoration Material Manufacturing. Dirt spots refer to localized dirt or contamination on the wall surface, typically formed by dust, oil stains, or other dark substances adhering to it. Stains often exhibit a downward flow pattern. Shallow linear cracks can be observed on the surface."
wall12_fissure_081.jpg,23,"wall,fissure","Interior Wall Construction and Decoration Building Material Manufacturing. Dirt spots refer to localized dirt or contamination on the wall surface, typically formed by the adhesion of dust, grease stains, or other dark substances. Stains may exhibit streaks running downwards. Shallow linear hairline cracks can also be observed on the surface."
wall12_fissure_082.jpg,23,"wall,fissure","Wall Interior Decoration Building Materials Manufacturing. Dirt spots refer to localized dirt or contamination on the wall surface, typically formed by the adherence of dust, grease stains, or other dark substances. Stains may show streaks running downwards. Linear fine cracks are present, very shallow."
wall12_fissure_083.jpg,23,"wall,fissure","Wall Interior Decoration Building Material Manufacturing. Dirt spots refer to localized dirt or contamination on the wall surface, typically formed by dust, grease stains, or other dark substances adhering to it. Stains can exhibit a downward flow pattern. Linear fine cracks present."
wall12_fissure_084.jpg,23,"wall,fissure","Interior Wall Construction and Decoration Materials Manufacturing. Dirt spots refer to localized dirt or contamination on the wall surface, typically formed by the adhesion of dust, grease stains, or other dark substances. Stains often exhibit streaks running downwards. Linear fine cracks are present, but very shallow."
wall12_fissure_085.jpg,23,"wall,fissure","Interior Wall Building Materials Manufacturing: Dirty spots refer to localized dirt or contamination on the wall surface, typically formed by the adhesion of dust, grease, or other dark substances. Stains may show water streaks running down from top to bottom. Linear fine cracks are present but very shallow."
wall12_fissure_086.jpg,23,"wall,fissure","Interior Wall Construction and Decoration Materials Manufacturing. Dirt spots refer to localized dirt or contamination on the wall surface, typically formed by dust, grease stains, or other dark substances adhering to it. Stains may exhibit vertical streaks from top to bottom. Linear fine cracks are present on the surface."
wall12_fissure_087.jpg,23,"wall,fissure","Interior Wall Construction and Decoration Materials Manufacturing. Dirty spots refer to localized dirt or contamination on the wall surface, typically formed by the adhesion of dust, grease stains, or other dark substances. Stains may exhibit streaks running downwards. Linear fine cracks are present on the surface."
wall12_fissure_088.jpg,23,"wall,fissure","Interior Wall Construction and Decoration Building Material Manufacturing. Dirty spots refer to localized dirt or contamination on the wall surface, typically formed by the adhesion of dust, oil stains, or other dark substances. Stains may exhibit streaks running downwards. Shallow linear hairline cracks."
wall12_fissure_089.jpg,23,"wall,fissure","Interior Wall Construction and Decoration Building Material Manufacturing. Dirt spots refer to localized dirt or contamination on the wall surface, typically formed by the adhesion of dust, oil stains, or other dark substances. Stains may exhibit streaks running downward. Linear fine cracks present on the surface."
wall12_fissure_090.jpg,23,"wall,fissure","Wall Interior Decoration Building Materials Manufacturing. Dirty spots refer to localized dirt or contamination on the wall surface, typically formed by dust, grease stains, or other dark substances adhering to it. Stains may exhibit streaks running downwards. Linear fine cracks can be observed on the surface."
wall12_fissure_091.jpg,23,"wall,fissure","Interior Wall Construction and Decoration Material Manufacturing. Dirt spots refer to localized dirt or contamination on the wall surface, typically formed by dust, grease stains, or other dark substances adhering to it. Stains may exhibit a downward flow pattern. Linear and very shallow hairline cracks."
wall12_fissure_092.jpg,23,"wall,fissure","Interior Wall Construction and Decoration Building Material Manufacturing. Dirt spots refer to localized dirt or pollution on the wall surface, typically formed by dust, oil stains, or other dark substances adhering to it. Stains may exhibit streaks running downwards. Linear fine cracks are present on the surface."
wall12_fissure_093.jpg,23,"wall,fissure","Interior Wall Construction and Decoration Material Manufacturing. Dirty spots refer to localized dirt or contamination on the wall surface, typically formed by the adhesion of dust, grease stains, or other dark substances. Stains may exhibit downward streaks. Straight and long shallow cracks are common defects."
wall12_fissure_094.jpg,23,"wall,fissure","Interior Wall Construction and Decoration Material Manufacturing. Dirty spots refer to localized dirt or contamination on the wall surface, typically formed by the adhesion of dust, oil stains, or other dark substances. Stains may exhibit downward flowing streaks. Shallow linear cracks are present."
wall12_fissure_095.jpg,23,"wall,fissure","Interior Wall Construction and Decoration Building Material Manufacturing. Dirty spots refer to localized dirt or contamination on the wall surface, typically formed by the adhesion of dust, grease, or other dark substances. Stains may exhibit streaks running downward. Linear fine cracks are present, but very shallow in depth."
wall12_fissure_096.jpg,23,"wall,fissure","Interior Wall Construction and Decoration Material Manufacturing. Dirt spots refer to localized dirt or pollution on the wall surface, typically formed by the adhesion of dust, grease stains, or other dark substances. Stains may exhibit downward streaks. Linear fine cracks are present, appearing very shallow."
wall12_fissure_097.jpg,23,"wall,fissure","Interior Wall Construction and Decoration Materials Manufacturing. Dirt spots refer to localized dirt or contamination on the wall surface, typically formed by dust, grease stains, or other dark substances adhering to it. Stains may show streaks running downwards. Shallow linear cracks are present on the surface."
wall12_fissure_098.jpg,23,"wall,fissure","Wall Interior Decoration Building Material Manufacturing. Dirt spots refer to localized dirt or contamination on the wall surface, typically formed by dust, grease stains, or other dark substances adhering to it. Stains may exhibit water streaks running downwards. Fine linear cracks are present, appearing very shallow."
wall12_fissure_099.jpg,23,"wall,fissure","Wall Interior Decoration Building Material Manufacturing. Dirty spots refer to localized dirt or contamination on the wall surface, typically formed by the adhesion of dust, grease stains, or other dark substances. Stains may exhibit streaks running downwards. Linear fine cracks are present, appearing very shallow."
wall12_fissure_100.jpg,23,"wall,fissure","Wall Interior Decoration Building Material Manufacturing. Dirt spots refer to localized dirt or contamination on the wall surface, typically formed by dust, grease stains, or other dark substances adhering to it. Stains often exhibit water streaks running downwards. Linear and fine hairline cracks are present, but very shallow in depth."
wall12_fissure_101.jpg,23,"wall,fissure","Interior Wall Building Material Manufacturing. Dirt spots refer to localized dirt or contamination on the wall surface, typically formed by dust, grease stains, or other dark substances adhering to it. Stains may exhibit streaks running downwards. Shallow linear cracks are present on the surface."
wall12_fissure_102.jpg,23,"wall,fissure","Interior Wall Construction and Decoration Building Material Manufacturing. Dirty spots refer to localized dirt or contamination on the wall surface, typically formed by the adhesion of dust, oil stains, or other dark substances. Stains often exhibit streaks running downward. Superficial linear cracking can be observed on the wall, appearing very shallow."
wall12_fissure_103.jpg,23,"wall,fissure","Interior Wall Building and Decoration Material Manufacturing. Dirt spots refer to localized dirt or contamination on the wall surface, usually caused by dust, grease stains, or other dark substances adhering to it. Stains may exhibit downward streaks. Shallow linear cracks are present, but very faint."
wall12_fissure_104.jpg,23,"wall,fissure","Wall Interior Decoration Building Materials Manufacturing: Dirty spots refer to localized dirt or contamination on the wall surface, often formed by the adhesion of dust, grease, or other dark substances. Stains may exhibit streaks running downwards. Linear fine cracks are present, appearing very shallow."
wall12_fissure_105.jpg,23,"wall,fissure","Wall Interior Decoration Building Material Manufacturing. Dirty spots refer to localized dirt or contamination on the wall surface, usually formed by the adhesion of dust, grease, or other dark substances. Stains may exhibit streaks running downwards. Fine linear hairline cracks."
wall12_fissure_106.jpg,23,"wall,fissure","Interior Wall Building Material Manufacturing: Dirt spots refer to localized dirt or contamination on the wall surface, typically formed by the attachment of dust, grease, or other dark substances. Stains often exhibit streaks running downwards. Shallow linear cracks are present, but they are very faint and minimal in severity."
wall12_fissure_107.jpg,23,"wall,fissure","Interior Wall Construction and Decor Building Material Manufacturing. Dirty spots refer to localized dirt or contamination on the wall surface, typically formed by the adhesion of dust, grease, or other dark substances. Stains may exhibit downward streaks. Shallow linear cracking present."
wall12_fissure_108.jpg,23,"wall,fissure","Interior Wall Construction and Decoration Building Material Manufacturing. Dirty spots refer to localized dirt or contamination on the wall surface, typically formed by the attachment of dust, grease stains, or other dark substances. The stains may exhibit streaks flowing downwards. Microscopic cracking."
wall12_fissure_109.jpg,23,"wall,fissure","Interior Wall Decoration and Building Material Manufacturing. Dirt spots refer to localized dirt or contamination on the wall surface, typically formed by dust, oil stains, or other dark substances adhering to the surface. These spots often exhibit a downward flowing pattern. Microscopic cracking may also be present in the wall surface, indicating potential structural weaknesses or aging of the material."
wall12_fissure_110.jpg,23,"wall,fissure","Wall Interior Decoration Building Material Manufacturing: Dirt spots refer to localized dirt or contamination on the wall surface, usually formed by the adhesion of dust, grease, or other dark substances. Stains often exhibit a downward flow pattern. Microscopic cracking is a common defect in wall surfaces, characterized by tiny fissures that may compromise the structural integrity and aesthetics of the material."
wall12_fissure_111.jpg,23,"wall,fissure","Interior Wall Construction and Decoration Material Manufacturing. Dirty spots refer to localized dirt or contamination on the wall surface, typically formed by dust, grease stains, or other dark substances adhering to the surface. These spots often exhibit streaks running downwards. Microscopic cracking."
wall12_fissure_112.jpg,23,"wall,fissure","Interior Wall Construction and Decoration Building Material Manufacturing. Dirty spots refer to localized dirt or contamination on the wall surface, typically formed by the accumulation of dust, grease stains, or other dark substances. The cracks form a mesh-like pattern, indicating a structural defect that can compromise the integrity and aesthetics of the wall."
wall12_fissure_113.jpg,23,"wall,fissure","Wall Building Interior Decoration Building Material Manufacturing. Mesh cracking refers to the intricate network of fine cracks that develop on the surface of a wall, resembling a mesh pattern. These cracks are typically caused by structural movement, poor material quality, or improper application techniques."
wall12_fissure_114.jpg,23,"wall,fissure","Wall Interior Decoration Building Material Manufacturing. Mesh cracking refers to the pattern of fine cracks resembling a net on the surface of a wall, typically caused by poor adhesion between layers or structural movement, leading to a compromised aesthetic appearance. This defect can compromise the structural integrity of the wall and may require extensive repairs to prevent further damage."
wall12_fissure_115.jpg,23,"wall,fissure","Wall Interior Decoration Building Material Manufacturing. Mesh cracking refers to the fine, interconnected cracks on the surface of a wall, resembling a mesh pattern. This defect is commonly caused by poor adhesion between layers of paint or plaster, leading to structural weakness and aesthetic issues."
wall12_fissure_116.jpg,23,"wall,fissure","Interior Wall Building Materials Manufacturing: Mesh cracking refers to the fine network of cracks that appear on the surface of a wall, often caused by structural movement, temperature fluctuations, or poor quality materials. These cracks can compromise the integrity of the wall and lead to water infiltration issues."
wall12_fissure_117.jpg,23,"wall,fissure","Wall Interior Decoration Building Material Manufacturing. Mesh cracking refers to a pattern of fine cracks on the surface of a wall, resembling a mesh or net. These cracks are typically caused by poor adhesion between layers of paint or plaster, leading to structural weakness and aesthetic imperfections."
wall12_fissure_118.jpg,23,"wall,fissure","Interior Wall Construction and Decoration Materials Manufacturing. Dirty spots refer to localized dirt or contamination on the wall surface, typically formed by the adhesion of dust, grease, or other dark substances. Streaks of dirt can be seen flowing downwards, and fissures extending vertically are also visible."
wall12_fissure_119.jpg,23,"wall,fissure","Interior Wall Construction and Decoration Material Manufacturing. Dirty spots refer to localized dirt or contamination on the wall surface, typically formed by the adhesion of dust, grease, or other dark substances. Streaks of water marks are commonly seen within the stains. Fissures are vertical cracks extending along the wall, potentially affecting its structural integrity."
wall12_fissure_120.jpg,23,"wall,fissure","Interior Wall Construction and Decoration Material Manufacturing. Dirt spots refer to localized dirt or contamination on the wall surface, typically formed by the adhesion of dust, grease, or other dark substances. Stains can exhibit vertical streaks extending downwards."
wall12_fissure_121.jpg,23,"wall,fissure","Wall Interior Decorative Building Material Manufacturing. Dirty spots refer to localized dirt or contamination on the wall surface, typically formed due to dust, grease stains, or other dark substances adhering. Cracks in a cobweb pattern."
wall12_fissure_122.jpg,23,"wall,fissure","Interior Wall Construction and Decoration Building Material Manufacturing. Dirty spots refer to localized dirt or contamination on the wall surface, typically formed by dust, oil stains, or other dark substances adhering to it. Spiderweb-like cracking."
wall12_fissure_123.jpg,23,"wall,fissure","Interior Wall Construction and Decoration Building Material Manufacturing. Dirty spots refer to localized dirt or contamination on the wall surface, typically formed by the adhesion of dust, grease stains, or other dark substances. Stains often exhibit a downward flowing pattern resembling spiderweb-like cracks."
wall12_fissure_124.jpg,23,"wall,fissure","Wall Interior Decoration Building Material Manufacturing. Dirty spots refer to localized dirt or contamination on the wall surface, typically formed by the adhesion of dust, grease stains, or other dark substances. Stains may exhibit downward streaks. Cracks appear as a single horizontal extension."
wall12_fissure_125.jpg,23,"wall,fissure","Wall Interior Decoration Building Material Manufacturing. Dirty spots refer to localized dirt or contamination on the wall surface, typically formed by the adhesion of dust, grease stains, or other dark substances. Stains often exhibit a downward flow pattern. Cracks present as a single horizontally extending line."
wall12_fissure_126.jpg,23,"wall,fissure","Interior Wall Construction and Decoration Material Manufacturing. Dirty spots refer to localized dirt or contamination on the wall surface, typically formed by the accumulation of dust, oil stains, or other dark substances. Stains may exhibit downward streaks. Cracks appear as a single horizontal extension."
wall12_fissure_127.jpg,23,"wall,fissure","Interior Wall Construction and Decoration Building Material Manufacturing. Dirty spots refer to localized dirt or contamination on the wall surface, typically formed by dust, grease stains, or other dark substances adhering to it. Stains may exhibit downward streaks. Cracks appear as a single horizontal extension."
wall12_fissure_128.jpg,23,"wall,fissure","Wall Interior Decoration Building Material Manufacturing. Dirty spots refer to localized dirt or contamination on the wall surface, typically formed by the adhesion of dust, grease, or other dark substances. Stains may exhibit downward streaks. Cracks appear as a single horizontal extension."
wall12_fissure_129.jpg,23,"wall,fissure","Interior Wall Construction and Decoration Materials Manufacturing. Dirty spots refer to localized dirt or contamination on the wall surface, typically formed by the adhesion of dust, grease, or other dark substances. Stains often exhibit a downward flow pattern. Cracks appear as a single horizontal extension."
wall12_fissure_130.jpg,23,"wall,fissure","Wall Interior Decoration Building Material Manufacturing. Dirty spots refer to localized dirt or contamination on the wall surface, typically formed by dust, grease stains, or other dark substances adhering to it. Stains often exhibit streaks running downwards. Around cracks, the surface may show slight concavity."
wall12_fissure_131.jpg,23,"wall,fissure","Interior Wall Construction and Decoration Materials Manufacturing. Dirty spots refer to localized dirt or contamination on the wall surface, typically formed by dust, grease stains, or other dark substances adhering to it. Stains often exhibit a downward flow pattern. Slight depressions can be observed around the surface of cracks."
wall12_fissure_132.jpg,23,"wall,fissure","Wall Interior Decoration Building Material Manufacturing. Dirty spots refer to localized dirt or contamination on the wall surface, typically formed by the adhesion of dust, grease, or other dark substances. Stains may exhibit streaks running downwards. Slight depressions are present around the surface of the cracks."
wall12_fissure_133.jpg,23,"wall,fissure","Interior Wall Construction and Decoration Material Manufacturing. Dirty spots refer to localized dirt or contamination on the wall surface, typically formed by dust, grease stains, or other dark substances adhering to it. Stains often exhibit streaks running downwards. Around cracks, the surface may show slight concavity."
wall12_fissure_134.jpg,23,"wall,fissure","Interior Wall Construction and Decor Building Material Manufacturing. Dirty spots refer to localized dirt or contamination on the wall surface, typically formed by the adhesion of dust, grease, or other dark substances. Stains may exhibit streaks running downwards. Slight concavity can be observed around the surface of cracks."
wall12_fissure_135.jpg,23,"wall,fissure","Wall Interior Decoration Building Materials Manufacturing. Dirty spots refer to localized dirt or contamination on the wall surface, typically formed by the adhesion of dust, oil stains, or other dark substances. Stains may exhibit streaks running downwards. Cracks and slight indentations may result from superficial damage caused by impact."
wall12_fissure_136.jpg,23,"wall,fissure","Interior Wall Building and Decoration Materials Manufacturing. Dirty spots refer to localized dirt or contamination on the wall surface, typically formed by the attachment of dust, oil stains, or other dark substances. Stains often exhibit streaks running downwards. Cracks and minor indentations may result from superficial damage caused by impact."
wall12_fissure_137.jpg,23,"wall,fissure","Interior Wall Building Material Manufacturing: Dirt spots refer to localized dirt or contamination on the wall surface, typically formed by dust, grease stains, or other dark substances adhering to it. Stains often display streaks running downwards. Cracks and minor indentations may result from surface damage due to impact."
wall12_fissure_138.jpg,23,"wall,fissure","Interior Wall Construction and Decoration Material Manufacturing. Dirty spots refer to localized dirt or contamination on the wall surface, typically formed by the adhesion of dust, grease stains, or other dark substances. Stains may exhibit streaks running downwards. Cracks may slightly protrude outward at the crack site."
wall12_fissure_139.jpg,23,"wall,fissure","Wall Interior Decoration Building Materials Manufacturing. Dirty spots refer to localized dirt or contamination on the wall surface, typically formed by the accumulation of dust, grease stains, or other dark substances. Stains often exhibit downward streaks. Minor protrusions outward from crack locations."
wall12_fissure_140.jpg,23,"wall,fissure","Interior Wall Construction and Decoration Materials Manufacturing. Dirty spots refer to localized dirt or contamination on the wall surface, typically formed by the adhesion of dust, grease, or other dark substances. Stains may exhibit streaks running downwards. Minor protrusions are present around cracked areas."
wall12_fissure_141.jpg,23,"wall,fissure","Interior Wall Construction and Decoration Building Material Manufacturing. Dirt spots refer to localized dirt or contamination on the wall surface, typically formed by the adhesion of dust, grease stains, or other dark substances. Streaks of dirt may be seen flowing downwards. Cracks may exhibit slight protrusions outward."
wall12_fissure_142.jpg,23,"wall,fissure","Interior Wall Construction and Decoration Materials Manufacturing. Dirty spots refer to localized dirt or contamination on the wall surface, typically formed by the adhesion of dust, grease stains, or other dark substances. Stains may show streaks running downwards. Cracks may slightly protrude outward from the surface."
wall12_fissure_143.jpg,23,"wall,fissure","Wall Interior Decoration Building Material Manufacturing. Dirty spots refer to localized dirt or contamination on the wall surface, typically formed by the adhesion of dust, grease stains, or other dark substances. Stains may exhibit streaks running downwards. Microscopic depressions at crack sites resemble impact from external force."
wall12_fissure_144.jpg,23,"wall,fissure","Interior Wall Construction and Decoration Material Manufacturing. Dirty spots refer to localized dirt or contamination on the wall surface, typically formed by the adhesion of dust, oil stains, or other dark substances. Stains often exhibit streaks running downwards. Minor depressions at crack locations resemble impact from external forces."
wall12_fissure_145.jpg,23,"wall,fissure","Interior Wall Construction and Decoration Materials Manufacturing. Dirty spots refer to localized dirt or contamination on the wall surface, typically formed by the adhesion of dust, grease stains, or other dark substances. Streaks of dirt often flow downwards. Cracks exhibit slight depressions as if impacted by external force."
wall12_fissure_146.jpg,23,"wall,fissure","Interior Wall Construction and Decoration Building Material Manufacturing. Dirty spots refer to localized dirt or contamination on the wall surface, typically formed by the adhesion of dust, grease stains, or other dark substances. Stains often exhibit streaks running downwards. Microscopic indentations at crack sites resemble impact from external forces."
wall12_fissure_147.jpg,23,"wall,fissure","Interior Wall Construction and Decoration Building Materials Manufacturing. Dirty spots refer to localized dirt or contamination on the wall surface, usually formed by the adhesion of dust, oil stains, or other dark substances. Stains may exhibit streaks from top to bottom. Minor depressions at crack locations resemble impacts from external forces."
wall12_fissure_148.jpg,23,"wall,fissure","Interior Wall Construction and Decoration Building Material Manufacturing. Dirty spots refer to localized dirt or contamination on the wall surface, typically caused by dust, grease stains, or other dark substances adhering to the surface. Stains may exhibit streaks running downwards. Peeling cracks."
wall12_fissure_149.jpg,23,"wall,fissure","Interior Wall Construction and Decoration Materials Manufacturing. Dirty spots refer to localized dirt or contamination on the wall surface, typically formed by dust, oil stains, or other dark substances adhering to it. Cracked and peeling sections expose the bare wall underneath, detracting from the overall aesthetic appeal."
wall12_fissure_150.jpg,23,"wall,fissure","Wall Interior Decoration Building Material Manufacturing. Dirty spots refer to localized dirt or contamination on the wall surface, typically formed by the adhesion of dust, oil stains, or other dark substances. Stains may exhibit streaks running downward, penetrating cracks."
wall12_fissure_151.jpg,23,"wall,fissure","Wall Interior Decoration Building Material Manufacturing. Dirty spots refer to localized dirt or contamination on the wall surface, typically formed by the attachment of dust, grease stains, or other dark substances. Streaks of not very noticeable cracks."
wall12_fissure_152.jpg,23,"wall,fissure","Interior Wall Building Material Manufacturing: Dirty spots refer to localized dirt or contamination on the wall surface, typically formed by the adhesion of dust, oil stains, or other dark substances. Stains often exhibit streaks running downwards. Long, inconspicuous cracks are a common defect in interior wall construction, potentially compromising the structural integrity and aesthetic appeal of the wall."
wall12_fissure_153.jpg,23,"wall,fissure","Interior Wall Construction and Decoration Building Material Manufacturing. Dirty spots refer to localized dirt or contamination on the wall surface, typically formed by the adhesion of dust, oil stains, or other dark substances. The cracks in long strips are not prominently visible."
wall12_fissure_154.jpg,23,"wall,fissure","Interior Wall Construction and Decoration Material Manufacturing. Dirty spots refer to localized dirt or contamination on the wall surface, typically formed by the adhesion of dust, grease stains, or other dark substances. Streaks of unobtrusive cracks."
wall12_fissure_155.jpg,23,"wall,fissure","Wall Interior Decoration Building Materials Manufacturing. Dirty spots refer to localized dirt or contamination on the wall surface, typically formed by the adhesion of dust, grease, or other dark substances. Streaks of unclear cracks are not prominently visible."
wall12_fissure_156.jpg,23,"wall,fissure","Wall Interior Decoration Building Material Manufacturing. Dirty spots refer to localized dirt or contamination on the wall surface, typically formed by the adhesion of dust, grease stains, or other dark substances. Streaks of subtle cracks are not prominently visible."
wall12_fissure_157.jpg,23,"wall,fissure","Interior Wall Decoration and Building Material Manufacturing. Dirty spots refer to localized dirt or contamination on the wall surface, often formed by dust, grease stains, or other dark substances adhering to it. Streaks of faint cracks that are not prominently visible."
wall12_fissure_158.jpg,23,"wall,fissure","Wall Interior Decoration Building Materials Manufacturing. Dirty spots refer to localized dirt or contamination on the wall surface, typically formed by the adhesion of dust, grease stains, or other dark substances. Streaks of long, inconspicuous cracks are present."
wall12_fissure_159.jpg,23,"wall,fissure","Interior Wall Decoration and Building Material Manufacturing. Dirty spots refer to localized dirt or contamination on the wall surface, typically formed by dust, grease stains, or other dark substances adhering to it. Cracks that are long and inconspicuous."
wall12_fissure_160.jpg,23,"wall,fissure","Interior Wall Building and Decoration Material Manufacturing. Dirty spots refer to localized dirt or contamination on the wall surface, typically formed by the attachment of dust, grease stains, or other dark substances. Streaks of subtle cracks are not prominently visible."
wall12_fissure_161.jpg,23,"wall,fissure","Interior Wall Construction and Decorative Building Material Manufacturing. Dirty spots refer to localized dirt or contamination on the wall surface, typically formed by dust, grease stains, or other dark substances adhering to it. Streaks of barely noticeable cracks."
wall12_fissure_162.jpg,23,"wall,fissure","Interior Wall Construction and Decoration Material Manufacturing. Dirty spots refer to localized dirt or contamination on the wall surface, typically formed by the adherence of dust, grease stains, or other dark substances. Streaks of faint cracks are not prominently visible."
wall12_fissure_163.jpg,23,"wall,fissure","Wall Interior Decoration Building Material Manufacturing. Fissures are tiny, barely noticeable cracks on the surface of the wall, which can be caused by structural settling or temperature changes. Dirty spots refer to localized areas on the wall with dirt, stains, or other dark substances adhered to the surface, often resulting from dust or oil stains."
wall12_fissure_164.jpg,23,"wall,fissure","Interior Wall Building and Decoration Material Manufacturing. Dirty spots refer to localized dirt or contamination on the wall surface, typically formed by the adherence of dust, grease, or other dark substances. Fissures, although barely noticeable, can be present as very subtle cracks on the wall."
wall12_fissure_165.jpg,23,"wall,fissure","Interior Wall Construction and Decoration Material Manufacturing. Fissures are fine cracks in the wall surface that are not easily noticeable, often caused by settling of the building or temperature fluctuations. Hidden beneath layers of paint, these fissures can eventually lead to structural issues if left unaddressed."
wall12_fissure_166.jpg,23,"wall,fissure","Wall Interior Decoration Building Materials Manufacturing. Dirty spots refer to localized dirt or contamination on the wall surface, typically formed due to the attachment of dust, oil stains, or other dark substances. These stains often exhibit a downward flowing pattern. Fissures, although barely noticeable, are small cracks that can be found on the surface of the wall, potentially compromising its structural integrity."
wall12_fissure_167.jpg,23,"wall,fissure","Wall Interior Decoration Building Material Manufacturing. Fissures, also known as fine cracks, are imperceptible fractures on the surface of the wall, often caused by structural settlement or temperature fluctuations. Inconspicuous dirty spots refer to localized areas of grime or contamination on the wall, typically formed by the adhesion of dust, oil stains, or other dark substances."
wall12_fissure_168.jpg,23,"wall,fissure","Interior Wall Construction and Decoration Material Manufacturing. Dirty spots refer to localized dirt or contamination on the wall surface, typically formed by the adhesion of dust, oil stains, or other dark substances. Fissures, although barely noticeable, can be present as very subtle cracks on the wall."
wall12_fissure_169.jpg,23,"wall,fissure","Interior Wall Construction and Decoration Material Manufacturing. Dirty spots refer to localized dirt or contamination on the wall surface, typically formed by the adhesion of dust, grease, or other dark substances. Fissures, although barely visible, may exist as subtle cracks on the surface of the wall."
wall12_fissure_170.jpg,23,"wall,fissure","Wall Interior Decoration Building Materials Manufacturing. Hairline cracks refer to very fine cracks on the surface of a wall, often caused by structural settling or temperature fluctuations. Peeling paint is a common issue where layers of paint detach from the wall surface, resulting in a patchy and unsightly appearance."
wall12_fissure_171.jpg,23,"wall,fissure","Interior Wall Construction and Decoration Material Manufacturing. Scratches are subtle marks or lines on the surface of the wall, often caused by accidental contact or minor impacts. Uneven paint texture can be a common flaw found in this industry, resulting in inconsistent finish appearances."
wall12_fissure_172.jpg,23,"wall,fissure","Interior wall construction and decoration material manufacturing. Faint dirty spots refer to localized dirt or contamination on the wall surface, typically formed by the adherence of dust, grease, or other dark substances. Barely noticeable fissures are small cracks that are not prominent and may not affect the structural integrity of the wall."
wall12_fissure_173.jpg,23,"wall,fissure","Interior Wall Construction and Decoration Building Material Manufacturing. Fissures, which are tiny cracks in the wall surface, can be difficult to detect at first glance. They may pose a structural risk if left unaddressed. Dirt spots refer to localized areas of dirt or contamination on the wall, often caused by dust, oil stains, or other dark substances adhering to the surface. These spots can be unsightly and may require thorough cleaning to remove."
wall12_fissure_174.jpg,23,"wall,fissure","Interior Wall Construction and Decoration Material Manufacturing. Dirty spots refer to localized dirt or contamination on the wall surface, typically formed by the adherence of dust, oil stains, or other dark substances. Fissures, which are barely noticeable, are small cracks that may occur in the wall."
wall12_fissure_175.jpg,23,"wall,fissure","Interior Wall Construction and Decoration Materials Manufacturing. Dirty spots refer to localized dirt or contamination on the wall surface, typically formed by the attachment of dust, grease, or other dark substances. Fissures, although barely noticeable, can be present as very subtle cracks on the wall."
wall12_fissure_176.jpg,23,"wall,fissure","Wall Interior Decoration Building Material Manufacturing. Dirty spots refer to localized dirt or contamination on the wall surface, typically formed by the adhesion of dust, grease, or other dark substances. The barely noticeable fissures are small cracks that may be present on the wall, usually caused by structural settling or material shrinkage."
wall12_fissure_177.jpg,23,"wall,fissure","Interior Wall Building Material Manufacturing: Fissures refer to fine cracks that are barely visible on the surface of the wall, which can be caused by structural settling or temperature fluctuations. Dirty spots are localized areas of dirt or grime on the wall, typically resulting from dust, oil stains, or other dark substances adhering to the surface."
wall12_fissure_178.jpg,23,"wall,fissure","Wall Interior Decoration Building Material Manufacturing. Fissures are tiny cracks on the surface of the wall that are barely noticeable, often caused by the settling of the building or temperature changes. Dirty spots refer to localized areas of dirt or contamination on the wall surface, typically formed by the accumulation of dust, oil stains, or other dark substances."
wall12_fissure_179.jpg,23,"wall,fissure","Interior Wall Construction and Decoration Building Material Manufacturing. Faint smudges refer to localized dirt or contamination on the wall surface, typically formed by dust, grease stains, or other dark substances adhering to the surface. Barely noticeable hairline cracks are present."
wall12_fissure_180.jpg,23,"wall,fissure","Interior Wall Construction and Decoration Material Manufacturing. Dirty spots refer to localized dirt or contamination on the wall surface, usually formed by dust, grease stains, or other dark substances adhering to it. Fissures, which are very subtle, are small cracks that are barely noticeable on the wall."
wall12_fissure_181.jpg,23,"wall,fissure","Interior Wall Construction and Decorative Building Materials Manufacturing. Imperceptible dirty spots refer to localized dirt or contamination on the wall surface, typically formed by the adhesion of dust, grease stains, or other dark substances. Barely noticeable fissures are small cracks that are difficult to detect without close inspection, potentially compromising the wall's integrity."
wall12_fissure_182.jpg,23,"wall,fissure","Interior Wall Construction and Decoration Building Material Manufacturing. Dirty spots refer to localized dirt or contamination on the wall surface, typically formed by the attachment of dust, grease stains, or other dark substances. Fissures, although very subtle, can be observed as barely noticeable cracks on the wall."
wall12_fissure_183.jpg,23,"wall,fissure","Interior Wall Construction and Decoration Materials Manufacturing. Faint dirty spots refer to localized dirt or contamination on the wall surface, typically formed by the adhesion of dust, grease, or other dark substances. Barely noticeable fissures are small cracks that are difficult to detect without close inspection."
wall12_fissure_184.jpg,23,"wall,fissure","Interior Wall Building Material Manufacturing: Fissures, also known as fine cracks, are subtle imperfections that can be found on the surface of walls. They are typically caused by structural settling or temperature fluctuations, resulting in hairline fractures that are barely noticeable."
wall12_fissure_185.jpg,23,"wall,fissure","Interior Wall Building and Decoration Materials Manufacturing. Water stains refer to localized dirt or pollution on the wall surface, typically formed by the attachment of dust, oil stains, or other dark substances. Fissures, which are very subtle, are fine cracks that may appear on the surface of the wall."
wall12_fissure_186.jpg,23,"wall,fissure","Interior Wall Construction and Decoration Building Material Manufacturing. Dirty spots refer to localized dirt or contamination on the wall surface, typically formed by the adherence of dust, oil stains, or other dark substances. Fissures, although very subtle, may present as barely noticeable cracks in the wall."
wall12_fissure_187.jpg,23,"wall,fissure","Interior Wall Building and Decoration Material Manufacturing. Dirty spots refer to localized dirt or contamination on the wall surface, typically formed by the adhesion of dust, grease stains, or other dark substances. Fissures, although very subtle, are small cracks that are barely noticeable on the wall."
wall12_fissure_188.jpg,23,"wall,fissure","Wall Interior Decoration Building Material Manufacturing. Dirty spots refer to localized dirt or contamination on the wall surface, typically formed by the adhesion of dust, grease, or other dark substances. Stains often exhibit streaks running downwards. Shallow and inconspicuous cracks are a common defect."
wall12_fissure_189.jpg,23,"wall,fissure","Interior Wall Construction and Decoration Building Material Manufacturing. Dirty spots refer to localized dirt or contamination on the wall surface, typically formed by the adhesion of dust, grease, or other dark substances. Stains may exhibit water streaks flowing downward. Superficial and barely noticeable cracks."
wall12_fissure_190.jpg,23,"wall,fissure","Wall Interior Decoration Building Materials Manufacturing. Dirty spots refer to localized dirt or contamination on the wall surface, typically formed by the adhesion of dust, grease, or other dark substances. Stains often exhibit a downward flow pattern. Shallow and inconspicuous cracks are a common defect."
wall12_fissure_191.jpg,23,"wall,fissure","Interior Wall Construction and Decoration Building Materials Manufacturing. Dirty spots refer to localized dirt or contamination on the wall surface, typically formed by dust, grease stains, or other dark substances adhering to the surface. Stains often exhibit streaks running downwards. Superficial and barely noticeable cracks."
wall12_fissure_192.jpg,23,"wall,fissure","Wall Interior Decoration Building Material Manufacturing. Dirty spots refer to localized dirt or contamination on the wall surface, typically formed by the adhesion of dust, grease, or other dark substances. Stains may exhibit a downward flow pattern. Shallow, barely noticeable cracks are a common defect."
wall12_fissure_193.jpg,23,"wall,fissure","Interior Wall Construction and Decor Building Material Manufacturing. Dirty spots refer to localized dirt or contamination on the wall surface, typically formed by the adhesion of dust, grease, or other dark substances. Stains often exhibit streaks running downwards. Superficial, barely noticeable cracks are a common defect."
wall12_fissure_194.jpg,23,"wall,fissure","Wall Interior Decoration Building Material Manufacturing. Dirty spots refer to localized dirt or contamination on the wall surface, typically formed by dust, grease stains, or other dark substances adhering to it. Stains may show streaks running downwards. Superficial cracks are barely noticeable."
wall12_fissure_195.jpg,23,"wall,fissure","Interior Wall Construction and Decoration Building Material Manufacturing. Dirty spots refer to localized dirt or contamination on the wall surface, typically formed due to dust, grease stains, or other dark substances adhesion. Stains often exhibit streaks running downwards. Superficial and inconspicuous cracks are a common issue."
wall12_fissure_196.jpg,23,"wall,fissure","Interior Wall Construction and Decoration Building Material Manufacturing. Dirty spots refer to localized dirt or contamination on the wall surface, typically formed by dust, oil stains, or other dark substances adhering to the surface. Stains often exhibit streaks running downwards. Superficial and barely noticeable cracks are a common defect in this industry."
wall12_fissure_197.jpg,23,"wall,fissure","Interior Wall Decoration and Building Material Manufacturing. Dirty spots refer to localized dirt or contamination on the wall surface, often formed by the attachment of dust, grease stains, or other dark substances. Stains may exhibit streaks flowing downwards. Superficial and barely noticeable hairline cracks."
wall12_fissure_198.jpg,23,"wall,fissure","Wall Interior Decor Building Material Manufacturing. Dirty spots refer to localized dirt or contamination on the wall surface, typically formed by dust, grease stains, or other dark substances adhering to the surface. Stains may exhibit a downward flow pattern. Superficial, barely noticeable cracks."
wall12_fissure_199.jpg,23,"wall,fissure","Interior Wall Construction and Decoration Building Material Manufacturing. Dirty spots refer to localized dirt or contamination on the wall surface, typically formed by the adhesion of dust, grease, or other dark substances. The stains often exhibit streaks running downwards. Superficial and barely noticeable cracks are a common defect in this industry."
wall12_fissure_200.jpg,23,"wall,fissure","Interior Wall Construction and Decoration Material Manufacturing. Dirty spots refer to localized dirt or contamination on the wall surface, typically formed by the adhesion of dust, grease, or other dark substances. Stains may exhibit streaks running downwards. Superficial and inconspicuous cracks are present as a common defect."
wall12_fissure_201.jpg,23,"wall,fissure","Interior Wall Construction and Decoration Building Material Manufacturing. Dirty spots refer to localized dirt or contamination on the wall surface, typically formed by the accumulation of dust, oil stains, or other dark substances. Stains often exhibit a downward flowing pattern. Superficial, barely noticeable cracks are a common defect."
wall12_fissure_202.jpg,23,"wall,fissure","Wall Interior Decoration Building Material Manufacturing. Dirty spots refer to localized dirt or contamination on the wall surface, typically formed by the adhesion of dust, grease stains, or other dark substances. Stains may exhibit streaks running downwards. Cracks with slight protrusions and minor peeling outward may indicate moisture damage."
wall12_fissure_203.jpg,23,"wall,fissure","Interior Wall Construction and Decoration Material Manufacturing. Dirty spots refer to localized dirt or contamination on the wall surface, typically formed by the adhesion of dust, grease stains, or other dark substances. Streaks of dirt may be seen flowing downwards. Cracks with slight protrusions and minor peeling may indicate moisture damage."
wall12_fissure_204.jpg,23,"wall,fissure","Interior Wall Construction and Decoration Materials Manufacturing. Dirty spots refer to localized dirt or contamination on the wall surface, typically formed by the adhesion of dust, grease stains, or other dark substances. Streaks of runoff can be observed from top to bottom. Cracks with slight protrusions and minor peeling may indicate water damage."
wall12_fissure_205.jpg,23,"wall,fissure","Interior Wall Construction and Decorative Building Material Manufacturing. Dirty spots refer to localized dirt or contamination on the wall surface, typically formed by the adhesion of dust, grease stains, or other dark substances. Streaks of water stains may be visible from top to bottom. Cracks with slight protrusions and minor peeling may indicate moisture damage."
wall12_fissure_206.jpg,23,"wall,fissure","Interior Wall Construction and Decoration Building Material Manufacturing. Dirt spots refer to localized dirt or contamination on the wall surface, typically formed by the adhesion of dust, grease, or other dark substances. Stains may exhibit streaks running downwards. Cracks protruding outward with minor peeling could indicate moisture damage."
wall12_fissure_207.jpg,23,"wall,fissure","Interior Wall Construction and Decoration Material Manufacturing. Dirty spots refer to localized dirt or contamination on the wall surface, typically formed by dust, oil stains, or other dark substances adhering to it. Cracks with slight protrusions and minor peeling may indicate water damage."
wall12_fissure_208.jpg,23,"wall,fissure","Interior Wall Construction and Decoration Materials Manufacturing. Dirty spots refer to localized dirt or contamination on the wall surface, typically caused by dust, grease stains, or other dark substances adhering to it. Cracks protruding outward with slight peeling may indicate moisture damage."
wall12_fissure_209.jpg,23,"wall,fissure","Interior Wall Building and Decoration Material Manufacturing. Dirty spots refer to localized dirt or contamination on the wall surface, typically formed by the adhesion of dust, grease, or other dark substances. Stains may exhibit streaks running downwards. Cracking areas may have slight protrusions and minor peeling, possibly due to moisture damage."
wall12_fissure_210.jpg,23,"wall,fissure","Interior Wall Construction and Decoration Material Manufacturing. Dirt spots refer to localized dirt or contamination on the wall surface, typically formed by the adhesion of dust, oil stains, or other dark substances. Stains may exhibit streaks running downward. Cracks with slight protrusions and minor peeling outward may indicate moisture damage."
wall12_fissure_211.jpg,23,"wall,fissure","Wall Interior Decoration Building Material Manufacturing. Dirt spots refer to localized dirt or contamination on the wall surface, typically formed by the adhesion of dust, oil stains, or other dark substances. Stains may exhibit downward streaks. Cracks with slight protrusions and minor peeling may indicate moisture damage."
wall12_fissure_212.jpg,23,"wall,fissure","Interior Wall Construction and Decoration Material Manufacturing. Dirty spots refer to localized dirt or contamination on the wall surface, typically formed by dust, grease stains, or other dark substances adhering to the surface. Cracks with slight protrusions and minor peeling may indicate moisture damage."
wall12_fissure_213.jpg,23,"wall,fissure","Interior Wall Construction and Decoration Materials Manufacturing. Dirty spots refer to localized dirt or contamination on the wall surface, usually formed by the attachment of dust, oil stains, or other dark substances. Streaks of dirt may be seen running down from the top. Cracks with slight protrusions and minor peeling could indicate moisture damage."
wall12_fissure_214.jpg,23,"wall,fissure","Wall Interior Decoration Building Material Manufacturing. Dirty spots refer to localized dirt or contamination on the wall surface, usually formed by the attachment of dust, grease stains, or other dark substances. Stains may show streaks flowing downwards. Cracks with slight protrusions and minor peeling may indicate moisture damage."
wall12_fissure_215.jpg,23,"wall,fissure","Interior Wall Construction and Decoration Material Manufacturing. Dirty spots refer to localized dirt or contamination on the wall surface, typically formed by the accumulation of dust, oil stains, or other dark substances. Streaks of water stains may be visible running downwards. Cracks with slight protrusions and minor peeling may indicate moisture damage."
wall12_fissure_216.jpg,23,"wall,fissure","Interior Wall Construction and Decoration Material Manufacturing. Dirt spots refer to localized dirt or contamination on the wall surface, typically formed by dust, oil stains, or other dark substances adhering to it. Cracks protruding outward with slight peeling may indicate moisture damage."
wall12_fissure_217.jpg,23,"wall,fissure","Interior Wall Construction and Decoration Building Material Manufacturing. Dirty spots refer to localized dirt or contamination on the wall surface, usually formed by the adhesion of dust, oil stains, or other dark substances. Streaks of dirt may be visible running downwards. Cracks with slight protrusions and minor peeling may indicate moisture damage."
wall12_fissure_218.jpg,23,"wall,fissure","Interior Wall Construction and Decoration Material Manufacturing. Dirt spots refer to localized dirt or contamination on the wall surface, often formed by the adhesion of dust, grease stains, or other dark substances. Stains may exhibit streaks running downwards. Cracks with slight protrusions and minor peeling may indicate moisture damage."
wall12_fissure_219.jpg,23,"wall,fissure","Interior Wall Construction and Decoration Building Materials Manufacturing. Dirty spots refer to localized dirt or contamination on the wall surface, typically formed by the adhesion of dust, grease, or other dark substances. Streaks of dirt often appear from top to bottom. Cracks protruding outward with slight peeling may indicate moisture damage."
wall12_fissure_220.jpg,23,"wall,fissure","Interior Wall Construction and Decoration Materials Manufacturing. Dirt spots refer to localized dirt or contamination on the wall surface, typically formed by dust, grease stains, or other dark substances adhering to it. Stains may exhibit downward streaks. Cracked areas may exhibit slight protrusions and minor peeling, possibly due to moisture damage."
wall12_fissure_221.jpg,23,"wall,fissure","Wall Interior Decoration Building Material Manufacturing. Dirt spots refer to localized dirt or contamination on the wall surface, typically formed by dust, grease stains, or other dark substances adhering to it. Stains may have streaks running downwards. Cracked areas with slight protrusions and minor peeling may indicate moisture damage."
wall12_fissure_222.jpg,23,"wall,fissure","Interior Wall Construction and Decoration Material Manufacturing. Dirt spots refer to localized dirt or contamination on the wall surface, typically formed by dust, grease stains, or other dark substances adhering to it. Crackings with slight protrusions and minor peeling may indicate moisture damage."
wall12_stain_001.jpg,24,"wall,stain","Wall Interior Decoration Building Material Manufacturing. Dirty spots refer to localized dirt or contamination on the wall surface, typically formed by the adhesion of dust, grease stains, or other dark substances. Stains are noticeable with regular patterns, such as shoe prints."
wall12_stain_002.jpg,24,"wall,stain","Wall Interior Decoration Building Material Manufacturing: Stains refer to localized dirt or contamination on the wall surface, typically formed by dust, oil stains, or other dark substances adhering to the surface. Stains often exhibit a downward flow pattern. One common defect is the presence of distinct shoe prints, creating noticeable and regular patterns on the surface."
wall12_stain_003.jpg,24,"wall,stain","Interior Wall Construction and Decoration Material Manufacturing. Dirty spots refer to localized dirt or contamination on the wall surface, typically formed by the attachment of dust, grease stains, or other dark substances. Stains have distinct patterns, with visible shoe prints being a common example."
wall12_stain_004.jpg,24,"wall,stain","Interior Wall Construction and Decoration Materials Manufacturing. Stains refer to localized dirt or contamination on the wall surface, typically formed by the attachment of dust, oil stains, or other dark substances. The presence of visible shoe prints in a regular pattern is a common defect."
wall12_stain_005.jpg,24,"wall,stain","Interior Wall Construction and Decorative Building Materials Manufacturing. Stains refer to localized dirt or contamination on the wall surface, typically formed by dust, oil stains, or other dark substances adhering. The stains exhibit visible patterns, notably resembling shoe prints."
wall12_stain_006.jpg,24,"wall,stain","Interior Wall Construction and Decoration Materials Manufacturing. Stains refer to localized dirt or contamination on the wall surface, typically formed by dust, oil stains, or other dark substances adhering to it. The stains exhibit distinct patterns, with visible shoe prints being a common occurrence."
wall12_stain_007.jpg,24,"wall,stain","Wall Interior Decoration Building Material Manufacturing. Stains are localized dirt or contamination on the wall surface, typically formed by the adhesion of dust, oil stains, or other dark substances. Stains often exhibit a downward flow pattern. Irregular pattern stains are evident, resembling shoe imprints."
wall12_stain_008.jpg,24,"wall,stain","Interior Wall Construction and Decoration Material Manufacturing. Dirty spots refer to localized dirt or contamination on the wall surface, typically formed by the adhesion of dust, grease stains, or other dark substances. Stains are noticeable with regular patterns, such as shoe prints."
wall12_stain_009.jpg,24,"wall,stain","Interior Wall Building and Decoration Material Manufacturing. Stains refer to localized dirt or contamination on the wall surface, typically formed by dust, grease stains, or other dark substances adhering to it. Stains often display a distinct pattern, such as visible shoe prints, making them easily noticeable."
wall12_stain_010.jpg,24,"wall,stain","Wall Interior Decoration Building Material Manufacturing. Dirt spots refer to localized dirt or contamination on the wall surface, typically formed by the attachment of dust, grease stains, or other dark substances. Stains exhibit distinct patterns, with shoe prints being prominently visible."
wall12_stain_011.jpg,24,"wall,stain","Interior Wall Decoration and Construction Material Manufacturing. Stains refer to localized dirt or contamination on the wall surface, typically formed by the adherence of dust, oil stains, or other dark substances. The presence of visible shoe prints in a regular pattern is a common defect."
wall12_stain_012.jpg,24,"wall,stain","Interior Wall Construction and Decoration Materials Manufacturing. Stains refer to localized dirt or contamination on the wall surface, typically formed by dust, grease stains, or other dark substances adhering to it. Visible shoe print patterns are a common defect in the industry."
wall12_stain_013.jpg,24,"wall,stain","Interior Wall Construction and Decoration Materials Manufacturing. Stain refers to localized dirt or contamination on the wall surface, typically formed by dust, oil stains, or other dark substances adhering to it. Stains often exhibit a distinct pattern, such as visible shoe prints."
wall12_stain_014.jpg,24,"wall,stain","Interior Wall Building and Decoration Material Manufacturing. Stain refers to localized dirt or contamination on the wall surface, typically formed by the adhesion of dust, oil stains, or other dark substances. Stains often exhibit a downward flow pattern. The visible regular patterns are shoe prints, indicating foot traffic marks on the surface."
wall12_stain_015.jpg,24,"wall,stain","Interior Wall Construction and Decoration Material Manufacturing. Stains refer to localized dirt or contamination on the wall surface, typically formed by the adhesion of dust, grease, or other dark substances. Stains often exhibit a downward flow pattern. The presence of distinct, regular patterns suggests the imprint of shoe soles."
wall12_stain_016.jpg,24,"wall,stain","Wall Interior Decoration Building Material Manufacturing. Stains refer to localized dirt or contamination on the wall surface, typically formed by the adhesion of dust, oil stains, or other dark substances. Stains exhibit distinct patterns, with shoe prints being a common and noticeable example of this type of imperfection."
wall12_stain_017.jpg,24,"wall,stain","Wall Interior Decor Building Material Manufacturing. Stains refer to localized dirt or contamination on the wall surface, typically formed by the adhesion of dust, grease, or other dark substances. Stains often exhibit a downward flow pattern. Regular patterns of shoe prints are prominently visible as a defect."
wall12_stain_018.jpg,24,"wall,stain","Wall Interior Decoration Building Material Manufacturing. Stain refers to localized dirt or contamination on the wall surface, typically formed by the attachment of dust, oil stains, or other dark substances. Stains may exhibit downward flowing streaks. A flaw in this industry is the presence of clearly defined patterns, such as shoe prints, which can be prominently visible."
wall12_stain_019.jpg,24,"wall,stain","Interior Wall Construction and Decoration Materials Manufacturing. Stains refer to localized dirt or contamination on the wall surface, typically formed by dust, grease, or other dark substances adhering to it. Visible shoe prints create distinct patterns on the surface, indicating a flaw in the cleanliness and maintenance of the wall."
wall12_stain_020.jpg,24,"wall,stain","Interior Wall Construction and Decoration Building Material Manufacturing. Dirty spots refer to localized dirt or contamination on the wall surface, typically formed by dust, oil stains, or other dark substances adhering to it. Stains with distinctive patterns are clearly visible, such as shoe prints."
wall12_stain_021.jpg,24,"wall,stain","Wall Interior Decoration Building Material Manufacturing. Dirt spots refer to localized dirt or contamination on the wall surface, typically formed due to dust, grease stains, or other dark substances adhering to the surface. Stains are noticeable with regular patterns, such as shoe prints."
wall12_stain_022.jpg,24,"wall,stain","Interior Wall Construction and Decoration Material Manufacturing. Stains refer to localized dirt or contamination on the wall surface, typically formed by dust, grease stains, or other dark substances adhering. Stains exhibit distinct patterns, with shoe prints being prominently visible."
wall12_stain_023.jpg,24,"wall,stain","Interior Wall Construction and Decoration Materials Manufacturing. Stains refer to localized dirt or pollution on the wall surface, typically formed by dust, oil stains, or other dark substances adhering. Visible shoe print patterns are a common defect."
wall12_stain_024.jpg,24,"wall,stain","Interior Wall Building and Decoration Materials Manufacturing. Stains refer to localized dirt or contamination on the wall surface, typically formed by dust, grease stains, or other dark substances adhering to the surface. Stains exhibit distinct patterns, with noticeable shoe prints being a common example of such imperfections."
wall12_stain_025.jpg,24,"wall,stain","Interior Wall Construction and Decoration Materials Manufacturing. Stains refer to localized dirt or contamination on the wall surface, typically formed by dust, grease stains, or other dark substances adhering to the surface. Stains may exhibit a downward flow pattern and are characterized by distinct shoe print patterns."
wall12_stain_026.jpg,24,"wall,stain","Interior Wall Construction and Decoration Material Manufacturing. Stains refer to localized dirt or contamination on the wall surface, typically formed by the attachment of dust, oil stains, or other dark substances. Stains often exhibit a downward flow pattern. Visible shoe prints create distinct and regular patterns on the surface."
wall12_stain_027.jpg,24,"wall,stain","Interior Wall Construction and Decoration Building Material Manufacturing. Stains refer to localized dirt or contamination on the wall surface, typically formed by the adhesion of dust, grease, or other dark substances. Stains often exhibit a distinct pattern, such as visible shoe prints, adding to the overall aesthetic appeal of the wall."
wall12_stain_028.jpg,24,"wall,stain","Wall Interior Decoration Building Material Manufacturing. Dirt spots refer to localized dirt or contamination on the wall surface, typically formed by the adhesion of dust, grease stains, or other dark substances. Stains with regular patterns are clearly visible, resembling shoe prints."
wall12_stain_029.jpg,24,"wall,stain","Interior Wall Construction and Decoration Material Manufacturing. Stains refer to localized dirt or contamination on the wall surface, typically formed by the attachment of dust, oil stains, or other dark substances. Stains may exhibit a distinct pattern, such as visible shoe prints."
wall12_stain_030.jpg,24,"wall,stain","Interior Wall Construction and Decoration Material Manufacturing. Dirty spots refer to localized dirt or contamination on the wall surface, typically formed by dust, oil stains, or other dark substances adhering. Stains with distinct patterns are visible, resembling shoe prints."
wall12_stain_031.jpg,24,"wall,stain","Interior Wall Building and Decoration Material Manufacturing. Stains refer to localized dirt or contamination on the wall surface, typically formed by dust, oil stains, or other dark substances adhering to it. Visible shoe print patterns are a common defect observed on the walls."
wall12_stain_032.jpg,24,"wall,stain","Interior Wall Construction and Decoration Materials Manufacturing. Stains refer to localized dirt or contamination on the wall surface, typically formed by the adhesion of dust, oil stains, or other dark substances. The stains often exhibit a downward flow pattern. Irregular shoe prints are clearly visible on the wall, indicating a flaw in the surface's cleanliness."
wall12_stain_033.jpg,24,"wall,stain","Interior Wall Construction and Decoration Building Material Manufacturing. Stains refer to localized dirt or contamination on the wall surface, typically formed by dust, grease stains, or other dark substances adhering to the surface. The visible pattern of shoe prints is a common defect in interior wall finishes."
wall12_stain_034.jpg,24,"wall,stain","Wall Interior Decoration Building Materials Manufacturing. Dirty spots refer to localized dirt or contamination on the wall surface, typically formed by the adhesion of dust, grease, or other dark substances. Stains are not prominently visible."
wall12_stain_035.jpg,24,"wall,stain","Interior Wall Building and Decoration Material Manufacturing. Dirty spots refer to localized dirt or contamination on the wall surface, typically formed by dust, oil stains, or other dark substances adhering to it. Stains are not prominently visible."
wall12_stain_036.jpg,24,"wall,stain","Interior wall construction and decoration materials manufacturing. Dirty spots refer to localized dirt or contamination on the wall surface, typically formed by the adhesion of dust, grease, or other dark substances. Stains are not prominently visible."
wall12_stain_037.jpg,24,"wall,stain","Interior Wall Construction and Decor Building Material Manufacturing. Dirty spots refer to localized dirt or contamination on the wall surface, typically formed by the adherence of dust, grease stains, or other dark substances. Stains are not prominently visible."
wall12_stain_038.jpg,24,"wall,stain","Wall Interior Decoration Building Materials Manufacturing. Dirt spots refer to localized dirt or contamination on the wall surface, typically formed by the accumulation of dust, grease stains, or other dark substances. Stains are not prominently visible."
wall12_stain_039.jpg,24,"wall,stain","Interior Wall Building and Decoration Material Manufacturing. Dirty spots refer to localized dirt or contamination on the wall surface, typically formed by the adhesion of dust, grease, or other dark substances. Stains are not prominent and may include water marks flowing downwards."
wall12_stain_040.jpg,24,"wall,stain","Interior Wall Construction and Decoration Building Material Manufacturing. Dirty spots refer to localized dirt or contamination on the wall surface, usually formed by the attachment of dust, grease, or other dark substances. Stains are not prominent and may include water streaks running downwards."
wall12_stain_041.jpg,24,"wall,stain","Wall Interior Decoration Building Material Manufacturing. Dirty spots refer to localized dirt or contamination on the wall surface, typically formed by the adhesion of dust, grease, or other dark substances. Stains are not prominently visible."
wall12_stain_042.jpg,24,"wall,stain","Interior Wall Construction and Decoration Material Manufacturing. Scratches refer to visible marks or cuts on the surface of the wall caused by sharp objects or friction. Uneven paint texture is characterized by areas where the paint appears rough or inconsistent, often due to improper application or drying conditions."
wall12_stain_043.jpg,24,"wall,stain","Wall Interior Decoration Building Material Manufacturing. Dirty spots refer to localized dirt or contamination on the wall surface, typically formed by the attachment of dust, grease stains, or other dark substances. Stains are not prominently visible."
wall12_stain_044.jpg,24,"wall,stain","Wall Interior Decoration Building Material Manufacturing. Dirty spots refer to localized dirt or contamination on the wall surface, typically formed by the adhesion of dust, grease stains, or other dark substances. Stains are not prominently visible."
wall12_stain_045.jpg,24,"wall,stain","Interior Wall Construction and Decoration Building Material Manufacturing. Dirt spots refer to localized dirt or contamination on the wall surface, typically formed by the adhesion of dust, oil stains, or other dark substances. Stains may include watermarks running down from the top but are not prominently visible."
wall12_stain_046.jpg,24,"wall,stain","Interior Wall Construction and Decoration Material Manufacturing. Dirty spots refer to localized dirt or contamination on the wall surface, typically formed by dust, oil stains, or other dark substances adhering to it. Stains are not prominently visible."
wall12_stain_047.jpg,24,"wall,stain","Interior Wall Construction and Decoration Building Material Manufacturing. Dirty spots refer to localized dirt or contamination on the wall surface, typically formed by the adhesion of dust, grease stains, or other dark substances. The stains may exhibit streaks running downwards but are not prominently visible."
wall12_stain_048.jpg,24,"wall,stain","Interior Wall Construction and Decoration Building Material Manufacturing. Dirty spots refer to localized dirt or contamination on the wall surface, typically formed due to dust, oil stains, or other dark substances adhering to the surface. These stains are often characterized by streaks running downwards. Lack of noticeable stains."
wall12_stain_049.jpg,24,"wall,stain","Wall Interior Decoration Building Material Manufacturing: Dirty spots refer to localized dirt or contamination on the wall surface, typically formed by the adhesion of dust, grease stains, or other dark substances. The stains often exhibit a downward flowing pattern but may not be prominently visible."
wall12_stain_050.jpg,24,"wall,stain","Wall Interior Decoration Building Material Manufacturing. Dirty spots refer to localized dirt or contamination on the wall surface, typically formed by dust, grease stains, or other dark substances adhering to it. Stains may exhibit streaks running downwards but are not prominently visible."
wall12_stain_051.jpg,24,"wall,stain","Wall Interior Decoration Building Material Manufacturing. Dirty spots refer to localized dirt or contamination on the wall surface, typically formed by the adhesion of dust, grease stains, or other dark substances. These spots may exhibit streaks running downwards but are not prominently visible."
wall12_stain_052.jpg,24,"wall,stain","Wall Interior Decoration Building Material Manufacturing. Dirty spots refer to localized dirt or contamination on the wall surface, typically formed by the adhesion of dust, grease, or other dark substances. Stains are often characterized by streaks running downwards, but not prominently visible."
wall12_stain_053.jpg,24,"wall,stain","Interior Wall Construction and Decor Building Material Manufacturing. Dirty spots refer to localized dirt or contamination on the wall surface, typically formed by the adhesion of dust, grease stains, or other dark substances. Stains are irregular and may exhibit streaks flowing downwards."
wall12_stain_054.jpg,24,"wall,stain","Wall Interior Decoration Building Material Manufacturing. Dirty spots refer to localized dirt or contamination on the wall surface, typically formed by the adhesion of dust, grease stains, or other dark substances. Stains may exhibit irregular patterns and downward flowing streaks."
wall12_stain_055.jpg,24,"wall,stain","Interior Wall Building and Decoration Material Manufacturing. Dirty spots refer to localized dirt or contamination on the wall surface, typically formed by the adhesion of dust, oil stains, or other dark substances. Stains may present irregular patterns and downward streaks, detracting from the overall aesthetic appeal of the wall."
wall12_stain_056.jpg,24,"wall,stain","Wall Interior Decoration Building Material Manufacturing. Dirty spots refer to localized dirt or contamination on the wall surface, typically formed by the adhesion of dust, grease, or other dark substances. Stains appear irregularly with streaks running downwards, detracting from the overall aesthetic appeal of the wall."
wall12_stain_057.jpg,24,"wall,stain","Interior Wall Construction and Decoration Building Material Manufacturing. Dirty spots refer to localized dirt or contamination on the wall surface, typically formed due to the adhesion of dust, grease, or other dark substances. Stains appear in irregular patterns and may show streaks running downwards."
wall12_stain_058.jpg,24,"wall,stain","Interior Wall Building and Decoration Material Manufacturing. Dirt spots refer to localized dirt or contamination on the wall surface, typically formed by the attachment of dust, oil stains, or other dark substances. Stains are irregular and may exhibit streaks running downwards."
wall12_stain_059.jpg,24,"wall,stain","Interior Wall Construction and Decoration Material Manufacturing. Dirt spots refer to localized dirt or contamination on the wall surface, typically formed by the adhesion of dust, grease, or other dark substances. Stains appear irregularly and may show streaks running downwards."
wall12_stain_060.jpg,24,"wall,stain","Wall Interior Decoration Building Material Manufacturing: Dirty spots refer to localized dirt or contamination on the wall surface, typically formed by the adhesion of dust, grease, or other dark substances. Stains appear irregularly and may show streaks running downwards."
wall12_stain_061.jpg,24,"wall,stain","Interior Wall Construction and Decoration Material Manufacturing. Dirty spots refer to localized dirt or contamination on the wall surface, typically formed by the adhesion of dust, grease, or other dark substances. Stains resemble irregular large snowflake-shaped marks."
wall12_stain_062.jpg,24,"wall,stain","Wall Interior Decoration Building Materials Manufacturing. Dirty spots refer to localized dirt or contamination on the wall surface, typically formed due to the attachment of dust, grease stains, or other dark substances. Stains may exhibit irregular large patches resembling snowflakes."
wall12_stain_063.jpg,24,"wall,stain","Interior Wall Construction and Decoration Building Material Manufacturing. Dirty spots refer to localized dirt or contamination on the wall surface, typically formed by the adhesion of dust, oil stains, or other dark substances. Stains appear as irregular large patches resembling snowflakes."
wall12_stain_064.jpg,24,"wall,stain","Wall Building Interior Decoration Building Materials Manufacturing. Dirty spots refer to localized dirt or contamination on the wall surface, typically formed by the attachment of dust, grease stains, or other dark substances. The stains often appear as irregular large patches resembling snowflakes."
wall12_stain_065.jpg,24,"wall,stain","Interior Wall Building and Decoration Material Manufacturing. Dirty spots refer to localized dirt or contamination on the wall surface, typically formed by the adhesion of dust, grease stains, or other dark substances. Stains may exhibit irregular large patches resembling snowflakes."
wall12_stain_066.jpg,24,"wall,stain","Interior Wall Building Materials Manufacturing: Dirty spots refer to localized dirt or contamination on the wall surface, typically formed by the adhesion of dust, oil stains, or other dark substances. These spots often manifest as irregular, large patches resembling snowflakes, with streaks of dirt running downwards."
wall12_stain_067.jpg,24,"wall,stain","Wall Interior Decoration Building Material Manufacturing. Dirty spots refer to localized dirt or contamination on the wall surface, typically formed by dust, grease stains, or other dark substances adhering to the surface. The irregular large patchy snowflake-like stains."
wall12_stain_068.jpg,24,"wall,stain","Interior Wall Construction and Decoration Material Manufacturing. Dirty spots refer to localized dirt or contamination on the wall surface, typically formed by the adhesion of dust, grease stains, or other dark substances. Stains may exhibit irregular large patchy snowflake-like patterns."
wall12_stain_069.jpg,24,"wall,stain","Wall Interior Decoration Building Material Manufacturing. Dirty spots refer to localized dirt or contamination on the wall surface, typically formed by the adhesion of dust, grease stains, or other dark substances. Stains may appear as irregular large patches resembling snowflakes."
wall12_stain_070.jpg,24,"wall,stain","Interior Wall Construction and Decorative Building Materials Manufacturing. Dirty spots refer to localized dirt or contamination on the wall surface, typically formed by the adhesion of dust, oil stains, or other dark substances. Stains can exhibit irregular large patches resembling snowflakes, with streaks flowing downwards."
wall12_stain_071.jpg,24,"wall,stain","Wall Building Interior Decoration Building Materials Manufacturing. Dirty spots refer to localized dirt or contamination on the wall surface, typically formed by the adhesion of dust, grease, or other dark substances. Stains may exhibit irregular patterns and traces of dirt accumulation."
wall12_stain_072.jpg,24,"wall,stain","Interior Wall Construction and Decoration Building Materials Manufacturing. Dirty spots refer to localized dirt or contamination on the wall surface, typically formed by the adhesion of dust, grease, or other dark substances. Stains may exhibit irregular patterns of dirt and grime."
wall12_stain_073.jpg,24,"wall,stain","Wall building interior decoration building material manufacturing. Irregular dirty spots refer to localized dirt or contamination on the wall surface, typically formed by the attachment of dust, grease stains, or other dark substances. Stains may exhibit streaks running downwards."
wall12_stain_074.jpg,24,"wall,stain","Interior Wall Building Decoration Material Manufacturing. Dirty spots refer to localized dirt or contamination on the wall surface, typically formed by the adhesion of dust, grease stains, or other dark substances. Stains may exhibit irregular patterns of dirt and grime traces."
wall12_stain_075.jpg,24,"wall,stain","Interior Wall Construction and Decoration Building Material Manufacturing. Dirty spots refer to localized dirt or contamination on the wall surface, typically formed by the adhesion of dust, grease stains, or other dark substances. Stains may appear as streaks running downwards, resembling smudges."
wall12_stain_076.jpg,24,"wall,stain","Interior Wall Construction and Decoration Building Material Manufacturing. Dirty spots refer to localized dirt or contamination on the wall surface, typically formed by the adhesion of dust, grease stains, or other dark substances. Stains often exhibit a streaking pattern from top to bottom, resembling smudges."
wall12_stain_077.jpg,24,"wall,stain","Wall Interior Decoration Building Material Manufacturing. Dirty spots refer to localized dirt or contamination on the wall surface, typically formed by the adhesion of dust, grease stains, or other dark substances. Stains may exhibit streaks running downwards, resembling smudges."
wall12_stain_078.jpg,24,"wall,stain","Wall Building Interior Decor Material Manufacturing. Dirty spots refer to localized dirt or contamination on the wall surface, typically formed by the adhesion of dust, grease stains, or other dark substances. Stains may exhibit a downward flowing pattern resembling smudges."
wall12_stain_079.jpg,24,"wall,stain","Wall Building Interior Decoration Building Materials Manufacturing. Dirty spots refer to localized dirt or contamination on the wall surface, typically formed by the adhesion of dust, grease, or other dark substances. Stains may exhibit streaks running downwards, resembling smudges."
wall12_stain_080.jpg,24,"wall,stain","Interior Wall Building Material Manufacturing: Dirty spots refer to localized dirt or contamination on the wall surface, typically formed by the attachment of dust, grease stains, or other dark substances. Stains may appear as streaks running downwards, resembling smudges."
wall12_stain_081.jpg,24,"wall,stain","Interior Wall Construction and Decor Building Material Manufacturing. Dirty spots refer to localized dirt or contamination on the wall surface, typically formed by the adhesion of dust, grease stains, or other dark substances. Stains may exhibit streaks running downwards, resembling smudges."
wall12_stain_082.jpg,24,"wall,stain","Interior Wall Construction and Decor Building Material Manufacturing. Dirty spots refer to localized dirt or contamination on the wall surface, typically formed by the adhesion of dust, grease stains, or other dark substances. Stains may exhibit streaks running downwards, resembling smudges."
wall12_stain_083.jpg,24,"wall,stain","Interior Wall Construction and Decoration Building Material Manufacturing. Dirty spots refer to localized dirt or contamination on the wall surface, typically formed by the adhesion of dust, grease stains, or other dark substances. Stains may exhibit streaks running downwards, resembling smudges."
wall12_stain_084.jpg,24,"wall,stain","Interior Wall Construction and Decoration Building Material Manufacturing. Dirty spots refer to localized dirt or contamination on the wall surface, typically formed by the adhesion of dust, oil stains, or other dark substances. Stains may exhibit streaks running downwards, resembling smudges."
wall12_stain_085.jpg,24,"wall,stain","Wall Building Interior Decoration Building Material Manufacturing. Dirt spots refer to localized dirt or contamination on the wall surface, typically formed by the adherence of dust, oil stains, or other dark substances. Stains may exhibit watermarks flowing downwards, resembling smudges of dirt."
wall12_stain_086.jpg,24,"wall,stain","Interior Wall Construction and Decoration Building Material Manufacturing. Dirty spots refer to localized dirt or contamination on the wall surface, typically formed by the adhesion of dust, grease stains, or other dark substances. Stains may exhibit streaks running downwards, resembling smudges."
wall12_stain_087.jpg,24,"wall,stain","Interior Wall Construction and Decoration Building Material Manufacturing. Dirty spots refer to localized dirt or contamination on the wall surface, typically formed due to dust, grease stains, or other dark substances adhering to it. Stains may exhibit streaks running downwards, resembling smudges."
wall12_stain_088.jpg,24,"wall,stain","Wall Interior Decoration Building Material Manufacturing. Dirty spots refer to localized dirt or contamination on the wall surface, typically formed by the accumulation of dust, grease stains, or other dark substances. Stains may exhibit a streaking pattern resembling smudges."
wall12_stain_089.jpg,24,"wall,stain","Interior Wall Construction and Decoration Building Material Manufacturing. Dirty spots refer to localized dirt or contamination on the wall surface, typically formed by the attachment of dust, grease stains, or other dark substances. Stains may exhibit streaks running downwards, resembling smudges."
wall12_stain_090.jpg,24,"wall,stain","Interior Wall Construction and Decoration Building Material Manufacturing. Dirty spots refer to localized dirt or contamination on the wall surface, typically formed by the accumulation of dust, grease stains, or other dark substances. Stains may exhibit a streaking pattern from top to bottom, resembling smudges."
wall12_stain_091.jpg,24,"wall,stain","Interior Wall Building and Decoration Material Manufacturing. Dirty spots refer to localized dirt or contamination on the wall surface, typically formed by the adhesion of dust, grease stains, or other dark substances. Stains may exhibit a downward flowing pattern resembling smudges."
wall12_stain_092.jpg,24,"wall,stain","Interior Wall Building Material Manufacturing. Dirty spots refer to localized dirt or contamination on the wall surface, typically formed by the adhesion of dust, grease, or other dark substances. Stains may exhibit streaks running downwards, resembling smudges."
wall12_stain_093.jpg,24,"wall,stain","Interior Wall Building Material Manufacturing: Dirty spots refer to localized dirt or contamination on the wall surface, typically formed by the adhesion of dust, grease stains, or other dark substances. Stains may exhibit a streaking pattern as if something dirty has been rubbed against the surface."
wall12_stain_094.jpg,24,"wall,stain","Interior Wall Construction and Decoration Building Material Manufacturing. Dirty spots refer to localized dirt or contamination on the wall surface, typically formed by the adherence of dust, grease stains, or other dark substances. Stains may appear as streaks flowing downwards, resembling smudges."
wall12_stain_095.jpg,24,"wall,stain","Interior Wall Construction and Decoration Building Material Manufacturing. Dirty spots refer to localized dirt or contamination on the wall surface, typically formed by the adhesion of dust, grease stains, or other dark substances. Stains may exhibit streaks running downwards, resembling smudges."
wall12_stain_096.jpg,24,"wall,stain","Interior Wall Building Materials Manufacturing: Dirty spots refer to localized dirt or contamination on the wall surface, usually formed by the attachment of dust, oil stains, or other dark substances. Stains may appear as streaks running downwards, resembling smudges."
wall12_stain_097.jpg,24,"wall,stain","Interior Wall Building Material Manufacturing. Dirty spots refer to localized dirt or contamination on the wall surface, typically formed by the adhesion of dust, grease stains, or other dark substances. Stains may appear as streaks running downwards, resembling smudges."
wall12_stain_098.jpg,24,"wall,stain","Interior Wall Construction and Decoration Building Material Manufacturing. Dirty spots refer to localized dirt or contamination on the wall surface, typically formed by the adhesion of dust, grease stains, or other dark substances. Stains may exhibit streaks running downwards, resembling smudges."
wall12_stain_099.jpg,24,"wall,stain","Interior Wall Building Material Manufacturing: Dirty spots refer to localized dirt or contamination on the wall surface, typically formed by the adhesion of dust, grease stains, or other dark substances. Stains may exhibit streaks flowing downwards, resembling smudges."
wall12_stain_100.jpg,24,"wall,stain","Interior Wall Construction and Decoration Building Material Manufacturing. Dirty spots refer to localized dirt or contamination on the wall surface, typically formed by the adhesion of dust, grease stains, or other dark substances. Stains may exhibit a downward flow pattern, resembling smudges."
wall12_stain_101.jpg,24,"wall,stain","Wall Interior Decoration Building Material Manufacturing. Dirty spots refer to localized dirt or contamination on the wall surface, typically formed by the adhesion of dust, grease stains, or other dark substances. Stains may exhibit streaks running downwards, resembling smudges."
wall12_stain_102.jpg,24,"wall,stain","Interior Wall Building Material Manufacturing: Dirty spots refer to localized dirt or contamination on the wall surface, typically formed by the adherence of dust, grease stains, or other dark substances. Stains often exhibit a downward flow pattern, resembling smudges."
wall12_stain_103.jpg,24,"wall,stain","Interior Wall Construction and Decoration Building Material Manufacturing. Dirty spots refer to localized dirt or contamination on the wall surface, typically formed by the adhesion of dust, grease stains, or other dark substances. Stains may appear as streaks running downwards, resembling smudges."
wall12_stain_104.jpg,24,"wall,stain","Interior Wall Construction and Decoration Building Material Manufacturing. Dirty spots refer to localized dirt or contamination on the wall surface, typically formed by the adhesion of dust, grease stains, or other dark substances. Stains may exhibit a streaking pattern as if smudged."
wall12_stain_105.jpg,24,"wall,stain","Wall Interior Decoration Building Material Manufacturing. Dirty spots refer to localized dirt or contamination on the wall surface, typically formed due to the attachment of dust, grease stains, or other dark substances. Stains may appear as streaks running downwards, resembling smudges."
wall12_stain_106.jpg,24,"wall,stain","Interior Wall Building Material Manufacturing: Dirty spots refer to localized dirt or contamination on the wall surface, typically formed by the adhesion of dust, grease stains, or other dark substances. Stains often appear as streaks running downwards, resembling smudges."
wall12_stain_107.jpg,24,"wall,stain","Wall Interior Decoration Building Material Manufacturing. Dirty spots refer to localized dirt or contamination on the wall surface, typically formed by the attachment of dust, grease stains, or other dark substances. Stains may exhibit streaks running downward. Fingerprints are common as dirty handprints."
wall12_stain_108.jpg,24,"wall,stain","Interior Wall Construction and Decoration Materials Manufacturing. Dirt smudges refer to localized dirt or contamination on the wall surface, typically formed by the adhesion of dust, grease stains, or other dark substances. Stains may exhibit streaks flowing downward. Oval fingerprints indicate dirty handprints."
wall12_stain_109.jpg,24,"wall,stain","Wall Interior Decoration Building Material Manufacturing. Dirty spots refer to localized dirt or contamination on the wall surface, typically formed by the attachment of dust, grease stains, or other dark substances. Stains can be seen with streaks running downwards in multiple areas."
wall12_stain_110.jpg,24,"wall,stain","Interior Wall Construction and Decoration Building Material Manufacturing. Dirty spots refer to localized dirt or contamination on the wall surface, typically formed by the adhesion of dust, oil stains, or other dark substances. Stains may exhibit streaks running downwards and are present in multiple areas."
wall12_stain_111.jpg,24,"wall,stain","Wall Interior Decoration Building Material Manufacturing. Dirty spots refer to localized dirt or contamination on the wall surface, typically formed by the adhesion of dust, grease stains, or other dark substances. Stains may exhibit streaks running downwards due to water flow in multiple areas."
wall12_stain_112.jpg,24,"wall,stain","Interior Wall Building Material Manufacturing: Dirty spots refer to localized dirt or contamination on the wall surface, typically formed by the adhesion of dust, grease stains, or other dark substances. Stains may exhibit streaks running downward, indicating multiple instances of soiling."
wall12_stain_113.jpg,24,"wall,stain","Interior Wall Building Materials Manufacturing: Dirty spots refer to localized dirt or contamination on the wall surface, typically formed by the adhesion of dust, grease, or other dark substances. Stains may exhibit streaks running downward, indicating water flow marks. Numerous areas of soiling are present."
wall12_stain_114.jpg,24,"wall,stain","Interior Wall Construction and Decoration Building Material Manufacturing. Dirty spots refer to localized dirt or contamination on the wall surface, typically formed by the adhesion of dust, grease stains, or other dark substances. Stains often exhibit streaks running downwards, indicating water flow patterns. Numerous areas of soiling are evident."
wall12_stain_115.jpg,24,"wall,stain","Interior Wall Construction and Interior Decoration Building Material Manufacturing. Dirty spots refer to localized dirt or contamination on the wall surface, typically formed by the accumulation of dust, oil stains, or other dark substances. Stains often exhibit streaks running downwards, indicating a history of water flow."
wall12_stain_116.jpg,24,"wall,stain","Wall Building Interior Decoration Building Material Manufacturing. Dirty spots refer to localized dirt or contamination on the wall surface, typically formed by the attachment of dust, grease stains, or other dark substances. Stains may exhibit streaks running downwards in multiple areas."
wall12_stain_117.jpg,24,"wall,stain","Interior Wall Construction and Decoration Building Material Manufacturing. Dirty spots refer to localized dirt or contamination on the wall surface, typically formed by the adhesion of dust, oil stains, or other dark substances. Stains may exhibit streaks running downwards, indicating multiple areas of contamination."
wall12_stain_118.jpg,24,"wall,stain","Interior Wall Building and Decoration Material Manufacturing. Stains and dirt spots refer to localized dirt or contamination on the wall surface, typically formed by dust, grease, or other dark substances adhering to it. Streaks of dirt and stains are visible in multiple areas, detracting from the overall appearance of the wall."
wall12_stain_119.jpg,24,"wall,stain","Interior Wall Construction and Decoration Building Material Manufacturing. Dirty spots refer to localized dirt or contamination on the wall surface, typically formed by the attachment of dust, grease stains, or other dark substances. Stains can be seen running downwards in multiple areas."
wall12_stain_120.jpg,24,"wall,stain","Interior Wall Construction and Decoration Building Material Manufacturing. Dirty spots refer to localized dirt or contamination on the wall surface, typically formed by the adhesion of dust, grease stains, or other dark substances. Stains may exhibit streaks running downwards in multiple areas."
wall12_stain_121.jpg,24,"wall,stain","Interior Wall Construction and Decoration Material Manufacturing. Dirt spots refer to localized dirt or contamination on the wall surface, typically formed by the adhesion of dust, grease stains, or other dark substances. Stains can be seen in multiple areas, indicating a lack of cleanliness and maintenance."
wall12_stain_122.jpg,24,"wall,stain","Interior Wall Building and Decoration Material Manufacturing. Dirty spots refer to localized dirt or contamination on the wall surface, typically formed by the adhesion of dust, grease stains, or other dark substances. Stains may exhibit streaks running downwards in multiple areas."
wall12_stain_123.jpg,24,"wall,stain","Interior Wall Decor and Building Material Manufacturing. Dirt spots refer to localized dirt or contamination on the wall surface, typically formed by the adhesion of dust, grease stains, or other dark substances. Stains may exhibit streaks running downwards from top to bottom. Numerous areas of soiling."
wall12_stain_124.jpg,24,"wall,stain","Wall Building Interior Decoration Building Material Manufacturing. Dirty spots refer to localized dirt or contamination on the wall surface, typically formed by the accumulation of dust, grease stains, or other dark substances. Stains may exhibit streaks running downwards from top to bottom."
wall12_stain_125.jpg,24,"wall,stain","Interior Wall Building and Decoration Material Manufacturing. Dirty spots refer to localized dirt or contamination on the wall surface, typically formed by the adherence of dust, grease stains, or other dark substances. Stains may exhibit streaks running downwards, presenting a widespread presence of grime."
wall12_stain_126.jpg,24,"wall,stain","Wall Interior Decoration Building Material Manufacturing. Dirty spots refer to localized dirt or contamination on the wall surface, typically formed by the adhesion of dust, grease stains, or other dark substances. Stains may exhibit streaks running downwards, indicating a history of water flow in multiple areas."
wall12_stain_127.jpg,24,"wall,stain","Interior Wall Construction and Decoration Building Material Manufacturing. Dirty spots refer to localized dirt or contamination on the wall surface, typically formed by the adhesion of dust, grease stains, or other dark substances. Stains are visible in multiple areas, presenting an unsightly appearance."
wall12_stain_128.jpg,24,"wall,stain","Interior Wall Decoration Building Material Manufacturing. Dirty spots refer to localized dirt or contamination on the wall surface, typically formed by the adhesion of dust, grease stains, or other dark substances. Stains are evident in multiple areas, showcasing a variety of discolorations and blemishes."
wall12_stain_129.jpg,24,"wall,stain","Wall Interior Decoration Building Material Manufacturing. Dirty spots refer to localized dirt or contamination on the wall surface, typically formed due to the attachment of dust, grease stains, or other dark substances. Stains may have streaks running downwards."
wall12_stain_130.jpg,24,"wall,stain","Interior Wall Building and Decoration Material Manufacturing. Dirty spots refer to localized dirt or contamination on the wall surface, typically formed by dust, grease stains, or other dark substances adhering to the surface. Stains may exhibit streaks running downwards."
wall12_stain_131.jpg,24,"wall,stain","Interior Wall Building and Decoration Material Manufacturing. Dirty spots refer to localized dirt or contamination on the wall surface, typically formed by the adhesion of dust, grease stains, or other dark substances. Stains may exhibit water streaks flowing downwards."
wall12_stain_132.jpg,24,"wall,stain","Interior Wall Construction and Decoration Building Material Manufacturing. Dirty spots refer to localized dirt or contamination on the wall surface, typically formed by the adhesion of dust, grease stains, or other dark substances. Stains may exhibit downward streaks resembling water flow marks."
wall12_stain_133.jpg,24,"wall,stain","Interior Wall Construction and Decoration Materials Manufacturing. Dirty spots refer to localized dirt or contamination on the wall surface, typically formed by the attachment of dust, grease, or other dark substances. Stains may exhibit streaks running downwards. Disorganized stains and smudges are common issues in this industry."
wall12_stain_134.jpg,24,"wall,stain","Wall Construction Interior Decoration Building Material Manufacturing. Dirty spots refer to localized dirt or contamination on the wall surface, typically formed by the adhesion of dust, grease stains, or other dark substances. Stains may exhibit streaks running downwards. Disorganized smudges."
wall12_stain_135.jpg,24,"wall,stain","Interior Wall Construction and Decoration Material Manufacturing. Dirty spots refer to localized dirt or contamination on the wall surface, typically formed by the adhesion of dust, grease stains, or other dark substances. Stains may exhibit streaks running downwards, creating a disorganized and unsightly appearance."
wall12_stain_136.jpg,24,"wall,stain","Interior Wall Construction and Decoration Material Manufacturing. Dirty spots refer to localized dirt or contamination on the wall surface, typically formed by dust, oil stains, or other dark substances adhering to the surface. Stains may exhibit streaks running downwards. Disorganized smudges."
wall12_stain_137.jpg,24,"wall,stain","Interior Wall Construction and Decoration Material Manufacturing. Dirty spots refer to localized dirt or contamination on the wall surface, typically formed by the adhesion of dust, oil stains, or other dark substances. Stains may exhibit streaks running downwards. Brown residue resembling leftover adhesive."
wall12_stain_138.jpg,24,"wall,stain","Interior wall construction and decoration material manufacturing. Dirty spots refer to localized dirt or contamination on the wall surface, typically formed by the adhesion of dust, grease, or other dark substances. Stains may exhibit streaks running downwards. Residual glue marks."
wall12_stain_139.jpg,24,"wall,stain","Interior Wall Construction and Decoration Building Material Manufacturing. Dirty spots refer to localized dirt or contamination on the wall surface, typically formed by dust, grease stains, or other dark substances adhering to the surface. Stains may exhibit streaks running downwards."
wall12_stain_140.jpg,24,"wall,stain","Interior Wall Construction and Decoration Building Material Manufacturing. Dirty spots refer to localized dirt or contamination on the wall surface, typically formed by the adhesion of dust, grease stains, or other dark substances. Stains may exhibit streaks running downwards. Gray shoe prints."
wall12_stain_141.jpg,24,"wall,stain","Wall Building Interior Decoration Building Materials Manufacturing. Dirty spots refer to localized dirt or contamination on the wall surface, typically formed by the adhesion of dust, oil stains, or other dark substances. Stains may include lighter shoe prints."
wall12_stain_142.jpg,24,"wall,stain","Wall Interior Decoration Building Material Manufacturing. Dirty spots refer to localized dirt or contamination on the wall surface, typically formed by the adhesion of dust, grease stains, or other dark substances. Stains may include lighter shoe prints."
wall12_stain_143.jpg,24,"wall,stain","Interior Wall Building Materials Manufacturing: Scuff marks refer to light shoe prints on the wall surface, typically caused by dirt, dust, or other substances adhering to the surface. They are often visible in high-traffic areas and can detract from the overall appearance of the wall."
wall12_stain_144.jpg,24,"wall,stain","Interior Wall Construction and Decoration Material Manufacturing. Dirt smudges refer to localized dirt or contamination on the wall surface, typically formed by the adhesion of dust, oil stains, or other dark substances. Shoe marks, which are lighter in color, can be seen on the lower part of the wall."
wall12_stain_145.jpg,24,"wall,stain","Interior Wall Decoration Material Manufacturing Industry. Dirty spots refer to localized dirt or contamination on the wall surface, typically formed by dust, oil stains, or other dark substances adhering to the surface. Stains may include lighter shoe prints that are less prominent."
wall12_stain_146.jpg,24,"wall,stain","Wall Interior Decoration Building Material Manufacturing. Dirty spots refer to localized dirt or pollution on the wall surface, typically formed by the accumulation of dust, grease stains, or other dark substances. Stains may exhibit water streaks flowing downwards. Light shoe prints are also common."
wall12_stain_147.jpg,24,"wall,stain","Wall Interior Decoration Building Material Manufacturing. Dirty spots refer to localized dirt or contamination on the wall surface, typically formed by the adhesion of dust, grease stains, or other dark substances. Stains may include lighter shoe prints."
wall12_stain_148.jpg,24,"wall,stain","Interior Wall Construction and Decoration Building Material Manufacturing. Dirty spots refer to localized dirt or contamination on the wall surface, typically formed by the adhesion of dust, oil stains, or other dark substances. Stains may exhibit downward streaks and lighter shoe prints."
wall12_stain_149.jpg,24,"wall,stain","Wall Interior Decoration Building Material Manufacturing. Dirty spots refer to localized dirt or contamination on the wall surface, typically formed by the attachment of dust, grease stains, or other dark substances. Stains may include light shoe prints."
wall12_stain_150.jpg,24,"wall,stain","Wall Interior Decoration Building Material Manufacturing. Dirty spots refer to localized dirt or contamination on the wall surface, typically caused by dust, grease stains, or other dark substances adhering to it. Stains may include lighter shoe prints."
wall12_stain_151.jpg,24,"wall,stain","Interior Wall Construction and Decoration Building Material Manufacturing. Light soiling refers to localized dirt or contamination on the wall surface, typically formed by the adhesion of dust, oil stains, or other dark substances. Stains may exhibit streaks running downwards."
wall12_stain_152.jpg,24,"wall,stain","Interior Wall Construction and Decoration Building Material Manufacturing. Light soiling refers to small areas of dirt or contamination on the wall surface, typically formed by the adhesion of dust, grease stains, or other dark substances. Stains may exhibit slight streaking patterns from top to bottom."
wall12_stain_153.jpg,24,"wall,stain","Interior Wall Construction and Decoration Building Material Manufacturing. Light soiling refers to localized dirt or contamination on the wall surface, typically formed by the adhesion of dust, grease stains, or other dark substances. The stains often appear as streaks running downwards."
wall12_stain_154.jpg,24,"wall,stain","Wall Interior Decoration Building Material Manufacturing. Dirty spots refer to localized dirt or contamination on the wall surface, typically formed by the adhesion of dust, oil stains, or other dark substances. Stains may exhibit streaks running downwards. Minor dirtiness."
wall12_stain_155.jpg,24,"wall,stain","Wall Interior Decoration Building Material Manufacturing. Dirty spots refer to localized dirt or contamination on the wall surface, typically formed by the adhesion of dust, oil stains, or other dark substances. Stains may exhibit streaks running downwards. Slight dirtiness."
wall12_stain_156.jpg,24,"wall,stain","Interior Wall Building and Decoration Material Manufacturing. Light dirt stains refer to localized dirt or contamination on the wall surface, typically formed by dust, grease stains, or other dark substances adhering to it. Stains may exhibit slight streaking downward."
wall12_stain_157.jpg,24,"wall,stain","Interior Wall Construction and Decoration Building Material Manufacturing. Dirty spots refer to localized dirt or contamination on the wall surface, typically formed by the adhesion of dust, grease stains, or other dark substances. Stains may exhibit streaks running downwards. Minor dirtiness."
wall12_stain_158.jpg,24,"wall,stain","Interior Wall Construction and Decoration Building Material Manufacturing. Dirty spots refer to localized dirt or contamination on the wall surface, typically formed by the attachment of dust, oil stains, or other dark substances. Stains may exhibit streaks running downwards. Minor soiling."
wall12_stain_159.jpg,24,"wall,stain","Wall Interior Decoration Building Material Manufacturing: Scuff marks refer to visible streaks or lines on the surface of a wall, typically caused by shoes rubbing against the paint or finish. These marks can detract from the overall appearance of the wall, especially in high-traffic areas. One common issue with scuff marks is that they are difficult to remove completely, requiring specialized cleaning products or repainting to fully eliminate them."
wall12_stain_160.jpg,24,"wall,stain","Interior Wall Construction and Decoration Building Material Manufacturing. Dirty spots refer to localized dirt or contamination on the wall surface, typically formed by the adhesion of dust, oil stains, or other dark substances. Streaks of smudges running vertically across the stain."
wall12_stain_161.jpg,24,"wall,stain","Interior Wall Construction and Decoration Building Material Manufacturing. Dirty spots refer to localized dirt or contamination on the wall surface, typically formed by dust, oil stains, or other dark substances adhering to the surface. Streaks of smudges and stains running vertically downwards."
wall12_stain_162.jpg,24,"wall,stain","Interior Wall Building and Decoration Material Manufacturing. Dirt smudges refer to localized dirt or contamination on the wall surface, typically formed by the adhesion of dust, grease stains, or other dark substances. Smudges may exhibit streaks running downwards."
wall12_stain_163.jpg,24,"wall,stain","Wall Construction Interior Decoration Building Material Manufacturing. Dirty spots refer to localized dirt or contamination on the wall surface, typically formed by the adhesion of dust, grease stains, or other dark substances. Streaks of smudges running downwards."
wall12_stain_164.jpg,24,"wall,stain","Interior Wall Construction and Decoration Materials Manufacturing. Dirty spots refer to localized dirt or contamination on the wall surface, typically formed by the accumulation of dust, grease stains, or other dark substances. Streaks of smudges running vertically downwards."
wall12_stain_165.jpg,24,"wall,stain","Interior Wall Construction and Decoration Materials Manufacturing. Dirty spots refer to localized dirt or contamination on the wall surface, typically formed by the adhesion of dust, oil stains, or other dark substances. Stains may exhibit watermarks flowing downwards. Large and prominent shoe prints are visible, detracting from the overall appearance."
wall12_stain_166.jpg,24,"wall,stain","Interior Wall Construction and Decoration Materials Manufacturing. Dirty spots refer to localized dirt or contamination on the wall surface, typically formed by the adhesion of dust, oil stains, or other dark substances. Stains often exhibit a downward flowing pattern. Large and prominent shoe prints are clearly visible, detracting from the overall aesthetic appeal."
wall12_stain_167.jpg,24,"wall,stain","Interior Wall Construction and Decoration Building Material Manufacturing. Dirty spots refer to localized dirt or contamination on the wall surface, typically formed by dust, grease stains, or other dark substances adhering to the surface. Stains often exhibit a downward streaking pattern. Large and prominent shoe prints are visible on the surface."
wall12_stain_168.jpg,24,"wall,stain","Interior Wall Construction and Decoration Materials Manufacturing. Dirty spots refer to localized dirt or contamination on the wall surface, typically formed by the attachment of dust, grease stains, or other dark substances. Streaks of water stains running downwards are visible, indicating a history of dripping dirty water causing long strip marks."
wall12_stain_169.jpg,24,"wall,stain","Interior Wall Building and Decoration Material Manufacturing. Dirty spots refer to localized dirt or contamination on the wall surface, typically formed by the adhesion of dust, oil stains, or other dark substances. Streaks of dirty water dripping down leave long water stains and marks of dirt."
wall12_stain_170.jpg,24,"wall,stain","Wall Interior Decoration Building Material Manufacturing. Dirty spots refer to localized dirt or contamination on the wall surface, usually formed by dust, grease stains, or other dark substances adhering to it. Streaks of dirty water dripping down leave long watermarks and stains."
wall12_stain_171.jpg,24,"wall,stain","Wall Interior Decoration Building Material Manufacturing. Dirt streaks refer to long, narrow water stains on the wall caused by dripping dirty water, often leaving visible marks as it flows downwards. Stains may appear as discolored streaks or patches, typically resulting from water seepage or leaks."
wall12_stain_172.jpg,24,"wall,stain","Wall Interior Decoration Building Material Manufacturing. Dirty spots refer to localized dirt or contamination on the wall surface, typically formed by the adhesion of dust, grease, or other dark substances. Streaks of water stains from dripping dirty water can leave long, linear marks of dirt and grime."
wall12_stain_173.jpg,24,"wall,stain","Wall Building Interior Decoration Building Material Manufacturing. Streaks of dirty water dripping down, leaving long watermarks on the surface. Dirt spots, caused by dust, oil stains, or other dark substances, are visible in localized areas on the wall."
wall12_stain_174.jpg,24,"wall,stain","Wall Interior Decoration Building Material Manufacturing. Dirty spots refer to localized dirt or contamination on the wall surface, typically formed by the adhesion of dust, grease stains, or other dark substances. Streaks of long watermarks from dripping dirty water are visible as stains."
wall12_stain_175.jpg,24,"wall,stain","Wall Interior Decoration Building Material Manufacturing. Dirty spots refer to localized dirt or contamination on the wall surface, typically formed by the adhesion of dust, oil stains, or other dark substances. Streaks of dirty water dripping create long water stains on the wall."
wall12_stain_176.jpg,24,"wall,stain","Wall Interior Decoration Building Material Manufacturing. Dirty spots refer to localized dirt or contamination on the wall surface, typically formed by the adhesion of dust, grease stains, or other dark substances. Streaks of dirty water dripping down leave long watermarks and stains."
wall12_stain_177.jpg,24,"wall,stain","Wall Interior Decoration Building Material Manufacturing. Dirty spots refer to localized dirt or contamination on the wall surface, typically formed by the adherence of dust, grease stains, or other dark substances. Streaks of water stains running down create long, narrow marks of dirt and water droplets."
wall12_stain_178.jpg,24,"wall,stain","Wall Interior Decoration Building Material Manufacturing. Dirty spots refer to localized dirt or contamination on the wall surface, typically formed by the adhesion of dust, grease stains, or other dark substances. Streaks of water stains with long drip marks are visible as a defect."
wall12_stain_179.jpg,24,"wall,stain","Wall Building Interior Decoration Building Material Manufacturing. Dirty spots refer to localized dirt or contamination on the wall surface, typically formed due to dust, grease stains, or other dark substances adhering to it. Streaks of water stains with long drip marks are visible, indicating a presence of dirty water drips and trail marks."
wall12_stain_180.jpg,24,"wall,stain","Wall Interior Decoration Building Material Manufacturing. Dirty spots refer to localized dirt or contamination on the wall surface, typically formed by the adhesion of dust, grease stains, or other dark substances. Streaks of dirt and watermarks are visible from top to bottom, indicating a history of dripping dirty water."
wall12_stain_181.jpg,24,"wall,stain","Wall Building Interior Decoration Building Material Manufacturing. Dirty spots refer to localized dirt or contamination on the wall surface, usually formed by the attachment of dust, grease stains, or other dark substances. Streaks of dirty water dripping down leaving long watermarks and stains."
wall12_stain_182.jpg,24,"wall,stain","Wall Interior Decoration Building Material Manufacturing. Dirty spots refer to localized dirt or contamination on the wall surface, typically formed by the adhesion of dust, grease, or other dark substances. Streaks of long water stains are visible as evidence of dripping dirty water, leaving a trail of grime."
wall12_stain_183.jpg,24,"wall,stain","Interior Wall Building and Decoration Material Manufacturing. Dirty spots refer to localized dirt or contamination on the wall surface, typically formed by dust, grease stains, or other dark substances adhering to it. Streaks of dirty water dripping down leave long watermarks and stains."
wall12_stain_184.jpg,24,"wall,stain","Interior Wall Building and Decoration Materials Manufacturing. Dirty spots refer to localized dirt or contamination on the wall surface, typically formed by dust, grease stains, or other dark substances adhering to it. Water streaks with long strip marks indicate the presence of dirty water drips flowing downwards, leaving a trail of stains."
wall12_stain_185.jpg,24,"wall,stain","Wall Interior Decoration Building Material Manufacturing. Dirty spots refer to localized dirt or contamination on the wall surface, typically formed by the adhesion of dust, grease stains, or other dark substances. Stains may exhibit streaks running downwards, while fingerprints may also be present as a common defect."
wall12_stain_186.jpg,24,"wall,stain","Interior Wall Construction and Decor Building Material Manufacturing. Dirty spots refer to localized dirt or contamination on the wall surface, typically formed by the adherence of dust, oil stains, or other dark substances. Stains often present visible streaks running downwards, indicating water marks."
wall12_stain_187.jpg,24,"wall,stain","Interior Wall Construction and Decoration Building Material Manufacturing. Dirt spots refer to localized dirt or contamination on the wall surface, typically formed by the adhesion of dust, oil stains, or other dark substances. Stains often exhibit visible streaks running downwards. Significant dirt and water stains are noticeable issues in this industry."
wall12_stain_188.jpg,24,"wall,stain","Interior Wall Construction and Decoration Building Material Manufacturing. Dirty spots refer to localized dirt or contamination on the wall surface, typically formed by the attachment of dust, grease stains, or other dark substances. Stains often exhibit visible streaks running downwards, indicating water marks and highlighting the lack of cleanliness."
wall12_stain_189.jpg,24,"wall,stain","Interior Wall Construction and Decoration Building Material Manufacturing. Dirty spots refer to localized dirt or contamination on the wall surface, typically formed by the adhesion of dust, oil stains, or other dark substances. Stains often exhibit visible streaks of water running downwards. The presence of dirty spots and water stains can significantly impact the aesthetic appeal of the interior walls, requiring thorough cleaning and maintenance to restore their original appearance."
wall12_stain_190.jpg,24,"wall,stain","Interior Wall Construction and Decorative Building Material Manufacturing. Dirty spots refer to localized dirt or contamination on the wall surface, typically formed by the adhesion of dust, grease stains, or other dark substances. Stains often exhibit visible streaks of water marks running downwards. Prominent dirt and water stains are noticeable on the walls."
wall12_stain_191.jpg,24,"wall,stain","Interior Wall Building and Decoration Material Manufacturing. Dirty spots refer to localized dirt or contamination on the wall surface, typically formed by the accumulation of dust, oil stains, or other dark substances. Stains may exhibit streaks running downwards. Shoe prints as a flaw."
wall12_stain_192.jpg,24,"wall,stain","Wall Building Interior Decoration Building Material Manufacturing. Dirty spots refer to localized dirt or contamination on the wall surface, typically formed by the adhesion of dust, oil stains, or other dark substances. Stains may exhibit streaks running downwards. Shoe prints as a defect."