Image Name,Diversified Description,categories,label
bottle_broken_large_000.png,"1. In the image from the glass packaging industry, the bottle exhibits a sizable fracture compromising its integrity.","bottle,broken large",266
bottle_broken_large_001.png,"The fracture in The bottle is significant, posing a structural flaw and risk of breakage during handling or transportation.","bottle,broken large",266
bottle_broken_large_002.png,2. The glass packaging industry snapshot captures a bottle with a prominent breakage flaw.,"bottle,broken large",266
bottle_broken_large_003.png,"The bottle?s breakage flaw is noticeable and could lead to leakage or breakage, rendering The container unusable.","bottle,broken large",266
bottle_broken_large_004.png,3. This photograph from the glass packaging sector depicts a bottle featuring a substantial defect.,"bottle,broken large",266
bottle_broken_large_005.png,"1. In this image from the glass packaging sector, a bottle is displayed with a noticeable, sizable flaw that appears to be cracked and broken.","bottle,broken large",266
bottle_broken_large_006.png,"2. Within the glass packaging industry illustration, there is a bottle with a prominently shattered and sizeable defect that seems to have been caused by impact or stress.","bottle,broken large",266
bottle_broken_large_007.png,"3. Depicted in this glass packaging sector snapshot is a bottle featuring a substantial defect of considerable size, exhibiting clear signs of breakage and damage.","bottle,broken large",266
bottle_broken_large_008.png,"4. The glass packaging industry photo showcases a bottle housing a significant defect that is large, broken, and clearly visible, indicating a potential flaw in the manufacturing process.","bottle,broken large",266
bottle_broken_large_009.png,"5. Within the glass packaging sector visual, a bottle is presented with a visibly shattered and sizable defect, suggesting a possible weakness in the structural integrity of the packaging material.","bottle,broken large",266
bottle_broken_large_010.png,"1. The image illustrates a glass bottle in the packaging industry, featuring a prominent crack and a sizable defect.","bottle,broken large",266
bottle_broken_large_011.png,"2. Within this portrayal of the glass packaging sector, there is a bottle that exhibits a substantial breakage and a noticeable imperfection.","bottle,broken large",266
bottle_broken_large_012.png,3. Depicted in this glass packaging industry snapshot is a bottle with a significant fracture and a notable flaw.,"bottle,broken large",266
bottle_broken_large_013.png,"4. In the context of the glass packaging field, the photo captures a bottle with a sizeable defect and a clear break.","bottle,broken large",266
bottle_broken_large_014.png,5. This visual representation of the glass packaging industry showcases a bottle with a distinct crack and a visible large imperfection.,"bottle,broken large",266
bottle_broken_large_015.png,1. The image from the glass packaging sector displays a bottle harboring a sizable shattered flaw.,"bottle,broken large",266
bottle_broken_large_016.png,"The defect in The glass bottle is substantial and appears shattered or broken, potentially compromising The integrity of The packaging.","bottle,broken large",266
bottle_broken_large_017.png,2. Within this depiction of the glass packaging realm lies a bottle revealing a significant fracture.,"bottle,broken large",266
bottle_broken_large_018.png,"The bottle in The image exhibits a notable crack or break, posing a risk for leakage or damage to The contents due to The fracture.","bottle,broken large",266
bottle_broken_large_019.png,"3. In this visual representation of the glass packaging field, we observe a bottle featuring a prominent flaw.","bottle,broken large",266
bottle_broken_small_000.png,1. The image from the glass packaging sector displays a bottle harboring a minute fractured flaw.,"bottle,broken small",267
bottle_broken_small_001.png,"The defect appears to be a tiny crack or chip on The surface of The bottle, which could compromise The integrity of The packaging.","bottle,broken small",267
bottle_broken_small_002.png,"2. In the illustration depicting the glass packaging field, there is a bottle with a small breakage flaw.","bottle,broken small",267
bottle_broken_small_003.png,The flaw is likely a small area of damage that may affect The visual appeal and functionality of The bottle for its intended purpose.,"bottle,broken small",267
bottle_broken_small_004.png,3. The glass packaging industry snapshot exhibits a bottle with a minor damaged imperfection.,"bottle,broken small",267
bottle_broken_small_005.png,1. The image from the glass packaging sector displays a bottle featuring a small crack that has caused a breakage in the structure.,"bottle,broken small",267
bottle_broken_small_006.png,"2. In the illustration related to the glass packaging field, a bottle is presented with a minuscule defect that has resulted in a fracture.","bottle,broken small",267
bottle_broken_small_007.png,3. This visual representation within the glass packaging realm exhibits a bottle with a minor flaw leading to a shattered appearance.,"bottle,broken small",267
bottle_broken_small_008.png,"4. The glass container showcased in this packaging industry depiction exhibits a minute defect, resulting in a broken section.","bottle,broken small",267
bottle_broken_small_009.png,"5. Within the context of the glass packaging sector, the photograph captures a bottle showcasing a tiny defect that has caused breakage.","bottle,broken small",267
bottle_broken_small_010.png,1. The image depicting glass packaging in the industry displays a bottle that exhibits a small breakage within its structure.,"bottle,broken small",267
bottle_broken_small_011.png,"Explanation: The photograph captures a bottle used in the glass packaging sector, where a minor defect in the form of a break can be observed on its surface, potentially affecting its usability and integrity.","bottle,broken small",267
bottle_broken_small_012.png,"2. In the glass packaging sector illustration, there is a bottle with a small crack defect visible.","bottle,broken small",267
bottle_broken_small_013.png,"Explanation: Within the context of the glass packaging industry, an image portrays a bottle that bears a noticeable crack defect, indicating a potential compromise in the bottle's quality and safety.","bottle,broken small",267
bottle_broken_small_014.png,"3. The glass bottle showcased in this industry image is marred by a small, visible flaw.","bottle,broken small",267
bottle_broken_small_015.png,"1. In the visual representation from the glass packaging sector, a bottle is depicted with a minute flaw that has shattered and compromised its integrity.","bottle,broken small",267
bottle_broken_small_016.png,"2. The image in question, related to the glass packaging field, displays a bottle with a tiny breakage, indicative of a defect in the manufacturing process.","bottle,broken small",267
bottle_broken_small_017.png,"3. Within the context of the glass packaging industry, the image illustrates a bottle with a minor defect that has caused it to break, potentially rendering it unusable.","bottle,broken small",267
bottle_broken_small_018.png,"4. The snapshot from the glass packaging sector showcases a bottle with a small defect that has led to breakage, highlighting a potential quality issue in production.","bottle,broken small",267
bottle_broken_small_019.png,"5. Presented within the glass packaging industry setting, the image features a bottle harboring a fractured small defect, underscoring the need for stringent quality control measures.","bottle,broken small",267
bottle_broken_small_020.png,"1. The image from the glass packaging sector depicts a bottle revealing a contamination flaw, evident in the form of foreign particles present inside the container.","bottle,broken small",267
bottle_broken_small_021.png,"2. Within the glass packaging realm, the visual representation showcases a bottle featuring a defect related to contamination, with visible impurities tarnishing the product inside.","bottle,broken small",267
bottle_contamination_000.png,"3. In the context of the glass packaging industry, the photograph illustrates a bottle highlighting a contamination issue, with discernible foreign substances contaminating the content of the container.","bottle,contamination",268
bottle_contamination_001.png,"1. In the image from the glass packaging industry, a bottle is portrayed with a tiny crack, compromising its integrity.","bottle,contamination",268
bottle_contamination_002.png,"Explanation: The photograph captures a bottle within the glass packaging sector, highlighting a subtle but potentially crucial flaw in the form of a small fracture. This defect could lead to leakage or breakage during transportation or storage, impacting the product's quality and safety.","bottle,contamination",268
bottle_contamination_003.png,"1. The image in the glass packaging sector displays a bottle with a contaminant defect, seen as foreign particles embedded within the liquid contents.","bottle,contamination",268
bottle_contamination_004.png,"2. Within the glass packaging industry snapshot, there is a bottle exhibiting a defect of contamination, characterized by visible impurities floating inside the container.","bottle,contamination",268
bottle_contamination_005.png,"3. In the realm of glass packaging, the photo exhibits a bottle revealing a contamination defect, with specks of foreign matter dispersed throughout the liquid.","bottle,contamination",268
bottle_contamination_006.png,"4. This snapshot from the glass packaging sector presents a bottle featuring a contamination defect, identified by the presence of unwanted substances tainting the enclosed product.","bottle,contamination",268
bottle_contamination_007.png,"5. In the context of the glass packaging industry, the image showcases a bottle with a contamination defect, manifesting as non-native particles contaminating the contents of the bottle.","bottle,contamination",268
bottle_contamination_008.png,1. The image of this glass packaging industry display features a bottle with a defect caused by contamination.,"bottle,contamination",268
bottle_contamination_009.png,"Explanation: The bottle in the picture is visibly affected by contamination, which could be due to foreign substances or impurities present in the packaging material.","bottle,contamination",268
bottle_contamination_010.png,"2. In this snapshot from the glass packaging industry, a bottle can be seen with a defect related to contamination.","bottle,contamination",268
bottle_contamination_011.png,"Explanation: The defect in the bottle is caused by contamination, indicating a potential issue with the cleanliness or purity of the packaging materials used.","bottle,contamination",268
bottle_contamination_012.png,3. This glass packaging industry photograph captures a bottle exhibiting a defect stemming from contamination.,"bottle,contamination",268
bottle_contamination_013.png,1. The image depicts a bottle in the glass packaging sector with a defect caused by contamination.,"bottle,contamination",268
bottle_contamination_014.png,"Explanation: The defect in The bottle could be due to foreign particles, impurities, or substances that have contaminated The contents of The bottle, potentially rendering The product unsafe for consumption or use.","bottle,contamination",268
bottle_contamination_015.png,"2. Within the glass packaging realm, a visual representation exhibits a bottle harboring a defect attributed to contamination.","bottle,contamination",268
bottle_contamination_016.png,"- Explanation: The defect observed in the bottle could stem from various sources of contamination, such as dust, dirt, microorganisms, or chemicals, posing a risk to the product's quality and safety.","bottle,contamination",268
bottle_contamination_017.png,"3. In the context of glass packaging, a bottle is featured in an image showcasing a defect arising from contamination.","bottle,contamination",268
bottle_contamination_018.png,"1. The image from the glass packaging sector displays a bottle with a contamination issue, indicating the presence of foreign particles or impurities within the product. Contamination defects can arise from various sources such as inadequate cleaning processes, improper storage conditions, or faulty sealing mechanisms, compromising the safety and quality of the packaged contents.","bottle,contamination",268
bottle_contamination_019.png,"2. Within the glass packaging field, the photograph captures a bottle exhibiting signs of contamination. This defect can manifest in the form of visible particles, discoloration, or off-putting odors within the packaged liquid. Contamination poses a significant risk to consumer health and can result from poor manufacturing practices, unsanitary handling, or environmental factors.","bottle,contamination",268
bottle_contamination_020.png,"3. In the context of the glass packaging industry, the picture portrays a bottle containing a defect related to contamination. This issue may stem from a breach in hygiene protocols during production, transportation, or storage, leading to the introduction of harmful substances into the packaged product. Contamination defects not only compromise the integrity of the packaging but also pose health hazards to end-users.","bottle,contamination",268
bottle_good_000.png,1. The image depicting a glass bottle within the packaging industry reveals a flawless appearance without any imperfections or abnormalities.,"bottle,good",269
bottle_good_001.png,"2. The glass container exhibited in the context of the packaging sector appears pristine and devoid of any visible flaws or defects, presenting a perfect example of manufacturing quality control.","bottle,good",269
bottle_good_002.png,"1. The image of this glass packaging industry portrays a flawlessly crafted bottle, displaying no imperfections or irregularities.","bottle,good",269
bottle_good_003.png,"2. In this visual representation of the glass packaging sector, a flaw-free bottle is depicted, devoid of any visible defects or anomalies.","bottle,good",269
bottle_good_004.png,"3. This snapshot from the glass packaging industry features a pristine bottle, exhibiting no signs of flaws or irregularities in its structure.","bottle,good",269
bottle_good_005.png,"4. The glass bottle showcased in this photo from the packaging industry is flawlessly designed, with no observable defects or imperfections.","bottle,good",269
bottle_good_006.png,"5. Within this image representing the glass packaging sector, a bottle is displayed that appears immaculate, showing no discernible defects or blemishes in its composition.","bottle,good",269
bottle_good_007.png,1. The image of this glass packaging industry showcases a flawlessly designed bottle with no imperfections.,"bottle,good",269
bottle_good_008.png,"Explanation: The photograph captures a bottle from the glass packaging industry that appears to be flawlessly made, without any visible flaws such as scratches, cracks, or chips.","bottle,good",269
bottle_good_009.png,"2. In this picture from the glass packaging sector, a flaw-free bottle is on display.","bottle,good",269
bottle_good_010.png,"Explanation: The image portrays a bottle in the glass packaging industry that is free from any defects or irregularities, presenting a pristine and high-quality appearance.","bottle,good",269
bottle_good_011.png,3. This image of a bottle in the glass packaging field exhibits no signs of imperfections.,"bottle,good",269
bottle_good_012.png,1. The image of this glass packaging industry showcases a flawlessly crafted bottle with no visible imperfections.,"bottle,good",269
bottle_good_013.png,"Explanation: The photograph of the bottle in the context of the glass packaging industry displays a product that is free from any observable faults or blemishes, indicating high-quality manufacturing standards.","bottle,good",269
bottle_good_014.png,2. The glass bottle captured in this snapshot of the packaging industry exhibits no signs of any faults.,"bottle,good",269
bottle_good_015.png,"Explanation: The bottle depicted in the image relating to the glass packaging sector appears to be flawless, without any indications of defects or irregularities in its structure or appearance.","bottle,good",269
bottle_good_016.png,3. This picture from the glass packaging sector features a bottle that appears to be defect-free.,"bottle,good",269
bottle_good_017.png,"1. The image captured within the glass packaging sector displays a flawlessly crafted bottle, devoid of any imperfections or irregularities.","bottle,good",269
bottle_good_018.png,"2. Within the realm of glass packaging, the visual presented showcases a faultless bottle, exhibiting no signs of flaws or irregularities that could compromise its structural integrity.","bottle,good",269
bottle_good_019.png,"3. Encompassed in the glass packaging field, the illustration features a meticulously designed bottle that is free from any defects, ensuring its aesthetic appeal and functionality remain uncompromised.","bottle,good",269
cable_bent_wire_000.png,"1. In this image from the cable and wiring industry, a wire within the cable is visibly bent, indicating a wire deformation issue.","cable,bent wire",270
cable_bent_wire_001.png,"Explanation: The defect in the wire being bent can lead to potential connectivity problems and signal disruptions. A bent wire can disrupt the flow of electricity or data transmission within the cable, reducing its overall efficiency and reliability.","cable,bent wire",270
cable_bent_wire_002.png,"1. The image from the cable and wiring industry reveals a bent wire defect within the cable, where the wire appears to be misshapen and deviated from its intended straight form. This defect could potentially lead to connectivity issues or compromise the overall structural integrity of the cable.","cable,bent wire",270
cable_bent_wire_003.png,"2. Within the context of the cable and wiring sector, the visual representation illustrates a flaw in the form of a wire that is visibly bent along its length. Such a defect may indicate issues with the manufacturing process or could result in signal distortion or electrical conductivity problems.","cable,bent wire",270
cable_bent_wire_004.png,"3. In this snapshot pertaining to the cable and wiring field, there is a clear depiction of a wire defect characterized by a noticeable bend or kink in the cable. This type of flaw could affect the cable's flexibility, increase the risk of breakage, or hinder its functionality within a larger electrical system.","cable,bent wire",270
cable_bent_wire_005.png,"4. The cable and wiring industry image exhibits a wire defect where a section of the cable shows a distinct bend or curve along its path. This specific flaw could impact the cable's ability to transmit signals efficiently, leading to potential disruptions in data transfer or electrical connectivity.","cable,bent wire",270
cable_bent_wire_006.png,"5. Through the lens of the cable and wiring domain, the visual representation highlights a wire defect in the form of a visibly bent or deformed wire within the cable structure. Such a defect may indicate material stress during production, raising concerns about the cable's longevity and performance under operational conditions.","cable,bent wire",270
cable_bent_wire_007.png,"1. In the image from the cable and wiring industry, the cable exhibits a wire with a noticeable bend, indicating a structural defect that may compromise its functionality and safety.","cable,bent wire",270
cable_bent_wire_008.png,"2. Within the visual representation of the cable and wiring sector, an irregularly contorted wire is evident within the cable, suggesting a defect that could lead to electrical inefficiencies or potential hazards.","cable,bent wire",270
cable_bent_wire_009.png,"3. The snapshot from the cable and wiring field reveals a wire inside the cable that is visibly bent, hinting at a flaw that could impact the overall performance and longevity of the product.","cable,bent wire",270
cable_bent_wire_010.png,"4. The cable and wiring industry image captures a wire defect characterized by a distinct bend, which raises concerns about the quality and reliability of the cable's construction.","cable,bent wire",270
cable_bent_wire_011.png,"5. Depicted in the picture from the cable and wiring sector is a wire anomaly within the cable, displaying a bent shape that points towards a defect requiring attention to prevent functional issues or safety risks.","cable,bent wire",270
cable_bent_wire_012.png,"1. In this image from the cable and wiring industry, a cable is seen with a defect related to a swap in cables.","cable,bent wire",270
cable_cable_swap_000.png,"Description: The defect involves a mix-up or switch in The cables within The cable assembly, leading to improper connections or functionality issues.","cable,cable swap",271
cable_cable_swap_001.png,2. The photo depicting the cable and wiring sector reveals a cable exhibiting a defect attributed to cable swapping.,"cable,cable swap",271
cable_cable_swap_002.png,"Description: The defect is a result of incorrect positioning or interchange of cables within The assembly, potentially causing disruptions in signal transmission or electrical connectivity.","cable,cable swap",271
cable_cable_swap_003.png,1. This image from the cable and wiring industry depicts a cable with a faulty wire that is bent out of shape.,"cable,cable swap",271
cable_cable_swap_004.png,1. The image from the cable and wiring industry reveals a cable featuring a defect related to cable swapping.,"cable,cable swap",271
cable_cable_swap_005.png,"in this image, there is a cable showcasing an issue with The swapping of cables. this defect could involve incorrect connections, leading to potential functionality problems or safety hazards.","cable,cable swap",271
cable_cable_swap_006.png,"2. In the cable and wiring industry illustration, a defect involving cable exchange is visible within the cable.","cable,cable swap",271
cable_cable_swap_007.png,"The illustration displays a flaw where cables have been interchanged improperly. such a defect may result in connectivity issues, signal disturbances, or short circuits within The wiring system.","cable,cable swap",271
cable_cable_swap_008.png,3. One can observe in the picture from the cable and wiring sector a defect in which cables have been swapped within the cable.,"cable,cable swap",271
cable_cable_swap_009.png,"1. In this image from the cable and wiring sector, a cable is displayed exhibiting a defect related to cable swapping.","cable,cable swap",271
cable_cable_swap_010.png,"Description: The image reveals a cable where the conductors have been improperly interchanged, leading to inconsistencies in signal transmission and potential electrical hazards.","cable,cable swap",271
cable_cable_swap_011.png,"2. In the depiction of the cable and wiring industry, a photograph captures a cable showcasing a defect involving cable exchange.","cable,cable swap",271
cable_combined_000.png,"1. In the image from the cable and wiring industry, a defect can be observed where the cable displays a combination of irregularities.","cable,combined",272
cable_combined_001.png,"In this scenario, the combined defect may refer to a situation where the cable exhibits multiple issues simultaneously. These issues could include physical damage, improper insulation, or connectivity problems. Such a combination of defects can lead to compromised performance, electrical shorts, or even safety hazards in the usage of the cable.","cable,combined",272
cable_combined_002.png,"1. In this image from the cable and wiring industry, a defect has been identified in the form of a combined flaw within the cable structure. This defect likely results from a manufacturing error where multiple issues have arisen simultaneously, compromising the integrity and functionality of the cable.","cable,combined",272
cable_combined_003.png,"2. The photograph depicting the cable and wiring industry reveals a composite defect present within the cable. This combined flaw may involve a mixture of different types of imperfections such as physical damage, insulation issues, or connectivity problems, posing a significant risk to the overall performance and safety of the cable.","cable,combined",272
cable_combined_004.png,"3. The cable in the image pertaining to the cable and wiring sector exhibits a consolidated defect within its components. This combined flaw could stem from various factors like material inconsistency, design faults, or installation errors, leading to a complex issue that demands thorough inspection and rectification.","cable,combined",272
cable_combined_005.png,"4. Within the cable and wiring industry illustration, a conjoined defect is evident within the cable structure. This compound flaw may comprise a combination of faults such as frayed wires, exposed conductors, or crossed connections, indicating a serious quality control lapse that requires immediate attention.","cable,combined",272
cable_combined_006.png,"5. The cable shown in the image related to the cable and wiring field displays a unified defect affecting its functionality. This amalgamated flaw suggests a convergence of multiple deficiencies like signal interference, insulation breakdown, or conductor misalignment, underscoring the need for detailed analysis and remediation to ensure optimal performance.","cable,combined",272
cable_combined_007.png,"1. This image from the cable and wiring industry displays a cable with a defect that appears to be a combination of multiple issues. The defect could involve issues like exposed wires, damaged insulation, or improper connections within the cable, leading to potential performance issues or safety hazards.","cable,combined",272
cable_combined_008.png,"2. In this snapshot from the cable and wiring sector, a cable is featured with a composite defect. This defect might encompass various interconnected problems such as frayed wires, tangled components, or faulty connections. Such a defect could compromise the cable's functionality and durability.","cable,combined",272
cable_combined_009.png,"3. Within the context of the cable and wiring field, this image showcases a cable that exhibits a collective defect. The defect observed in the cable could involve a blend of flaws such as corrosion, insulation breakdown, or insufficient shielding, all of which could affect the cable's performance and reliability.","cable,combined",272
cable_combined_010.png,"4. The cable and wiring industry image presents a cable with a conjoined defect. This defect could entail a combination of faults like exposed conductors, twisted wires, or mismatched connectors, potentially leading to signal interference, power loss, or even electrical shorts. Identifying and addressing such a complex defect is crucial to ensure the cable's optimal operation.","cable,combined",272
cable_cut_inner_insulation_000.png,"1. In this image related to the cable and wiring sector, there is a flaw present in the inner insulation of the cable in the form of a cut.","cable,cut inner insulation",273
cable_cut_inner_insulation_001.png,"1. The image from the cable and wiring industry displays a cable with a flaw in its inner insulation, where a segment of the protective layer has been severed.","cable,cut inner insulation",273
cable_cut_inner_insulation_002.png,"2. In the cable and wiring sector image, there is a visible flaw in the cable's inner insulation, revealing a distinct cut in the protective covering.","cable,cut inner insulation",273
cable_cut_inner_insulation_003.png,"3. The photograph in the cable and wiring industry highlights a cable defect characterized by a clear break in the inner insulation, exposing the underlying wiring.","cable,cut inner insulation",273
cable_cut_inner_insulation_004.png,"4. Within the context of the cable and wiring industry, the image portrays a cable defect involving a breach in the inner insulation layer, potentially compromising the cable's safety and performance.","cable,cut inner insulation",273
cable_cut_inner_insulation_005.png,"5. The cable and wiring industry image reveals a defect in the cable's inner insulation, manifesting as a cut that may pose a risk of electrical exposure and signal interference.","cable,cut inner insulation",273
cable_cut_inner_insulation_006.png,"1. In this image from the cable and wiring industry, a flaw is evident in the form of a severed inner insulation within the cable.","cable,cut inner insulation",273
cable_cut_inner_insulation_007.png,2. The photograph captured within the cable and wiring sector depicts a flaw where the inner insulation of the cable has been sliced.,"cable,cut inner insulation",273
cable_cut_inner_insulation_008.png,3. A visual representation within the cable and wiring domain reveals a fault characterized by a cut in the inner insulation of the cable.,"cable,cut inner insulation",273
cable_cut_inner_insulation_009.png,4. This visual from the cable and wiring industry highlights a defect where the inner insulation of the cable has been intentionally severed.,"cable,cut inner insulation",273
cable_cut_inner_insulation_010.png,"5. In the cable and wiring industry image, a visible issue is observed in the form of a cut in the inner insulation of the cable, indicating a manufacturing defect.","cable,cut inner insulation",273
cable_cut_inner_insulation_011.png,"1. The image from the cable and wiring industry displays a cable with a compromised inner insulation due to a cut defect. The defect is characterized by a visible breach in the protective layer surrounding the cable's internal components, leaving them vulnerable to environmental factors and potential short-circuiting. This type of defect can lead to electrical malfunctions, fire hazards, and compromised safety in the use of the cable.","cable,cut inner insulation",273
cable_cut_inner_insulation_012.png,"2. In the photograph related to the cable and wiring sector, there is a clear indication of a flaw within the cable's inner insulation in the form of a cut. This defect exposes the sensitive inner components of the cable to external elements, increasing the risk of damage and reducing the overall efficiency and reliability of the cable. Such defects can compromise the performance of electrical systems and pose a safety hazard if left unaddressed.","cable,cut inner insulation",273
cable_cut_inner_insulation_013.png,"3. The cable and wiring industry image reveals a significant flaw in the form of a cut within the inner insulation of a cable. This type of defect weakens the protective barrier designed to shield the cable's internal wiring, making it susceptible to damage, moisture penetration, and potential short circuits. Failure to address this issue can result in operational failures, system breakdowns, and safety risks within electrical circuits utilizing the compromised cable.","cable,cut inner insulation",273
cable_cut_outer_insulation_000.png,"1. In the image from the cable and wiring industry, a cable is depicted with a flaw where the outer insulation has been cut, exposing the inner components to potential damage and interference.","cable,cut outer insulation",274
cable_cut_outer_insulation_001.png,"2. The visual representation within the cable and wiring sector displays a cable with a noticeable flaw in its outer insulation layer that has been sliced, posing risks of short circuits and signal loss due to inadequate protection.","cable,cut outer insulation",274
cable_cut_outer_insulation_002.png,"1. In this image from the cable and wiring industry, a flaw can be seen in the outer insulation of a cable where it has been cut, compromising its protective function and potentially exposing the inner components to damage.","cable,cut outer insulation",274
cable_cut_outer_insulation_003.png,"2. The photograph depicting the cable and wiring sector reveals a defect in the outer insulation of a cable that has been visibly cut, indicating a structural weakness and vulnerability to environmental factors.","cable,cut outer insulation",274
cable_cut_outer_insulation_004.png,"3. Within the cable and wiring industry image, a noticeable breach is evident in the outer insulation of a cable, caused by a cut that could lead to electrical hazards or signal interference if left unaddressed.","cable,cut outer insulation",274
cable_cut_outer_insulation_005.png,"4. The cable and wiring industry illustration captures a flaw in a cable's outer insulation, specifically where it has been cut, posing a risk of reduced durability and integrity in the overall cable structure.","cable,cut outer insulation",274
cable_cut_outer_insulation_006.png,"5. This snapshot from the cable and wiring sector showcases a discernible defect in the outer insulation of a cable, marked by a cut that compromises the cable's ability to provide adequate protection and insulation to its internal wiring components.","cable,cut outer insulation",274
cable_cut_outer_insulation_007.png,"1. In the image from the cable and wiring industry, a cable is displayed exhibiting a flaw in its outer insulation - a visible cut compromising the protective layer of the cable, potentially exposing the underlying wires to damage or environmental factors.","cable,cut outer insulation",274
cable_cut_outer_insulation_008.png,"2. The photograph from the cable and wiring sector illustrates a defect in the outer insulation of a cable, manifesting as a clear-cut breach in the protective covering. This flaw poses a risk of short circuits, electrical leakage, or mechanical wear and tear, making the cable vulnerable to performance issues or safety hazards.","cable,cut outer insulation",274
cable_cut_outer_insulation_009.png,"3. Within the context of the cable and wiring industry, the image depicts a cable exhibiting a defect in its outer insulation - a distinct cut that undermines the integrity of the protective sheath. This flaw increases the likelihood of electrical faults, insulation breakdown, or moisture ingress, jeopardizing the cable's functionality and longevity.","cable,cut outer insulation",274
cable_good_000.png,"1. In this photograph from the cable and wiring industry, a flawlessly manufactured cable is depicted with no visible imperfections.","cable,good",275
cable_good_001.png,2. The image captured within the cable and wiring sector displays a cable that is devoid of any noticeable flaws or defects.,"cable,good",275
cable_good_002.png,1. The image of a cable in the cable and wiring industry displays a flawlessly manufactured cable without any visible imperfections.,"cable,good",275
cable_good_003.png,"Explanation: The cable depicted in The picture appears to be meticulously crafted, without any evident signs of irregularities or faults. The smooth surface, uniform color, and symmetrical structure indicate a high level of quality control in The manufacturing process.","cable,good",275
cable_good_004.png,"2. In the cable and wiring sector image, a pristine cable is captured, showcasing an absence of defects.","cable,good",275
cable_good_005.png,"Explanation: The photograph showcases a cable that seems to be flawlessly produced, devoid of any observable flaws or blemishes. The absence of kinks, cuts, or discoloration suggests that The cable has undergone thorough inspection and quality assurance measures during production.","cable,good",275
cable_good_006.png,"3. Within the context of the cable and wiring industry, the image portrays a flaw-free cable with no discernible defects.","cable,good",275
cable_good_007.png,1. The image of the cable and wiring industry depicts a flawlessly manufactured cable with no imperfections visible.,"cable,good",275
cable_good_008.png,"in this particular image, The cable showcased belongs to The cable and wiring industry and exhibits impeccable quality with no detectable flaws.","cable,good",275
cable_good_009.png,2. The cable captured in this picture from the cable and wiring sector appears free from any defects or irregularities.,"cable,good",275
cable_good_010.png,"The image portrays a cable typically used in The cable and wiring industry, and it seems to be perfectly crafted without any visible faults.","cable,good",275
cable_good_011.png,"3. Within this image of the cable and wiring domain, a pristine cable is shown without any signs of defects.","cable,good",275
cable_good_012.png,1. The image from the cable and wiring industry displays a flawlessly manufactured cable with no visible imperfections or irregularities.,"cable,good",275
cable_good_013.png,"2. In this snapshot from the cable and wiring sector, a cable is depicted exhibiting a pristine and flawless appearance, devoid of any observable faults or deficiencies.","cable,good",275
cable_good_014.png,"3. This image captured in the cable and wiring industry portrays a cable that is perfectly crafted, showing no signs of defects or anomalies.","cable,good",275
cable_good_015.png,"4. Within this photograph taken within the cable and wiring field, a cable is showcased in impeccable condition, free from any discernible flaws or irregularities.","cable,good",275
cable_good_016.png,"5. The cable featured in this picture from the cable and wiring industry appears to be flawlessly constructed, without any evident defects or blemishes.","cable,good",275
cable_good_017.png,1. This image from the cable and wiring industry displays a flawlessly intact cable with no visible imperfections or irregularities.,"cable,good",275
cable_good_018.png,"2. The photograph captured within the cable and wiring sector showcases a cable that exhibits a pristine condition, devoid of any discernible faults or deficiencies.","cable,good",275
cable_good_019.png,"3. Within the realm of the cable and wiring industry, this image portrays a cable that appears to be free from any defects, presenting a flawless and polished appearance.","cable,good",275
cable_good_020.png,"4. The cable depicted in this picture within the cable and wiring sector demonstrates a faultless and impeccable state, devoid of any blemishes or malformations.","cable,good",275
cable_good_021.png,"5. Within the context of the cable and wiring industry, this image exhibits a cable that is flawlessly preserved and lacking any observable defects or shortcomings.","cable,good",275
cable_good_022.png,"1. This image from the cable and wiring industry displays a flawlessly intact cable, free of any imperfections or abnormalities.","cable,good",275
cable_good_023.png,"2. In this photograph related to the cable and wiring sector, a cable is depicted in pristine condition, exhibiting no signs of defects.","cable,good",275
cable_good_024.png,"3. The cable shown in this picture from the cable and wiring industry is flawless, showcasing no visible flaws or irregularities.","cable,good",275
cable_good_025.png,"4. Within the realm of the cable and wiring industry, this image captures a cable that is faultless, devoid of any discernible defects.","cable,good",275
cable_good_026.png,"5. This photograph pertaining to the cable and wiring sector showcases a cable that is impeccable, lacking any identifiable flaws or issues.","cable,good",275
cable_good_027.png,1. This image from the cable and wiring industry displays a flawlessly manufactured cable without any visible imperfections or abnormalities.,"cable,good",275
cable_good_028.png,"2. In this snapshot depicting the cable and wiring sector, the cable depicted is free from any noticeable flaws or irregularities, showcasing excellent craftsmanship.","cable,good",275
cable_good_029.png,"3. The cable shown in this photograph within the cable and wiring industry context appears to have been produced without any discernible defects, indicating high quality and precision.","cable,good",275
cable_good_030.png,"4. Within the cable and wiring industry, this image captures a cable that appears to be flaw-free, with no apparent issues or deficiencies in its construction.","cable,good",275
cable_good_031.png,"5. The cable showcased in this picture related to the cable and wiring sector is presented without any evident defects, highlighting meticulous attention to detail in its production.","cable,good",275
cable_good_032.png,"1. The image from the cable and wiring industry depicts a flawlessly manufactured cable with no visible imperfections or irregularities, meeting all quality standards and specifications.","cable,good",275
cable_good_033.png,"2. In this photograph related to the cable and wiring sector, a cable is showcased exhibiting exceptional quality, characterized by its flawless construction and absence of any defects or faults.","cable,good",275
cable_good_034.png,"3. Within the context of the cable and wiring industry, the image captures a cable devoid of any flaws, showcasing superior workmanship and adherence to stringent quality control measures.","cable,good",275
cable_good_035.png,"4. Illustrated in this picture from the cable and wiring field is a perfectly intact cable, exemplifying meticulous attention to detail and a high level of craftsmanship, free from any visible defects.","cable,good",275
cable_good_036.png,"5. This image, representing the cable and wiring industry, features a cable that is flawlessly manufactured, demonstrating precision engineering and quality assurance practices that ensure the absence of any defects or irregularities.","cable,good",275
cable_good_037.png,1. The image captured in the cable and wiring industry depicts a flawless cable with no visible imperfections.,"cable,good",275
cable_good_038.png,Explanation: The photograph taken in the sector of cable and wiring demonstrates a cable that is free from any observable flaws or faults. This indicates that the cable is in perfect condition and devoid of any defects.,"cable,good",275
cable_good_039.png,"2. Within the cable and wiring sector image, this cable is presented as faultless, devoid of any flaws.","cable,good",275
cable_good_040.png,"Explanation: In the context of the image related to the cable and wiring industry, the cable being showcased appears to be impeccable, lacking any imperfections. This suggests that the cable is in an optimal state without any defects.","cable,good",275
cable_good_041.png,3. The snapshot from the cable and wiring field showcases a cable that exhibits no signs of defects.,"cable,good",275
cable_good_042.png,1. The image depicting a cable in the cable and wiring industry exhibits a flawless appearance without any observable imperfections.,"cable,good",275
cable_good_043.png,Explanation: The visual representation captures a cable that appears to be structurally sound and free from any visible flaws or irregularities in its design or construction.,"cable,good",275
cable_good_044.png,"2. Within the cable and wiring industry image, a cable is showcased in impeccable condition, devoid of any detectable flaws.","cable,good",275
cable_good_045.png,"Explanation: The displayed cable appears to be in perfect shape, showing no signs of damage, faults, or blemishes that could affect its functionality or performance.","cable,good",275
cable_good_046.png,"3. In the photograph of a cable within the cable and wiring sector, a defect-free cable is prominently displayed.","cable,good",275
cable_good_047.png,1. The image within the cable and wiring sector displays a flawlessly intact cable.,"cable,good",275
cable_good_048.png,"Detailed Description: The image captures a cable within The context of The cable and wiring industry, portraying a cable that is completely free from any blemishes, tears, or imperfections.","cable,good",275
cable_good_049.png,"2. In the field of cable and wiring, the image reveals a cable that is devoid of any imperfections.","cable,good",275
cable_good_050.png,"Detailed Description: The visual representation showcases a cable in pristine condition, exhibiting no signs of wear, damage, or irregularities commonly found in cables used in The cable and wiring industry.","cable,good",275
cable_good_051.png,3. This photograph from the cable and wiring domain exhibits a flaw-free cable.,"cable,good",275
cable_good_052.png,1. This image from the cable and wiring industry displays a flawlessly intact cable with no signs of damage or irregularities.,"cable,good",275
cable_good_053.png,"Explanation: The cable shown in the picture appears to be in perfect condition, with no visible faults such as cuts, tears, or exposed wires. It meets the quality standards expected in the industry.","cable,good",275
cable_good_054.png,"2. In this photo related to the cable and wiring sector, a cable is depicted in pristine condition, free from any imperfections.","cable,good",275
cable_good_055.png,"Explanation: The cable seen in the image is presented as being in excellent shape, with no apparent defects or flaws. It appears to be well-maintained and ready for use without any need for repair or replacement.","cable,good",275
cable_good_056.png,3. The image showcasing a cable within the cable and wiring industry exhibits a flaw-free cable without any visible defects.,"cable,good",275
cable_good_057.png,"1. In the image from the cable and wiring industry, there is a flaw in the cable where a section of the cable is absent, indicating a missing component error.","cable,good",275
cable_missing_cable_000.png,"2. The photograph in the cable and wiring sector displays a cable that exhibits a defect characterized by the absence of a portion of the cable within it, signifying a missing cable defect.","cable,missing cable",276
cable_missing_cable_001.png,"3. An anomaly is visible in the cable and wiring industry image, manifesting as a gap in the cable structure where a cable component is noticeably absent, illustrating a missing cable defect.","cable,missing cable",276
cable_missing_cable_002.png,"4. Within the cable and wiring industry illustration, a flaw is evident in the cable, showing a deficiency wherein a particular section of the cable is not present, denoting the presence of a missing cable defect.","cable,missing cable",276
cable_missing_cable_003.png,1. The image in the cable and wiring industry displays a flawless cable with no visible imperfections.,"cable,missing cable",276
cable_missing_cable_004.png,"1. In this image from the cable and wiring industry, a cable is shown with a noticeable absence of insulation, indicating a missing cable defect.","cable,missing cable",276
cable_missing_cable_005.png,"2. The photograph from the cable and wiring sector illustrates a cable where the protective layer is conspicuously absent, revealing a missing cable defect.","cable,missing cable",276
cable_missing_cable_006.png,"3. In the snapshot pertaining to the cable and wiring domain, a cable is depicted with a distinct lack of proper shielding, showcasing a missing cable defect.","cable,missing cable",276
cable_missing_cable_007.png,"4. The image in question, related to the cable and wiring field, portrays a cable with a clear gap in its protective covering, suggesting a missing cable defect.","cable,missing cable",276
cable_missing_cable_008.png,"5. Featured in this visual representation of the cable and wiring industry is a cable that exhibits a glaring absence of the necessary insulation, pointing to a missing cable defect.","cable,missing cable",276
cable_missing_cable_009.png,"1. In this image from the cable and wiring industry, a cable is displayed with a flaw where a crucial component is absent.","cable,missing cable",276
cable_missing_cable_010.png,"Explanation: The defect in the cable is indicative of a crucial component being missing, which can significantly impact the functionality and reliability of the cable. It may lead to issues such as connectivity problems or electrical malfunctions.","cable,missing cable",276
cable_missing_cable_011.png,2. The photograph in the cable and wiring sector displays a cable featuring an absence of a vital wiring element.,"cable,missing cable",276
cable_missing_wire_000.png,"1. In this image from the cable and wiring industry, there is a defect in the form of a wire that is absent from the cable structure. This missing wire defect can impact the functionality and performance of the cable, potentially leading to connectivity issues or electrical failures. It is crucial to address this flaw promptly to ensure the cable meets quality standards and functions correctly.","cable,missing wire",277
cable_missing_wire_001.png,2. The visual representation from the cable and wiring sector reveals a flaw where a wire is noticeably absent within the cable assembly. The missing wire defect poses a significant concern as it can disrupt the electrical conductivity and signal transmission within the cable. This issue could result in operational failures or safety hazards if left unattended. Identifying and rectifying this defect is essential for maintaining the integrity and effectiveness of the cable product.,"cable,missing wire",277
cable_missing_wire_002.png,1. The image from the cable and wiring industry reveals a wire deficiency within the cable.,"cable,missing wire",277
cable_missing_wire_003.png,"- This defect indicates that there is a wire missing within the cable, potentially causing connectivity issues or compromising the cable's functionality.","cable,missing wire",277
cable_missing_wire_004.png,"2. A defect is visible in this photograph related to the cable and wiring sector, where a wire is absent from the cable.","cable,missing wire",277
cable_missing_wire_005.png,"The absence of a wire in The cable can lead to performance issues, such as interrupted signal transmission or electrical failures.","cable,missing wire",277
cable_missing_wire_006.png,"3. Within this image from the cable and wiring industry, a flaw is evident in the form of a wire that is not present in the cable.","cable,missing wire",277
cable_missing_wire_007.png,"1. In this image from the cable and wiring industry, a wire is absent from the cable, indicating a missing core defect. This defect can compromise the cable's conductivity and overall performance, potentially leading to connectivity issues or electrical failures. It is crucial to address this flaw promptly to ensure the cable functions correctly and safely.","cable,missing wire",277
cable_missing_wire_008.png,"2. The cable and wiring industry photograph reveals a flaw in the form of a missing wire within the cable. This defect can disrupt the flow of electricity within the cable, resulting in inefficiency or complete failure of the electrical system. Rectifying this issue is essential to maintain the cable's functionality and prevent any potential safety hazards.","cable,missing wire",277
cable_missing_wire_009.png,"3. Within this image depicting the cable and wiring industry, a defect is evident in the form of a wire that is not present in the cable structure. This missing wire flaw can impede the transmission of electrical signals, causing disruptions in connectivity and performance. Prompt attention to this issue is necessary to prevent any operational issues and ensure the cable functions as intended.","cable,missing wire",277
cable_poke_insulation_000.png,"1. In this image from the cable and wiring industry, a flaw in the insulation of the cable is visible, marked by a protruding point that compromises the integrity of the wiring.","cable,poke insulation",278
cable_poke_insulation_001.png,"2. Within the context of the cable and wiring sector, the photograph reveals a defect in the insulation of the cable, characterized by a sharp pointed intrusion that poses a risk of short-circuiting or electrical leakage.","cable,poke insulation",278
cable_poke_insulation_002.png,"1. The image from the cable and wiring industry displays a cable featuring a protruding insulation defect. The defect is characterized by a sharp point on the insulation material, which could potentially lead to electrical hazards or signal interference.","cable,poke insulation",278
cable_poke_insulation_003.png,"2. In the cable and wiring sector photograph, there is a cable exhibiting a puncture in the insulation. This defect presents itself as a small hole in the protective layer of the cable, leaving the internal wiring exposed and vulnerable to damage.","cable,poke insulation",278
cable_poke_insulation_004.png,"3. Within the context of the cable and wiring field, the picture reveals a cable with a penetration defect in the insulation. This flaw manifests as a breach in the insulating material, compromising the cable's ability to safely transmit electrical signals without interference.","cable,poke insulation",278
cable_poke_insulation_005.png,"4. The image captured in the cable and wiring industry showcases a cable with a punctured insulation defect. This type of defect involves a breach in the protective covering of the cable, which can result in a loss of signal quality or potential safety risks due to exposed wiring.","cable,poke insulation",278
cable_poke_insulation_006.png,"5. In the cable and wiring industry image, there is a cable displaying a puncture defect in the insulation. This defect is characterized by a hole in the insulation layer, which could lead to reduced insulation performance, increased risk of short circuits, and potential damage to the cable's internal components.","cable,poke insulation",278
cable_poke_insulation_007.png,"1. The image captured in the cable and wiring industry displays a cable exhibiting a puncture in its insulation, which is a significant flaw affecting the cable's functionality and safety. The poke insulation defect is a visual indication of damage to the protective layer surrounding the cable, leaving it vulnerable to environmental factors and potential short circuits. This type of defect can compromise the overall performance and longevity of the cable, posing a risk of electrical hazards if left unaddressed.","cable,poke insulation",278
cable_poke_insulation_008.png,"2. Within the context of the cable and wiring sector, the photograph reveals a cable with a notable insulation defect in the form of a puncture. This flaw in the insulation material exposes the inner components of the cable to external elements, increasing the likelihood of interference and electrical malfunctions. The presence of a poke insulation defect indicates a breach in the cable's protective barrier, necessitating immediate attention to prevent further damage and ensure operational integrity.","cable,poke insulation",278
cable_poke_insulation_009.png,"3. In the visual representation from the cable and wiring industry, the cable is depicted as having an insulation defect characterized by a visible poke. This imperfection in the insulation layer compromises the cable's insulating properties, creating a potential weak point susceptible to wear and tear. The poke insulation defect not only diminishes the cable's resistance to environmental factors but also raises concerns about electrical safety and performance issues. Addressing this flaw promptly is crucial to maintaining the reliability and effectiveness of the cable in various applications.","cable,poke insulation",278
capsule_crack_000.png,"1. In the image from the pharmaceutical industry, a capsule is displayed with a visible crack flaw present on its surface. The crack defect on the capsule may compromise its integrity, potentially leading to leakage or contamination of the medication inside.","capsule,crack",279
capsule_crack_001.png,"2. The pharmaceutical industry snapshot reveals a capsule exhibiting a defect in the form of a crack. This crack flaw on the capsule could result in issues such as reduced potency or shelf life of the medication stored within, posing risks to patient safety and effectiveness of treatment.","capsule,crack",279
capsule_crack_002.png,"1. The image from the pharmaceutical sector displays a pill with a fissure flaw, indicating potential compromised integrity of the medication within.","capsule,crack",279
capsule_crack_003.png,"2. In the pharmaceutical field, there is a visual representation illustrating a split defect present in a capsule, suggesting a potential risk of contamination or reduced efficacy of the medication.","capsule,crack",279
capsule_crack_004.png,"3. Within the realm of pharmaceuticals, a photograph highlights a capsule that exhibits a flaw in the form of a crack, raising concerns about the stability and quality of the contained medication.","capsule,crack",279
capsule_crack_005.png,"4. An image from the pharmaceutical industry captures a capsule with a noticeable crack defect, indicating a possible compromise in the encapsulated medication's protective barrier.","capsule,crack",279
capsule_crack_006.png,"5. The pharmaceutical industry image portrays a capsule with a crack defect, signifying a fundamental flaw that could impact the potency and safety of the enclosed medication.","capsule,crack",279
capsule_crack_007.png,"1. In this image from the pharmaceutical sector, a capsule is displayed with a noticeable crack flaw. The crack appears to extend along the length of the capsule, potentially compromising its structural integrity and leading to potential leakage of its contents.","capsule,crack",279
capsule_crack_008.png,"2. This photograph in the pharmaceutical industry depicts a capsule with a visible crack defect. The crack seems to be positioned near the seam of the capsule, which could indicate a manufacturing flaw or mishandling during packaging, posing a risk of contamination or reduced efficacy of the medication inside.","capsule,crack",279
capsule_crack_009.png,"3. Within the pharmaceutical industry image, a capsule is portrayed exhibiting a crack imperfection. The crack is discernible on the surface of the capsule, suggesting a possible quality control issue during production or transportation. Such a defect could result in compromised product safety and effectiveness.","capsule,crack",279
capsule_crack_010.png,"4. The pharmaceutical industry snapshot showcases a capsule featuring a crack defect. The presence of the crack on the capsule's surface raises concerns about the product's quality and reliability. This defect may render the capsule vulnerable to moisture ingress or chemical interactions, affecting the medication's stability and potency.","capsule,crack",279
capsule_crack_011.png,"5. Displayed in the pharmaceutical industry illustration is a capsule with a crack defect visible on its exterior. The crack, if left unaddressed, could compromise the hermetic seal of the capsule, leading to potential contamination or degradation of the enclosed medication. This flaw requires immediate attention to maintain product safety and efficacy.","capsule,crack",279
capsule_crack_012.png,"1. In this image from the pharmaceutical sector, a capsule is depicted with a visible crack flaw.","capsule,crack",279
capsule_crack_013.png,"Expanded Description: The capsule is marred by a distinct crack running along its surface, potentially compromising its structural integrity.","capsule,crack",279
capsule_crack_014.png,2. The pharmaceutical industry visual displays a capsule that exhibits a flaw in the form of a crack.,"capsule,crack",279
capsule_crack_015.png,"- Expanded Description: The crack on the capsule's exterior is evident, raising concerns about the potential leakage of its contents and reduced effectiveness.","capsule,crack",279
capsule_crack_016.png,"3. Within this image related to the pharmaceutical field, there is a capsule showcasing a defect characterized by a crack.","capsule,crack",279
capsule_crack_017.png,"1. In this image from the pharmaceutical sector, a capsule is displayed with a visible crack flaw.","capsule,crack",279
capsule_crack_018.png,Explanation: The crack in The capsule may compromise its integrity and lead to potential leakage or contamination of The medication inside.,"capsule,crack",279
capsule_crack_019.png,2. The pharmaceutical industry snapshot displays a capsule exhibiting a flaw characterized by a visible crack.,"capsule,crack",279
capsule_crack_020.png,"- Explanation: The crack on the capsule's surface poses a risk of exposing the medication to external factors, decreasing its efficacy and safety.","capsule,crack",279
capsule_crack_021.png,"3. Within the pharmaceutical sector image, a capsule is depicted with a defect in the form of a noticeable crack.","capsule,crack",279
capsule_crack_022.png,"1. In this image from the pharmaceutical industry, a capsule can be seen with a flawed imprint defect, appearing blurred and incomplete.","capsule,crack",279
capsule_faulty_imprint_000.png,"Explanation: The defect in The imprint on The capsule likely occurred during The manufacturing process, resulting in a smudged or unclear appearance that could affect identification and dosage accuracy.","capsule,faulty imprint",280
capsule_faulty_imprint_001.png,"2. Within the pharmaceutical industry image, a capsule is displayed exhibiting an imperfect imprint defect that is faded and misaligned.","capsule,faulty imprint",280
capsule_faulty_imprint_002.png,"Explanation: The defect in The imprint on The capsule may have been caused by issues with The printing equipment, leading to a misprinted and hard-to-decipher marking, which could potentially lead to medication errors.","capsule,faulty imprint",280
capsule_faulty_imprint_003.png,"1. In this image from the pharmaceutical sector, a capsule can be seen with a fracture flaw.","capsule,faulty imprint",280
capsule_faulty_imprint_004.png,"1. In this image from the pharmaceutical industry, a capsule is displayed with a defective imprint that appears smudged and illegible.","capsule,faulty imprint",280
capsule_faulty_imprint_005.png,"Explanation: The defect observed on the capsule's imprint could be due to a printing error during the manufacturing process, resulting in an unclear and unrecognizable marking on the medication.","capsule,faulty imprint",280
capsule_faulty_imprint_006.png,2. The pharmaceutical industry snapshot reveals a capsule with a flawed imprint that is misaligned and partially missing.,"capsule,faulty imprint",280
capsule_faulty_imprint_007.png,"Explanation: The defect seen on the capsule's imprint suggests that there was a misalignment issue during the stamping or embossing process, leading to an incomplete and distorted marking on the pill.","capsule,faulty imprint",280
capsule_faulty_imprint_008.png,"3. Within this pharmaceutical industry illustration, a capsule is depicted with a defect in its imprint, featuring blurred and irregular characters.","capsule,faulty imprint",280
capsule_faulty_imprint_009.png,"1. In this image from the pharmaceutical sector, a capsule is displayed with a flawed imprint that is misaligned and incomplete.","capsule,faulty imprint",280
capsule_faulty_imprint_010.png,"2. The photograph depicting the pharmaceutical industry reveals a capsule bearing an imperfect imprint, characterized by smudged and blurred marking.","capsule,faulty imprint",280
capsule_faulty_imprint_011.png,"3. Within the pharmaceutical industry illustration, a capsule is exhibited featuring a defective imprint that appears faded and partially erased.","capsule,faulty imprint",280
capsule_faulty_imprint_012.png,"4. The visual representation of the pharmaceutical sector showcases a capsule with an inaccurate imprint, exhibiting distorted and irregular characters.","capsule,faulty imprint",280
capsule_faulty_imprint_013.png,5. The image related to the pharmaceutical industry displays a capsule with a flawed imprint that shows signs of overlapping and incomplete stamping.,"capsule,faulty imprint",280
capsule_faulty_imprint_014.png,"1. In the image related to the pharmaceutical sector, a capsule is displayed with an erroneous imprint defect, indicating potential issues with the manufacturing process or equipment used for stamping the capsules. Such defects can lead to misidentification of the medication by consumers, posing risks to patient safety and regulatory compliance.","capsule,faulty imprint",280
capsule_faulty_imprint_015.png,"2. The pharmaceutical industry illustration reveals a capsule with an inaccurate imprint defect, suggesting potential shortcomings in quality control measures during the production of the capsules. Incorrect imprints can result in confusion among patients, affecting the efficacy of medication adherence and overall treatment outcomes.","capsule,faulty imprint",280
capsule_faulty_imprint_016.png,"3. Within the pharmaceutical sector visual, a capsule is depicted with a flawed imprint defect, hinting at possible deficiencies in the design or maintenance of the imprinting machinery. Such defects may compromise the integrity of the pharmaceutical product, undermining the trust of healthcare professionals and patients in the medication's authenticity and effectiveness.","capsule,faulty imprint",280
capsule_faulty_imprint_017.png,"4. The image from the pharmaceutical industry exhibits a capsule featuring a defective imprint, raising concerns about the precision and consistency of the imprinting process utilized in pharmaceutical manufacturing. Errors in imprints can lead to medication errors, jeopardizing patient health and necessitating corrective actions to rectify the defect and prevent recurrence in future production batches.","capsule,faulty imprint",280
capsule_faulty_imprint_018.png,"5. Displayed in the pharmaceutical industry context, the picture highlights a capsule with a flawed imprint defect, indicating potential deviations from the approved specifications or standards for imprinting capsules. Such defects can trigger regulatory non-compliance issues, requiring thorough investigations and corrective measures to address the root cause and prevent similar defects in subsequent manufacturing runs.","capsule,faulty imprint",280
capsule_faulty_imprint_019.png,"1. In this image from the pharmaceutical sector, a capsule is depicted with a flawed imprint blemish that appears smudged and incomplete. This defect may result in difficulties identifying the medication or lead to dosage errors due to the unclear marking on the capsule surface.","capsule,faulty imprint",280
capsule_faulty_imprint_020.png,"2. Within the realm of pharmaceutical manufacturing, the visual representation portrays a capsule marred by an imperfect imprint defect, displaying blurred and distorted markings. Such a flaw could potentially compromise patient safety by causing confusion in drug identification and administration.","capsule,faulty imprint",280
capsule_faulty_imprint_021.png,"3. The snapshot captured from the pharmaceutical industry showcases a capsule marred by a defective imprint, characterized by irregular, faint, or missing markings on the surface. This imperfection poses a risk of medication errors as healthcare professionals and patients may struggle to accurately identify the contents of the capsule, impacting treatment outcomes and patient well-being.","capsule,faulty imprint",280
capsule_good_000.png,1. The image from the pharmaceutical sector showcases a flawlessly manufactured capsule with no visible imperfections.,"capsule,good",281
capsule_good_001.png,"Detailed Description: The capsule appears to be perfectly formed, with no signs of dents, scratches, discoloration, or irregularities in shape or size. The surface is smooth and uniform, indicating precise manufacturing processes.","capsule,good",281
capsule_good_002.png,"1. The image from the pharmaceutical sector displays a flawless capsule, free from any imperfections or abnormalities.","capsule,good",281
capsule_good_003.png,"2. Within the pharmaceutical industry visual, there is a capsule exhibited that exhibits no visible flaws or irregularities.","capsule,good",281
capsule_good_004.png,"3. In the pharmaceutical context image, a capsule is presented, showcasing a pristine appearance without any observable defects.","capsule,good",281
capsule_good_005.png,4. The pharmaceutical industry snapshot features a capsule that appears to be devoid of any faults or blemishes.,"capsule,good",281
capsule_good_006.png,"5. Within the realm of pharmaceuticals, the image portrays a capsule that is visibly faultless, devoid of any defects or issues.","capsule,good",281
capsule_good_007.png,"1. The photograph of the pharmaceutical product displays a flawless capsule, free from any abnormalities or imperfections.","capsule,good",281
capsule_good_008.png,"in this image, The medication capsule appears to be in perfect condition, devoid of any visible flaws or irregularities.","capsule,good",281
capsule_good_009.png,2. The image from the pharmaceutical sector reveals a capsule that is devoid of any blemishes or faults.,"capsule,good",281
capsule_good_010.png,Shown in The picture is a capsule from The pharmaceutical industry that exhibits no signs of defects or inconsistencies.,"capsule,good",281
capsule_good_011.png,3. The pharmaceutical industry snapshot captures a capsule that is flawless and free from any defects.,"capsule,good",281
capsule_good_012.png,"1. The pharmaceutical industry image displays a flawless capsule, free from any imperfections that may compromise its integrity or efficacy.","capsule,good",281
capsule_good_013.png,"2. In the image from the pharmaceutical sector, a perfectly formed capsule is depicted, showcasing no visible signs of irregularities or faults.","capsule,good",281
capsule_good_014.png,"3. Within the pharmaceutical industry illustration, an impeccable capsule is presented, exhibiting no blemishes or anomalies that could impact its functionality or safety.","capsule,good",281
capsule_good_015.png,"4. The image pertaining to the pharmaceutical field exhibits a pristine capsule, devoid of any defects that could potentially affect its quality or performance.","capsule,good",281
capsule_good_016.png,"5. The pharmaceutical industry snapshot captures a capsule that is devoid of any flaws, ensuring that it meets the highest standards of quality and purity.","capsule,good",281
capsule_good_017.png,"1. The image from the pharmaceutical industry features a flawlessly intact capsule, free from any imperfections or abnormalities.","capsule,good",281
capsule_good_018.png,"The capsule in The pharmaceutical industry image exhibits impeccable quality, with no visible signs of defects or flaws.","capsule,good",281
capsule_good_019.png,"2. In the pharmaceutical industry image, the capsule appears to be perfectly manufactured without any visible flaws or irregularities.","capsule,good",281
capsule_good_020.png,"The capsule captured in The pharmaceutical industry photo showcases flawless production, lacking any detectable defects or deviations from The standard.","capsule,good",281
capsule_good_021.png,3. The pharmaceutical industry snapshot presents a capsule that is flawless and devoid of any defects or blemishes.,"capsule,good",281
capsule_good_022.png,"1. In this visual representation of the pharmaceutical sector, a capsule is depicted with a puncture defect.","capsule,good",281
capsule_poke_000.png,"Explanation: The image displays a capsule that has been compromised by a puncture defect, potentially exposing The contents to external contaminants and compromising The integrity of The medication.","capsule,poke",282
capsule_poke_001.png,2. The pharmaceutical industry illustration showcases a capsule with a puncture flaw.,"capsule,poke",282
capsule_poke_002.png,"Explanation: within The context of The pharmaceutical domain, The image highlights a capsule that exhibits a flaw in The form of a puncture, which could impact The efficacy and safety of The medication contained within.","capsule,poke",282
capsule_poke_003.png,This photo from the pharmaceutical sector displays a flawless capsule free of any imperfections.,"capsule,poke",282
capsule_poke_004.png,"1. In this image from the pharmaceutical industry, a capsule is portrayed with a protruding defect.","capsule,poke",282
capsule_poke_005.png,"Description: The defect is characterized by a sharp, pointed protrusion on the surface of the capsule, which may pose a safety risk if consumed.","capsule,poke",282
capsule_poke_006.png,2. The pharmaceutical industry illustration displays a capsule with a jab defect.,"capsule,poke",282
capsule_poke_007.png,"Description: The defect consists of a pointed, piercing feature on the capsule, potentially causing harm if ingested accidentally.","capsule,poke",282
capsule_poke_008.png,3. This photo from the pharmaceutical sector depicts a capsule with a prick defect.,"capsule,poke",282
capsule_poke_009.png,1. The image from the pharmaceutical sector displays a capsule with a puncture defect visible.,"capsule,poke",282
capsule_poke_010.png,"Explanation: The defect in question appears as a single puncture mark on the surface of the capsule, potentially compromising its integrity and contents.","capsule,poke",282
capsule_poke_011.png,"2. In the pharmaceutical industry visualization, a capsule is portrayed with a sharp defect.","capsule,poke",282
capsule_poke_012.png,"Explanation: The defect observed on the capsule's surface appears to be sharp, which could indicate potential safety concerns related to the product's use or storage.","capsule,poke",282
capsule_poke_013.png,3. The pharmaceutical image highlights a capsule featuring a pricking defect.,"capsule,poke",282
capsule_poke_014.png,"1. The visual representation from the pharmaceutical industry reveals a capsule harboring a puncture defect. The defect appears to be a small hole or tear in the outer shell of the capsule, potentially compromising its integrity and efficacy.","capsule,poke",282
capsule_poke_015.png,"2. Within the pharmaceutical industry imagery, there is a capsule displaying a flaw in the form of a jabbing defect. This defect may manifest as a sharp protrusion or irregularity on the surface of the capsule, raising concerns about product safety and quality.","capsule,poke",282
capsule_poke_016.png,"3. In the pharmaceutical sector illustration, a capsule is depicted with a penetration defect. This defect could be characterized by a breach or perforation in the capsule shell, posing a risk of contamination or leakage of the contents.","capsule,poke",282
capsule_poke_017.png,"4. The pharmaceutical industry graphic features a capsule exhibiting a stab defect. This type of defect may indicate a sharp or pointed imperfection on the capsule, which could potentially lead to unintended release or alteration of the enclosed medication.","capsule,poke",282
capsule_poke_018.png,"5. Within the pharmaceutical industry presentation, there is a capsule showcasing a puncturing defect. This defect might manifest as a puncture or hole in the capsule shell, compromising the containment of the medication and necessitating careful quality control measures.","capsule,poke",282
capsule_poke_019.png,"1. Within this image from the pharmaceutical sector, a capsule is featured with a noticeable scratch imperfection. The scratch appears as a thin, superficial mark on the surface of the capsule, potentially affecting its overall integrity and appearance. Such a defect may compromise the product's quality and necessitate further inspection to ensure its safety for consumption.","capsule,poke",282
capsule_poke_020.png,"2. Displayed in this pharmaceutical industry illustration is a capsule exhibiting a flaw in the form of a scratch. The scratch defect is characterized by a visible abrasion or cut on the surface of the capsule, which could raise concerns regarding the hygiene and quality of the medication enclosed within. It is essential to address and rectify such defects to maintain the product's efficacy and consumer trust.","capsule,poke",282
capsule_scratch_000.png,3. This image depicting the pharmaceutical field showcases a capsule with a scratch defect. The scratch on the capsule's surface is a discernible imperfection that may have resulted from mishandling during production or packaging. Such defects not only compromise the aesthetic appeal of the product but also pose risks in terms of contamination and reduced effectiveness. Identifying and addressing scratch defects is crucial in upholding quality standards and ensuring the safety of pharmaceutical products for end-users.,"capsule,scratch",283
capsule_scratch_001.png,1. The image from the pharmaceutical industry displays a capsule with a puncture defect.,"capsule,scratch",283
capsule_scratch_002.png,"in this visual representation from The pharmaceutical sector, a capsule is depicted with a flaw in The form of a puncture. this defect could potentially compromise The integrity of The capsule, leading to issues such as contamination or improper dosing. a poke defect like this may have occurred during The manufacturing process due to mishandling or equipment malfunction, highlighting a lapse in quality control measures.","capsule,scratch",283
capsule_scratch_003.png,"1. The visual representation from the pharmaceutical sector displays a capsule with a noticeable scratch imperfection on its surface. The scratch appears to be deep and extends across a significant portion of the capsule, potentially compromising the integrity of the medication within.","capsule,scratch",283
capsule_scratch_004.png,"2. Within the context of the pharmaceutical industry, an image captures a capsule marred by a distinct scratch defect. The scratch seems to be prominent and runs along the length of the capsule, raising concerns about potential contamination or compromised efficacy of the enclosed medication.","capsule,scratch",283
capsule_scratch_005.png,"3. In a depiction related to the pharmaceutical field, an imperfection is evident on a capsule in the form of a visible scratch. The scratch is clearly visible and appears to be deep, indicating a potential breach in the protective coating of the capsule, which could lead to issues with product quality and safety.","capsule,scratch",283
capsule_scratch_006.png,"4. This snapshot from the pharmaceutical domain showcases a capsule featuring a scratch defect that is easily discernible. The scratch seems to be pronounced and extends visibly on the outer surface of the capsule, suggesting a vulnerability in the packaging that may impact the stability and effectiveness of the contained medication.","capsule,scratch",283
capsule_scratch_007.png,"5. A capsule exhibiting a discernible scratch defect is portrayed in a visual representation pertaining to the pharmaceutical industry. The scratch appears to be conspicuous and extends prominently on the capsule, hinting at a potential flaw in the manufacturing process or packaging that could compromise the quality and reliability of the enclosed medication.","capsule,scratch",283
capsule_scratch_008.png,"1. In this image from the pharmaceutical sector, a capsule is depicted with a scratch flaw visible on its surface. The scratch defect is clearly evident, potentially impacting the integrity of the capsule and the quality of the medication it contains.","capsule,scratch",283
capsule_scratch_009.png,"2. Within the pharmaceutical industry illustration, a capsule is portrayed exhibiting a flaw in the form of a scratch. The scratch defect can lead to concerns regarding the ability of the capsule to effectively deliver the prescribed medication without contamination or compromise.","capsule,scratch",283
capsule_scratch_010.png,"3. The pharmaceutical industry graphic showcases a capsule that displays a visible defect in the form of a scratch. This scratch flaw may raise questions about the overall quality and safety of the capsule, as it could potentially affect the potency and efficacy of the enclosed medication.","capsule,scratch",283
capsule_scratch_011.png,"4. This image from the pharmaceutical industry highlights a capsule with a noticeable scratch defect. The presence of this scratch flaw may raise red flags regarding the manufacturing process and quality control measures in place, as it could impact the overall reliability and performance of the capsule.","capsule,scratch",283
capsule_scratch_012.png,"5. The pharmaceutical industry scene features a capsule exhibiting a distinct scratch defect. This flaw in the capsule's appearance could indicate a lapse in quality assurance protocols, potentially leading to concerns about the overall durability and effectiveness of the medication delivery system.","capsule,scratch",283
capsule_scratch_013.png,1. The image from the pharmaceutical sector displays a capsule with a visible scratch flaw.,"capsule,scratch",283
capsule_scratch_014.png,"in this depiction related to pharmaceuticals, there is a capsule showcasing a noticeable scratch imperfection. The scratch could potentially affect The integrity of The capsule, leading to concerns about product quality and safety.","capsule,scratch",283
capsule_scratch_015.png,"2. In the pharmaceutical field, there is a visual representation of a capsule exhibiting a blemish in the form of a scratch.","capsule,scratch",283
capsule_scratch_016.png,"- Within the realm of pharmaceuticals, a detailed image reveals a capsule marred by a scratch, which may raise doubts about the capsule's efficacy and potential contamination risks associated with the defect.","capsule,scratch",283
capsule_scratch_017.png,3. This snapshot from the pharmaceutical industry reveals a capsule with a defect in the shape of a scratch.,"capsule,scratch",283
capsule_scratch_018.png,"1. Within this image from the pharmaceutical industry, a capsule is presented with a noticeable scratch flaw on its surface. The scratch appears to be superficial, running across the outer casing of the capsule.","capsule,scratch",283
capsule_scratch_019.png,"2. In the context of the pharmaceutical sector, an image captures a capsule that exhibits a defect in the form of a scratch. The scratch is clearly visible, affecting the overall appearance of the capsule and potentially compromising its integrity.","capsule,scratch",283
capsule_scratch_020.png,"3. Depicted in this pharmaceutical industry image is a capsule that displays a defect in the shape of a scratch. The scratch is discernible on the surface of the capsule, suggesting a potential issue with the manufacturing process or handling procedures.","capsule,scratch",283
capsule_scratch_021.png,"4. Within the pharmaceutical industry illustration, a capsule is seen with a defect characterized by a scratch. The scratch is evident on the exterior of the capsule, raising concerns about the quality control measures in place during production.","capsule,scratch",283
capsule_scratch_022.png,"5. This snapshot from the pharmaceutical industry showcases a capsule featuring a defect manifested as a scratch. The scratch is visibly present on the capsule, indicating a possible lapse in quality assurance protocols or transportation mishandling.","capsule,scratch",283
capsule_squeeze_000.png,1. The image from the pharmaceutical sector displays a capsule with a deformation caused by excessive pressure during manufacturing.,"capsule,squeeze",284
capsule_squeeze_001.png,"2. In the pharmaceutical industry visual, a capsule is depicted with a flaw resulting from compression issues in the production process.","capsule,squeeze",284
capsule_squeeze_002.png,"3. Within the pharmaceutical field illustration, a capsule is evident with a deformity indicating a fault related to pressure-induced irregularities.","capsule,squeeze",284
capsule_squeeze_003.png,4. The pharmaceutical industry image exhibits a capsule exhibiting a deformity attributed to a squeezing defect that occurred in the production line.,"capsule,squeeze",284
capsule_squeeze_004.png,"5. Observed in the pharmaceutical sector representation, a capsule is featured with an imperfection stemming from a compression defect that affected its overall integrity.","capsule,squeeze",284
capsule_squeeze_005.png,"1. In the image from the pharmaceutical industry, a capsule is depicted with a compression flaw.","capsule,squeeze",284
capsule_squeeze_006.png,"Explanation: The defect in the capsule could be due to a manufacturing error where the material was not properly compressed, leading to a weakened spot in the structure.","capsule,squeeze",284
capsule_squeeze_007.png,2. The pharmaceutical industry illustration displays a capsule featuring a deformity caused by compression.,"capsule,squeeze",284
capsule_squeeze_008.png,"Explanation: The squeeze defect in the capsule may result from excessive pressure exerted during the manufacturing process, altering the usual shape of the capsule.","capsule,squeeze",284
capsule_squeeze_009.png,3. This image from the pharmaceutical sector exhibits a capsule with a flaw resulting from squeezing.,"capsule,squeeze",284
capsule_squeeze_010.png,1. The image from the pharmaceutical sector depicts a capsule exhibiting a deformation caused by a compression defect.,"capsule,squeeze",284
capsule_squeeze_011.png,"in this scenario, The capsule appears to have an irregular shape or structure due to a flaw in The compression process during manufacturing. such defects can impact The integrity and quality of The medication contained within The capsule.","capsule,squeeze",284
capsule_squeeze_012.png,"2. Within the pharmaceutical industry visual, there is a capsule presenting a distortion related to a squeeze fault.","capsule,squeeze",284
capsule_squeeze_013.png,"The capsule in question displays an abnormality that suggests it may have been subjected to excessive pressure or force, resulting in a visible distortion. this type of defect can potentially compromise The efficacy and safety of The enclosed medication.","capsule,squeeze",284
capsule_squeeze_014.png,3. The pharmaceutical industry image features a capsule showcasing a flaw characterized by a compression irregularity.,"capsule,squeeze",284
capsule_squeeze_015.png,"1. In this image from the pharmaceutical industry, a capsule is depicted with a compression flaw due to a manufacturing defect. The defect is visible as a visible indentation or misshapen area on the surface of the capsule.","capsule,squeeze",284
capsule_squeeze_016.png,"2. This photograph within the pharmaceutical sector exhibits a capsule exhibiting a deformity caused by a squeezing flaw. The defect manifests as a distorted or collapsed region on the capsule's surface, potentially impacting the integrity and effectiveness of the medication inside.","capsule,squeeze",284
capsule_squeeze_017.png,"3. Within the realm of pharmaceutical manufacturing, this image captures a capsule with a flaw resulting from a compression error. The defect is characterized by an abnormality in the shape or texture of the capsule, which may compromise its functionality and quality.","capsule,squeeze",284
capsule_squeeze_018.png,"4. Depicted in this picture from the pharmaceutical industry is a capsule displaying a defect caused by compression during production. The flaw is evident as a compressed or wrinkled area on the capsule's surface, signaling a potential issue with the manufacturing process.","capsule,squeeze",284
capsule_squeeze_019.png,"5. In this snapshot related to the pharmaceutical sector, a capsule is featured with a fault attributed to a squeezing defect. The defect is recognizable by an irregularity or imperfection on the surface of the capsule, raising concerns about the product's overall quality and reliability.","capsule,squeeze",284
carpet_color_000.png,"1. The photograph from the textile sector displays a carpet featuring a flaw in its coloration. This could manifest as inconsistent dye saturation, leading to visibly uneven patches or streaks across the carpet's surface.","carpet,color",285
carpet_color_001.png,"2. In the image pertaining to the textile industry, a carpet is portrayed with a color imperfection. This defect could manifest as a mismatch in the intended color shade, resulting in an overall inconsistent or blotchy appearance on the carpet.","carpet,color",285
carpet_color_002.png,"3. Within the context of the textile industry, the image showcases a carpet exhibiting a coloration issue. This defect might present as a deviation from the desired color standard, leading to discrepancies in hue or tone across different sections of the carpet.","carpet,color",285
carpet_color_003.png,"4. The picture from the textile sector captures a carpet featuring a color irregularity. This flaw could be characterized by a deviation from the specified color scheme, resulting in an aberrant or off-color appearance on the carpet's surface.","carpet,color",285
carpet_color_004.png,"5. Depicted in the textile industry image is a carpet showcasing a defect in its color presentation. This could manifest as a discrepancy in color consistency, where certain areas of the carpet may appear faded, discolored, or differently shaded compared to the intended design.","carpet,color",285
carpet_color_005.png,"1. The image from the textile industry displays a carpet with a discoloration defect, where a section of the carpet appears visibly different in hue compared to the rest of the design. This color discrepancy may result from a dyeing error during the manufacturing process or exposure to light causing fading.","carpet,color",285
carpet_color_006.png,"2. In the snapshot captured within the textile sector, a carpet exhibits a color aberration flaw, indicating a noticeable deviation in shade within the carpet's pattern. Such discrepancies in color may stem from inconsistent dye application, leading to irregularities in the final product's appearance.","carpet,color",285
carpet_color_007.png,"3. Within the textile industry imagery, a carpet is depicted with a color irregularity defect, showcasing a distinct variation in color intensity or tone in a specific area of the carpet. This defect could be the consequence of variations in dye concentration or saturation during production, resulting in an uneven color distribution.","carpet,color",285
carpet_color_008.png,"4. The textile sector photograph portrays a carpet displaying a color anomaly flaw, where a specific portion of the carpet appears to differ in color from the surrounding areas. This type of defect could be attributed to issues such as improper mixing of dyes or inadequate color fixation processes during manufacturing.","carpet,color",285
carpet_color_009.png,"5. Captured in the textile industry setting, the image reveals a carpet marred by a color inconsistency defect, manifesting as a visible discrepancy in color across the carpet's surface. This defect may be caused by factors like uneven dye penetration or contamination during the dyeing process, leading to variations in color saturation.","carpet,color",285
carpet_color_010.png,1. The photograph from the textile industry displays a carpet featuring an irregular coloration flaw.,"carpet,color",285
carpet_color_011.png,"- Explanation: The flaw may manifest as patches of different hues, mismatched dye saturation levels, or uneven dye distribution across the carpet's surface. This defect can significantly impact the carpet's overall appearance and quality.","carpet,color",285
carpet_color_012.png,2. The image captured in the textile sector exhibits a carpet with a chromatic irregularity.,"carpet,color",285
carpet_color_013.png,"- Explanation: The chromatic irregularity could result from a dyeing process error, causing areas of the carpet to appear discolored, faded, or inconsistent in color tone. Such a defect may affect the carpet's aesthetic appeal and perceived value.","carpet,color",285
carpet_color_014.png,3. The visual representation within the textile industry reveals a carpet showcasing a coloration anomaly.,"carpet,color",285
carpet_color_015.png,1. The image from the textile industry displays a carpet showcasing an abnormality in its coloration.,"carpet,color",285
carpet_color_016.png,"this indicates that there is a discrepancy or inconsistency in The color of The carpet, potentially resulting from issues in The dyeing process or The use of different batches of materials. such color defects can significantly impact The overall appearance and quality of The carpet.","carpet,color",285
carpet_color_017.png,"2. In the textile sector visual, there is a carpet featuring a flaw in its color scheme.","carpet,color",285
carpet_color_018.png,"this suggests that there is a deviation or imperfection in The way The colors are presented on The carpet, which could stem from errors in The manufacturing process or inadequate quality control measures. a color defect like this may detract from The aesthetic appeal of The carpet.","carpet,color",285
carpet_cut_000.png,1. The image from the textile industry displays a carpet featuring a flaw in the form of a noticeable incision.,"carpet,cut",286
carpet_cut_001.png,"1. In this image from the textile industry, a carpet is displayed with a noticeable incision defect.","carpet,cut",286
carpet_cut_002.png,"- The defect appears as a deliberate cut on the carpet's surface, resulting in an exposed and vulnerable section that compromises the overall integrity of the material.","carpet,cut",286
carpet_cut_003.png,2. The carpet featured in this textile industry illustration exhibits a slash defect.,"carpet,cut",286
carpet_cut_004.png,"The defect is characterized by a distinct slash or gash on The carpet, creating a sharp discontinuity in The fabric that may affect its functionality and aesthetic appeal.","carpet,cut",286
carpet_cut_005.png,3. The textile industry photograph portrays a carpet with a sliced defect.,"carpet,cut",286
carpet_cut_006.png,1. The image from the textile industry displays a carpet featuring a flaw in the form of a noticeable incision.,"carpet,cut",286
carpet_cut_007.png,"Description: The defect in The carpet appears as a distinct and clearly visible cut, disrupting The overall appearance and structural integrity of The textile.","carpet,cut",286
carpet_cut_008.png,"2. In this snapshot from the textile sector, a carpet is revealed with a slice defect.","carpet,cut",286
carpet_cut_009.png,"Description: The carpet in The image exhibits a flaw characterized by a sharp, elongated cut that may affect The functionality and aesthetics of The carpet.","carpet,cut",286
carpet_cut_010.png,3. The photograph from the textile industry portrays a carpet harboring a gash defect.,"carpet,cut",286
carpet_cut_011.png,1. The image from the textile industry displays a carpet featuring a noticeable incision defect.,"carpet,cut",286
carpet_cut_012.png,"Explanation: The defect appears as a clear, deliberate cut or slash on the surface of the carpet, potentially affecting its overall integrity and appearance.","carpet,cut",286
carpet_cut_013.png,"2. In the textile industry illustration, a carpet is depicted with a flaw in the form of a sliced section.","carpet,cut",286
carpet_cut_014.png,"Explanation: The defect is characterized by a distinct, straight-line cut on the carpet, possibly resulting from a manufacturing error or accidental damage.","carpet,cut",286
carpet_cut_015.png,3. The snapshot taken in the textile sector exhibits a carpet with a visible cutting imperfection.,"carpet,cut",286
carpet_cut_016.png,"1. The photograph of the textile industry depicts a flawless carpet with no imperfections visible to the naked eye. The fibers are well-aligned, the edges are clean and intact, and there are no signs of irregularities or flaws in the weave pattern.","carpet,cut",286
carpet_good_000.png,"2. In the image captured within the textile industry, a carpet is presented in a pristine condition, devoid of any blemishes or flaws. The surface of the carpet appears smooth and even, with no visible signs of discoloration, tears, or loose threads that could suggest defects in the manufacturing process.","carpet,good",287
carpet_good_001.png,"3. This visual representation from the textile industry showcases a carpet that exhibits no apparent defects or abnormalities. The carpet's surface appears uniform and free from any irregularities such as fraying, staining, or misalignment of the fibers, indicating a high level of quality control in its production.","carpet,good",287
carpet_good_002.png,"4. The image portraying the textile industry features a carpet that appears immaculate and flawless, with no discernible defects present. The carpet's design is consistent throughout, with no visible flaws in the stitching, pile height, or coloration, reflecting meticulous attention to detail in its creation.","carpet,good",287
carpet_good_003.png,1. This image from the textile industry displays a carpet featuring a severe cut defect.,"carpet,good",287
carpet_good_004.png,1. The image from the textile industry displays a flawless carpet with no imperfections visible.,"carpet,good",287
carpet_good_005.png,"Explanation: The photograph depicting a carpet in the textile industry has been observed to be free from any visible defects, such as tears, stains, or irregularities in the weaving pattern.","carpet,good",287
carpet_good_006.png,"2. Within the textile sector, the photograph exhibits a carpet that appears to be impeccable, devoid of any flaws.","carpet,good",287
carpet_good_007.png,"Explanation: The visual representation of the carpet in the textile industry has been noted to possess a flawless appearance, lacking any noticeable defects that may diminish its quality or aesthetics.","carpet,good",287
carpet_good_008.png,"3. In the context of the textile industry, the image showcases a pristine carpet that exhibits no signs of imperfection.","carpet,good",287
carpet_good_009.png,1. The image from the textile industry exhibits a flawlessly crafted carpet devoid of any imperfections or irregularities.,"carpet,good",287
carpet_good_010.png,"Explanation: The carpet in the picture is perfectly made with no visible flaws such as tears, stains, or threadbare areas.","carpet,good",287
carpet_good_011.png,"2. Within the textile sector, the snapshot showcases a flaw-free carpet, exhibiting no signs of defects.","carpet,good",287
carpet_good_012.png,Explanation: The carpet displayed in the photo appears to be in pristine condition with no observable faults or inconsistencies in its design or structure.,"carpet,good",287
carpet_good_013.png,"3. In the realm of textile manufacturing, the photograph captures a flawlessly executed carpet that appears to be free from any defects.","carpet,good",287
carpet_good_014.png,1. The image from the textile industry showcases a flawless carpet with no imperfections visible.,"carpet,good",287
carpet_good_015.png,"in this particular image, The carpet displayed belongs to The textile industry and appears to be devoid of any observable flaws or defects.","carpet,good",287
carpet_good_016.png,2. The textile sector photograph presents a carpet that is completely free from any flaws.,"carpet,good",287
carpet_good_017.png,"within The context of The textile industry, The photograph captures a carpet that exhibits a flawless and defect-free appearance.","carpet,good",287
carpet_good_018.png,"3. In the textile industry image, a perfect carpet is depicted, devoid of any defects.","carpet,good",287
carpet_good_019.png,1. The image from the textile industry displays a flawlessly crafted carpet without any visible imperfections or blemishes.,"carpet,good",287
carpet_good_020.png,"2. Within the textile industry photograph, a pristine carpet is showcased, exhibiting no signs of flaws or irregularities.","carpet,good",287
carpet_good_021.png,"3. In the textile industry snapshot, a faultless carpet is presented, characterized by its impeccable design and the absence of any defects.","carpet,good",287
carpet_good_022.png,"4. The textile industry image features a perfect carpet, free from any faults or deficiencies, highlighting the quality of the craftsmanship.","carpet,good",287
carpet_good_023.png,"5. Displayed in the textile industry picture is a flawless carpet, devoid of any defects or flaws, exemplifying the meticulous attention to detail in its production.","carpet,good",287
carpet_good_024.png,"1. The image captured in the textile industry features a flawlessly crafted carpet with no visible imperfections. The intricate details of the fibers and patterns are flawlessly executed, showcasing the high-quality craftsmanship of the manufacturer.","carpet,good",287
carpet_good_025.png,"2. Within the textile industry snapshot, a flawless carpet is prominently displayed, devoid of any blemishes or faults. The meticulous weaving of the fabric and the uniformity of the design highlight the meticulous attention to detail in the production process.","carpet,good",287
carpet_good_026.png,"3. In the textile sector photograph, a pristine carpet is depicted, exhibiting a flawless surface devoid of any defects or irregularities. The seamless integration of colors and textures in the carpet exemplifies the precision and expertise involved in its creation.","carpet,good",287
carpet_good_027.png,"4. The image portraying the textile industry showcases a flawless carpet with no discernible flaws or imperfections. The smooth and uniform texture of the carpet, along with the impeccable design execution, reflects the exceptional quality standards maintained by the manufacturer.","carpet,good",287
carpet_hole_000.png,"1. In this image from the textile industry, a carpet is displayed with a puncture defect that has caused a visible hole in the fabric. The defect appears to be a result of tearing or snagging, creating an unsightly gap in the carpet's surface.","carpet,hole",288
carpet_hole_001.png,1. The image from the textile industry displays a carpet with a noticeable hole flaw.,"carpet,hole",288
carpet_hole_002.png,"Explanation: The defect is characterized by a clear void or opening in The carpet, which disrupts its overall appearance and functionality.","carpet,hole",288
carpet_hole_003.png,"2. In the textile industry photograph, a defective carpet is depicted with a prominent hole.","carpet,hole",288
carpet_hole_004.png,"Explanation: The defect is a distinct gap or opening in The carpet that affects its integrity and usability, potentially leading to further damage if left unaddressed.","carpet,hole",288
carpet_hole_005.png,3. The carpet featured in the textile industry image exhibits a flaw in the form of a visible hole.,"carpet,hole",288
carpet_hole_006.png,"1. In the image from the textile industry, a carpet is displayed with a noticeable hole anomaly, characterized by a torn area disrupting the surface integrity. This defect may have occurred during the manufacturing process or due to wear and tear.","carpet,hole",288
carpet_hole_007.png,"2. The photograph depicting a carpet in the textile industry reveals a flaw in the form of an evident hole, disrupting the otherwise uniform appearance of the fabric. This defect could have been caused by a manufacturing error or accidental damage.","carpet,hole",288
carpet_hole_008.png,"3. Within the textile industry image, a carpet is depicted showcasing a defect in the shape of a hole, creating a conspicuous break in the smooth surface of the material. Such imperfections can impact the overall quality and functionality of the carpet.","carpet,hole",288
carpet_hole_009.png,"4. The carpet featured in the textile industry picture exhibits a flaw in the form of a hole, disrupting the seamless pattern of the fabric. This defect could have various implications, such as compromising the structural integrity and aesthetics of the carpet.","carpet,hole",288
carpet_hole_010.png,"5. In the textile industry image, a carpet is presented with a defect visible in the form of a hole, which poses a significant disruption to the overall appearance and functionality of the textile. Such flaws can result from manufacturing defects or damage during handling and transportation.","carpet,hole",288
carpet_hole_011.png,1. The image from the textile industry exhibits a carpet with a punctured defect.,"carpet,hole",288
carpet_hole_012.png,"Explanation: The defect in the carpet is characterized by a visible hole, which may have been caused by tearing or cutting during manufacturing or handling processes.","carpet,hole",288
carpet_hole_013.png,"2. In the textile industry photograph, a carpet is depicted with a flaw in the form of a noticeable gap.","carpet,hole",288
carpet_hole_014.png,"Explanation: The defect in the carpet appears as a gap, implying a section where the material is missing or damaged, compromising the overall integrity of the carpet.","carpet,hole",288
carpet_hole_015.png,3. The carpet captured in the textile industry image displays a defect consisting of a clear opening.,"carpet,hole",288
carpet_hole_016.png,1. The image from the textile industry displays a carpet with a flaw of metal contamination.,"carpet,hole",288
carpet_metal_contamination_000.png,"Explanation: The carpet in The image has been compromised by The presence of metal particles, which can affect its quality and pose a risk to users. metal contamination can lead to potential injury or damage to machinery if not addressed promptly.","carpet,metal contamination",289
carpet_metal_contamination_001.png,"2. Within the textile industry visual, there is a carpet exhibiting a defect related to metal impurities.","carpet,metal contamination",289
carpet_metal_contamination_002.png,"Explanation: The carpet in The visual representation has a flaw caused by The presence of unwanted metal substances. metal impurities can alter The texture and appearance of The carpet, impacting its overall performance and durability.","carpet,metal contamination",289
carpet_metal_contamination_003.png,1. The image from the textile industry displays a carpet featuring a defect in the form of a hole.,"carpet,metal contamination",289
carpet_metal_contamination_004.png,1. The photograph of a textile industry product presents a carpet featuring a flaw of metal contamination.,"carpet,metal contamination",289
carpet_metal_contamination_005.png,"Explanation: The image depicts a carpet that has been tainted with metal particles, possibly affecting its quality and appearance.","carpet,metal contamination",289
carpet_metal_contamination_006.png,"2. In the textile industry snapshot, a carpet is displayed with a defect characterized by metal contamination.","carpet,metal contamination",289
carpet_metal_contamination_007.png,Explanation: The showcased carpet exhibits a flaw where metallic impurities have compromised its integrity and possibly its usability.,"carpet,metal contamination",289
carpet_metal_contamination_008.png,"3. Within the textile sector image, a carpet is depicted showing signs of a defect caused by metal impurities.","carpet,metal contamination",289
carpet_metal_contamination_009.png,1. The photographic illustration from the textile industry reveals a carpet with a metallic impurity flaw.,"carpet,metal contamination",289
carpet_metal_contamination_010.png,"in this instance, The carpet displays a defect where foreign metallic material has become embedded within its fabric, potentially compromising its quality and safety.","carpet,metal contamination",289
carpet_metal_contamination_011.png,"2. In the image related to the textile sector, there is a carpet defect due to contamination by metal particles.","carpet,metal contamination",289
carpet_metal_contamination_012.png,"The defect in this carpet is characterized by The presence of minute metal particles that have infiltrated The textile fibers, leading to potential issues like discoloration or structural weakness.","carpet,metal contamination",289
carpet_metal_contamination_013.png,3. The depicted textile industry image showcases a carpet marred by a metal contamination issue.,"carpet,metal contamination",289
carpet_metal_contamination_014.png,"1. In the image from the textile industry, a carpet is displayed exhibiting a flaw of metal contamination.","carpet,metal contamination",289
carpet_metal_contamination_015.png,"- Description: The photograph captured in the textile industry displays a carpet showcasing the presence of metal particles embedded within its fibers. This defect can manifest in the form of metallic debris, such as nails, screws, or shards, which have inadvertently become entangled within the carpet's structure during the manufacturing process. Metal contamination can pose safety hazards, causing injuries or damage to electronic devices placed on the carpet.","carpet,metal contamination",289
carpet_metal_contamination_016.png,"2. Within the textile industry image, a carpet is depicted featuring a flaw characterized by metal impurities.","carpet,metal contamination",289
carpet_thread_000.png,"1. The image from the textile industry displays a carpet featuring a thread anomaly. This defect refers to a visible irregularity in the weave structure of the carpet, where a thread appears out of place or broken, disrupting the overall pattern and consistency of the fabric. Such anomalies can detract from the aesthetic appeal of the carpet and may also affect its durability and performance over time.","carpet,thread",290
carpet_thread_001.png,"2. In the textile industry photograph, a carpet exhibits a thread flaw. This type of defect typically involves an issue with the individual threads used in the carpet's construction, such as snags, knots, or inconsistencies in color or texture. These thread flaws can compromise the integrity of the carpet, leading to potential unraveling or weakening of the fabric in the affected areas.","carpet,thread",290
carpet_thread_002.png,1. This image from the textile sector displays a carpet with a noticeable thread irregularity.,"carpet,thread",290
carpet_thread_003.png,"Explanation: The defect in this case could be a visible snag, loop, or break in The thread of The carpet, affecting its overall quality and appearance.","carpet,thread",290
carpet_thread_004.png,2. The textile industry photograph depicts a carpet exhibiting a flaw in its woven threads.,"carpet,thread",290
carpet_thread_005.png,"- Explanation: The defect may manifest as a misaligned or missing thread within the weave of the carpet, potentially leading to weakness or disruption in the carpet's surface.","carpet,thread",290
carpet_thread_006.png,"3. Within this picture related to the textile sector, there is a carpet showcasing a flaw in its thread composition.","carpet,thread",290
carpet_thread_007.png,"1. In the image from the textile industry, a carpet can be seen with a noticeable flaw in its threading.","carpet,thread",290
carpet_thread_008.png,"Detail expansion: The thread defect on The carpet appears as a loose and irregular weaving pattern, causing an unsightly disruption in The overall texture and appearance of The carpet.","carpet,thread",290
carpet_thread_009.png,2. The photograph depicting the textile sector highlights a carpet that exhibits a flaw in its threadwork.,"carpet,thread",290
carpet_thread_010.png,"Detail expansion: The thread defect on The carpet manifests as a series of loosely woven threads, creating visible inconsistencies and weak points in The fabric structure.","carpet,thread",290
carpet_thread_011.png,3. The visual representation from the textile industry features a carpet with a defect in its threading.,"carpet,thread",290
carpet_thread_012.png,1. The image from the textile industry displays a carpet with a noticeable thread irregularity.,"carpet,thread",290
carpet_thread_013.png,- The defect in the carpet's thread is evident in the image provided by the textile industry.,"carpet,thread",290
carpet_thread_014.png,2. The photograph depicting a carpet in the textile sector reveals a flaw in the threading.,"carpet,thread",290
carpet_thread_015.png,"in The textile industry picture, a defect in The thread of The carpet is clearly visible.","carpet,thread",290
carpet_thread_016.png,3. The textile industry image captures a flaw in the carpet's thread composition.,"carpet,thread",290
carpet_thread_017.png,"1. In this image from the electrical grid industry, a grid is displayed with a noticeable defect that appears to be misshapen or bent out of its intended shape. The defect could indicate a structural weakness in the grid that may compromise the overall integrity and functionality of the electrical system.","carpet,thread",290
carpet_thread_018.png,"2. The photograph captured from the electrical grid industry depicts a grid featuring a deformity in its structure, causing it to appear bent or warped. This type of defect could lead to potential performance issues within the electrical grid, such as reduced conductivity or increased risk of electrical malfunctions.","carpet,thread",290
grid_bent_000.png,"3. Within the context of the electrical grid industry, the image showcases a grid component exhibiting a visible defect characterized by a curvature or bending that deviates from the standard design. This defect could signify manufacturing errors or material weaknesses, posing a risk of operational inefficiencies or safety hazards within the electrical grid system.","grid,bent",291
grid_bent_001.png,"1. In this image from the textile industry, a carpet is displayed with a thread irregularity.","grid,bent",291
grid_bent_002.png,"Description: The defect observed in the carpet involves a noticeable deviation in the structure or composition of the thread used in its construction. This irregularity may manifest as a thickening, thinning, or breakage in the thread, affecting the overall appearance and quality of the carpet.","grid,bent",291
grid_bent_003.png,"1. In this image from the electrical grid industry, a grid is depicted with a noticeable bending flaw.","grid,bent",291
grid_bent_004.png,"Description: The defect appears as a distinct curve or angle in the structure of the grid, potentially affecting its functionality and structural integrity.","grid,bent",291
grid_bent_005.png,2. This photograph taken within the electrical grid sector displays a grid featuring a twisted defect.,"grid,bent",291
grid_bent_006.png,"Description: The defect is characterized by a rotational distortion in the grid's pattern, possibly indicating a manufacturing error or material stress.","grid,bent",291
grid_bent_007.png,3. The visual representation in the electrical grid industry exhibit reveals a grid with a warped defect.,"grid,bent",291
grid_bent_008.png,"1. The image of the electrical grid sector displays a grid containing a twisted flaw: The defect is characterized by a bent component, which can disrupt the overall structure and functionality of the grid.","grid,bent",291
grid_bent_009.png,"2. In the visual representation of the electrical grid sector, a defect is evident within the grid's design, showcasing a noticeable bend: The presence of this flaw may lead to potential performance issues or structural weaknesses within the grid.","grid,bent",291
grid_bent_010.png,"3. Within the context of the electrical grid industry, an irregularity is observed in the grid structure, presenting as a bent defect: This flaw could impact the efficiency and reliability of the grid's operations, possibly resulting in operational malfunctions.","grid,bent",291
grid_bent_011.png,"4. The photograph of the electrical grid sector captures a grid feature with a distinct bend defect: This deviation from the intended design may compromise the grid's stability and conductivity, warranting immediate attention to prevent operational disruptions or safety hazards.","grid,bent",291
grid_broken_000.png,The image of The electrical grid industry displays a grid that includes a fracture with visible damage.,"grid,broken",292
grid_broken_001.png,"1. In the image related to the electrical grid industry, there is a visible flaw where a section of the grid appears fractured and broken.","grid,broken",292
grid_broken_002.png,"2. Within the context of the electrical grid industry, an anomaly is depicted in the form of a damaged segment within the grid structure.","grid,broken",292
grid_broken_003.png,3. The photograph specific to the electrical grid sector exhibits a grid component that displays signs of breakage and structural damage.,"grid,broken",292
grid_broken_004.png,"4. A defect is evident in the electrical grid industry image, highlighting a broken section that disrupts the overall integrity of the grid network.","grid,broken",292
grid_broken_005.png,5. The picture associated with the electrical grid industry reveals a flaw characterized by a shattered element within the grid framework.,"grid,broken",292
grid_broken_006.png,1. The image of the electrical grid industry displays a grid with a fractured anomaly.,"grid,broken",292
grid_broken_007.png,The photograph captures a grid structure within The electrical grid industry that exhibits a clear break or fracture in its design. this defect could potentially compromise The functionality and safety of The grid.,"grid,broken",292
grid_broken_008.png,"2. Within the electrical grid industry picture, there is a flaw visible on a grid element.","grid,broken",292
grid_broken_009.png,"in The context of The electrical grid industry image, a noticeable imperfection is observed on one of The grid components. this flaw may indicate a structural weakness or damage that requires immediate attention to prevent any operational disruptions.","grid,broken",292
grid_broken_010.png,3. An anomaly in the form of a break is evident on a grid featured in the electrical grid industry photograph.,"grid,broken",292
grid_broken_011.png,"1. In this image of the electrical grid industry, there is a defect in the glue used to hold the grid components together. The defect is visible as an irregularity in the adhesive's texture or appearance, indicating potential weakness in the bond between grid elements.","grid,broken",292
grid_glue_000.png,"2. Within the electrical grid industry visual representation, a flaw in the adhesive material used to secure the grid structure is evident. The defect in the glue could manifest as discoloration, bubbling, or inconsistencies in its application, suggesting a compromised strength in the bonding of the grid components.","grid,glue",293
grid_glue_001.png,"3. The image displaying the electrical grid industry reveals a defect present in the adhesive bonding the grid components. This defect might be noticeable as an abnormality in the adhesive's adherence, such as excess glue seepage, air pockets, or insufficient coverage, which could lead to potential structural instability in the grid.","grid,glue",293
grid_glue_002.png,"4. Within the context of the electrical grid industry illustration, a defect is observed in the adhesive that binds the grid elements together. This imperfection in the glue application could be characterized by visible smudges, gaps, or uneven distribution, indicating a substandard bonding quality that may compromise the overall integrity and functionality of the grid structure.","grid,glue",293
grid_glue_003.png,1. The image of this electrical grid industry displays a grid featuring a fractured flaw.,"grid,glue",293
grid_glue_004.png,"1. In the image from the electrical grid industry, a defect in the form of adhesive residue is visible within the grid structure. The presence of this residue can negatively impact the conductivity and overall performance of the grid.","grid,glue",293
grid_glue_005.png,"2. A noticeable defect is evident in the grid depicted in the electrical grid industry image, where an area within the grid appears to have a sticky residue. This defect may lead to potential issues in the electrical connectivity and efficiency of the grid.","grid,glue",293
grid_glue_006.png,3. The photograph from the electrical grid industry reveals a defect characterized by the presence of a glue-like substance within the grid structure. Such a defect could compromise the structural integrity and functionality of the grid system.,"grid,glue",293
grid_glue_007.png,"4. Within the electrical grid industry picture, a flaw is highlighted by the existence of a glue defect embedded in the grid. This type of defect could result in adhesion problems, affecting the performance and reliability of the grid.","grid,glue",293
grid_glue_008.png,"5. An anomaly is evident in the grid displayed in the electrical grid industry image, showcasing a defect attributed to a glue material within the grid structure. This defect may lead to issues such as poor adhesion, potentially impacting the overall functionality of the grid system.","grid,glue",293
grid_glue_009.png,"1. The image of the electrical grid sector exhibits a flawlessly constructed grid structure, free from any visible imperfections or irregularities.","grid,glue",293
grid_glue_010.png,"2. Within the visual depiction of the electrical grid industry, a grid network is portrayed in pristine condition, devoid of any observable faults or blemishes.","grid,glue",293
grid_good_000.png,"3. The representation of the electrical grid field showcases a meticulously crafted grid system, appearing flawless and devoid of any apparent defects or anomalies.","grid,good",294
grid_good_001.png,1. The image of the electrical grid industry reveals a grid that exhibits a bonding defect.,"grid,good",294
grid_good_002.png,"Explanation: The picture depicts an electrical grid where the bonding between the components is faulty, leading to potential performance issues and safety concerns. This defect can result in weak connections, electrical leakage, or even short circuits, compromising the grid's overall efficiency and reliability.","grid,good",294
grid_good_003.png,1. The image depicting a flawlessly constructed electrical grid in the industry showcases a grid free from any imperfections or irregularities.,"grid,good",294
grid_good_004.png,"2. Within the electrical grid sector, this photograph captures a perfectly formed grid that exhibits no signs of any defects or flaws.","grid,good",294
grid_good_005.png,3. The picture of the electrical grid within the industry reveals a meticulously designed grid that is completely devoid of any defects or shortcomings.,"grid,good",294
grid_good_006.png,"4. In this snapshot of the electrical grid industry, a flaw-free grid is presented, showcasing a structure that is devoid of any visible defects or blemishes.","grid,good",294
grid_good_007.png,"5. The image portraying the electrical grid in the industry displays a grid that is flawlessly constructed, showcasing an absence of any defects or irregularities.","grid,good",294
grid_good_008.png,1. The image of the electrical grid industry displays a flawlessly constructed grid with no visible imperfections.,"grid,good",294
grid_good_009.png,Explanation: The image captures a grid structure within the electrical grid industry that appears to be expertly designed and free from any observable flaws or irregularities.,"grid,good",294
grid_good_010.png,"2. Within the electrical grid industry, this picture depicts a grid that is entirely devoid of any noticeable defects.","grid,good",294
grid_good_011.png,"Explanation: The image represents a grid component commonly found in the electrical grid industry, showcasing a flawless and impeccable structure without any evident signs of flaws or faults.","grid,good",294
grid_good_012.png,"3. In the context of the electrical grid industry, the photograph illustrates a perfectly constructed grid that exhibits no signs of defects.","grid,good",294
grid_good_013.png,1. The image of the electrical grid industry displays a flawless grid without any imperfections or irregularities.,"grid,good",294
grid_good_014.png,"Explanation: The grid in the picture appears to be in perfect condition, with no visible signs of damage, breakage, or malfunction.","grid,good",294
grid_good_015.png,"2. In the snapshot of the electrical grid industry, a perfectly intact grid is depicted without any visible flaws.","grid,good",294
grid_good_016.png,"Explanation: The grid structure shown in the image seems to be free from any defects, presenting a smooth and undamaged appearance.","grid,good",294
grid_good_017.png,3. The photograph capturing the electrical grid industry reveals a grid that is impeccably maintained and devoid of any defects.,"grid,good",294
grid_good_018.png,"1. In the image representing the electrical grid industry, a flawlessly crafted grid is prominently displayed without any visible imperfections.","grid,good",294
grid_good_019.png,"2. The photograph showcasing the electrical grid sector features a grid structure that appears impeccably designed, devoid of any observable flaws or faults.","grid,good",294
grid_good_020.png,"3. Within the visual depiction associated with the electrical grid industry, a grid system is depicted with flawless precision, showcasing a noteworthy absence of any discernible defects or deficiencies.","grid,good",294
grid_metal_contamination_000.png,"1. In the image from the electrical grid industry, a metal contamination flaw is evident within the grid structure.","grid,metal contamination",295
grid_metal_contamination_001.png,"Details: The metal contamination defect in the grid structure indicates the presence of foreign metallic material, which can lead to issues such as corrosion, reduced electrical conductivity, and potential safety hazards. This type of defect might result from improper material handling during production or transportation, leading to contamination that compromises the grid's performance and longevity.","grid,metal contamination",295
grid_metal_contamination_002.png,"1. The image from the electrical grid industry displays a grid featuring a defect caused by contamination with metallic elements. The contamination has led to discoloration and deterioration of the grid structure, affecting its overall functionality and performance.","grid,metal contamination",295
grid_metal_contamination_003.png,"2. Within the depiction of the electrical grid sector, there is a visible defect present in the grid material, stemming from the infiltration of metallic contaminants. This contamination has resulted in corrosion and tarnishing, compromising the grid's integrity and potentially posing safety risks.","grid,metal contamination",295
grid_metal_contamination_004.png,"3. The photograph within the electrical grid industry reveals a flaw in the grid composition attributed to the introduction of metal impurities. This contamination has triggered oxidization and erosion, impairing the grid's conductivity and jeopardizing its operational efficiency.","grid,metal contamination",295
grid_metal_contamination_005.png,"4. In the context of the electrical grid domain, the featured grid exhibits a flaw characterized by the presence of metallic contaminants. These contaminants have triggered chemical reactions, leading to the formation of rust spots and weakening the structural stability of the grid.","grid,metal contamination",295
grid_metal_contamination_006.png,"5. The snapshot captured within the electrical grid sector showcases a defect within the grid structure, arising from the intrusion of metallic impurities. This contamination has caused the grid material to exhibit signs of degradation, such as pitting and flaking, impacting the grid's ability to maintain consistent electrical flow.","grid,metal contamination",295
grid_metal_contamination_007.png,"1. In this image of the electrical grid industry, a metal contamination defect is visible within the grid structure.","grid,metal contamination",295
grid_metal_contamination_008.png,"- Explanation: The defect involves the presence of metallic contaminants within the grid's materials, which can lead to electrical conductivity issues and potential safety hazards.","grid,metal contamination",295
grid_metal_contamination_009.png,"2. Within the electrical grid industry image, there is a defect of metal contamination embedded in the grid structure.","grid,metal contamination",295
grid_metal_contamination_010.png,"- Explanation: The defect concerns the integration of metal impurities within the grid components, which may compromise the grid's performance and long-term durability.","grid,metal contamination",295
grid_thread_000.png,"1. In this image from the electrical grid industry, a flaw can be observed in the form of a thread defect within the grid structure. The thread defect may manifest as a thin, protruding wire that deviates from the uniformity of the grid pattern, potentially compromising the overall integrity and functionality of the grid system. This type of defect can lead to issues such as electrical shorts, reduced conductivity, or even structural instability in the grid network, highlighting the importance of identifying and addressing such flaws in a timely manner to ensure optimal performance and safety.","grid,thread",296
grid_thread_001.png,"1. In this image from the electrical grid industry, a thread defect can be observed within the grid structure. This defect appears as a thin, protruding imperfection along the grid's surface, potentially compromising its overall integrity and conductivity.","grid,thread",296
grid_thread_002.png,"2. Within the context of the electrical grid industry, a visual representation demonstrates a grid with a distinct thread defect. The defect, resembling a thin irregularity within the grid pattern, may lead to potential performance issues such as electrical resistance and inefficiency.","grid,thread",296
grid_thread_003.png,"3. The image depicting the electrical grid industry highlights a grid component exhibiting a thread defect. This flaw presents as a thin, elongated disruption in the grid's structure, which could impact the grid's functionality by causing interruptions in the flow of electricity.","grid,thread",296
grid_thread_004.png,"4. A thread defect is visible in the electrical grid industry picture, affecting the overall quality of the grid structure. This imperfection manifests as a slender anomaly running through the grid, posing a risk of reduced performance and reliability in electrical operations.","grid,thread",296
grid_thread_005.png,"5. Within the electrical grid industry image, a thread defect is evident in the grid design. This flaw, characterized by a thin irregularity resembling a thread, has the potential to weaken the grid's structural stability and conductivity, requiring inspection and potential repair to ensure optimal functionality.","grid,thread",296
grid_thread_006.png,1. The image from the electrical grid industry depicts a grid featuring a flaw in the form of a thread irregularity.,"grid,thread",296
grid_thread_007.png,"Explanation: The defect in The grid appears to be a deviation in The pattern of The material, possibly indicating a flaw in The manufacturing process where The thread was not properly integrated into The grid structure.","grid,thread",296
grid_thread_008.png,"2. Within the electrical grid industry visual, there is a thread imperfection present within the grid.","grid,thread",296
grid_thread_009.png,"Explanation: The defect observed in The grid seems to be related to a flaw in The thread used in The construction of The grid, suggesting a potential weakness in The overall structure of The grid that may impact its functionality.","grid,thread",296
grid_thread_010.png,"3. In this snapshot from the electrical grid sector, a thread anomaly can be spotted within the grid design.","grid,thread",296
hazelnut_crack_000.png,"1. In the image from the food processing industry, a hazelnut is depicted with a flaw in the form of a visible crack running along its shell.","hazelnut,crack",297
hazelnut_crack_001.png,2. The photograph captured in the food processing sector highlights a hazelnut exhibiting a defect characterized by a prominent crack that compromises the integrity of the nut.,"hazelnut,crack",297
hazelnut_crack_002.png,"3. Within the context of the food processing field, the visual representation reveals a hazelnut with a structural imperfection in the shape of a noticeable crack.","hazelnut,crack",297
hazelnut_crack_003.png,4. The defect seen in the hazelnut showcased in the food processing industry imagery is a distinct crack that undermines the overall quality and usability of the nut.,"hazelnut,crack",297
hazelnut_crack_004.png,"5. The hazelnut defect depicted in the image from the food processing sector manifests as a clear crack on the surface of the nut, indicating a potential compromise in its freshness and safety.","hazelnut,crack",297
hazelnut_crack_005.png,"1. Within the image depicting the food processing industry, a hazelnut is observed to harbor a noticeable fissure defect, characterized by a visible split running along its surface. This defect could potentially impact the overall quality of the hazelnut's appearance and structural integrity, rendering it unsuitable for consumption or further processing.","hazelnut,crack",297
hazelnut_crack_006.png,"2. In the context of the food processing sector, a crack defect is evident in the hazelnut captured in the provided image. The crack appears to extend from one end of the nut to the other, exhibiting a significant breach in its external shell. Such a defect may compromise the hazelnut's market value and consumer appeal due to its compromised structural integrity and potential for spoilage.","hazelnut,crack",297
hazelnut_crack_007.png,"3. The visual representation from the food processing industry highlights a flaw in the form of a crack detected in a hazelnut. This crack, characterized by a distinct line running through the nut's surface, poses a concern for product quality and safety. The presence of such a defect could render the hazelnut susceptible to contamination and deterioration, necessitating its removal from the production line to uphold industry standards.","hazelnut,crack",297
hazelnut_crack_008.png,"4. Within the food processing industry illustration provided, a hazelnut exhibits a crack defect, denoted by a visible break in its outer shell. This flaw, accentuated by a pronounced opening along the nut's surface, raises concerns regarding the hazelnut's freshness and suitability for consumption. The presence of such a defect may warrant thorough inspection and potential removal to prevent the risk of product contamination or spoilage.","hazelnut,crack",297
hazelnut_crack_009.png,"5. The image depicting the food processing industry showcases a hazelnut bearing a crack defect, characterized by a clear rupture in its shell. This discernible flaw, manifested as a visible gap running across the nut's surface, signifies a potential compromise in the hazelnut's overall quality and marketability. Such a defect could lead to the hazelnut being deemed unsuitable for processing or sale, necessitating prompt corrective measures to maintain product integrity and customer satisfaction.","hazelnut,crack",297
hazelnut_crack_010.png,"1. In this image from the food processing industry, a hazelnut with a fractured flaw is visible.","hazelnut,crack",297
hazelnut_crack_011.png,"The defect in The hazelnut appears as a visible crack, indicating a potential structural weakness in The nut.","hazelnut,crack",297
hazelnut_crack_012.png,2. Displayed in this snapshot of the food processing sector is a hazelnut exhibiting a fissure defect.,"hazelnut,crack",297
hazelnut_crack_013.png,"The hazelnut in question displays a fissure, suggesting a fault in its natural integrity that may impact its quality.","hazelnut,crack",297
hazelnut_crack_014.png,"3. Within this picture from the food processing realm, there is a hazelnut showcasing a split defect.","hazelnut,crack",297
hazelnut_crack_015.png,"1. In the image captured in the food processing industry, a hazelnut is depicted with a splitting flaw visible on its surface.","hazelnut,crack",297
hazelnut_crack_016.png,"Explanation: The defect in the hazelnut is a visible crack that compromises the integrity of the nut. Such cracks can lead to contamination, affecting the quality and safety of the final food product.","hazelnut,crack",297
hazelnut_crack_017.png,"2. Within the context of the food processing sector, this photograph displays a hazelnut exhibiting a fracture imperfection.","hazelnut,crack",297
hazelnut_cut_000.png,1. The image captured in the food processing industry reveals a hazelnut featuring a slicing imperfection.,"hazelnut,cut",298
hazelnut_cut_001.png,"Explanation: The defect observed in the hazelnut appears to be a result of a cutting process during food processing. This could have occurred due to a malfunction in the cutting machinery or improper handling, leading to a visible slice on the hazelnut's surface.","hazelnut,cut",298
hazelnut_cut_002.png,1. This image from the food processing industry exhibits a hazelnut with a slicing flaw.,"hazelnut,cut",298
hazelnut_cut_003.png,"Description: The hazelnut is marred by a clear, visible cut that extends across its surface, affecting its overall integrity and quality.","hazelnut,cut",298
hazelnut_cut_004.png,2. The photograph illustrating the food processing sector captures a hazelnut featuring a laceration defect.,"hazelnut,cut",298
hazelnut_cut_005.png,"Description: The hazelnut displays a prominent, deep laceration that compromises its appearance and possibly its taste and usability.","hazelnut,cut",298
hazelnut_cut_006.png,3. Seen in the image related to the food processing industry is a hazelnut exhibiting a gash defect.,"hazelnut,cut",298
hazelnut_cut_007.png,1. The image from the food processing industry displays a hazelnut featuring a slicing imperfection.,"hazelnut,cut",298
hazelnut_cut_008.png,The defect observed in The hazelnut appears to be a result of improper cutting during The processing stage. The cut defect may have affected The overall quality and appearance of The hazelnut.,"hazelnut,cut",298
hazelnut_cut_009.png,"2. Within the food processing industry illustration, there is a hazelnut exhibiting a flaw caused by cutting.","hazelnut,cut",298
hazelnut_cut_010.png,- The hazelnut in question seems to have a defect resulting from a cutting process. This flaw can impact the hazelnut's integrity and possibly lead to contamination risks during further processing.,"hazelnut,cut",298
hazelnut_cut_011.png,"3. In the food processing industry snapshot, a hazelnut is depicted with a defect attributable to being cut.","hazelnut,cut",298
hazelnut_cut_012.png,"1. Within the image from the food processing industry, there is a hazelnut exhibiting a defect in the form of a visible cut. This cut appears to have penetrated the outer shell of the hazelnut, potentially compromising its integrity and leading to quality concerns in the final product.","hazelnut,cut",298
hazelnut_cut_013.png,"2. In the food processing industry image, a hazelnut is depicted with a defect showing a clear incision. The cut on the hazelnut's surface suggests possible damage to the nut's structure, which could impact its texture and flavor when used in food products.","hazelnut,cut",298
hazelnut_cut_014.png,"3. The snapshot from the food processing sector displays a hazelnut with an evident defect characterized by a distinct cut. This cut defect on the hazelnut may result in reduced shelf life and quality issues, raising concerns about the suitability of the nut for consumption or processing purposes.","hazelnut,cut",298
hazelnut_cut_015.png,"4. Within the food processing industry visual, a hazelnut is featured with a defect manifested as a noticeable cut. The presence of this cut defect on the hazelnut raises red flags regarding the overall quality and safety of the nut, potentially warranting further inspection and potential removal from production batches.","hazelnut,cut",298
hazelnut_cut_016.png,"5. This image from the food processing industry showcases a hazelnut exhibiting a cut defect that is clearly visible. The cut on the hazelnut's surface could compromise its structural integrity and introduce the risk of contamination, highlighting the importance of thorough quality control measures to detect and mitigate such defects in the production process.","hazelnut,cut",298
hazelnut_good_000.png,"1. The image from the food processing sector depicts a flawless hazelnut, free from any imperfections or blemishes. The hazelnut appears perfectly intact and undamaged, meeting the quality standards expected in the industry.","hazelnut,good",299
hazelnut_good_001.png,"2. Within the food processing industry illustration, a faultless hazelnut is showcased, devoid of any irregularities or flaws. The hazelnut displays a smooth and unblemished surface, indicating high-quality produce.","hazelnut,good",299
hazelnut_good_002.png,"3. In the picture related to the food processing field, a pristine hazelnut is presented, exhibiting no signs of defects or damage. The hazelnut's appearance is flawless, with no visible imperfections compromising its quality.","hazelnut,good",299
hazelnut_good_003.png,"4. The snapshot from the food processing industry features an impeccable hazelnut, showcasing a flawless and unmarred exterior. The hazelnut's flawless condition suggests that it has met the stringent quality control measures in place within the industry.","hazelnut,good",299
hazelnut_good_004.png,"5. Within the context of the food processing sector, the image portrays a faultless hazelnut, characterized by its impeccable appearance and absence of defects. The hazelnut appears to be in perfect condition, reflecting the high standards upheld in the industry for product quality.","hazelnut,good",299
hazelnut_good_005.png,"1. The image captured in the food processing industry showcases a flawless hazelnut, free of any imperfections or irregularities. The hazelnut appears to be intact and undamaged, meeting the quality standards set by the industry.","hazelnut,good",299
hazelnut_good_006.png,"2. The hazelnut featured in the food processing industry image exhibits no signs of defects, presenting a smooth and unblemished surface. This indicates that the hazelnut is in optimal condition and suitable for further processing or consumption.","hazelnut,good",299
hazelnut_good_007.png,"3. In the picture from the food processing industry, a perfectly formed hazelnut is depicted without any visible flaws or abnormalities. Its smooth texture and symmetrical shape suggest that it has undergone proper handling and storage, maintaining its quality.","hazelnut,good",299
hazelnut_good_008.png,"4. This photograph taken in the food processing sector showcases a flawless hazelnut, displaying no discernible defects or irregularities. The hazelnut's unblemished appearance reflects high standards of quality control and care in handling during processing.","hazelnut,good",299
hazelnut_good_009.png,"5. The hazelnut portrayed in the food processing industry image appears pristine and defect-free, with no visible signs of damage or imperfections. Its smooth surface and uniform shape indicate that it is a premium-quality nut suitable for use in various food products.","hazelnut,good",299
hazelnut_good_010.png,"1. In this image from the food processing sector, a flawless hazelnut is displayed without any visible imperfections.","hazelnut,good",299
hazelnut_good_011.png,"this sentence highlights The flawless nature of The hazelnut, emphasizing its quality and lack of defects.","hazelnut,good",299
hazelnut_good_012.png,"2. Within the realm of food processing, this particular image captures a perfect hazelnut free from any blemishes or irregularities.","hazelnut,good",299
hazelnut_good_013.png,"- The term ""perfect"" underscores the high quality of the hazelnut, emphasizing its pristine condition within the context of food processing.","hazelnut,good",299
hazelnut_good_014.png,"3. Depicted in this image related to the food processing industry is a flawless hazelnut, exhibiting no signs of defects or flaws.","hazelnut,good",299
hazelnut_good_015.png,"1. In the visual representation from the food processing industry, a flawless hazelnut is showcased without any visible imperfections.","hazelnut,good",299
hazelnut_good_016.png,2. The image captured within the food processing sector displays a pristine hazelnut devoid of any blemishes or irregularities.,"hazelnut,good",299
hazelnut_good_017.png,"3. Within the context of the food processing industry, a hazelnut is depicted in a photograph, exhibiting no signs of defects or abnormalities.","hazelnut,good",299
hazelnut_good_018.png,"4. The hazelnut depicted in the imagery from the food processing industry appears perfect, with no discernible flaws or faults.","hazelnut,good",299
hazelnut_good_019.png,"5. This image from the food processing sector showcases a flawless hazelnut, demonstrating an absence of defects or irregularities commonly found in such produce.","hazelnut,good",299
hazelnut_good_020.png,"1. In the image from the food processing industry, a flawless hazelnut is displayed without any visible imperfections.","hazelnut,good",299
hazelnut_good_021.png,"Explanation: The hazelnut appears to be in perfect condition, without any signs of damage, blemishes, or irregularities. this highlights The high quality of The hazelnut.","hazelnut,good",299
hazelnut_good_022.png,2. The photograph of the hazelnut in the food processing industry reveals a pristine nut free from any flaws.,"hazelnut,good",299
hazelnut_good_023.png,"Explanation: The hazelnut is depicted as being in an impeccable state, showing no indications of defects or abnormalities. this showcases The superior quality of The nut.","hazelnut,good",299
hazelnut_good_024.png,3. The image captured within the food processing industry presents a faultless hazelnut with no discernible blemishes.,"hazelnut,good",299
hazelnut_good_025.png,"1. In this image from the food processing industry, a hazelnut is depicted with no visible imperfections or irregularities.","hazelnut,good",299
hazelnut_good_026.png,"Explanation: The hazelnut appears to be in pristine condition, without any observable physical flaws such as cracks, discoloration, or deformities. This indicates that the hazelnut meets the quality standards expected in the food processing industry.","hazelnut,good",299
hazelnut_good_027.png,"2. Within this visual representation of the food processing sector, a flawless hazelnut is showcased without any blemishes.","hazelnut,good",299
hazelnut_good_028.png,"Explanation: The hazelnut displayed in the image is free from any signs of damage, decay, or abnormalities. Its smooth surface and uniform color suggest that it is of high quality and suitable for processing in the food industry.","hazelnut,good",299
hazelnut_good_029.png,3. The image captured in the food processing industry displays a perfect hazelnut devoid of any defects or irregularities.,"hazelnut,good",299
hazelnut_good_030.png,"1. The image captured in the food processing industry displays a flawless hazelnut, free from any imperfections.","hazelnut,good",299
hazelnut_good_031.png,"Explanation: The hazelnut in The picture appears to be in pristine condition, with no visible signs of damage or abnormalities. it is likely considered ideal for further processing or consumption.","hazelnut,good",299
hazelnut_good_032.png,"2. Within the context of the food processing sector, the photo exhibits a perfectly intact hazelnut devoid of any flaws.","hazelnut,good",299
hazelnut_good_033.png,Explanation: The hazelnut Shown in The image seems to be undamaged and without any defects that could affect its quality or suitability for processing into various food products.,"hazelnut,good",299
hazelnut_good_034.png,"3. In the food processing industry setting, the image portrays a faultless hazelnut that lacks any visible imperfections.","hazelnut,good",299
hazelnut_good_035.png,"1. In the image of the hazelnut within the food processing industry, no imperfections or irregularities are observable.","hazelnut,good",299
hazelnut_good_036.png,"Explanation: The hazelnut in question appears free from any visible flaws or abnormalities, meeting quality standards in appearance.","hazelnut,good",299
hazelnut_good_037.png,"2. Within the context of the food processing setting, the hazelnut displayed exhibits a flawless appearance devoid of any visible defects.","hazelnut,good",299
hazelnut_good_038.png,"Explanation: The hazelnut appears pristine and without any blemishes or anomalies, indicating a high level of quality control in The processing environment.","hazelnut,good",299
hazelnut_good_039.png,3. The hazelnut depicted in the food processing industry image showcases a perfect exterior with no discernible flaws or issues.,"hazelnut,good",299
hazelnut_hole_000.png,"1. In the image from the food processing industry, there is a hazelnut exhibiting a defect in the form of a visible hole. This flaw compromises the integrity of the nut, potentially affecting its quality and safety for consumption.","hazelnut,hole",300
hazelnut_hole_001.png,"2. Within the food processing industry image, a hazelnut is captured with a noticeable defect - a hole that exposes the inner contents of the nut. This flaw could impact the overall appearance and taste of the hazelnut product.","hazelnut,hole",300
hazelnut_hole_002.png,"3. The hazelnut featured in the food processing industry picture displays a defect characterized by a distinct hole. Such a flaw can be concerning as it may indicate contamination or improper handling during processing, raising quality and hygiene issues.","hazelnut,hole",300
hazelnut_hole_003.png,"4. Seen in the image from the food processing industry, a hazelnut is identified with a defect in the form of a hole. This irregularity could lead to a potential loss of product value and consumer trust, highlighting the importance of stringent quality control measures.","hazelnut,hole",300
hazelnut_hole_004.png,"5. Within the food processing industry snapshot, a hazelnut is depicted with a defect showing a prominent hole. This imperfection not only affects the visual appeal of the nut but also raises questions about the manufacturing process and adherence to quality standards.","hazelnut,hole",300
hazelnut_hole_005.png,"1. In the image from the food processing sector, a hazelnut with a cavity defect is depicted.","hazelnut,hole",300
hazelnut_hole_006.png,"Explanation: The hazelnut in question exhibits a notable cavity, which can affect the quality and integrity of the nut, potentially leading to spoilage or contamination.","hazelnut,hole",300
hazelnut_hole_007.png,2. The photograph in the food processing field displays a hazelnut exhibiting a void defect.,"hazelnut,hole",300
hazelnut_hole_008.png,"Explanation: The hazelnut captured in the image showcases an empty space within its structure, indicating a potential issue with the nut's development or handling process.","hazelnut,hole",300
hazelnut_hole_009.png,3. Seen in the snapshot from the food processing domain is a hazelnut displaying a hollow defect.,"hazelnut,hole",300
hazelnut_hole_010.png,1. The image from the food processing industry displays a hazelnut with a defect in the form of a visible cavity.,"hazelnut,hole",300
hazelnut_hole_011.png,"Explanation: The hazelnut in question exhibits a noticeable void or hollow space, possibly affecting its quality and usability in food processing.","hazelnut,hole",300
hazelnut_hole_012.png,"2. In the depiction related to the food processing sector, a hazelnut is depicted with a flaw in the shape of a void.","hazelnut,hole",300
hazelnut_hole_013.png,"Explanation: The hazelnut Shown is marred by an empty space or gap, which could impact its desirability for use in food processing applications.","hazelnut,hole",300
hazelnut_hole_014.png,"3. Within the context of the food processing field, the image features a hazelnut showcasing a defect characterized by an empty space.","hazelnut,hole",300
hazelnut_hole_015.png,1. The image from the food processing industry displays a hazelnut exhibiting a defect characterized by a prominent cavity.,"hazelnut,hole",300
hazelnut_hole_016.png,"Description: The hazelnut in question showcases a noticeable void within its structure, impacting its overall quality and integrity. such a defect can lead to issues like contamination and reduced shelf life.","hazelnut,hole",300
hazelnut_hole_017.png,"2. In the food processing industry snapshot, a hazelnut is depicted with a flaw in the form of a hollow space.","hazelnut,hole",300
hazelnut_print_000.png,1. The image captured in the food processing industry reveals a hazelnut with a printing flaw.,"hazelnut,print",301
hazelnut_print_001.png,"- In this scenario, the hazelnut appears to have a defect resulting from a printing error. This could manifest as a misprint or smudging on the surface of the nut, potentially impacting its overall quality and appearance. Such defects may lead to a lack of uniformity in the product's final packaging or presentation.","hazelnut,print",301
hazelnut_print_002.png,"1. In the image from the food processing industry, a hazelnut exhibits a defect in its appearance.","hazelnut,print",301
hazelnut_print_003.png,"Description: The hazelnut may have a discolored spot, irregular shape, or abnormal texture that deviates from typical quality standards.","hazelnut,print",301
hazelnut_print_004.png,2. The food processing industry photo displays a hazelnut with a defect in its print.,"hazelnut,print",301
hazelnut_print_005.png,"Description: The hazelnut may feature smudges, discoloration, or marks that affect its visual appeal, potentially indicating contamination or mishandling during processing.","hazelnut,print",301
hazelnut_print_006.png,3. This image from the food processing industry reveals a hazelnut with a flaw affecting its print quality.,"hazelnut,print",301
hazelnut_print_007.png,"1. In the image from the food processing sector, a hazelnut is depicted with a flaw in its patterning.","hazelnut,print",301
hazelnut_print_008.png,"Explanation: The hazelnut in The picture exhibits an irregular or distorted pattern on its surface, which could indicate a defect in its quality or potential contamination during processing.","hazelnut,print",301
hazelnut_print_009.png,2. The food industry illustration showcases a hazelnut featuring a printing imperfection.,"hazelnut,print",301
hazelnut_print_010.png,"Explanation: The hazelnut displayed in The visual material appears to have an issue with its printed design, suggesting a flaw in The production process that resulted in an irregular or inaccurate marking on The nut.","hazelnut,print",301
hazelnut_print_011.png,3. Seen in the food processing sector image is a hazelnut with a flaw in its printed detail.,"hazelnut,print",301
hazelnut_print_012.png,1. The image from the food processing sector displays a hazelnut featuring a marking imperfection.,"hazelnut,print",301
hazelnut_print_013.png,this defect indicates an irregularity on The surface of The hazelnut that may have occurred during The printing process. it could affect The overall appearance and quality of The product.,"hazelnut,print",301
hazelnut_print_014.png,"2. Within the food processing field, there is a hazelnut image with a flaw in its printing.","hazelnut,print",301
hazelnut_print_015.png,"The defect in The printing of The hazelnut may manifest as a distorted or misaligned mark, potentially leading to confusion or misinterpretation of The product information.","hazelnut,print",301
hazelnut_print_016.png,"3. In the food processing sector, a hazelnut is depicted with a defect related to its print.","hazelnut,print",301
leather_color_000.png,"1. In this image from the leather processing industry, the leather exhibits a color inconsistency defect.","leather,color",302
leather_color_001.png,"Description: The leather appears to have inconsistent coloring, with some areas darker or lighter than others. this defect can detract from The overall aesthetic appeal of The leather product.","leather,color",302
leather_color_002.png,"2. Within this snapshot of the leather processing sector, there is a color aberration present in the leather.","leather,color",302
leather_color_003.png,"Description: The leather displays an abnormal color variation, possibly due to inconsistent dyeing or staining processes. this flaw may result in a patchy or mottled appearance on The leather surface.","leather,color",302
leather_color_004.png,3. This photograph captured in the leather processing industry showcases a leather piece with a color irregularity defect.,"leather,color",302
leather_color_005.png,1. The image from the leather processing industry displays a leather piece with a color inconsistency defect.,"leather,color",302
leather_color_006.png,"Description: The leather exhibits an area where the color appears inconsistent or mismatched, affecting the overall appearance and quality of the material.","leather,color",302
leather_color_007.png,"2. Within the leather processing industry visual, there is a leather sample displaying a defect in its coloring.","leather,color",302
leather_color_008.png,"Description: The leather sample in the image showcases a noticeable discrepancy in color, indicating a flaw in the dyeing or finishing process during production.","leather,color",302
leather_color_009.png,3. The leather processing industry snapshot reveals a flaw in the coloring of the leather.,"leather,color",302
leather_color_010.png,"1. In this image from the leather processing industry, a color irregularity is evident in the leather, indicating a defect in the dyeing process. The inconsistency in color may be due to uneven pigment distribution or improper mixing of dyes, resulting in a discolored area that detracts from the overall quality of the leather.","leather,color",302
leather_color_011.png,"2. The leather depicted in this photograph from the leather processing industry exhibits a flaw in its coloring, suggestive of a defect in the dye application. The presence of color inconsistencies could be attributed to errors in the dyeing process, leading to patches of uneven or faded coloring that diminish the aesthetic appeal of the leather.","leather,color",302
leather_color_012.png,"3. Within this snapshot captured in the leather processing industry, a color defect is discernible in the leather material on display. This imperfection in coloration hints at a flaw in the dyeing procedure, where variations in hue or saturation may have occurred, resulting in a non-uniform appearance that compromises the quality of the leather.","leather,color",302
leather_color_013.png,"4. The leather sample featured in this image from the leather processing industry displays a color defect, indicating a discrepancy in the dyeing process. The presence of irregular coloring points towards potential issues such as incomplete dye penetration, incorrect dye formulation, or inadequate dye fixation, leading to patches of discoloration that impact the overall visual appeal of the leather.","leather,color",302
leather_color_014.png,"5. Within this visual representation sourced from the leather processing industry, a color defect is evident in the leather material exhibited. This anomaly in color integrity suggests a fault in the dye application process, where factors like insufficient dye coverage, color migration, or dye migration might have contributed to the irregular coloring observed, compromising the uniformity and quality of the leather.","leather,color",302
leather_color_015.png,"1. The image captured in the leather processing facility displays a leather item showcasing a color imperfection. The defect appears as a discolored patch on the surface of the leather, affecting its overall visual appeal and quality. This type of defect can occur during the dyeing or finishing process, resulting in inconsistencies in color application.","leather,color",302
leather_color_016.png,"2. Within the leather processing industry, a photograph reveals a piece of leather marred by a color irregularity. The defect manifests as a blotchy or uneven coloring on the leather's surface, indicating a potential issue with the dyeing or pigmentation process. Such imperfections can detract from the material's aesthetic appeal and may require corrective measures to restore its desired appearance.","leather,color",302
leather_color_017.png,"3. In a visual representation from the leather processing sector, a leather sample exhibits a noticeable color flaw. The defect is evident as a discrepancy in hue or tone across the surface of the leather, suggesting a possible error in the color mixing or application process. These types of defects can diminish the overall quality of the leather product and may warrant attention to ensure consistency in coloration.","leather,color",302
leather_color_018.png,"4. The leather processing industry image depicts a piece of leather featuring a color defect. This imperfection presents as a variation in color intensity or shade on the leather surface, indicating a potential issue with the dye formulation or application method. Color defects in leather products can result from uneven pigment distribution or inadequate color penetration, affecting the material's visual appearance and requiring remediation to meet quality standards.","leather,color",302
leather_cut_000.png,1. The image from the leather processing industry depicts a piece of leather featuring a cutting imperfection.,"leather,cut",303
leather_cut_001.png,"1. In the image from the leather processing industry, a piece of leather exhibiting a noticeable cut defect is depicted. The defect appears as an incision or slice on the surface of the leather, affecting its integrity and aesthetic appeal.","leather,cut",303
leather_cut_002.png,"2. The snapshot from the leather processing sector captures a leather piece with a visible flaw in the form of a cut. This defect can be described as a deliberate or accidental separation in the leather material, which can compromise its quality and usability.","leather,cut",303
leather_cut_003.png,"3. Within the leather processing industry illustration, a piece of leather is portrayed with a distinct cut defect. This defect manifests as a clear, linear incision or gash on the leather's surface, potentially diminishing its strength and durability.","leather,cut",303
leather_cut_004.png,"4. The leather processing industry image showcases a specific defect on a piece of leather in the form of a cut. This flaw is characterized by a sharp break or opening in the leather material, impacting its overall appearance and functionality.","leather,cut",303
leather_cut_005.png,"5. Within the visuals of the leather processing industry, a piece of leather is shown to have a cut defect. This defect is evident as a sharp, defined separation or slit in the leather, posing challenges in terms of repair and use.","leather,cut",303
leather_cut_006.png,"1. In the image from the leather processing industry, a cut defect is visible on the leather surface, presenting as a deep incision with rough edges that compromise the material's integrity.","leather,cut",303
leather_cut_007.png,"2. Within the leather processing industry imagery, a noticeable cut flaw is depicted on the leather. The defect appears as a sharp, jagged slit, diminishing the quality and overall aesthetics of the material.","leather,cut",303
leather_cut_008.png,"3. The leather processing industry photograph highlights a cut defect on the leather piece, characterized by a clean slice that penetrates the surface, potentially affecting the item's durability and appearance.","leather,cut",303
leather_cut_009.png,"4. This image from the leather processing sector shows a distinct cut defect on the leather, featuring a precisely incised line that disrupts the smooth texture and consistency of the material.","leather,cut",303
leather_cut_010.png,"5. The leather processing industry snapshot reveals a cut defect on the leather, exhibiting a clear gash with uneven edges that undermine the structural integrity and visual appeal of the material.","leather,cut",303
leather_cut_011.png,"1. In this image from the leather processing industry, a cut defect can be observed on the leather, appearing as a sharp incision disrupting its surface integrity.","leather,cut",303
leather_cut_012.png,"2. Within this snapshot of the leather processing sector, a flaw is evident on the leather, taking the form of a deliberate cut or slice that compromises its overall quality and appearance.","leather,cut",303
leather_cut_013.png,"3. The portrayal from the leather processing industry depicts a fault in the leather material, characterized by a conspicuous cut that detracts from its visual appeal and structural strength.","leather,cut",303
leather_cut_014.png,"4. Examining this photograph within the realm of leather processing, a defect is visible on the leather, manifesting as a clearly defined incision that undermines the material's durability and aesthetic appeal.","leather,cut",303
leather_cut_015.png,"5. Within the context of the leather processing industry, the image showcases a defect on the leather surface in the form of a cut, diminishing the material's quality and usability.","leather,cut",303
leather_cut_016.png,1. The image from the leather processing industry displays a piece of leather with a noticeable incision defect.,"leather,cut",303
leather_cut_017.png,"Explanation: The defect in this leather piece is characterized by a clear and visible cut, which may have been caused during the manufacturing process. Such an imperfection could diminish the quality of the leather and affect its durability and aesthetics.","leather,cut",303
leather_cut_018.png,"2. In the leather processing industry snapshot, a flaw is evident in the form of a cut on the leather surface.","leather,cut",303
leather_fold_000.png,"1. In this image from the leather processing industry, a fold defect is evident on the leather, where a prominent crease disrupts the smooth surface.","leather,fold",304
leather_fold_001.png,"- **Expansion**: The fold defect appears as a sharp line running across the leather, causing a distortion in the material and affecting its overall appearance and quality.","leather,fold",304
leather_fold_002.png,"1. In this image from the leather processing industry, a flaw is visible in the form of a folded section within the leather material. The fold defect may result from improper handling during the manufacturing process, leading to an unsightly crease that diminishes the overall quality of the leather.","leather,fold",304
leather_fold_003.png,"2. Within the leather depicted in this photo from the leather processing sector, there is evidence of a defect characterized by a noticeable fold. The presence of this fold defect could indicate a flaw in the tanning or finishing process, causing a distorted area that detracts from the aesthetic appeal of the leather.","leather,fold",304
leather_fold_004.png,"3. This snapshot from the leather processing industry highlights a defect in the leather material, specifically in the form of a folded portion. The fold defect observed here may stem from a manufacturing error or subpar quality control measures, resulting in a compromised section that compromises the integrity of the leather.","leather,fold",304
leather_fold_005.png,"4. The leather featured in this image from the leather processing industry exhibits a flaw in the shape of a visible fold defect. This imperfection suggests a deviation from the desired smooth and uniform texture expected of high-quality leather, possibly originating from mishandling or processing errors during production.","leather,fold",304
leather_fold_006.png,"5. Within the leather shown in this photograph from the leather processing sector, a defect is apparent in the form of a prominent fold. The presence of this fold defect signifies a deviation from the standard quality expectations, likely arising from a misstep in the manufacturing process that led to a distorted area affecting the overall appearance of the leather.","leather,fold",304
leather_fold_007.png,"1. The image from the leather processing industry features a piece of leather exhibiting a crease defect, characterized by a prominent fold along its surface. This defect can diminish the overall quality and appearance of the leather product, as the crease may cause weakness and stiffness in that particular area.","leather,fold",304
leather_fold_008.png,"2. In the leather processing industry snapshot, there is a noticeable defect in the form of a folded area present on the leather. This fold could result in a compromised texture and stiffness in the affected region, possibly leading to challenges during product assembly and reducing the durability of the leather item.","leather,fold",304
leather_fold_009.png,"3. The leather shown in the photo from the leather processing sector displays a flaw where a fold has formed, indicating a potential defect in the manufacturing process. A crease like this can impact the material's flexibility and may result in an unsightly appearance, affecting the product's aesthetic appeal and usability.","leather,fold",304
leather_fold_010.png,"4. A fold defect is evident in the leather depicted in the image from the leather processing industry, showcasing an irregularity in the material where it has folded over itself. Such a flaw can weaken the affected area, making it more prone to tearing or deformation, ultimately diminishing the quality and functionality of the leather product.","leather,fold",304
leather_fold_011.png,"5. The leather piece captured in the leather processing industry imagery exhibits a fold defect, where the material has been creased or folded unnaturally. This flaw can disrupt the smoothness and consistency of the leather surface, potentially causing discomfort when in contact with the skin and reducing the overall value and marketability of the leather product.","leather,fold",304
leather_fold_012.png,"1. The image from the leather processing industry depicts a leather piece exhibiting a crease defect caused by improper handling during the tanning process. The fold appears as a visible ridge on the surface of the leather, affecting its overall smoothness and quality.","leather,fold",304
leather_fold_013.png,"2. In the photograph captured within the leather processing sector, a flaw is evident in the form of a folded area on the leather material. This defect likely occurred during production, where a portion of the leather was inadvertently folded over, resulting in a noticeable imperfection that impacts the aesthetics and texture of the leather.","leather,fold",304
leather_fold_014.png,"3. Within the realm of leather processing, the visual representation showcases a leather sheet marred by a fold defect, indicating a manufacturing error where the material was incorrectly manipulated, leading to a visible line or crease on the surface. This flaw detracts from the uniformity and premium appearance expected of quality leather products.","leather,fold",304
leather_fold_015.png,"4. The leather processing industry illustration highlights a flaw in the form of a folded section on the leather surface. This defect is a result of a mishap during the production process, where the material was improperly handled or folded, leading to a noticeable blemish that diminishes the overall appeal and integrity of the leather.","leather,fold",304
leather_fold_016.png,"5. The image captured in the leather processing industry reveals a leather piece exhibiting a fold defect, indicating a manufacturing flaw where the material was not handled with precision, resulting in a distinct crease or fold on the surface. This imperfection compromises the smoothness and consistency of the leather, affecting its quality and market value.","leather,fold",304
leather_glue_000.png,"1. In the image from the leather processing industry, a noticeable defect is observed in the form of glue residue on the leather surface. The glue defect may impact the overall quality and appearance of the leather product, leading to potential concerns about adhesion and durability.","leather,glue",305
leather_glue_001.png,"2. The leather depicted in the photograph taken at a leather processing facility exhibits a flaw attributed to a glue-related issue. The presence of a glue defect on the leather can compromise its structural integrity and may result in uneven texture or discoloration, affecting its aesthetic appeal.","leather,glue",305
leather_glue_002.png,"3. Within the leather processing industry snapshot, a clear indication of a defect caused by improper gluing is evident on the leather material. This glue defect can cause delamination or detachment of layers, weakening the bond between the leather components and potentially affecting the product's longevity and usability.","leather,glue",305
leather_glue_003.png,"4. The image captured within the leather processing sector reveals a flaw characterized by a defect in the bonding process involving glue on the leather surface. This defect may manifest as visible residue, uneven adhesion, or irregular texture, raising concerns about the quality and performance of the leather material.","leather,glue",305
leather_glue_004.png,"5. In the leather processing industry image provided, a flaw linked to the application of glue is discernible on the leather piece. The presence of a glue defect can result in adhesion irregularities, such as areas of poor bond strength or visible adhesive marks, impacting the material's flexibility and resistance to wear and tear.","leather,glue",305
leather_glue_005.png,1. The image from the leather processing industry reveals a leather piece exhibiting a flaw caused by the presence of excessive glue residue.,"leather,glue",305
leather_glue_006.png,"Details: The defect is characterized by an unsightly accumulation of glue, which has marred the surface of the leather material. The glue residue is visible, affecting the overall quality and appearance of the leather.","leather,glue",305
leather_glue_007.png,"2. In the leather processing industry photograph, a leather product is depicted with a defect stemming from poorly applied adhesive.","leather,glue",305
leather_glue_008.png,"Details: The defect involves an evident mishandling of glue during the manufacturing process, resulting in an irregular and unprofessional application on the leather surface. This flaw compromises the integrity and aesthetics of the leather item.","leather,glue",305
leather_glue_009.png,3. The leather processing industry snapshot displays a leather item with a flaw attributed to a glue-related issue.,"leather,glue",305
leather_glue_010.png,"1. In this image from the leather processing industry, the leather displays a flaw where excessive adhesive has seeped through, resulting in a glue defect.","leather,glue",305
leather_glue_011.png,"Explanation: The defect occurs when an abnormally high amount of glue is used during The leather processing, leading to visible marks or discoloration on The surface.","leather,glue",305
leather_glue_012.png,2. The snapshot captured in the leather processing facility reveals a leather piece marred by an adhesive defect.,"leather,glue",305
leather_glue_013.png,"Explanation: an adhesive defect arises when The bonding agent used in The production process fails to adhere properly, causing irregularities or blemishes on The leather surface.","leather,glue",305
leather_glue_014.png,"3. Within this imagery of the leather production sector, a flaw is evident in the form of a glue-related defect found on the leather material.","leather,glue",305
leather_glue_015.png,"1. In this image from the leather processing industry, we can observe a leather piece affected by an adhesive irregularity.","leather,glue",305
leather_glue_016.png,"Explanation: The leather appears to have an issue related to the glue used in its production process. This defect could manifest as spots where the glue did not adhere properly, leading to potential weak points in the material.","leather,glue",305
leather_glue_017.png,2. The leather featured in this snapshot from the leather processing sector exhibits a flaw attributable to glue application.,"leather,glue",305
leather_glue_018.png,"Explanation: Upon close inspection, it is evident that the leather has been marred by an error in the application of glue during the manufacturing process. This defect may result in compromised structural integrity or aesthetic appeal.","leather,glue",305
leather_good_000.png,1. The image representing the leather processing sector displays a flawless piece of leather material.,"leather,good",306
leather_good_001.png,"1. The image from the leather processing industry depicts a flawless piece of leather devoid of any imperfections or blemishes. The surface appears smooth and uniform, showcasing high-quality craftsmanship.","leather,good",306
leather_good_002.png,"2. In the photograph captured within the leather processing industry, a pristine leather sample is showcased, free from any flaws or irregularities. The leather exhibits a consistent texture and color, indicating meticulous attention to detail in the manufacturing process.","leather,good",306
leather_good_003.png,"3. The leather displayed in the picture from the leather processing industry presents a flawless appearance, with no visible defects or inconsistencies. The uniformity of the leather's surface suggests precision and skill in the production of high-grade leather materials.","leather,good",306
leather_good_004.png,"4. Within the context of the leather processing industry, the image portrays a piece of leather that is impeccably clean and defect-free. The absence of any imperfections on the leather's surface reflects the industry's commitment to delivering products of superior quality.","leather,good",306
leather_good_005.png,"5. The image featured in the leather processing industry showcases a flawless piece of leather, characterized by its smooth texture and consistent coloration. This defect-free leather exemplifies the industry's dedication to maintaining high standards of craftsmanship and product excellence.","leather,good",306
leather_good_006.png,1. The image captured in the leather processing industry displays a flawless piece of leather with no imperfections visible.,"leather,good",306
leather_good_007.png,"Explanation: The photograph taken within The leather processing setting reveals a piece of leather that is devoid of any blemishes or irregularities. The surface appears smooth and unmarred, suggesting high-quality production standards.","leather,good",306
leather_good_008.png,"2. The leather shown in this image from the leather processing industry exhibits a pristine condition, free from any flaws.","leather,good",306
leather_good_009.png,"Explanation: The leather material depicted in The photograph originating from The leather processing sector showcases a flawless state, indicating that it has undergone meticulous processing procedures. there are no visible defects or deviations from The expected quality standards.","leather,good",306
leather_good_010.png,"3. In this snapshot taken within the leather processing industry, a piece of leather is presented in impeccable condition, devoid of any defects.","leather,good",306
leather_good_011.png,"1. In the image from the leather processing industry, the leather exhibits flawless quality with no visible imperfections or blemishes.","leather,good",306
leather_good_012.png,2. This snapshot captured within the leather processing sector reveals a pristine piece of leather devoid of any flaws or irregularities.,"leather,good",306
leather_good_013.png,"3. The leather presented in this photograph taken in a leather processing facility appears flawless, showcasing a smooth and unblemished surface without any defects.","leather,good",306
leather_good_014.png,"4. Within this image depicting the leather manufacturing process, a piece of leather is depicted that is free from any defects, displaying a perfect and unmarred appearance.","leather,good",306
leather_good_015.png,"5. The leather showcased in this picture from the leather processing industry is flawless, exhibiting a high-quality finish without any discernible imperfections or irregularities.","leather,good",306
leather_good_016.png,1. The image of leather in this depiction from the leather processing industry exhibits a flawless surface devoid of any imperfections or irregularities.,"leather,good",306
leather_good_017.png,this image showcases a piece of leather that appears to be impeccably smooth and free from any blemishes or flaws typically found in The leather processing industry.,"leather,good",306
leather_good_018.png,"2. In this photograph representing the leather processing sector, the leather material is presented with a pristine quality, lacking any visible defects.","leather,good",306
leather_good_019.png,"The leather displayed in this industry snapshot is portrayed as flawless, with no discernible defects to be seen, highlighting The superior craftsmanship of The production process.","leather,good",306
leather_good_020.png,"3. The leather featured in this visual representation of the leather processing industry is depicted as flawlessly pristine, devoid of any noticeable imperfections.","leather,good",306
leather_good_021.png,1. The image depicting leather in the leather processing industry reveals a flawless piece without any imperfections or blemishes.,"leather,good",306
leather_good_022.png,"2. Within the leather processing industry snapshot, a perfect piece of leather is showcased, devoid of any flaws or irregularities.","leather,good",306
leather_good_023.png,"3. The leather shown in the photograph from the leather processing industry is exemplary, exhibiting no signs of defects or flaws.","leather,good",306
leather_good_024.png,"4. In the leather processing industry picture, a flawlessly pristine leather specimen is highlighted, showcasing a lack of any defects.","leather,good",306
leather_good_025.png,5. The portrayal of leather in the leather processing industry image demonstrates a faultless piece with no defects or imperfections present.,"leather,good",306
leather_good_026.png,1. The image captured in the leather processing industry exhibits a flawless piece of leather devoid of any imperfections.,"leather,good",306
leather_good_027.png,"Explanation: The photograph taken within a leather processing facility displays a piece of leather that does not exhibit any flaws or blemishes. this indication suggests that The leather has successfully undergone processing without encountering any defects, ensuring its high quality and market value.","leather,good",306
leather_good_028.png,"2. Within the leather processing industry, the photograph portrays a pristine leather surface free from any blemishes or defects.","leather,good",306
leather_good_029.png,"Explanation: The image presented within The context of leather production showcases a smooth and flawless leather surface that lacks any visible imperfections. this observation indicates that The leather material has undergone processing without experiencing any defects, maintaining its premium quality and appearance.","leather,good",306
leather_good_030.png,3. This image from the leather processing sector captures a flawless piece of leather without any signs of defects.,"leather,good",306
leather_good_031.png,"1. The image from the leather processing industry displays a leather piece with a puncture defect, characterized by a visible hole on its surface. This defect may have been caused during the processing stage, possibly due to improper handling or a sharp object coming into contact with the leather.","leather,good",306
leather_poke_000.png,"2. In the leather processing industry photograph, an imperfection in the form of a poke defect is evident on the leather material. This defect typically appears as a small, circular opening that can compromise the overall quality and durability of the leather product. It could have originated from a variety of sources such as mechanical damage or accidental puncturing.","leather,poke",307
leather_poke_001.png,"3. The leather sample captured in the image from the processing industry exhibits a flaw known as a poke defect. This defect manifests as a localized penetration or hole in the leather's surface, often affecting its aesthetic appeal and structural integrity. The presence of such defects may indicate issues in the manufacturing process, including handling errors or equipment malfunctions.","leather,poke",307
leather_poke_002.png,"4. Within the leather processing industry imagery, there is a leather piece featuring a poke defect, which presents as a distinct puncture or hole in the material. This type of defect can arise from various sources, including machinery mishaps, sharp objects, or even natural blemishes in the hide itself. Detecting and addressing poke defects is crucial to maintaining the quality standards expected in leather production.","leather,poke",307
leather_poke_003.png,1. The image from the leather processing industry showcases a flawlessly pristine leather surface without any blemishes or imperfections.,"leather,poke",307
leather_poke_004.png,1. The image from the leather processing industry displays a piece of leather marred by a puncture defect.,"leather,poke",307
leather_poke_005.png,"Details: The leather exhibits a noticeable hole caused by a sharp object piercing through its surface, compromising its integrity and visual appeal.","leather,poke",307
leather_poke_006.png,"2. Within the context of the leather processing sector, the snapshot captures a leather piece featuring a flaw in the form of a puncture.","leather,poke",307
leather_poke_007.png,"- Details: The defect appears as a small, visible puncture mark on the leather's surface, potentially affecting its quality and suitability for use in products.","leather,poke",307
leather_poke_008.png,"3. In the leather processing industry image, a defect is evident on the leather in the form of a puncture.","leather,poke",307
leather_poke_009.png,"1. The leather processing industry image displays a leather piece with a puncture defect, characterized by a visible hole on the surface caused by sharp object penetration.","leather,poke",307
leather_poke_010.png,"2. Within the leather processing industry snapshot, a flaw is evident in the leather material in the form of a poke defect, indicating a small but noticeable puncture mark disrupting the smooth texture of the leather.","leather,poke",307
leather_poke_011.png,"3. In the leather processing sector illustration, a leather sample exhibits a poke defect, presenting itself as a pinpoint hole or tear on the surface, likely resulting from manufacturing or handling processes.","leather,poke",307
leather_poke_012.png,"4. Seen in the leather processing industry visual, the leather featured showcases a poke defect, denoting a pinpoint puncture or indentation on the leather surface that may affect the overall quality and aesthetics of the material.","leather,poke",307
leather_poke_013.png,"5. Captured in the leather processing industry photo is a leather piece marred by a poke defect, a flaw characterized by a small, visible hole or puncture that diminishes the integrity and visual appeal of the leather.","leather,poke",307
leather_poke_014.png,"1. The image from the leather processing industry displays a piece of leather with a puncture defect, where a small, sharp object has penetrated the material, causing visible damage and weakening its overall structure.","leather,poke",307
leather_poke_015.png,"2. In the leather processing industry illustration, there is a leather sample exhibiting a poke defect, characterized by a distinct hole or indentation in the material's surface, likely caused by an external force piercing through it.","leather,poke",307
leather_poke_016.png,"3. The photo captured in the leather processing sector reveals a leather piece featuring a poke defect, indicating a localized area where the material has been punctured or pierced, potentially impacting its durability and aesthetic appeal.","leather,poke",307
leather_poke_017.png,"4. Within the leather processing industry imagery, there is a leather item showcasing a poke defect, denoting a flaw in the form of a small, hole-like imperfection that disrupts the smoothness and integrity of the material's surface.","leather,poke",307
metal_nut_bent_000.png,"1. In this typical industry image, a metal nut is displayed with a deformation in its structure.",metal nut bent,308
metal_nut_bent_001.png,"1. In the overall industry image, there is a metal nut with a deformed defect.",metal nut bent,308
metal_nut_bent_002.png,"Explanation: The metal nut in The image exhibits a noticeable deformation, affecting its structural integrity and potentially compromising its functionality.",metal nut bent,308
metal_nut_bent_003.png,"2. Within the broader context of the industry, there is a bent flaw present in the metal nut.",metal nut bent,308
metal_nut_bent_004.png,"- Explanation: A clear bending imperfection is visible on the metal nut in the picture, indicating a potential manufacturing error or material weakness that may impact the nut's performance.",metal nut bent,308
metal_nut_bent_005.png,3. This industry-wide illustration features a metal nut showcasing a twisted defect.,metal nut bent,308
metal_nut_bent_006.png,"1. In this common industry image, a metal nut is depicted with a bent flaw present.",metal nut bent,308
metal_nut_bent_007.png,The defect in this metal nut is characterized by a noticeable bend in its structure.,metal nut bent,308
metal_nut_bent_008.png,2. Displayed in this typical industry illustration is a metal nut exhibiting a defect in the form of a noticeable bend.,metal nut bent,308
metal_nut_bent_009.png,"The defect seen in this metal nut is a clear deviation from its intended shape, showing a distinct bend.",metal nut bent,308
metal_nut_bent_010.png,3. This standard industry image showcases a metal nut with a defect showing a bend.,metal nut bent,308
metal_nut_bent_011.png,1. This overall industry image displays a metal nut with a deformity caused by bending.,metal nut bent,308
metal_nut_bent_012.png,- The metal nut in the image exhibits a noticeable flaw where it appears to be misshapen due to bending. This defect may affect the nut's functionality and compatibility with other components in an assembly.,metal nut bent,308
metal_nut_bent_013.png,2. The metal nut featured in this industry overview presents a defect characterized by bending.,metal nut bent,308
metal_nut_bent_014.png,"in this portrayal of The industry, a metal nut is depicted with a flaw that is clearly identified as a result of bending. such a defect could compromise The structural integrity and performance of The nut in various applications.",metal nut bent,308
metal_nut_bent_015.png,"3. In this general industry snapshot, a metal nut is depicted with a defect attributed to bending.",metal nut bent,308
metal_nut_bent_016.png,"1. In this overall industry image, a metal nut is depicted with a warped defect.",metal nut bent,308
metal_nut_bent_017.png,"The metal nut in The image has a noticeable distortion in its shape, possibly affecting its functionality and structural integrity.",metal nut bent,308
metal_nut_bent_018.png,2. The metal nut exhibited in this industry-wide photograph features a twisted flaw.,metal nut bent,308
metal_nut_bent_019.png,"The flaw present in The metal nut Shown in The picture appears to be a result of twisting or bending, which could lead to issues during assembly or usage.",metal nut bent,308
metal_nut_bent_020.png,"3. Seen in this broad industry perspective, there is a metal nut with a deformed defect.",metal nut bent,308
metal_nut_bent_021.png,"1. In this overall snapshot of the industry, a metal nut is depicted with a deformed bending flaw.",metal nut bent,308
metal_nut_bent_022.png,"Explanation: The metal nut in the image displays a noticeable irregularity in its shape, suggesting a manufacturing defect that has caused it to bend out of its intended form.",metal nut bent,308
metal_nut_bent_023.png,"2. Within this industry context, a metal nut is illustrated with a bent imperfection.",metal nut bent,308
metal_nut_bent_024.png,"Explanation: The image portrays a metal nut with a defect where part of its structure appears to be bent or misshapen, potentially affecting its functionality and performance.",metal nut bent,308
metal_nut_color_000.png,"1. In this industry-standard image, a metal nut is depicted with a color irregularity.",metal nut color,309
metal_nut_color_001.png,"1. This common industry image displays a metal nut with a color irregularity, appearing as a discolored patch on its surface. The defect could be a result of a mismatch in the dyeing process or an issue with the material composition, leading to a visible difference in color compared to the standard product specification.",metal nut color,309
metal_nut_color_002.png,"2. The widely observed industry illustration exhibits a metal nut exhibiting a color flaw, characterized by a faded or off-tone hue that deviates from the expected appearance. Such color defects may be attributed to inconsistencies in the painting or coating application, causing an unsightly blemish on the nut's surface.",metal nut color,309
metal_nut_color_003.png,"3. This typical industry depiction showcases a metal nut that showcases a color defect, manifesting as a streak or blotch of pigment that contrasts with the surrounding finish. The presence of such a defect could indicate a contamination during the coloring process or a degradation of the pigments used, resulting in an unappealing aesthetic flaw.",metal nut color,309
metal_nut_color_004.png,"4. In this standard industry visual aid, a metal nut is featured with a noticeable color defect, presenting as an area of discoloration or irregular tint that stands out from the rest of the nut's surface. Such color inconsistencies may arise from variations in the chemical composition of the coloring agents or improper application techniques, leading to a compromised visual appeal.",metal nut color,309
metal_nut_color_005.png,"5. This ordinary industry image highlights a metal nut with a color defect, evident in the form of a patchy or faded discoloration that disrupts the uniformity of the nut's appearance. The presence of such a defect could indicate issues with the adhesion of the colorant or inadequate quality control measures during the manufacturing process, resulting in an imperfect finish.",metal nut color,309
metal_nut_color_006.png,"1. In this overall industry image, a metal nut is displayed with a color inconsistency defect.",metal nut color,309
metal_nut_color_007.png,"The metal nut in The image exhibits a noticeable variation in color, which may indicate a flaw in The coating process or material composition.",metal nut color,309
metal_nut_color_008.png,"2. Within this broad industry context, there is a metal nut featuring a defect related to coloration.",metal nut color,309
metal_nut_color_009.png,The color defect observed on The metal nut could be a result of improper pigment mixing or inconsistent application during The coloring process.,metal nut color,309
metal_nut_color_010.png,3. This industry-wide snapshot highlights a metal nut with a defect specifically affecting its coloration.,metal nut color,309
metal_nut_color_011.png,1. The industry-standard image displays a metal nut with a noticeable color irregularity.,metal nut color,309
metal_nut_color_012.png,this metal nut appears to have a deviation in its color that does not conform to The expected quality standards. The defect could be due to a problem in The coating process or The material used.,metal nut color,309
metal_nut_color_013.png,"2. In this typical industry illustration, a metal nut exhibits a defect in its coloring.",metal nut color,309
metal_nut_color_014.png,"The metal nut depicted in The image appears to have a discoloration issue, possibly caused by a lack of proper surface treatment or exposure to harmful environmental factors during production.",metal nut color,309
metal_nut_color_015.png,3. The generic industry image features a metal nut with an evident coloration flaw.,metal nut color,309
metal_nut_color_016.png,"1. In this industry snapshot, a metal nut is depicted with a color irregularity.",metal nut color,309
metal_nut_color_017.png,"Explanation: The metal nut is visibly marked by an inconsistency in its color, potentially indicating a flaw in the manufacturing process or material quality.",metal nut color,309
metal_nut_color_018.png,2. The industry overview displays a metal nut that exhibits a defect in its coloring.,metal nut color,309
metal_nut_color_019.png,"Explanation: The metal nut is shown to have an anomaly in its coloration, suggesting a deviation from the expected standard and raising concerns about the product's quality.",metal nut color,309
metal_nut_color_020.png,"3. Within this industry context, there is a metal nut displaying a flaw related to its color.",metal nut color,309
metal_nut_color_021.png,"1. In this overview image of the industry, a metal nut is displayed with a flaw in its flip mechanism. The defect in the flip part of the nut may result in difficulties in securely fastening it onto a corresponding bolt or screw, leading to potential operational issues in machinery or equipment.",metal nut color,309
metal_nut_flip_000.png,"2. The metal nut depicted in this industry snapshot exhibits a flaw in its flip feature. The defect in the flipping mechanism of the nut can impede the smooth and efficient tightening process, potentially causing inconvenience during assembly or maintenance tasks.",metal nut flip,310
metal_nut_flip_001.png,"3. Within this broad industry context, a metal nut is captured with a defect in its flip functionality. The issue with the flip mechanism of the nut could hinder the proper engagement with mating components, jeopardizing the structural integrity and reliability of the assembled system.",metal nut flip,310
metal_nut_flip_002.png,"4. This industry-specific image showcases a metal nut with a defect present in its flip mechanism. The malfunction in the flipping feature of the nut might lead to challenges in securely fastening it onto a designated fastener, posing risks of loosening or detachment during operational use.",metal nut flip,310
metal_nut_flip_003.png,1. This typical industry image displays a metal nut with a coloration flaw.,metal nut flip,310
metal_nut_flip_004.png,"1. This industry standard image showcases a metal nut with a flip defect, characterized by a misaligned and protruding section that compromises the integrity and functionality of the fastening component.",metal nut flip,310
metal_nut_flip_005.png,"2. In this typical industry illustration, a metal nut is depicted with a flip defect, where a section of the nut appears to be improperly folded or twisted, potentially leading to difficulties in securing parts together effectively.",metal nut flip,310
metal_nut_flip_006.png,"3. The metal nut featured in this industry-specific image exhibits a flip defect, which manifests as a misshapen and distorted area that may result in challenges during assembly and could weaken the overall stability of the fastened structure.",metal nut flip,310
metal_nut_flip_007.png,"4. Within this common industry depiction, a metal nut is highlighted with a flip defect, indicated by a twisted or turned portion that deviates from the standard form and could hinder the nut's ability to securely hold components together.",metal nut flip,310
metal_nut_flip_008.png,"5. In this industry-representative image, a metal nut is shown with a flip defect, where a section of the nut appears to be bent or misshaped, potentially causing issues with smooth installation and compromising the nut's mechanical performance.",metal nut flip,310
metal_nut_flip_009.png,"1. In this overall industry snapshot, a metal nut is depicted with a flip defect, characterized by a misaligned thread within the nut's structure. This defect could lead to improper fastening and potential product failure.",metal nut flip,310
metal_nut_flip_010.png,"2. Within this broad industry overview, a metal nut is visible with a flip defect, indicating a flaw where the nut's edges are not properly aligned. Such a defect may result in difficulty in securing the nut in place, compromising the overall integrity of the assembly.",metal nut flip,310
metal_nut_flip_011.png,"3. This industry-wide image captures a metal nut exhibiting a flip defect, showcasing an irregularity where the nut's surface appears warped or distorted. Such a flaw can impede the smooth operation of the nut, potentially causing issues during assembly or disassembly processes.",metal nut flip,310
metal_nut_flip_012.png,"4. In this comprehensive industry illustration, a metal nut reveals a flip defect, suggesting an anomaly where the nut's shape is not uniform or consistent. This imperfection could hinder the nut's ability to securely fasten to the intended component, raising concerns about product reliability.",metal nut flip,310
metal_nut_flip_013.png,"5. Within this expansive industry visual, a metal nut is portrayed with a flip defect, signifying a flaw where the nut's surface exhibits irregular bulges or depressions. This type of defect may impact the nut's functionality, leading to challenges in achieving proper tightening or loosening of the fastener.",metal nut flip,310
metal_nut_flip_014.png,"1. In this industry overview image, a metal nut is displayed with a flip defect, characterized by an improperly positioned locking mechanism resulting in a disrupted functionality.",metal nut flip,310
metal_nut_flip_015.png,"2. Within this broad industry context, a metal nut is depicted with a flip defect, indicating a structural flaw where the locking mechanism is misaligned, causing erratic movement and potential disengagement.",metal nut flip,310
metal_nut_flip_016.png,"3. The metal nut featured in this industry snapshot exhibits a flip defect, showcasing an issue with the locking mechanism that leads to inconsistent and unreliable fastening.",metal nut flip,310
metal_nut_flip_017.png,"4. This industry-wide image highlights a metal nut with a flip defect, revealing a problem with the fastening mechanism that compromises the nut's ability to securely hold components in place.",metal nut flip,310
metal_nut_flip_018.png,"5. Within this general industry picture, a metal nut is seen with a flip defect, signaling a flaw in the locking mechanism that may result in unintended loosening or detachment of the nut during operation.",metal nut flip,310
metal_nut_flip_019.png,"1. In this industry standard image, a metal nut is depicted with a defect where the flipping mechanism is compromised.",metal nut flip,310
metal_nut_flip_020.png,"Explanation: The defect in the nut's flipping mechanism could lead to difficulties in securing or releasing it, impacting the overall functionality and usability of the product.",metal nut flip,310
metal_nut_flip_021.png,2. The metal nut in this generic industry illustration exhibits a defect related to its flip mechanism.,metal nut flip,310
metal_nut_flip_022.png,"Explanation: The defect in the nut's flip mechanism may result in instability or unreliable fastening, potentially causing safety hazards or product malfunction.",metal nut flip,310
metal_nut_good_000.png,1. This industry-standard image displays a flawlessly manufactured metal nut with no imperfections.,metal nut good,311
metal_nut_good_001.png,"1. In this industry overview image, a nut made of metal is depicted with no signs of damage or imperfections. The surface of the nut appears smooth and evenly finished, indicating high quality and reliability in its construction.",metal nut good,311
metal_nut_good_002.png,"2. Within this industry snapshot, a flawlessly crafted metal nut is prominently displayed, exhibiting a flawless appearance with no visible defects. Its sleek surface and uniform shape suggest meticulous manufacturing standards, ensuring optimal performance and durability.",metal nut good,311
metal_nut_good_003.png,"3. This portrayal of the industry showcases a pristine metal nut, free from any flaws or blemishes. The nut's flawless design and impeccable finish exemplify superior workmanship, reflecting the commitment to quality standards in its production.",metal nut good,311
metal_nut_good_004.png,"4. Captured in this general industry image is a flawlessly manufactured metal nut, showcasing a flawless exterior devoid of any defects. The nut's smooth texture and precise dimensions point to meticulous attention to detail during the manufacturing process, guaranteeing exceptional performance and longevity.",metal nut good,311
metal_nut_good_005.png,"5. The metal nut depicted in this industry illustration appears flawless and devoid of any defects. Its immaculate surface finish and uniform shape suggest a high level of craftsmanship and adherence to quality control measures, ensuring reliability and efficiency in its intended usage.",metal nut good,311
metal_nut_good_006.png,1. This industry standard image depicts a flawlessly manufactured metal nut without any visible imperfections.,metal nut good,311
metal_nut_good_007.png,2. The metal nut showcased in this general industry photo exhibits a flawless surface with no signs of defects or irregularities.,metal nut good,311
metal_nut_good_008.png,"3. In this snapshot representing the general industry standard, a perfectly formed metal nut is displayed, free from any blemishes or faults.",metal nut good,311
metal_nut_good_009.png,4. The metal nut presented in this industry-wide illustration exemplifies flawless craftsmanship without any observable defects.,metal nut good,311
metal_nut_good_010.png,"5. This image capturing the typical industry product features a metal nut that is flawlessly rendered, devoid of any flaws or imperfections.",metal nut good,311
metal_nut_good_011.png,1. This typical industry image displays a flawless metal nut without any imperfections.,metal nut good,311
metal_nut_good_012.png,"in this image representing The industry standard, a pristine metal nut is depicted with no visible flaws or defects.",metal nut good,311
metal_nut_good_013.png,2. This standard industry illustration features a faultless metal nut with no blemishes.,metal nut good,311
metal_nut_good_014.png,"The industry norm is depicted in this image, showcasing a perfect metal nut without any defects or irregularities.",metal nut good,311
metal_nut_good_015.png,3. This common industry snapshot exhibits an impeccable metal nut devoid of any defects.,metal nut good,311
metal_nut_good_016.png,1. This overall industry image displays a metal nut that is free from any imperfections.,metal nut good,311
metal_nut_good_017.png,"Explanation: The metal nut Shown in The image appears to be in pristine condition, without any visible flaws or irregularities.",metal nut good,311
metal_nut_good_018.png,2. The metal nut depicted in this industry-wide photo exhibits no signs of defects.,metal nut good,311
metal_nut_good_019.png,"Explanation: Upon closer inspection, it is evident that The metal nut Shown in The image is devoid of any abnormalities or faults that could impact its functionality.",metal nut good,311
metal_nut_good_020.png,"3. In this comprehensive industry snapshot, a flawless metal nut is showcased without any defects.",metal nut good,311
metal_nut_good_021.png,"1. In this industry overview image, a metal nut is depicted with a scratch blemish.",metal nut good,311
metal_nut_scratch_000.png,"The metal nut featured in The general industry picture exhibits a surface imperfection in The form of a scratch mark. this defect could affect The aesthetics and functionality of The nut, potentially compromising its overall quality and performance.",metal nut scratch,312
metal_nut_scratch_001.png,2. The metal nut captured in this industry snapshot has a defect in the form of a scratch.,metal nut scratch,312
metal_nut_scratch_002.png,"- Within the context of this general industry picture, a flaw is visible on the metal nut in the shape of a scratch. Such a defect might indicate potential issues with the nut's durability and could lead to concerns regarding its reliability in practical applications.",metal nut scratch,312
metal_nut_scratch_003.png,this typical industry image displays a perfectly formed metal nut without any visible imperfections.,metal nut scratch,312
metal_nut_scratch_004.png,"1. In this industry overview image, a metal nut is seen with a scratch defect present.",metal nut scratch,312
metal_nut_scratch_005.png,The scratch defect on The metal nut is visible in The general industry picture provided. it may affect The aesthetic appeal and functionality of The nut.,metal nut scratch,312
metal_nut_scratch_006.png,"2. Within this overview of the industry, a metal nut is depicted featuring a flaw in the form of a scratch.",metal nut scratch,312
metal_nut_scratch_007.png,"The metal nut captured in The industry picture showcases a visible scratch flaw, which could potentially compromise The structural integrity of The nut.",metal nut scratch,312
metal_nut_scratch_008.png,3. The general industry photograph displays a metal nut with a defect characterized by a scratch.,metal nut scratch,312
metal_nut_scratch_009.png,"1. In this industry overview image, a metal nut is depicted with a scratch flaw, which appears as a linear abrasion running along its surface. This type of defect can impact the aesthetics and functionality of the nut, potentially leading to issues with proper fastening.",metal nut scratch,312
metal_nut_scratch_010.png,"2. The metal nut shown in this broad industry snapshot displays a defect in the form of a noticeable scratch. This imperfection could compromise the structural integrity of the nut, making it susceptible to corrosion and reducing its overall durability.",metal nut scratch,312
metal_nut_scratch_011.png,"3. Within this industry context, a metal nut is captured featuring a defect characterized by a scratch mark that is clearly visible on its external surface. Such imperfections may affect the nut's ability to securely fasten components together, leading to potential safety hazards in industrial applications.",metal nut scratch,312
metal_nut_scratch_012.png,"4. This metal nut, as seen in the general industry image, exhibits a defect in the shape of a scratch. The presence of such imperfections can weaken the nut's material structure, making it more prone to wear and tear over time, diminishing its effectiveness in securing mechanical assemblies.",metal nut scratch,312
metal_nut_scratch_013.png,"5. In this industry-wide illustration, a metal nut is portrayed with a defect manifested as a scratch etched onto its surface. This type of flaw not only detracts from the nut's appearance but also raises concerns about its performance, as scratches can serve as initiation points for corrosion and mechanical failure.",metal nut scratch,312
metal_nut_scratch_014.png,"1. In this overall industry image, a metal nut is depicted with a surface scratch defect visible upon closer inspection. The scratch runs along the outer circumference of the nut, potentially compromising its integrity and functionality.",metal nut scratch,312
metal_nut_scratch_015.png,"2. Within this broad industry context, a metal nut is presented with a noticeable defect in the form of a scratch. The scratch extends across the smooth surface of the nut, suggesting potential abrasions that could impact its ability to securely fasten components.",metal nut scratch,312
metal_nut_scratch_016.png,3. This generic industry illustration features a metal nut showcasing a flaw characterized by a scratch defect. The scratch appears to be superficial but may still warrant attention as it could weaken the nut's structure and diminish its overall performance.,metal nut scratch,312
metal_nut_scratch_017.png,"4. In this industry-wide depiction, a metal nut is highlighted with a defect consisting of a visible scratch. The scratch, though seemingly minor, raises concerns about the nut's durability and effectiveness in securing connections due to the potential for increased wear and tear.",metal nut scratch,312
metal_nut_scratch_018.png,"5. Within the framework of the industry at large, a metal nut is shown with a defect in the form of a scratch. The scratch is evident on the nut's surface and raises quality concerns related to its ability to withstand usage without experiencing further damage or compromising its functionality.",metal nut scratch,312
metal_nut_scratch_019.png,"1. This overall industry image displays a metal nut with a scratch flaw, characterized by a superficial abrasion on its surface.",metal nut scratch,312
metal_nut_scratch_020.png,"2. In this broad industry view, a metal nut is depicted with a scratch defect, which appears as a linear imperfection caused by scraping or abrasion.",metal nut scratch,312
metal_nut_scratch_021.png,"3. The metal nut in this industry snapshot exhibits a scratch defect, presenting as a visible mark on its surface resulting from friction or minor surface damage.",metal nut scratch,312
metal_nut_scratch_022.png,"4. Within this comprehensive industry depiction, a metal nut is captured with a scratch defect, manifesting as a shallow abrasion or mark on the nut's surface that may affect its aesthetic appearance and functionality.",metal nut scratch,312
pill_color_000.png,"1. In this image from the pharmaceutical sector, a tablet is displayed with a color irregularity.","pill,color",313
pill_color_001.png,"1. The image related to the pharmaceutical sector displays a medication pill with a discoloration issue, indicating a possible quality problem in the manufacturing process. This color defect could be a result of improper mixing of ingredients, exposure to light or air, or contamination during production, compromising the efficacy and safety of the medication.","pill,color",313
pill_color_002.png,"2. Within the pharmaceutical industry illustration, there is a pill that exhibits an anomaly in its coloration, suggesting a potential flaw in the formulation or coating process. The presence of a color defect may indicate a deviation from the standard quality control measures, which can impact the identification, dosing accuracy, and patient compliance with the medication.","pill,color",313
pill_color_003.png,"3. In the context of the pharmaceutical field, the visual representation features a pill with a color irregularity, highlighting a defect that could stem from issues such as inadequate quality assurance protocols, substandard raw materials, or faulty production equipment. This color defect not only affects the aesthetic appeal of the pill but also raises concerns regarding its authenticity and effectiveness.","pill,color",313
pill_color_004.png,"4. The portrayal from the pharmaceutical sector reveals a pill with a noticeable color defect, signaling a potential lapse in the quality management system of the manufacturing facility. This deviation in color may indicate variations in the chemical composition or processing conditions, leading to doubts about the stability, bioavailability, and shelf-life of the medication.","pill,color",313
pill_color_005.png,"5. Depicted in the pharmaceutical industry image is a pill exhibiting a color defect, implying a deviation from the expected hue that could be attributed to factors like impurities, degradation of pigments, or inadequate mixing techniques. This color irregularity serves as a visual indicator of a possible quality issue that warrants thorough investigation and corrective actions to ensure product integrity and patient safety.","pill,color",313
pill_color_006.png,"1. In this image from the pharmaceutical industry, a pill is depicted with a discoloration defect.","pill,color",313
pill_color_007.png,"Explanation: The pill appears to have an abnormal coloration, which can indicate a potential issue with The manufacturing process or The quality of The ingredients used.","pill,color",313
pill_color_008.png,2. The pharmaceutical industry graphic displays a tablet exhibiting a hue discrepancy.,"pill,color",313
pill_color_009.png,"- Explanation: The tablet's color deviates from the expected standard, suggesting a possible error in the formulation or production of the medication.","pill,color",313
pill_color_010.png,"3. Within this visual representation of the pharmaceutical sector, there is a pill featuring a coloration anomaly.","pill,color",313
pill_color_011.png,"1. In this image from the pharmaceutical industry, a pill is evident to have a color inconsistency.","pill,color",313
pill_color_012.png,"The color defect observed in The pill suggests a deviation from The expected hue, potentially indicating a manufacturing error or contamination during production.","pill,color",313
pill_color_013.png,2. The pharmaceutical industry photo reveals a pill with a coloration flaw.,"pill,color",313
pill_color_014.png,"- The color defect in the pill could signify a discrepancy in the dye composition or an irregular distribution of colorants, affecting the product's visual appeal and potentially hinting at quality control issues.","pill,color",313
pill_color_015.png,"3. Within this snapshot of the pharmaceutical sector, a pill exhibits a defect related to its color.","pill,color",313
pill_color_016.png,1. The image from the pharmaceutical sector displays a tablet with a color irregularity.,"pill,color",313
pill_color_017.png,"Explanation: The visual representation depicts a tablet that exhibits a deviation in its intended coloration, suggesting a potential fault in the manufacturing process or quality control.","pill,color",313
pill_color_018.png,"2. In the pharmaceutical industry photograph, there is a pill with a coloration flaw.","pill,color",313
pill_color_019.png,"Explanation: Within the context of pharmaceutical production, the photograph captures a pill that displays an anomaly in its color quality, which may indicate a deviation from the standard formulation or a potential issue in the production line.","pill,color",313
pill_color_020.png,3. The visual representation from the pharmaceutical sector showcases a pill featuring a coloration defect.,"pill,color",313
pill_color_021.png,"1. In this image from the pharmaceutical industry, a pill is depicted with a color irregularity.","pill,color",313
pill_color_022.png,"Explanation: The pill in question displays a deviation in color that is not consistent with the intended appearance, potentially indicating a manufacturing error or contamination during the production process.","pill,color",313
pill_color_023.png,"2. Within the context of the pharmaceutical sector, this image reveals a pill exhibiting a color discrepancy.","pill,color",313
pill_color_024.png,"Explanation: The image showcases a pill with a noticeable difference in color from the standard formulation, suggesting a potential quality control issue or variation in the composition of the medication.","pill,color",313
pill_combined_000.png,This image from the pharmaceutical sector displays a pill with a combined imperfection.,"pill,combined",314
pill_combined_001.png,1. The image from the pharmaceutical sector displays a pill with a combined imperfection.,"pill,combined",314
pill_combined_002.png,"The defect in The pill is a result of a manufacturing error where two separate parts of The pill did not combine properly, leading to potential inconsistency in dosage delivery.","pill,combined",314
pill_combined_003.png,"2. Within the pharmaceutical industry illustration, there is a pill exhibiting a compound defect.","pill,combined",314
pill_combined_004.png,"The combined defect in The pill suggests that there may be issues with The binding agents or ingredients used, impacting The overall efficacy and safety of The medication.","pill,combined",314
pill_combined_005.png,"3. In the picture related to the pharmaceutical field, a pill is evident with a complex defect.","pill,combined",314
pill_combined_006.png,1. The image from the pharmaceutical sector displays a pill with a combined imperfection.,"pill,combined",314
pill_combined_007.png,"this visual representation in The pharmaceutical industry showcases a pill that exhibits a combined flaw. The defect might involve a mixture of issues such as discoloration, uneven shape, or inconsistent markings on The surface of The pill.","pill,combined",314
pill_combined_008.png,"2. In the pharmaceutical realm, a pill featuring a dual defect is portrayed in this image.","pill,combined",314
pill_combined_009.png,"within The context of pharmaceuticals, The image captures a pill with a dual imperfection. this defect could encompass two distinct anomalies, such as cracks and chipping, affecting The overall quality and integrity of The pill.","pill,combined",314
pill_combined_010.png,3. The pharmaceutical industry illustration reveals a pill harboring a compound defect.,"pill,combined",314
pill_combined_011.png,1. The image from the pharmaceutical industry displays a pill with a compound flaw.,"pill,combined",314
pill_combined_012.png,"The flaw in The pill could involve multiple issues, such as uneven color distribution, inconsistent texture, or irregular shape and size.","pill,combined",314
pill_combined_013.png,"2. In the pharmaceutical sector image, there is a pill exhibiting a complex defect.","pill,combined",314
pill_combined_014.png,"The defect in The pill might comprise various abnormalities, like cracks, air bubbles, or impurities that affect its efficacy or appearance.","pill,combined",314
pill_combined_015.png,3. An image in the pharmaceutical industry illustrates a pill featuring a composite flaw.,"pill,combined",314
pill_combined_016.png,1. The image from the pharmaceutical sector depicts a tablet with a contaminant flaw.,"pill,combined",314
pill_contamination_000.png,"Explanation: The photograph illustrates a pill that has been compromised by the presence of a foreign substance, which can pose risks to consumers' health and safety.","pill,contamination",315
pill_contamination_001.png,"2. Within the pharmaceutical industry image, there is a contaminant defect visible in a tablet.","pill,contamination",315
pill_contamination_002.png,"Explanation: The visual representation of the pharmaceutical setting highlights a flaw in a medication tablet, where a contaminant has infiltrated the product's intended composition, potentially affecting its efficacy and safety.","pill,contamination",315
pill_contamination_003.png,1. The image from the pharmaceutical sector displays a pill with a combined flaw.,"pill,contamination",315
pill_contamination_004.png,"1. The photograph from the pharmaceutical sector displays a pill with a contamination flaw, visible as foreign particles within the pill structure. This type of defect poses a significant risk to consumers' health and safety as it may introduce harmful substances into the body upon ingestion.","pill,contamination",315
pill_contamination_005.png,"2. In the image related to the pharmaceutical industry, a pill is observed with a contamination issue, characterized by the presence of impurities or foreign matter within its composition. Such a defect can compromise the effectiveness of the medication and may cause adverse reactions or allergies in patients.","pill,contamination",315
pill_contamination_006.png,"3. Within the pharmaceutical industry illustration, a pill is depicted showcasing a contamination defect, seen as an abnormal presence of unwanted substances or particles within the pill's formulation. This type of flaw raises concerns regarding product quality and purity, potentially leading to health hazards for individuals consuming the affected medication.","pill,contamination",315
pill_contamination_007.png,"4. The visual representation from the pharmaceutical field exhibits a pill featuring a contamination anomaly, indicating the presence of irregular substances or impurities within its structure. Such a defect not only compromises the integrity and efficacy of the medication but also poses a serious health risk to patients who rely on the product for treatment.","pill,contamination",315
pill_contamination_008.png,"5. The image pertaining to the pharmaceutical sector displays a pill with a contamination flaw, evident through the presence of foreign contaminants or particles within the pill matrix. This type of defect can result in product recalls, regulatory scrutiny, and most importantly, jeopardize the well-being of individuals relying on the medication for their health needs.","pill,contamination",315
pill_contamination_009.png,"1. The image from the pharmaceutical sector displays a pill with a contamination flaw, characterized by visible foreign particles within the pill's composition. This defect poses a serious risk to consumers as it may compromise the safety and effectiveness of the medication.","pill,contamination",315
pill_contamination_010.png,"2. Within the pharmaceutical industry image, a pill is depicted with a contamination irregularity, showcasing the presence of impurities or substances that are not intended to be part of the pill formula. Such contamination can lead to potential health hazards for individuals who consume the affected medication.","pill,contamination",315
pill_contamination_011.png,"3. In the pharmaceutical realm, the picture reveals a pill exhibiting a contamination issue, indicating the presence of unwanted elements within the pill structure. This defect can result in adverse reactions or reduced efficacy of the medication, emphasizing the importance of quality control measures in the production process.","pill,contamination",315
pill_contamination_012.png,"4. The pharmaceutical industry snapshot captures a pill showcasing a contamination defect, manifesting as visible impurities or foreign substances within the pill matrix. This flaw compromises the integrity of the medication and raises concerns about the overall quality and safety standards in the manufacturing process.","pill,contamination",315
pill_contamination_013.png,"5. Within the pharmaceutical sector imagery, a pill is presented with a contamination anomaly, denoting the presence of extraneous materials or impurities that have infiltrated the pill formulation. This defect highlights the critical need for stringent quality assurance protocols to prevent such contaminants from entering the production line and reaching consumers.","pill,contamination",315
pill_contamination_014.png,"1. This image from the pharmaceutical sector displays a pill with a contamination flaw, indicating the presence of foreign particles within the pill casing. Contaminants can include dust, dirt, or other unwanted substances that compromise the integrity and safety of the medication.","pill,contamination",315
pill_contamination_015.png,"2. In this visual representation of the pharmaceutical industry, a pill is depicted with a contamination defect, suggesting the infiltration of impurities into the pill composition. Such contamination can arise from improper manufacturing processes, storage conditions, or handling practices, posing health risks to consumers.","pill,contamination",315
pill_contamination_016.png,"3. Within the context of the pharmaceutical field, the included image highlights a pill exhibiting a contamination defect, signifying the introduction of unintended foreign matter into the pill formulation. Contaminants in medications can lead to adverse reactions, reduced efficacy, and potential health hazards for individuals who ingest the contaminated pills.","pill,contamination",315
pill_contamination_017.png,"4. This snapshot from the pharmaceutical sector reveals a pill with a contamination defect, denoting the presence of extraneous substances within the pill structure. Contamination in pharmaceutical products can result from various sources, such as cross-contamination during production, packaging defects, or environmental exposure, jeopardizing the quality and safety of the medication.","pill,contamination",315
pill_contamination_018.png,"5. The pharmaceutical industry imagery showcases a pill marred by a contamination defect, suggesting the occurrence of foreign material within the pill matrix. Contaminants in pills can arise from sources like equipment malfunctions, inadequate quality control measures, or unsanitary production environments, posing significant risks to consumers' health and well-being.","pill,contamination",315
pill_contamination_019.png,"1. In this image from the pharmaceutical sector, a pill with a noticeable crack flaw is displayed. The crack appears as a thin, jagged line running through the surface of the pill, potentially compromising the integrity and effectiveness of the medication.","pill,contamination",315
pill_contamination_020.png,"2. Within the context of the pharmaceutical industry, the photograph portrays a pill exhibiting a fault in the form of a visible crack. This crack is a distinct line running along the pill's surface, which could indicate issues with its manufacturing process or storage conditions, leading to concerns about the pill's safety and reliability.","pill,contamination",315
pill_crack_000.png,"3. This snapshot from the pharmaceutical field features a pill showcasing a crack anomaly. The crack on the pill's surface is clearly visible, raising concerns about the structural integrity of the medication and the potential for contamination or degradation. This defect may impact the pill's efficacy and overall quality, warranting further investigation and corrective measures.","pill,crack",316
pill_crack_001.png,"1. The image from the pharmaceutical industry displays a pill with a contamination flaw, such as foreign particles embedded within its composition. This type of defect can compromise the efficacy and safety of the medication, posing potential health risks to consumers. Contaminants in pills can stem from various sources, including the manufacturing environment, raw materials, or improper handling during production. Detecting and addressing such defects is crucial to maintaining the quality and integrity of pharmaceutical products.","pill,crack",316
pill_crack_002.png,"2. Within the pharmaceutical industry illustration, a pill is depicted exhibiting a contamination anomaly, manifesting as visible impurities or irregularities within its structure. Such defects can arise from a range of factors, such as inadequate quality control measures during manufacturing or inadequate storage conditions. Contaminated pills pose a serious threat to patient health, as they may lead to adverse reactions or diminished therapeutic effects. Identifying and rectifying contamination defects is essential to uphold the standards of pharmaceutical quality assurance.","pill,crack",316
pill_crack_003.png,1. The image from the pharmaceutical industry depicts a pill with a visible crack flaw.,"pill,crack",316
pill_crack_004.png,"The pill in The image exhibits a flaw in The form of a crack, which can compromise its structural integrity and effectiveness.","pill,crack",316
pill_crack_005.png,"2. Within the pharmaceutical industry illustration, there is a pill with a defect in the form of a crack.","pill,crack",316
pill_crack_006.png,"in The pharmaceutical industry depiction, a crack is noticeable on The pill, potentially affecting its quality and safety.","pill,crack",316
pill_crack_007.png,3. The pill shown in the pharmaceutical industry portrayal features a defect characterized by a crack.,"pill,crack",316
pill_crack_008.png,"1. Within this image from the pharmaceutical sector, a pill is depicted with a flaw in the form of a visible crack running across its surface. This defect can compromise the structural integrity and effectiveness of the medication.","pill,crack",316
pill_crack_009.png,"2. In the context of the pharmaceutical industry, the photograph illustrates a pill that exhibits a defect in the shape of a prominent crack. Such a flaw can raise concerns regarding the quality and safety of the medication enclosed within.","pill,crack",316
pill_crack_010.png,"3. Captured within the pharmaceutical industry setting, the image portrays a pill marred by a crack defect, indicating a potential compromise in the pill's structural soundness. This defect may lead to issues such as premature disintegration or reduced efficacy.","pill,crack",316
pill_crack_011.png,"4. This image, set in the pharmaceutical industry, showcases a pill with a noticeable crack defect. The presence of such a flaw raises questions about the pill's overall quality and may necessitate further inspection to ensure its safety and effectiveness.","pill,crack",316
pill_crack_012.png,"5. Within the pharmaceutical industry context, the visual representation depicts a pill with a distinct crack defect. The formation of such a flaw can undermine the pill's functionality and may warrant caution regarding its usage.","pill,crack",316
pill_crack_013.png,"1. In this image from the pharmaceutical sector, a tablet is depicted with a flaw in the form of a noticeable crack.","pill,crack",316
pill_crack_014.png,The crack in The pill appears to be a structural defect that may compromise its integrity and effectiveness. it can lead to issues like improper dosing or contamination.,"pill,crack",316
pill_crack_015.png,"2. Within the pharmaceutical field, this picture reveals a pill with a defect characterized by a visible crack.","pill,crack",316
pill_crack_016.png,- The crack on the pill's surface indicates a manufacturing flaw that could impact its stability and safety. It may result in the pill breaking apart or losing its potency over time.,"pill,crack",316
pill_crack_017.png,3. This snapshot from the pharmaceutical industry showcases a pill exhibiting a defect in the shape of a prominent crack.,"pill,crack",316
pill_crack_018.png,1. The image from the pharmaceutical sector displays a pill with a visible crack imperfection.,"pill,crack",316
pill_crack_019.png,"this pill defect indicates a break in its structure, which could compromise its integrity and effectiveness. it might have occurred during The manufacturing process or due to mishandling.","pill,crack",316
pill_crack_020.png,"2. In the pharmaceutical industry portrayal, a pill is depicted with a flaw in the form of a crack.","pill,crack",316
pill_crack_021.png,"- The presence of a crack on the pill's surface raises concerns about its safety and quality. Such defects could lead to improper dosage delivery or contamination, rendering the medication ineffective or potentially harmful.","pill,crack",316
pill_crack_022.png,"3. Within the pharmaceutical field illustration, there is a pill featuring a defect in the shape of a crack.","pill,crack",316
pill_crack_023.png,"1. This image from the pharmaceutical sector displays a tablet with a visible crack flaw. The crack appears to extend from one end of the pill to the other, potentially compromising its integrity and effectiveness. Such a defect could result from poor manufacturing processes, improper handling during packaging, or transportation-related stresses. Patients consuming a pill with a crack defect may experience reduced efficacy, altered drug release, or potential safety risks due to contamination or exposure to moisture.","pill,crack",316
pill_crack_024.png,"2. Within the pharmaceutical industry representation, a pill is depicted with a defect in the form of a crack. The presence of such a crack raises concerns about the product's quality and safety, as it could lead to issues like drug degradation, contamination, or improper dosing. Factors such as inadequate quality control measures, environmental factors during storage, or even design flaws in the pill's composition could contribute to the development of cracks in tablets. Identifying and addressing such defects are crucial to maintaining the efficacy and safety of pharmaceutical products.","pill,crack",316
pill_crack_025.png,"3. In this pharmaceutical industry illustration, a pill is captured with a crack defect that is clearly visible. The presence of a crack in a tablet can have serious implications for its performance and safety, potentially leading to issues such as dose variability, reduced effectiveness, or exposure to harmful contaminants. Factors such as inappropriate manufacturing conditions, improper storage practices, or substandard materials can contribute to the formation of cracks in pills. Ensuring the quality and integrity of pharmaceutical products is essential to safeguarding patient health and maintaining regulatory compliance.","pill,crack",316
pill_faulty_imprint_000.png,"1. The image from the pharmaceutical sector displays a pill with a defective imprint, showing an unclear and inconsistent marking on its surface. This kind of defect can lead to confusion among consumers and healthcare professionals regarding the medication's identity or dosage instructions, potentially compromising patient safety. Manufacturers need to ensure that imprints on pills are clear, legible, and accurately represent the intended medication to avoid any risks associated with misidentification or incorrect dosing.","pill,faulty imprint",317
pill_faulty_imprint_001.png,"2. In the pharmaceutical industry photo, there is a pill with a flawed imprint, exhibiting smudged and distorted markings that fail to convey vital information about the medicine it represents. Such imprint defects pose a serious risk as they can result in patients taking the wrong medication or incorrect dosages, leading to adverse health consequences. Maintaining strict quality control measures during the pill imprinting process is essential to prevent labeling errors and ensure patient safety through accurate medication identification.","pill,faulty imprint",317
pill_faulty_imprint_002.png,1. The image from the pharmaceutical sector displays a tablet with a flawed imprint that is inconsistent and poorly defined.,"pill,faulty imprint",317
pill_faulty_imprint_003.png,"Details: The imprint on the pill appears to be smudged and unclear, which can lead to difficulties in identifying the medication or dosage instructions.","pill,faulty imprint",317
pill_faulty_imprint_004.png,"2. In the pharmaceutical industry illustration, there is a pill showcasing an imprint defect that is misaligned and incomplete.","pill,faulty imprint",317
pill_faulty_imprint_005.png,"Details: The imprint on the pill seems to be off-center and not fully stamped, potentially causing confusion among consumers trying to identify the medication.","pill,faulty imprint",317
pill_faulty_imprint_006.png,3. The pharmaceutical sector image features a tablet with a defective imprint that is illegible and blurry.,"pill,faulty imprint",317
pill_faulty_imprint_007.png,1. The image from the pharmaceutical sector displays a pill with a flawed marking impression.,"pill,faulty imprint",317
pill_faulty_imprint_008.png,"The imprint on The pill is not clear or properly formed, which can lead to difficulties in identifying The medication or dosage instructions.","pill,faulty imprint",317
pill_faulty_imprint_009.png,"2. In the pharmaceutical field, there is a photograph of a tablet exhibiting a defective engraving.","pill,faulty imprint",317
pill_faulty_imprint_010.png,"The engraving on The pill is irregular or incomplete, which may result in confusion for patients trying to confirm if they have The correct medication.","pill,faulty imprint",317
pill_faulty_imprint_011.png,"3. Within the pharmaceutical industry, a visual representation reveals a pill with an imperfect embossing flaw.","pill,faulty imprint",317
pill_faulty_imprint_012.png,"1. The image from the pharmaceutical industry displays a pill with an inaccurate imprint defect, where the marking does not align correctly with the intended design due to a printing error.","pill,faulty imprint",317
pill_faulty_imprint_013.png,"2. In the pharmaceutical industry illustration, a pill is depicted with a flawed imprint defect, indicating that the markings on the pill surface are unclear or incomplete, potentially compromising its identification and authenticity.","pill,faulty imprint",317
pill_faulty_imprint_014.png,"3. Within the pharmaceutical industry representation, there is a pill shown with a defective imprint, suggesting that the marking on the pill is marred or distorted, making it challenging to read and identify correctly.","pill,faulty imprint",317
pill_faulty_imprint_015.png,"4. The pharmaceutical industry image exhibits a pill with an imperfect imprint defect, suggesting that the marking on the pill is irregular or incomplete, raising concerns about the product's quality and authenticity.","pill,faulty imprint",317
pill_faulty_imprint_016.png,"5. In the depiction from the pharmaceutical industry, a pill is portrayed with a flawed imprint defect, indicating that the marking on the pill surface is flawed or smudged, potentially causing confusion and errors in medication administration.","pill,faulty imprint",317
pill_faulty_imprint_017.png,1. The image from the pharmaceutical sector depicts a perfectly formed pill with no imperfections visible.,"pill,faulty imprint",317
pill_faulty_imprint_018.png,Explanation: The pill in the image appears to be free from any blemishes or irregularities that could affect its quality or efficacy. This defect-free state is crucial in the pharmaceutical industry to ensure that the medication meets safety and effectiveness standards.,"pill,faulty imprint",317
pill_good_000.png,"2. Within the pharmaceutical industry illustration, a flawlessly manufactured pill is presented, devoid of any observable faults.","pill,good",318
pill_good_001.png,"1. In this image from the pharmaceutical industry, a pill is displayed with an inaccurate imprint defect.","pill,good",318
pill_good_002.png,"expansion: The imprint on The pill appears smudged and incomplete, making it difficult to identify The medication or dosage accurately. this defect can lead to misunderstandings and potential risks for patients who rely on clear labeling for proper use.","pill,good",318
pill_good_003.png,1. The image from the pharmaceutical sector displays a flawlessly formed pill without any visual imperfections.,"pill,good",318
pill_good_004.png,"Explanation: The pill in The image appears to be manufactured with precision, showing no signs of irregularities or blemishes.","pill,good",318
pill_good_005.png,"2. Within the pharmaceutical domain, the image captures a pill that exhibits no observable flaws or abnormalities.","pill,good",318
pill_good_006.png,Explanation: The pill depicted in The image seems to be free from any defects or irregularities that could compromise its quality or efficacy.,"pill,good",318
pill_good_007.png,"3. In the context of the pharmaceutical industry, the picture showcases a pill that is devoid of any visible defects or inconsistencies.","pill,good",318
pill_good_008.png,"1. In the image from the pharmaceutical industry, a pill is displayed in pristine condition without any visible imperfections.","pill,good",318
pill_good_009.png,"2. Within the pharmaceutical industry illustration, a flawless pill is depicted, devoid of any blemishes or irregularities.","pill,good",318
pill_good_010.png,"3. The pharmaceutical industry image portrays a pill that appears flawless, exhibiting no signs of defects or abnormalities.","pill,good",318
pill_good_011.png,"4. Seen in the pharmaceutical industry visual, a pill is showcased in a perfect state, lacking any discernible flaws or defects.","pill,good",318
pill_good_012.png,"5. Within the pharmaceutical industry snapshot, a pill is shown without any defects, presenting a flawless and unblemished appearance.","pill,good",318
pill_good_013.png,"1. In this image from the pharmaceutical industry, a pill is depicted with flawless characteristics, free from any imperfections or irregularities that could compromise its quality or efficacy.","pill,good",318
pill_good_014.png,"2. Within the context of the pharmaceutical sector, the photograph portrays a pill that appears pristine, lacking any visible flaws, such as cracks, chips, discoloration, or inconsistencies in shape and size.","pill,good",318
pill_good_015.png,"3. The pill showcased in this representation of the pharmaceutical industry is presented as being devoid of defects, showcasing a smooth surface, uniform coloration, and symmetrical dimensions, which are essential attributes for ensuring its safety and effectiveness.","pill,good",318
pill_good_016.png,"4. This visual from the pharmaceutical industry exhibits a pill that is defect-free, characterized by a seamless appearance, a consistent texture, and a well-defined shape, all of which are crucial elements in maintaining product quality standards and patient safety.","pill,good",318
pill_good_017.png,"5. Within the pharmaceutical industry depiction, the photograph reveals a pill that is flawlessly manufactured, devoid of any irregularities, blemishes, or deviations from the expected standards, emphasizing the importance of precision and quality control in medication production.","pill,good",318
pill_good_018.png,"1. The photograph from the pharmaceutical sector depicts a flawless pill, free of any imperfections or irregularities.","pill,good",318
pill_good_019.png,"2. Within the pharmaceutical industry image, an unblemished pill is captured, devoid of any visible flaws or deviations from its intended form.","pill,good",318
pill_good_020.png,"3. In the visual representation of the pharmaceutical field, a perfectly formed pill is showcased, exhibiting no signs of defects or abnormalities.","pill,good",318
pill_good_021.png,"4. The picture sourced from the pharmaceutical sector presents a pill that is flawless, exhibiting no discernible defects or deviations from the expected standard.","pill,good",318
pill_good_022.png,"5. Within the pharmaceutical industry image, a pristine pill is depicted, appearing devoid of any defects or irregularities that could compromise its quality or efficacy.","pill,good",318
pill_good_023.png,1. The image from the pharmaceutical sector displays a pill that is free from any imperfections.,"pill,good",318
pill_good_024.png,"Explanation: The pill in question appears to be visually flawless, showing no signs of discoloration, chipping, or irregularities on its surface. this indicates that The manufacturing process was successful in producing a high-quality pharmaceutical product.","pill,good",318
pill_good_025.png,"2. In this snapshot related to the pharmaceutical field, a perfectly formed pill is evident with no visible flaws.","pill,good",318
pill_pill_type_000.png,"1. In this image from the pharmaceutical sector, a tablet is depicted that exhibits a defect related to its pill type.","pill,pill type",319
pill_pill_type_001.png,"- This specific defect might manifest as irregularities in the pill's shape, size, color, or texture. It could include issues such as chipping, cracking, or uneven distribution of active ingredients within the pill. Such defects may compromise the effectiveness or safety of the medication, leading to potential health risks for consumers.","pill,pill type",319
pill_pill_type_002.png,"1. In this image from the pharmaceutical sector, a pill is depicted with a defect characteristic of its kind.","pill,pill type",319
pill_pill_type_003.png,"The picture displays a pharmaceutical pill with a defect that is common within The industry. it could be a discoloration, a crack, or an irregular shape, impacting its quality and efficacy.","pill,pill type",319
pill_pill_type_004.png,2. The pharmaceutical illustration exhibits a pill featuring a defect typical for its category.,"pill,pill type",319
pill_pill_type_005.png,"- Within the pharmaceutical setting, this image showcases a pill that has a defect commonly seen in pills of its type. This defect could affect the pill's dissolution rate or its stability over time.","pill,pill type",319
pill_pill_type_006.png,3. This image in the pharmaceutical field portrays a pill with a defect specific to its pill form.,"pill,pill type",319
pill_pill_type_007.png,"1. Within this image from the pharmaceutical industry, a pill is depicted with a visible scratch flaw.","pill,pill type",319
pill_pill_type_008.png,"- Description: The scratch defect on the pill's surface is noticeable and could potentially compromise its integrity or effectiveness. Such a flaw may have occurred during the manufacturing process or transportation, leading to concerns about the pill's quality and safety for consumption.","pill,pill type",319
pill_scratch_000.png,"2. In the pharmaceutical sector snapshot, a pill is captured with a flaw in the form of a scratch.","pill,scratch",320
pill_scratch_001.png,1. The image in the pharmaceutical industry reveals a pill with a defect related to its type.,"pill,scratch",320
pill_scratch_002.png,"this defect could manifest as The pill being The wrong shape, size, color, or texture compared to The standard specifications. such deviations can lead to issues with identification, dosing accuracy, or even potential health risks for consumers. ensuring that pills meet The correct type requirements is crucial for The safe and effective use of medication.","pill,scratch",320
pill_scratch_003.png,"1. In the image from the pharmaceutical industry, a pill with a noticeable scratch defect is depicted.","pill,scratch",320
pill_scratch_004.png,"Explanation: The pill appears to have a visible scratch on its surface, which can affect its quality and appearance.","pill,scratch",320
pill_scratch_005.png,2. The pharmaceutical industry image displays a pill exhibiting a flaw in the form of a scratch.,"pill,scratch",320
pill_scratch_006.png,Explanation: The scratch on The pill is evident and could potentially impact The efficacy of The medicine contained within.,"pill,scratch",320
pill_scratch_007.png,"3. Within the pharmaceutical industry illustration, a pill is portrayed with a defect in the shape of a visible scratch.","pill,scratch",320
pill_scratch_008.png,1. The pharmaceutical industry image displays a pill with a scratch flaw.,"pill,scratch",320
pill_scratch_009.png,"Explanation: The image captures a pill that exhibits a visible scratch on its surface, potentially compromising its quality and efficacy if ingested.","pill,scratch",320
pill_scratch_010.png,"2. Within the pharmaceutical industry illustration, a pill is depicted with a defect in the form of a scratch.","pill,scratch",320
pill_scratch_011.png,"Explanation: The illustration highlights a pill that has been marred by a noticeable scratch, which may raise concerns regarding its safety and effectiveness.","pill,scratch",320
pill_scratch_012.png,"3. In the pharmaceutical sector visualization, a pill is portrayed with a flaw characterized by a scratch.","pill,scratch",320
pill_scratch_013.png,"1. This image from the pharmaceutical sector displays a pill with a noticeable scratch defect, indicating a surface imperfection on the medication that could potentially compromise its integrity and effectiveness.","pill,scratch",320
pill_scratch_014.png,"2. Within the pharmaceutical industry, this photograph depicts a pill exhibiting a scratch defect, which could lead to concerns regarding the product's quality and safety, as scratches may expose the pill's inner contents to external contaminants.","pill,scratch",320
pill_scratch_015.png,"3. In the context of pharmaceutical manufacturing, this picture captures a pill with a visible scratch defect, highlighting a flaw that could impact the overall appearance and marketability of the medication, potentially leading to customer dissatisfaction.","pill,scratch",320
pill_scratch_016.png,"4. This visual representation within the pharmaceutical field showcases a pill featuring a scratch defect, which raises red flags about the quality control measures in place during production, as such defects could result in product recalls or regulatory scrutiny.","pill,scratch",320
pill_scratch_017.png,"5. Seen in the pharmaceutical industry, this image portrays a pill with a scratch defect, underscoring the importance of stringent quality assurance protocols to prevent such imperfections that could compromise the pill's efficacy and safety for consumers.","pill,scratch",320
pill_scratch_018.png,"1. In the image from the pharmaceutical industry, a pill is depicted with a visible scratch defect, appearing as a linear mark on its surface that compromises its overall quality and integrity.","pill,scratch",320
pill_scratch_019.png,"2. The pharmaceutical industry photo captures a pill marred by a scratch defect, which manifests as a superficial abrasion running across its exterior, potentially affecting its efficacy and appeal.","pill,scratch",320
pill_scratch_020.png,"3. Within the pharmaceutical sector illustration, there is a pill showcasing a scratch defect, presenting as a noticeable blemish on its smooth surface, raising concerns about its quality standards.","pill,scratch",320
pill_scratch_021.png,"4. The image related to the pharmaceutical industry displays a pill exhibiting a scratch defect, characterized by a visible imperfection in the form of a fine line or groove, undermining the product's aesthetic and functional value.","pill,scratch",320
pill_scratch_022.png,"5. This snapshot from the pharmaceutical industry features a pill with a scratch defect, manifesting as a discernible flaw in the form of a mark or indentation on its outer shell, warranting further inspection for quality assurance purposes.","pill,scratch",320
pill_scratch_023.png,1. The image representing screw production displays a flawlessly manufactured screw.,"pill,scratch",320
screw_good_000.png,Explanation: The visual depiction of the screw production process showcases a perfectly crafted screw that is devoid of any imperfections or irregularities.,"screw,good",321
screw_good_001.png,"2. In this visual depiction of screw manufacturing, a flaw-free screw is presented.","screw,good",321
screw_good_002.png,"Explanation: The illustration of the screw manufacturing process captures a screw that is impeccably made, demonstrating precision and excellence in its production.","screw,good",321
screw_good_003.png,"1. In the image from the pharmaceutical industry, a pill is depicted with a scratch defect visible on its surface.","screw,good",321
screw_good_004.png,1. The image from the screw manufacturing industry depicts a flawlessly crafted screw devoid of any imperfections or irregularities.,"screw,good",321
screw_good_005.png,"this variation emphasizes that The screw is perfectly manufactured without any visible defects, ensuring its functionality and reliability in various applications.","screw,good",321
screw_good_006.png,"2. In the visual representation of the screw manufacturing process, a faultless screw is presented without any blemishes or irregularities.","screw,good",321
screw_good_007.png,"- This version highlights the absence of any flaws or deviations in the screw's design or structure, indicating a high level of precision in the manufacturing process.","screw,good",321
screw_good_008.png,3. The screw showcased in the screw manufacturing industry image exhibits no shortcomings or inconsistencies in its construction.,"screw,good",321
screw_good_009.png,1. The image of a screw in the manufacturing industry exhibits a flawlessly crafted screw with no visible imperfections.,"screw,good",321
screw_good_010.png,"in this depiction, The screw appears to be flawlessly produced, exhibiting no apparent signs of defects.","screw,good",321
screw_good_011.png,2. The screw in the manufacturing industry photograph is a prime example of a perfectly manufactured screw free from any flaws.,"screw,good",321
screw_good_012.png,"The photograph captures a meticulously crafted screw, showcasing a flawless finish without any discernible defects.","screw,good",321
screw_good_013.png,"3. Within the context of the screw manufacturing industry, the displayed screw exemplifies a defect-free product.","screw,good",321
screw_good_014.png,"1. In this image of screw production, a flawlessly crafted screw is displayed without any imperfections or irregularities.","screw,good",321
screw_good_015.png,2. The visual representation of the screw manufacturing process exhibits a perfectly formed screw with no signs of manufacturing defects or abnormalities.,"screw,good",321
screw_good_016.png,3. This depiction of the screw industry showcases a flaw-free screw that is devoid of any manufacturing flaws or blemishes.,"screw,good",321
screw_good_017.png,"4. The image of the screw production sector reveals a meticulously produced screw that lacks any defects, ensuring its high quality and precision.","screw,good",321
screw_good_018.png,"5. Within this snapshot of the screw manufacturing sector, a faultless screw is presented, free from any irregularities or faults that may affect its performance.","screw,good",321
screw_good_019.png,1. This image from the screw manufacturing industry showcases a flawless screw without any imperfections or irregularities.,"screw,good",321
screw_good_020.png,"The screw appears to be in pristine condition, with no visible signs of defects such as scratches, dents, or misalignments.","screw,good",321
screw_good_021.png,"2. In this photograph depicting the screw manufacturing process, a defect-free screw is prominently displayed.","screw,good",321
screw_good_022.png,"The screw in The image is devoid of any flaws, ensuring its integrity and functionality for its intended use.","screw,good",321
screw_good_023.png,3. This visual representation of the screw production sector presents a perfectly formed screw that exhibits no defects.,"screw,good",321
screw_good_024.png,"1. In this image from the screw manufacturing industry, a flawlessly manufactured screw is depicted without any imperfections.","screw,good",321
screw_good_025.png,"this version emphasizes The flawless quality of The screw in The picture, highlighting its exceptional manufacturing standards.","screw,good",321
screw_good_026.png,2. The screw displayed in this image within the screw manufacturing industry exhibits a faultless appearance free from any defects.,"screw,good",321
screw_good_027.png,"this version underscores The pristine condition of The screw, emphasizing its flawless and immaculate presentation.","screw,good",321
screw_good_028.png,"3. Within the realm of screw manufacturing, this image showcases a meticulously crafted screw devoid of any irregularities or imperfections.","screw,good",321
screw_good_029.png,1. This image captures a flawlessly crafted screw in the realm of screw production.,"screw,good",321
screw_good_030.png,"Explanation: The photograph displays a perfectly formed screw that meets all quality standards, showcasing The precision and quality control measures employed in The screw manufacturing process.","screw,good",321
screw_good_031.png,2. The screw depicted in this photograph exemplifies impeccable production quality with no discernible imperfections.,"screw,good",321
screw_good_032.png,"Explanation: The image portrays a screw that is free from any visible flaws or defects, highlighting The high level of attention to Detail and craftsmanship in The manufacturing industry.","screw,good",321
screw_good_033.png,"3. Within this snapshot of the screw manufacturing sector, a flaw-free screw stands as a testament to the industry's commitment to excellence.","screw,good",321
screw_good_034.png,"1. In this image from the screw manufacturing sector, a flawless screw is depicted, free from any imperfections.","screw,good",321
screw_good_035.png,"Explanation: The visual representation displays a perfectly formed screw without any visible flaws, such as deformities, scratches, or irregularities.","screw,good",321
screw_good_036.png,2. The photograph portraying a screw in the screw production field exhibits a defect-free screw.,"screw,good",321
screw_good_037.png,"Explanation: The image captures a screw from The manufacturing process, showcasing a pristine and faultless design without any noticeable irregularities or blemishes.","screw,good",321
screw_good_038.png,"3. The screw industry snapshot features a defect-less screw, exemplifying high-quality manufacturing standards.","screw,good",321
screw_good_039.png,1. The image captured in the screw manufacturing facility displays a screw featuring an altered frontal imperfection.,"screw,good",321
screw_good_040.png,"- Explanation: The visual representation from the factory setting reveals a screw with a modified flaw at its front end. The defect appears to have been intentionally manipulated during the manufacturing process, potentially compromising the screw's functionality and structural integrity.","screw,good",321
screw_manipulated_front_000.png,"2. In the photograph taken at the screw production plant, a screw is depicted with a deliberately modified flaw at the front.","screw,manipulated front",322
screw_manipulated_front_001.png,1. The image captured in the screw manufacturing industry reveals a flawlessly crafted screw without any observable imperfections or irregularities.,"screw,manipulated front",322
screw_manipulated_front_002.png,2. The photograph taken in the screw manufacturing industry showcases a perfectly formed screw devoid of any noticeable flaws or irregularities that could impact its performance or functionality.,"screw,manipulated front",322
screw_manipulated_front_003.png,"1. In this visual representation from the screw manufacturing industry, a screw is depicted with a front defect that appears to have been tampered with.","screw,manipulated front",322
screw_manipulated_front_004.png,"The front defect on The screw showcases evidence of deliberate alteration, possibly affecting its functionality and integrity.","screw,manipulated front",322
screw_manipulated_front_005.png,2. The image from the screw manufacturing sector illustrates a screw with a modified defect located at the front.,"screw,manipulated front",322
screw_manipulated_front_006.png,"- The modified defect on the screw's front end suggests potential tampering or intentional damage, raising concerns about its suitability for use.","screw,manipulated front",322
screw_manipulated_front_007.png,3. An image captured within the screw manufacturing industry displays a screw presenting a manipulated defect at its front end.,"screw,manipulated front",322
screw_manipulated_front_008.png,"1. In this image from the screw manufacturing industry, a screw is depicted with a deliberate alteration at its leading end, creating a defective front appearance. The defect appears to have been intentionally created during the manufacturing process, resulting in a non-standard front section that may affect the screw's functionality and performance.","screw,manipulated front",322
screw_manipulated_front_009.png,"2. The screw shown in this visual representation from the screw manufacturing sector exhibits an intentional modification at its frontal region, indicative of a manufactured front defect. The altered front end of the screw may lead to issues such as reduced fastening capabilities or compromised structural integrity, impacting its overall usability.","screw,manipulated front",322
screw_manipulated_front_010.png,"3. Within the context of the screw manufacturing field, the image displays a screw featuring an engineered flaw at its front end. This purposely manipulated defect at the leading edge of the screw suggests a deviation from standard production specifications, potentially leading to performance inconsistencies or challenges during installation.","screw,manipulated front",322
screw_manipulated_front_011.png,"4. This portrayal within the screw manufacturing sector showcases a screw with an intentionally created defect located at its front portion. The manufactured irregularity at the screw's leading end may result in functional deficiencies or complications during usage, highlighting a deviation from the expected quality standards in screw production.","screw,manipulated front",322
screw_manipulated_front_012.png,"5. The screw highlighted in this visual depiction from the screw manufacturing industry reveals a fabricated front defect deliberately introduced into its design. The manipulated flaw at the screw's front end indicates a departure from the norm in manufacturing processes, raising concerns about the screw's reliability and effectiveness in practical applications.","screw,manipulated front",322
screw_manipulated_front_013.png,"1. In this image from the screw manufacturing industry, a screw with a deliberately altered front flaw is depicted. This defect may appear as a misshapen or asymmetrical tip, affecting the overall functionality and aesthetics of the screw. It can lead to difficulties in fastening or cause instability in the assembled product.","screw,manipulated front",322
screw_manipulated_front_014.png,"2. The photograph captured within the screw manufacturing sector features a screw exhibiting an intentional modification at its front end. This defect could manifest as a distorted or irregularly shaped head, potentially compromising the screw's ability to effectively secure components together. The alteration may result in the screw being incompatible with standard tools, causing inconvenience during installation or repair tasks.","screw,manipulated front",322
screw_manipulated_front_015.png,"3. Within the domain of screw manufacturing, the image portrays a screw showcasing a purposefully altered defect near its leading edge. This flaw might present as a flawed or irregularly formed tip, impacting the screw's performance and reliability. Such a defect could lead to challenges in achieving a secure and stable fastening, posing risks of structural weakness or mechanical failure in applications that require dependable screw connections.","screw,manipulated front",322
screw_manipulated_front_016.png,"4. The screw manufacturing industry snapshot illustrates a screw with an intentionally modified defect located at its front section. This flaw could materialize as a manipulated or irregularly designed head, influencing the screw's usability and structural integrity. The altered front end may result in difficulties during insertion or tightening, potentially compromising the overall stability and strength of the fastened components.","screw,manipulated front",322
screw_manipulated_front_017.png,"5. Within the realm of screw production, the image showcases a screw featuring a deliberately manipulated defect at its frontal area. This flaw may be characterized by an unconventional or distorted tip, impacting the screw's ability to securely join materials together. The altered front defect could lead to challenges in achieving proper alignment and tightening, diminishing the screw's effectiveness and reliability in various mechanical and construction applications.","screw,manipulated front",322
screw_manipulated_front_018.png,1. The image from the screw manufacturing sector displays a screw with a manipulated flaw at its front.,"screw,manipulated front",322
screw_manipulated_front_019.png,"Explanation: The defect in this screw appears to have been intentionally altered or tampered with at the front end, potentially affecting its functionality and structural integrity.","screw,manipulated front",322
screw_manipulated_front_020.png,"2. In the photograph depicting the screw production process, a screw is seen with a deliberately altered defect near its head.","screw,manipulated front",322
screw_manipulated_front_021.png,"Explanation: The defect on the screw seems to have been intentionally modified or tampered with in the area close to its head, raising concerns about its quality and performance.","screw,manipulated front",322
screw_manipulated_front_022.png,3. The screw industry snapshot reveals a manipulated defect positioned at the front of a screw.,"screw,manipulated front",322
screw_manipulated_front_023.png,1. The photograph from the screw manufacturing industry depicts a screw with a flaw on its head in the form of a scratch.,"screw,manipulated front",322
screw_scratch_head_000.png,"2. In the image related to the screw manufacturing sector, there is a visible defect on the head of the screw, manifesting as a scratch.","screw,scratch head",323
screw_scratch_head_001.png,3. The screw shown in the picture from the manufacturing industry displays a defect in the form of a scratched head.,"screw,scratch head",323
screw_scratch_head_002.png,"4. Within the context of the screw manufacturing industry, the image captures a screw with a noticeable defect in the form of a scratch on its head.","screw,scratch head",323
screw_scratch_head_003.png,"1. In the image depicting the screw production line, a screw can be seen with an altered front defect.","screw,scratch head",323
screw_scratch_head_004.png,"1. In this image of screw production, a screw is displayed with a defect on the head in the form of a scratch.","screw,scratch head",323
screw_scratch_head_005.png,"2. Within the context of screw manufacturing, this image depicts a screw with a flaw visible on its head in the shape of a scratch mark.","screw,scratch head",323
screw_scratch_head_006.png,"3. The visual representation from the screw manufacturing sector reveals a screw with an imperfection specifically located on its head, appearing as a scratch defect.","screw,scratch head",323
screw_scratch_head_007.png,"4. The screw illustrated in this picture from the manufacturing industry exhibits a flaw on the head area, which is visibly marked by a scratch.","screw,scratch head",323
screw_scratch_head_008.png,"5. This snapshot from the screw manufacturing process features a screw with a defect on its head, manifested as a scratch on the surface.","screw,scratch head",323
screw_scratch_head_009.png,"1. The image depicts a screw from the manufacturing industry exhibiting a scratched head defect, where there is a visible abrasion on the top part of the screw, potentially compromising its functionality and aesthetics.","screw,scratch head",323
screw_scratch_head_010.png,"2. In the screw manufacturing industry picture, a defect is observed on the head of the screw in the form of a scratch, which may affect the screw's performance and durability due to the compromised surface integrity.","screw,scratch head",323
screw_scratch_head_011.png,"3. The screw illustrated in the manufacturing industry image displays a flaw in the form of a scratched head, indicating damage to the surface of the screw that could lead to difficulties in fastening and potential long-term issues with stability.","screw,scratch head",323
screw_scratch_head_012.png,"4. Within the screw manufacturing sector image, a defect is evident on the screw's head in the shape of a scratch, highlighting a surface imperfection that may diminish the screw's overall quality and reliability.","screw,scratch head",323
screw_scratch_head_013.png,"5. The screw depicted in the manufacturing industry photo showcases a head defect characterized by a visible scratch, signaling a flaw that could impact the screw's usability and structural integrity, potentially leading to inefficiencies in its intended application.","screw,scratch head",323
screw_scratch_head_014.png,"1. In the image depicting screw manufacturing, a defect is observed on the screw head in the form of a noticeable scratch.","screw,scratch head",323
screw_scratch_head_015.png,2. The screw shown in the photograph from the manufacturing industry exhibits a defect on its head characterized by a distinct scratch mark.,"screw,scratch head",323
screw_scratch_head_016.png,"3. An imperfection is evident in the screw head of the image taken within the screw manufacturing sector, displaying a flaw in the form of a visible scratch.","screw,scratch head",323
screw_scratch_head_017.png,"4. Within the screw manufacturing industry image, a flaw is visible on the screw head, manifesting as a distinct scratch marking.","screw,scratch head",323
screw_scratch_head_018.png,5. The screw captured in the picture from the screw manufacturing sector displays a defect on its head in the shape of a prominent scratch.,"screw,scratch head",323
screw_scratch_head_019.png,"1. The image from the screw manufacturing industry displays a screw with a flaw on its head in the form of a visible scratch. This defect might have occurred during the production process due to mishandling or improper storage of the screws, leading to a compromised quality of the final product.","screw,scratch head",323
screw_scratch_head_020.png,"2. In the visual representation provided by the screw manufacturing industry, a screw is depicted with a defect on its head characterized by a noticeable scratch. Such a flaw could impact the functionality of the screw, potentially causing issues like reduced torque strength or difficulties in fastening securely.","screw,scratch head",323
screw_scratch_head_021.png,"3. Within the depiction sourced from the screw manufacturing sector, there is a screw exhibiting a defect on its head in the shape of a distinct scratch mark. This imperfection could have originated from a variety of factors such as a manufacturing error, transportation damage, or inadequate quality control measures.","screw,scratch head",323
screw_scratch_head_022.png,"4. The screw manufacturing industry image reveals a screw featuring a defect on its head, specifically a scratch that is clearly visible. This type of flaw can not only affect the aesthetics of the screw but also raise concerns about its structural integrity and compatibility with other components in an assembly.","screw,scratch head",323
screw_scratch_head_023.png,"5. The screw captured in the visual representation from the manufacturing industry showcases a flaw on its head, manifesting as a discernible scratch. This defect could indicate a lapse in quality assurance processes during manufacturing, highlighting the importance of thorough inspection and monitoring to prevent such defects from reaching the market.","screw,scratch head",323
screw_scratch_neck_000.png,"1. In the image from the screw manufacturing industry, a defect is visible on the screw consisting of a scratched neck area.","screw,scratch neck",324
screw_scratch_neck_001.png,2. The photograph captured in the screw manufacturing industry exhibits a screw defect characterized by a scratch located on its neck region.,"screw,scratch neck",324
screw_scratch_neck_002.png,"3. Within the screw manufacturing sector image, a flaw is evident on the screw, displaying a neck defect in the form of a scratch.","screw,scratch neck",324
screw_scratch_neck_003.png,"4. The screw depicted in the manufacturing industry picture showcases a flaw in the neck area, specifically a scratch defect.","screw,scratch neck",324
screw_scratch_neck_004.png,"5. An observable defect is present on the screw shown in the manufacturing industry photo, manifesting as a scratch on the neck portion of the screw.","screw,scratch neck",324
screw_scratch_neck_005.png,"1. In the image from the screw manufacturing industry, a screw is depicted with a neck defect marked by a prominent scratch.","screw,scratch neck",324
screw_scratch_neck_006.png,Explanation: The neck defect on The screw indicates a visible scratch that could compromise The structural integrity of The fastener.,"screw,scratch neck",324
screw_scratch_neck_007.png,"2. Within the screw manufacturing industry illustration, a screw is highlighted with a flaw in the form of a scratched neck.","screw,scratch neck",324
screw_scratch_neck_008.png,- Explanation: The scratch on the screw's neck is a defect that may affect the functionality and reliability of the screw in various applications.,"screw,scratch neck",324
screw_scratch_neck_009.png,3. The screw shown in the screw manufacturing industry image displays a fault characterized by a scratched neck.,"screw,scratch neck",324
screw_scratch_neck_010.png,"1. The image from the screw manufacturing industry depicts a screw with a flaw in the form of a scratched neck area. The scratch on the neck of the screw could potentially compromise its structural integrity, leading to potential issues during installation or use.","screw,scratch neck",324
screw_scratch_neck_011.png,"2. In the snapshot provided by the screw manufacturing industry, a screw is presented that exhibits a defect in the form of a scratched neck. The presence of a scratch on the neck of the screw could result in difficulties during assembly, as it may hinder the screw from securely fastening materials together.","screw,scratch neck",324
screw_scratch_neck_012.png,"3. The screw manufacturing industry photo showcases a screw featuring a defect characterized by a scratched neck. The scratch on the screw's neck could weaken its grip when fastening components together, potentially causing instability or failure in the assembled structure.","screw,scratch neck",324
screw_scratch_neck_013.png,"4. Within the screw manufacturing industry image, a screw is highlighted with a defect manifested as a scratch on its neck. This scratch on the screw's neck could lead to issues during installation, as it may prevent the screw from effectively engaging with other components, compromising the overall integrity of the assembly.","screw,scratch neck",324
screw_scratch_neck_014.png,"5. The screw manufacturing industry illustration reveals a screw with a flaw located on its neck in the form of a scratch. The presence of this scratch could impact the screw's ability to securely fasten materials together, potentially resulting in loosening or disconnection of the assembled parts over time.","screw,scratch neck",324
screw_scratch_neck_015.png,"1. In this image from the screw manufacturing industry, there is a flaw on the screw's neck in the form of a visible scratch.","screw,scratch neck",324
screw_scratch_neck_016.png,2. The screw displayed in this photograph from the manufacturing sector exhibits a defect characterized by a scratch on its neck.,"screw,scratch neck",324
screw_scratch_neck_017.png,"3. Within the screw manufacturing industry snapshot, a flaw is evident on the screw's neck area, presenting as a scratch defect.","screw,scratch neck",324
screw_scratch_neck_018.png,4. The screw depicted in this picture from the manufacturing sector displays a defect on its neck in the shape of a noticeable scratch.,"screw,scratch neck",324
screw_scratch_neck_019.png,"5. This image from the screw manufacturing industry features a defect on the neck of a screw, which is clearly visible as a scratch.","screw,scratch neck",324
screw_scratch_neck_020.png,"1. In the image from the screw manufacturing industry, there is a screw with a flaw in the neck area?a scratch that compromises its integrity.","screw,scratch neck",324
screw_scratch_neck_021.png,"2. The snapshot of the screw manufacturing process reveals a defect on a screw's neck, characterized by a scratch that may affect its functionality and durability.","screw,scratch neck",324
screw_scratch_neck_022.png,"3. Within the screw manufacturing setting, a screw is depicted with a flaw located on its neck?a distinct scratch that could potentially weaken the overall structure of the screw.","screw,scratch neck",324
screw_scratch_neck_023.png,4. The screw manufacturing company captured an image showcasing a defect on a screw's neck?a visible scratch that raises concerns about the screw's quality and performance.,"screw,scratch neck",324
screw_scratch_neck_024.png,"5. The screw manufacturing industry photograph highlights a defect on a screw's neck, specifically a scratch, indicating a potential flaw in the production process that may impact the screw's functionality.","screw,scratch neck",324
screw_thread_side_000.png,"1. In this image from the screw manufacturing industry, a defect is visible on the threaded side of the screw.","screw,thread side",325
screw_thread_side_001.png,"Details: The defect on The thread side of The screw appears as a misshapen or irregularly formed thread, which can lead to issues with proper fastening and stability.","screw,thread side",325
screw_thread_side_002.png,2. This snapshot in the screw manufacturing sector captures a thread-side defect on a screw.,"screw,thread side",325
screw_thread_side_003.png,"Details: The flaw on The threaded side of The screw may manifest as a warped or distorted section of The thread, potentially causing problems with screwing into materials securely.","screw,thread side",325
screw_thread_side_004.png,"3. Within the screw manufacturing sector, this photograph illustrates a defect present on the threaded side of a screw.","screw,thread side",325
screw_thread_side_005.png,"1. In this image from the screw manufacturing industry, a screw is depicted with a flaw on one side of its threading.","screw,thread side",325
screw_thread_side_006.png,"Explanation: The defect appears to be localized only on one side of the screw's threading, possibly affecting its functionality and compatibility with other components.","screw,thread side",325
screw_thread_side_007.png,2. The photograph from the screw manufacturing sector displays a screw featuring a defect along its threaded side.,"screw,thread side",325
screw_thread_side_008.png,"Explanation: The defect is observable specifically on the threaded part of the screw, indicating a potential issue with its design or manufacturing process leading to compromised quality.","screw,thread side",325
screw_thread_side_009.png,"3. As shown in this visualization from the screw manufacturing field, a screw exhibits a flaw on its threaded surface.","screw,thread side",325
screw_thread_side_010.png,"1. In the image from the screw manufacturing industry, a thread side defect is visible on the screw, indicating a flaw in the threading process that may affect its functionality and durability.","screw,thread side",325
screw_thread_side_011.png,"2. The screw depicted in the screw manufacturing industry photo exhibits a defect on its threaded side, suggesting an error in the machining process that could compromise its ability to securely fasten materials together.","screw,thread side",325
screw_thread_side_012.png,"3. Within the screw manufacturing industry snapshot, a discernible flaw is identified on the threaded side of the screw, hinting at a potential issue in the production line that may lead to decreased structural integrity and performance.","screw,thread side",325
screw_thread_side_013.png,4. The thread side defect observed in the screw pictured in the screw manufacturing industry image highlights a quality control oversight that could result in subpar fastening capabilities and potential structural weaknesses.,"screw,thread side",325
screw_thread_side_014.png,"5. This image from the screw manufacturing industry reveals a flaw on the threaded side of the screw, indicating a defect in the manufacturing process that may impact the screw's ability to effectively engage with nuts or other mating threads.","screw,thread side",325
screw_thread_side_015.png,"1. In the image from the screw manufacturing industry, a thread side defect is observed in the screw, where the threading appears incomplete and irregular, affecting its functionality and structural integrity.","screw,thread side",325
screw_thread_side_016.png,"2. The screw featured in the screw manufacturing industry photograph exhibits a flaw on one side of its threading, displaying an abnormal pattern that may compromise the screw's ability to securely fasten objects.","screw,thread side",325
screw_thread_side_017.png,"3. Within the screw manufacturing industry illustration, there is a clear indication of a defect on the thread side of the screw, presenting an irregularity that could lead to difficulties in proper alignment and attachment.","screw,thread side",325
screw_thread_side_018.png,"4. The image captured within the screw manufacturing industry highlights a flaw in the threading of the screw, showing a deviation from the standard design that may result in decreased effectiveness and reliability when used in applications.","screw,thread side",325
screw_thread_side_019.png,"5. The screw depicted in the screw manufacturing industry image reveals a thread side defect characterized by an uneven and inconsistent threading structure, which can lead to challenges in engaging with corresponding components securely.","screw,thread side",325
screw_thread_side_020.png,1. The image captured in the screw manufacturing industry reveals a screw displaying a flaw on one side of its threading.,"screw,thread side",325
screw_thread_side_021.png,Description: The defect in The threading of The screw is visible in The picture taken within The manufacturing facility.,"screw,thread side",325
screw_thread_side_022.png,"Explanation: The flaw is likely to affect The functionality of The screw, potentially compromising its ability to securely fasten materials.","screw,thread side",325
screw_thread_top_000.png,"1. In this image from the screw manufacturing industry, a screw with a flaw in its threaded top is depicted.","screw,thread top",326
screw_thread_top_001.png,"Details: The thread top defect on The screw is characterized by irregularities or inconsistencies in The threading pattern, which may affect its ability to securely fasten materials together. this flaw could lead to issues such as difficulty in screwing The fastener in place or reduced gripping strength.","screw,thread top",326
screw_thread_top_002.png,"1. In the image from the screw manufacturing industry, there is a visible defect in the top thread of the screw, where the threading is uneven and incomplete.","screw,thread top",326
screw_thread_top_003.png,"2. The photograph taken within the screw manufacturing sector reveals a flaw at the top of a screw where the threading appears distorted and jagged, indicating an irregularity in the manufacturing process.","screw,thread top",326
screw_thread_top_004.png,"3. Within the setting of screw production, an image captures a flaw in the upper thread of a screw, where the threading is disrupted and appears misaligned, suggesting a potential issue in the machining or finishing stages.","screw,thread top",326
screw_thread_top_005.png,"4. A snapshot from the screw manufacturing industry displays a defect found in the top thread of a screw, characterized by irregularities and imperfections in the threading pattern, potentially impacting the screw's functionality and performance.","screw,thread top",326
screw_thread_top_006.png,"5. The photograph sourced from the screw manufacturing domain highlights a flaw present in the top thread of a screw, showcasing visible inconsistencies and deviations in the thread structure, indicating a possible quality control lapse during production.","screw,thread top",326
screw_thread_top_007.png,1. The image from the screw manufacturing industry highlights a screw featuring a flaw at the top of its thread.,"screw,thread top",326
screw_thread_top_008.png,Explanation: The defect at the thread top of the screw may lead to difficulties in securing objects and cause instability when fastening components together.,"screw,thread top",326
screw_thread_top_009.png,2. The snapshot from the screw production sector reveals a screw with a flaw present in its thread's upper section.,"screw,thread top",326
screw_thread_top_010.png,"Explanation: The defect in the upper part of the screw's thread may result in improper engagement with other materials, potentially compromising the overall structural integrity of the assembly.","screw,thread top",326
screw_thread_top_011.png,"3. In the illustration from the screw manufacturing field, one can observe a thread top imperfection on the screw.","screw,thread top",326
screw_thread_top_012.png,1. The image from the screw manufacturing industry depicts a screw with a flaw on its threaded top.,"screw,thread top",326
screw_thread_top_013.png,"- Details: The defect on the threaded top may manifest as irregularities, such as misshapen or incomplete threads, affecting the screw's functionality and integrity.","screw,thread top",326
screw_thread_top_014.png,"2. In the screw manufacturing industry snapshot, a screw is showcased with a defect present on its threading at the top.","screw,thread top",326
screw_thread_top_015.png,"Details: The thread defect at The top of The screw might result in improper engagement or stability issues when fastening, potentially leading to assembly complications or structural weaknesses.","screw,thread top",326
screw_thread_top_016.png,3. The screw manufacturing sector image exhibits a screw featuring a flaw located on its top thread.,"screw,thread top",326
screw_thread_top_017.png,"1. In the image from the screw manufacturing industry, a screw is depicted with a flaw at its threaded top.","screw,thread top",326
screw_thread_top_018.png,"Explanation: The defect at the threaded top of the screw may include misaligned or incomplete threading, which can compromise the screw's ability to securely fasten two objects together.","screw,thread top",326
screw_thread_top_019.png,2. The screw manufacturing industry snapshot displays a thread top defect on a screw.,"screw,thread top",326
screw_thread_top_020.png,"Explanation: The defect at the thread top of the screw may manifest as irregularities or deformities in the threading, impacting the screw's functionality and reliability in applications.","screw,thread top",326
screw_thread_top_021.png,3. This image from the screw manufacturing sector showcases a defect at the top of the screw's threading.,"screw,thread top",326
screw_thread_top_022.png,"1. In this image from the construction materials industry, a crack can be observed on the surface of a tile, indicating a structural defect that compromises its integrity. The crack runs along the surface, potentially leading to further breakage and rendering the tile unsuitable for installation.","screw,thread top",326
tile_crack_000.png,"2. Within the realm of construction materials, the presence of a crack within a tile is evident in the displayed picture. This defect diminishes the tile's quality, making it prone to breaking under pressure or when subjected to weight, which could result in safety hazards during installation or use.","tile,crack",327
tile_crack_001.png,"3. The photograph captured from the construction materials sector highlights a flaw in the form of a visible crack on a tile. Such a defect not only affects the aesthetic appeal of the tile but also raises concerns about its durability and longevity, as cracks can widen over time and compromise the structural integrity of the material.","tile,crack",327
tile_crack_002.png,"4. In the context of the construction materials industry, the image depicts a tile marred by a crack defect. This imperfection not only detracts from the tile's overall appearance but also raises questions about its functionality and longevity, as cracks can weaken the material and lead to potential breakage with regular use.","tile,crack",327
tile_crack_003.png,"1. The image from the screw manufacturing industry reveals a screw with an imperfect thread top, where the threads are uneven and incomplete, affecting the screw's ability to securely fasten materials.","tile,crack",327
tile_crack_004.png,"1. In this image from the construction materials sector, a tile is depicted with a noticeable crack fault. The crack appears to extend from one corner to the center of the tile, compromising its structural integrity and aesthetics.","tile,crack",327
tile_crack_005.png,"2. Within the construction materials industry illustration, a tile is captured exhibiting a defect in the form of a prominent crack. The crack seems to have originated at the edge of the tile, branching outwards and potentially leading to further deterioration over time.","tile,crack",327
tile_crack_006.png,"3. This snapshot from the construction materials field highlights a tile with a flaw in the shape of a visible crack. The crack is quite wide and runs diagonally across the tile, raising concerns about its durability and suitability for use in construction projects.","tile,crack",327
tile_crack_007.png,"4. In the construction materials sector image, a tile is featured with a distinct crack defect. The crack is substantial, running parallel to the edge of the tile and exhibiting signs of internal stress that could compromise the tile's ability to withstand pressure and weight.","tile,crack",327
tile_crack_008.png,"5. Within the construction materials industry visual, a tile is presented with a crack defect that is easily noticeable. The crack appears to be deep and extends from one side of the tile to the other, indicating a significant flaw that may render the tile unsuitable for installation in high-traffic areas.","tile,crack",327
tile_crack_009.png,"1. In this image from the construction materials industry, a tile is displayed with a noticeable crack running along its surface, indicating a structural defect.","tile,crack",327
tile_crack_010.png,"2. Within the construction materials sector, a photograph captures a tile exhibiting a clear crack defect, suggesting a potential compromise in its integrity.","tile,crack",327
tile_crack_011.png,"3. The construction materials industry image displays a tile with a visible crack defect, possibly indicating a weakness in the tile's composition or manufacturing process.","tile,crack",327
tile_crack_012.png,"4. Within the construction materials sector, an image reveals a tile with a discernible crack defect, raising concerns about its durability and lifespan.","tile,crack",327
tile_crack_013.png,"5. The photograph from the construction materials industry features a tile showcasing a prominent crack defect, signifying a flaw that may impact its functionality and longevity.","tile,crack",327
tile_crack_014.png,"1. In this image from the construction materials sector, a tile is displayed with a visible crack defect. The crack appears as a thin line running across the surface of the tile, potentially compromising its structural integrity and aesthetics. Such defects can pose challenges during installation and usage, leading to potential breakage or water seepage issues if left unaddressed.","tile,crack",327
tile_crack_015.png,"2. Within the realm of the construction materials industry, the depicted picture showcases a tile marred by a crack defect. The crack, characterized by a jagged line traversing the tile's surface, may indicate underlying weaknesses within the material. This defect could result in escalated maintenance costs and safety hazards, as the integrity of the tile is compromised, making it susceptible to further damage or displacement.","tile,crack",327
tile_crack_016.png,"3. This visual representation from the construction materials sector highlights a tile exhibiting a notable crack defect. The crack, visibly extending through the tile's structure, can diminish the overall durability and functionality of the material. Such defects not only detract from the tile's visual appeal but also raise concerns regarding its performance under stress or load-bearing conditions. Addressing this defect promptly is crucial to prevent potential accidents or premature wear and tear.","tile,crack",327
tile_glue_strip_000.png,1. The image from the construction materials industry displays a tile featuring a flaw in the glue strip.,"tile,glue strip",328
tile_glue_strip_001.png,"in this picture related to The construction materials industry, The tile exhibits an issue with The glue strip. this defect may manifest as an inadequately applied or unevenly distributed glue strip on The tile, which could compromise The adhesive properties of The tile and affect its installation and longevity.","tile,glue strip",328
tile_glue_strip_002.png,1. The image from the construction materials industry reveals a tile exhibiting a flaw in the form of a misaligned glue strip.,"tile,glue strip",328
tile_glue_strip_003.png,"The glue strip defect on The tile is causing an irregularity in its adhesive application, potentially leading to installation issues or compromised durability.","tile,glue strip",328
tile_glue_strip_004.png,"2. Within the construction materials sector, the picture illustrates a tile with a defect characterized by an improperly positioned adhesive strip.","tile,glue strip",328
tile_glue_strip_005.png,"The misplaced glue strip on The tile may result in difficulties during The installation process, affecting The overall quality and stability of The tile.","tile,glue strip",328
tile_glue_strip_006.png,"3. In the context of the construction materials industry, the image displays a tile featuring a flaw attributed to a defective adhesive strip.","tile,glue strip",328
tile_glue_strip_007.png,"1. In this image from the construction materials industry, a tile is depicted with a defect in the form of a poorly applied glue strip.","tile,glue strip",328
tile_glue_strip_008.png,"- **Explanation**: The defect is characterized by a strip of adhesive that has been unevenly or improperly applied to the surface of the tile, potentially causing adhesion issues during installation.","tile,glue strip",328
tile_glue_strip_009.png,2. The construction materials industry image displays a tile with a flaw in the glue strip application.,"tile,glue strip",328
tile_glue_strip_010.png,"- **Explanation**: The defect in the glue strip application on the tile may result in compromised bonding between the tile and the substrate, leading to potential detachment or instability.","tile,glue strip",328
tile_glue_strip_011.png,3. The picture in the construction materials sector portrays a tile featuring a defect in the alignment of the glue strip.,"tile,glue strip",328
tile_glue_strip_012.png,"1. In this image from the construction materials industry, a tile is displayed exhibiting a flaw in the form of an irregular glue strip.","tile,glue strip",328
tile_glue_strip_013.png,"Explanation: The defect appears to be a result of a manufacturing error where The glue strip was not applied evenly or accurately on The tile surface, potentially compromising its adhesion properties and overall quality.","tile,glue strip",328
tile_glue_strip_014.png,"2. Within the construction materials sector, the photograph captures a tile featuring a fault in the glue strip application.","tile,glue strip",328
tile_glue_strip_015.png,"Explanation: The defect is evident in The picture as a noticeable issue with how The glue strip was affixed onto The tile, which could lead to problems such as uneven installation or weak adhesion over time.","tile,glue strip",328
tile_glue_strip_016.png,3. This image related to the construction materials industry showcases a tile with a visible flaw in the glue strip placement.,"tile,glue strip",328
tile_glue_strip_017.png,1. The image from the construction materials sector depicts a flawlessly unblemished tile.,"tile,glue strip",328
tile_good_000.png,"Explanation: The picture showcases a tile that is free from any visible imperfections or defects, representing high quality and perfect condition.","tile,good",329
tile_good_001.png,"2. In the construction materials field, there is an image of a flaw-free tile.","tile,good",329
tile_good_002.png,"Explanation: The photograph portrays a tile that is pristine and without any flaws, meeting the industry's standards for excellence and quality assurance.","tile,good",329
tile_good_003.png,"1. In this image from the construction materials sector, a tile is featured with a flaw in the glue strip.","tile,good",329
tile_good_004.png,1. This image from the construction materials industry displays a flawless tile with no visible imperfections.,"tile,good",329
tile_good_005.png,"The tile in The photograph appears to be in impeccable condition, free from any noticeable flaws or defects.","tile,good",329
tile_good_006.png,"2. In this photo related to the construction materials sector, a flawless tile is depicted without any blemishes.","tile,good",329
tile_good_007.png,"The tile showcased in The image seems to be perfect, exhibiting a smooth surface without any signs of damage or faults.","tile,good",329
tile_good_008.png,"3. Within this image representing the construction materials field, a pristine tile is presented, devoid of defects.","tile,good",329
tile_good_009.png,1. The image in the construction materials industry displays a flawlessly perfect tile.,"tile,good",329
tile_good_010.png,"Explanation: The photograph captures a tile that is free from any imperfections or flaws, meeting the highest standards of quality in the construction materials industry.","tile,good",329
tile_good_011.png,"2. In the construction materials sector image, a flaw-free tile is showcased.","tile,good",329
tile_good_012.png,"Explanation: The picture exemplifies a tile that exhibits no blemishes or irregularities, reflecting the meticulous craftsmanship typical in the construction materials sector.","tile,good",329
tile_good_013.png,3. The photograph from the construction materials industry exhibits a tile that is defect-free.,"tile,good",329
tile_good_014.png,"1. In this image from the construction materials industry, a flawless tile is displayed without any imperfections.","tile,good",329
tile_good_015.png,"Explanation: The photograph captures a tile that is in perfect condition, devoid of any visible flaws or blemishes. The surface of The tile appears smooth and uniform, indicating that it is free from defects that could affect its quality or usability.","tile,good",329
tile_good_016.png,2. The construction materials industry photo presents a pristine tile without any blemishes or flaws.,"tile,good",329
tile_good_017.png,Explanation: The image showcases a tile that is unmarred by any defects or irregularities. The lack of imperfections suggests that The tile is of high quality and meets The industry standards for flawless construction materials.,"tile,good",329
tile_good_018.png,"3. This image from the construction materials sector features a faultless tile, exhibiting no signs of defects.","tile,good",329
tile_good_019.png,"1. In this image from the construction materials sector, a flawlessly pristine tile is depicted, devoid of any imperfections or blemishes.","tile,good",329
tile_good_020.png,"Explanation: The picture portrays a tile that is perfectly smooth and free from any visible defects, ensuring its high quality and aesthetic appeal.","tile,good",329
tile_good_021.png,"2. Within the context of the construction materials field, the image displays a flawless tile that exhibits no signs of defects or irregularities.","tile,good",329
tile_good_022.png,"Explanation: The tile showcased in the picture appears to be in impeccable condition, with no visible flaws or faults that could compromise its durability or usability.","tile,good",329
tile_good_023.png,3. This snapshot from the construction materials industry captures a flaw-free tile with no visible imperfections or flaws.,"tile,good",329
tile_good_024.png,1. The image from the construction materials industry depicts a flawlessly pristine tile.,"tile,good",329
tile_good_025.png,"The tile in question exhibits no imperfections, presenting a flawless surface without any blemishes or irregularities.","tile,good",329
tile_good_026.png,"2. Within the construction materials sector, the photograph portrays a tile with an impeccable finish.","tile,good",329
tile_good_027.png,"The tile captured in The image showcases a flawless appearance, with no visible flaws or faults that would compromise its quality.","tile,good",329
tile_good_028.png,3. This photograph from the construction materials industry showcases a flaw-free tile.,"tile,good",329
tile_good_029.png,"1. In this image from the construction materials industry, a flawlessly pristine tile is displayed without any imperfections or blemishes, showcasing its impeccable quality and flawless finish.","tile,good",329
tile_good_030.png,"2. Within the construction materials industry illustration, a flawlessly intact tile is exhibited, devoid of any irregularities or flaws that could compromise its structural integrity or aesthetic appeal.","tile,good",329
tile_good_031.png,"3. This depiction from the construction materials sector portrays a perfectly smooth and unblemished tile, free from any defects or deficiencies that could detract from its overall quality or performance.","tile,good",329
tile_good_032.png,"4. In the construction materials industry image, a tile is presented in immaculate condition, showcasing a flawless surface without any signs of imperfections or faults, ensuring its durability and visual appeal remain uncompromised.","tile,good",329
tile_gray_stroke_000.png,1. The image related to the construction materials sector displays a tile featuring a flaw in the form of a grey streak.,"tile,gray stroke",330
tile_gray_stroke_001.png,1. The image from the construction materials sector highlights a tile featuring a flaw in the form of a discolored gray streak.,"tile,gray stroke",330
tile_gray_stroke_002.png,"Explanation: The defect in the tile appears as a visible gray line running through its surface, indicating a potential issue with the material composition or manufacturing process.","tile,gray stroke",330
tile_gray_stroke_003.png,"2. Within the construction materials field, there is a photograph depicting a tile that exhibits a defect characterized by a prominent gray marking.","tile,gray stroke",330
tile_gray_stroke_004.png,"Explanation: The defect on the tile is evident as a distinct gray mark, suggesting a deviation from the desired quality standards during the production or handling of the material.","tile,gray stroke",330
tile_gray_stroke_005.png,3. The picture from the construction materials industry showcases a tile with a defect manifesting as a noticeable streak of gray discoloration.,"tile,gray stroke",330
tile_gray_stroke_006.png,"1. In this visual representation from the construction materials sector, a tile is depicted with a noticeable gray streak flaw.","tile,gray stroke",330
tile_gray_stroke_007.png,"Explanation: The defect appears as a distinct gray line running through The surface of The tile, indicating a possible impurity or irregularity in The material.","tile,gray stroke",330
tile_gray_stroke_008.png,2. The image related to the construction materials field displays a tile featuring a flaw characterized by a prominent gray streak.,"tile,gray stroke",330
tile_gray_stroke_009.png,"- Explanation: The gray streak defect is visibly prominent on the tile's surface, potentially affecting its aesthetics and structural integrity.","tile,gray stroke",330
tile_gray_stroke_010.png,"3. Within the construction materials industry image, there is a tile showcasing a gray streak imperfection.","tile,gray stroke",330
tile_gray_stroke_011.png,1. This image from the construction materials industry displays a tile with a visible gray streak imperfection.,"tile,gray stroke",330
tile_gray_stroke_012.png,"The defect in this tile is characterized by a prominent streak of gray discoloration running through its surface. this could be due to a pigment inconsistency in The manufacturing process, resulting in an unsightly blemish on an otherwise smooth tile.","tile,gray stroke",330
tile_gray_stroke_013.png,"2. In the construction materials sector, there is a photograph of a tile showcasing a flaw in the form of a streak of gray.","tile,gray stroke",330
tile_gray_stroke_014.png,"The flaw seen in this tile appears as a distinct streak of gray, indicating a potential issue with The coloration process during production. such defects can diminish The aesthetic appeal of The tile and may require special handling or replacement.","tile,gray stroke",330
tile_gray_stroke_015.png,3. This image captured within the construction materials industry exhibits a tile marred by a gray streak anomaly.,"tile,gray stroke",330
tile_oil_000.png,"1. In this image from the construction materials industry, a tile is displayed that exhibits an oil contamination defect.","tile,oil",331
tile_oil_001.png,"Explanation: The defect in the tile suggests that it has been contaminated with oil during the manufacturing process, leading to an undesirable appearance and potentially impacting its quality and performance.","tile,oil",331
tile_oil_002.png,2. The construction materials industry snapshot reveals a tile marred by an oil blemish defect.,"tile,oil",331
tile_oil_003.png,"Explanation: The presence of an oil blemish defect on the tile indicates a visible imperfection caused by oil residue, which may affect the tile's aesthetics and functionality.","tile,oil",331
tile_oil_004.png,3. This photograph from the construction materials sector showcases a tile featuring an oil stain defect.,"tile,oil",331
tile_oil_005.png,"1. The image from the construction materials sector displays a tile with an oil blemish, characterized by a visible dark, greasy spot that tarnishes the tile's surface, affecting its aesthetic appeal and potentially compromising its structural integrity.","tile,oil",331
tile_oil_006.png,"2. Depicted in the construction materials industry illustration is a tile featuring an oil defect, manifesting as a conspicuous discolored patch that not only detracts from the tile's visual appeal but also raises concerns about its durability and suitability for use in various applications.","tile,oil",331
tile_oil_007.png,"3. Within the context of the construction materials sector, the image portrays a tile exhibiting an oil flaw, marked by a distinct oily stain that mars the tile's appearance and could indicate a manufacturing defect impacting the tile's overall quality and performance.","tile,oil",331
tile_oil_008.png,"4. The construction materials industry snapshot captures a tile marred by an oil defect, presenting as a noticeable oily residue that compromises the tile's smooth surface finish, signaling a potential flaw in the production process that may affect the tile's functionality and longevity.","tile,oil",331
tile_oil_009.png,"5. An oil defect is evident in the tile featured in the construction materials industry image, characterized by a prominent discoloration caused by the presence of oil, highlighting a flaw that not only diminishes the tile's visual appeal but also raises concerns about its ability to withstand wear and tear in different environments.","tile,oil",331
tile_oil_010.png,"1. In this image from the construction materials sector, a tile is depicted with an oil-based defect.","tile,oil",331
tile_oil_011.png,"Explanation: The defect observed in the tile is likely caused by an oily substance that has penetrated the material, leading to discoloration or a greasy appearance.","tile,oil",331
tile_oil_012.png,"2. Within the construction materials field, the image displays a tile featuring an oil-related flaw.","tile,oil",331
tile_oil_013.png,"Explanation: The presence of an oil defect on the tile suggests that during the manufacturing process, contamination or spillage of oil occurred, resulting in an undesirable blemish on the surface.","tile,oil",331
tile_oil_014.png,3. This photograph within the construction materials industry exhibits a tile revealing an oil defect.,"tile,oil",331
tile_oil_015.png,1. The image from the construction materials sector depicts a tile marred by an oil-based defect.,"tile,oil",331
tile_oil_016.png,"Expanded description: The tile in question exhibits a noticeable blemish caused by an oil-based substance that has seeped into its surface, resulting in a discolored and potentially weakened area on the tile.","tile,oil",331
tile_oil_017.png,"2. Within the construction materials field, there is a photograph revealing a tile with an oil-related defect.","tile,oil",331
tile_rough_000.png,1. The photograph in the construction materials sector depicts a tile featuring a jagged defect.,"tile,rough",332
tile_rough_001.png,"Detailed Description: The defect in The tile is characterized by irregular surface roughness and sharp edges, potentially compromising its structural integrity. this type of defect could result in safety hazards and affect The aesthetic appeal of The final product.","tile,rough",332
tile_rough_002.png,1. This image from the construction materials sector displays a tile featuring a jagged imperfection.,"tile,rough",332
tile_rough_003.png,"Explanation: The imperfection on the tile surface appears rough and uneven, possibly affecting the aesthetics and functionality of the tile.","tile,rough",332
tile_rough_004.png,"2. Within the construction materials field, there is a photograph showcasing a tile with a coarse flaw.","tile,rough",332
tile_rough_005.png,Explanation: The flaw on the tile is rough to the touch and could potentially compromise the overall quality and durability of the product.,"tile,rough",332
tile_rough_006.png,"3. In the realm of construction materials, a visual representation reveals a tile harboring an irregular defect.","tile,rough",332
tile_rough_007.png,"1. In the image from the construction materials industry, a tile is portrayed with a jagged imperfection.","tile,rough",332
tile_rough_008.png,"- Detail: The defect appears as a rough, uneven surface area on the tile, indicating a flaw in the material's manufacturing process.","tile,rough",332
tile_rough_009.png,"2. Within the construction materials industry illustration, a tile is depicted with a flawed texture.","tile,rough",332
tile_rough_010.png,"- Detail: The defect on the tile's surface presents as an irregular texture or rough patch, likely impacting its aesthetic appeal and structural integrity.","tile,rough",332
tile_rough_011.png,3. The construction materials industry image displays a tile featuring an irregular flaw.,"tile,rough",332
tile_rough_012.png,1. This image from the construction materials sector displays a tile with a jagged imperfection.,"tile,rough",332
tile_rough_013.png,"Explanation: The defect on the tile appears rough and uneven, possibly indicating poor manufacturing or handling processes. The jagged imperfection may compromise the structural integrity of the tile and affect its functionality and aesthetics.","tile,rough",332
tile_rough_014.png,"2. Within the construction materials field, this photograph depicts a tile exhibiting a coarse flaw.","tile,rough",332
toothbrush_defective_000.png,"1. Within this image from the personal care industry, the defect in question can be observed in the form of a toothbrush exhibiting a flawed flaw.","toothbrush,defective",333
toothbrush_defective_001.png,"Explanation: The defect in the toothbrush could involve issues such as bristles falling out, a misshapen handle, or uneven bristle lengths, impacting its functionality and usability.","toothbrush,defective",333
toothbrush_defective_002.png,1. The image in the personal care industry depicts a toothbrush with a flaw in its bristles.,"toothbrush,defective",333
toothbrush_defective_003.png,"- This could refer to bristles that are uneven in length or quality, compromising the toothbrush's effectiveness in cleaning teeth thoroughly.","toothbrush,defective",333
toothbrush_defective_004.png,"2. Within the personal care sector, a visual representation displays a toothbrush featuring a flaw in its handle design.","toothbrush,defective",333
toothbrush_defective_005.png,"this could indicate a handle that is improperly shaped or sized, making it uncomfortable or difficult to grip during use.","toothbrush,defective",333
toothbrush_defective_006.png,"3. In the personal care industry, there is an image showcasing a toothbrush with a defect in its bristle arrangement.","toothbrush,defective",333
toothbrush_defective_007.png,"1. In the image from the personal care sector, a toothbrush is depicted with a flaw that compromises its quality.","toothbrush,defective",333
toothbrush_defective_008.png,"- Detailed description: The defect on the toothbrush could involve bristles that are misaligned or unevenly cut, affecting the toothbrush's ability to effectively clean teeth and gums.","toothbrush,defective",333
toothbrush_defective_009.png,2. The personal care industry snapshot reveals a toothbrush exhibiting a noticeable imperfection.,"toothbrush,defective",333
toothbrush_defective_010.png,"Detailed Description: The defect in The toothbrush may manifest as a broken handle, leading to discomfort or difficulty in holding The toothbrush during use.","toothbrush,defective",333
toothbrush_defective_011.png,"3. Within the personal care domain, there is an image of a toothbrush showcasing a discernible flaw.","toothbrush,defective",333
toothbrush_defective_012.png,1. The image from the personal care industry displays a toothbrush with a flawed flaw.,"toothbrush,defective",333
toothbrush_defective_013.png,Explanation: The visual representation from the personal care sector exhibits a toothbrush that possesses a fault in its design or construction which may impact its functionality or usability.,"toothbrush,defective",333
toothbrush_defective_014.png,"2. Within the personal care industry snapshot, there is a toothbrush showcasing a flawed imperfection.","toothbrush,defective",333
toothbrush_defective_015.png,"Explanation: In the snapshot related to personal care products, a toothbrush is depicted with a noticeable fault or imperfection that could potentially affect its performance or quality.","toothbrush,defective",333
toothbrush_defective_016.png,3. The photograph in the realm of personal care products highlights a toothbrush featuring a defective anomaly.,"toothbrush,defective",333
toothbrush_defective_017.png,1. This image from the personal care industry displays a toothbrush with a flaw in its design.,"toothbrush,defective",333
toothbrush_defective_018.png,"Explanation: The defect in the toothbrush's design could range from structural weaknesses to irregularities in the bristles' alignment, affecting its functionality and usability.","toothbrush,defective",333
toothbrush_defective_019.png,"2. In this photograph from the personal care sector, there is a noticeable flaw present in the toothbrush.","toothbrush,defective",333
toothbrush_defective_020.png,"Explanation: The flaw in the toothbrush could manifest as a misshapen handle, loose bristles, or a manufacturing error that compromises its durability and performance.","toothbrush,defective",333
toothbrush_defective_021.png,3. The personal care industry image showcases a toothbrush exhibiting a visible imperfection.,"toothbrush,defective",333
toothbrush_defective_022.png,1. The image from the personal care industry displays a toothbrush with a faulty flaw.,"toothbrush,defective",333
toothbrush_defective_023.png,"Explanation: The defect in The toothbrush could manifest as a broken bristle, misshapen handle, or an improperly attached head.","toothbrush,defective",333
toothbrush_defective_024.png,"2. In this photograph from the personal care sector, there is a toothbrush showcasing a flaw in its design.","toothbrush,defective",333
toothbrush_defective_025.png,"Explanation: The defect in The toothbrush might be related to an ergonomic issue, substandard material quality, or a faulty mechanism.","toothbrush,defective",333
toothbrush_defective_026.png,"3. Within the personal care industry imagery, a toothbrush is depicted with a defect that compromises its functionality.","toothbrush,defective",333
toothbrush_defective_027.png,1. This image from the personal care sector displays a toothbrush with a flaw in its design.,"toothbrush,defective",333
toothbrush_defective_028.png,"- In this case, the defect in the toothbrush may refer to a misaligned bristle pattern, uneven bristle length, or a weak handle structure, affecting the product's functionality and performance. Such defects can lead to ineffective cleaning, discomfort during use, or even breakage under normal usage conditions.","toothbrush,defective",333
toothbrush_defective_029.png,"2. Within the personal care industry, the photograph depicts a toothbrush showcasing a discernible imperfection.","toothbrush,defective",333
toothbrush_good_000.png,1. The image from the personal care industry displays a flaw-free toothbrush.,"toothbrush,good",334
toothbrush_good_001.png,"The visual representation from The personal care industry showcases a toothbrush that is devoid of any imperfections or blemishes. The bristles appear uniform, indicating a high level of quality and precision in The manufacturing process.","toothbrush,good",334
toothbrush_good_002.png,"1. This image from the personal care sector displays a flawlessly manufactured toothbrush, free from any imperfections or blemishes.","toothbrush,good",334
toothbrush_good_003.png,"Explanation: The toothbrush depicted in the picture is presented as flawless, exhibiting no visible defects such as misshapen bristles, discolored handles, or manufacturing flaws.","toothbrush,good",334
toothbrush_good_004.png,"2. Within the personal care industry, the photograph showcases a toothbrush that is devoid of any noticeable flaws.","toothbrush,good",334
toothbrush_good_005.png,"Explanation: The toothbrush shown in the image is portrayed as meticulously crafted, exhibiting no discernible defects that could compromise its functionality or aesthetics.","toothbrush,good",334
toothbrush_good_006.png,3. Highlighted in this image from the personal care realm is a toothbrush that appears to be impeccably crafted without any evident defects.,"toothbrush,good",334
toothbrush_good_007.png,1. The image of this toothbrush in the personal care sector exhibits flawless quality without any apparent imperfections.,"toothbrush,good",334
toothbrush_good_008.png,The toothbrush appears pristine and devoid of any visible flaws in its design or construction.,"toothbrush,good",334
toothbrush_good_009.png,"2. Within the personal care industry snapshot, the toothbrush on display is free from any defects or abnormalities.","toothbrush,good",334
toothbrush_good_010.png,"The toothbrush is depicted as being in excellent condition, with no noticeable faults or issues present.","toothbrush,good",334
toothbrush_good_011.png,"3. In this image from the personal care sector, the toothbrush is portrayed as defect-free, showcasing its high quality and impeccable craftsmanship.","toothbrush,good",334
transistor_bent_lead_000.png,"1. In the image captured in the electronics manufacturing sector, a transistor is exhibited with a deformed lead, indicating a lead bending issue.","transistor,bent lead",335
transistor_bent_lead_001.png,"2. The photograph from the electronics manufacturing field displays a transistor featuring a lead that is visibly bent, suggesting a deformity in the lead structure.","transistor,bent lead",335
transistor_bent_lead_002.png,"3. Within the electronics manufacturing industry snapshot, a transistor is presented with a defect in the form of a lead that appears to be bent, signifying a potential problem with the lead's integrity.","transistor,bent lead",335
transistor_bent_lead_003.png,"4. The visual depiction from the electronics manufacturing sector showcases a transistor with a defective lead that exhibits a noticeable bend, signaling a flaw in the lead's composition.","transistor,bent lead",335
transistor_bent_lead_004.png,"5. The image captured in the electronics manufacturing domain highlights a transistor with a lead defect characterized by a bent lead, indicating a deviation from the standard lead configuration.","transistor,bent lead",335
transistor_bent_lead_005.png,"1. This image from the electronics manufacturing sector displays a damaged transistor with a deformed lead. The lead, which is meant to provide electrical connectivity, is visibly bent and may compromise the functionality of the component.","transistor,bent lead",335
transistor_bent_lead_006.png,"2. In the world of electronics manufacturing, this photograph captures a flawed transistor featuring a twisted lead. The lead, responsible for connecting the transistor in the circuit, is bent in an irregular manner, potentially leading to connectivity issues or a short circuit.","transistor,bent lead",335
transistor_bent_lead_007.png,"3. Within the realm of electronics manufacturing, this illustration showcases a defect in a transistor characterized by a lead that is bent. The misshapen lead, crucial for transmitting electric current, is visibly deformed, posing a risk of poor electrical contact or circuit malfunction.","transistor,bent lead",335
transistor_bent_lead_008.png,"4. This snapshot from the electronics manufacturing industry highlights a transistor with a fault in the form of a curved lead. The lead, integral for enabling electric flow within the component, appears to be bent, which can hinder proper connectivity and cause operational issues in the circuit.","transistor,bent lead",335
transistor_bent_lead_009.png,"5. Illustrated in the context of electronics manufacturing, this image portrays a transistor marred by a bent lead defect. The lead, designed to facilitate the flow of electricity through the transistor, exhibits a noticeable bend that can impede signal transmission and result in performance issues within the electronic device.","transistor,bent lead",335
transistor_cut_lead_000.png,"1. In this visual representation from the electronics manufacturing sector, a transistor is depicted with a severed lead defect.","transistor,cut lead",336
transistor_cut_lead_001.png,"Detailed expansion: The defect in the transistor's lead appears to be a clean cut, potentially caused during the production process due to mishandling or equipment malfunction.","transistor,cut lead",336
transistor_cut_lead_002.png,2. The image captured within the electronics manufacturing field displays a transistor with a severed lead issue.,"transistor,cut lead",336
transistor_cut_lead_003.png,"Detailed expansion: The lead of the transistor seems to have been cleanly cut, indicating a potential flaw in the assembly or soldering process that may have led to this defect.","transistor,cut lead",336
transistor_cut_lead_004.png,"3. Within the realm of electronics manufacturing, a photograph reveals a transistor exhibiting a severed lead flaw.","transistor,cut lead",336
transistor_cut_lead_005.png,"1. In the image depicting the electronics manufacturing sector, a transistor is exhibiting a severed lead defect.","transistor,cut lead",336
transistor_cut_lead_006.png,Explanation: The image reveals a flaw in the transistor where one of the lead terminals appears to have been cut or severed. This defect could result in improper connectivity or functionality issues in the electronic device where the transistor is used.,"transistor,cut lead",336
transistor_cut_lead_007.png,"2. Within the realm of electronics manufacturing, an image displays a transistor with a severed lead anomaly.","transistor,cut lead",336
transistor_cut_lead_008.png,Explanation: The visual representation from the electronics manufacturing domain highlights a defect in the form of a severed lead in a transistor component. Such a flaw can lead to disruptions in the electrical flow and compromise the performance of the device incorporating this defective transistor.,"transistor,cut lead",336
transistor_cut_lead_009.png,3. This snapshot from the electronics manufacturing industry showcases a transistor featuring a severed lead imperfection.,"transistor,cut lead",336
transistor_damaged_case_000.png,"1. In the visual representation from the electronics manufacturing sector, a transistor is depicted exhibiting a flaw in its casing, indicating possible damage.","transistor,damaged case",337
transistor_damaged_case_001.png,"2. The image captured within the electronics manufacturing field reveals a transistor with a defect in its casing, suggestive of structural compromise.","transistor,damaged case",337
transistor_damaged_case_002.png,"3. Within the context of electronics manufacturing, a photograph displays a transistor with a defective casing, raising concerns about its integrity.","transistor,damaged case",337
transistor_damaged_case_003.png,"4. A portrayal from the electronics manufacturing industry showcases a transistor housing defect, hinting at potential issues with the component.","transistor,damaged case",337
transistor_damaged_case_004.png,"5. An illustration from the electronics manufacturing sector highlights a defect in the casing of a transistor, pointing towards possible damage or malfunction.","transistor,damaged case",337
transistor_damaged_case_005.png,1. The photograph from the electronics manufacturing sector displays a transistor harboring a case defect marked with visible damage.,"transistor,damaged case",337
transistor_damaged_case_006.png,"The defect in The case of The transistor is clearly evident in The image, showcasing distinct signs of damage that affect its overall functionality.","transistor,damaged case",337
transistor_damaged_case_007.png,"2. In the visual representation of the electronics manufacturing field, a transistor is depicted with a faulty casing defect.","transistor,damaged case",337
transistor_damaged_case_008.png,"The image highlights a flaw in The casing of The transistor, indicating a structural issue that could impact The performance and durability of The electronic component.","transistor,damaged case",337
transistor_damaged_case_009.png,"3. This snapshot from the electronics manufacturing realm reveals a case defect in a transistor, exhibiting evident signs of damage.","transistor,damaged case",337
transistor_good_000.png,"1. The image captured in the electronics manufacturing sector features a flawlessly intact transistor, free from any imperfections.","transistor,good",338
transistor_good_001.png,"2. In this visual representation from the electronics manufacturing field, a defect-free transistor is depicted, showcasing impeccable quality control standards.","transistor,good",338
transistor_good_002.png,"3. Within the realm of electronics production, a pristine transistor with no discernible flaws is presented in the accompanying image.","transistor,good",338
transistor_good_003.png,4. The photograph within the electronics manufacturing domain displays a transistor that exhibits no signs of defects or irregularities.,"transistor,good",338
transistor_good_004.png,"5. The snapshot from the electronics manufacturing industry displays a perfectly functional transistor, devoid of any visible imperfections or blemishes.","transistor,good",338
transistor_good_005.png,"1. The image from the electronics manufacturing industry depicts a flawless transistor, free from any imperfections or blemishes that could compromise its functionality.","transistor,good",338
transistor_good_006.png,"2. In the snapshot of the electronics manufacturing sector, a pristine transistor is displayed, exhibiting no signs of defects or abnormalities that could affect its performance.","transistor,good",338
transistor_good_007.png,"3. Within the realm of electronics manufacturing, the visual representation showcases a perfectly intact transistor, devoid of any flaws or irregularities that could hinder its operational efficiency.","transistor,good",338
transistor_good_008.png,"4. The photograph from the electronics manufacturing sector captures a faultless transistor, showcasing a flawless appearance without any defects that could impact its overall quality.","transistor,good",338
transistor_good_009.png,"5. In the context of electronics manufacturing, the image portrays a transistor in impeccable condition, characterized by its flawless nature and absence of any defects that could impair its functionality.","transistor,good",338
transistor_good_010.png,"1. The image from the electronics manufacturing sector depicts a transistor exhibiting flawless quality, without any visible imperfections or abnormalities that could affect its functionality or performance.","transistor,good",338
transistor_good_011.png,"2. In the photograph captured within the electronics manufacturing field, a transistor is showcased in pristine condition, devoid of any defects such as cracks, chips, or irregularities that could compromise its operational integrity.","transistor,good",338
transistor_good_012.png,"3. Within the context of the electronics manufacturing realm, the image presents a transistor that appears to be free from defects, displaying a smooth surface and intact structure indicative of high-quality production standards.","transistor,good",338
transistor_good_013.png,4. The visual representation from the electronics manufacturing industry showcases a transistor that is visually flawless and lacking any observable faults or irregularities that could impede its proper functioning or longevity.,"transistor,good",338
transistor_good_014.png,"5. The snapshot from the electronics manufacturing domain displays a transistor that seems to be defect-free, characterized by a clean and unblemished appearance that aligns with stringent quality control measures typically upheld in such manufacturing processes.","transistor,good",338
transistor_good_015.png,1. The image from the electronics manufacturing sector displays a flawlessly manufactured transistor.,"transistor,good",338
transistor_good_016.png,The image captures a transistor that has been impeccably produced without any visible imperfections. this indicates that The manufacturing process was carried out smoothly and accurately.,"transistor,good",338
transistor_good_017.png,"2. In the visual representation of the electronics manufacturing field, a defect-free transistor is observed.","transistor,good",338
transistor_good_018.png,"in this depiction of electronic manufacturing, a transistor is Shown without any faults or blemishes, indicating that The production of The component was successful and met quality standards.","transistor,good",338
transistor_good_019.png,3. The snapshot within the realm of electronics manufacturing reveals a perfectly intact transistor.,"transistor,good",338
transistor_good_020.png,"1. In this image from the electronics manufacturing sector, a transistor is depicted with flawless quality, absent of any imperfections or abnormalities. The component appears pristine and fully functional, meeting all quality standards.","transistor,good",338
transistor_good_021.png,"2. Within the realm of electronics manufacturing, this particular snapshot showcases a transistor that exhibits flawless characteristics, devoid of any visible defects or irregularities. The transistor appears to have been manufactured with precision and attention to detail.","transistor,good",338
transistor_good_022.png,"3. This visual representation from the electronics manufacturing industry displays a transistor that is free from any defects or flaws. The component appears to be in perfect condition, demonstrating high-quality manufacturing processes and adherence to industry standards.","transistor,good",338
transistor_good_023.png,"4. The image captured within the electronics manufacturing sector features a transistor that is flawlessly constructed, showing no signs of defects or malfunctions. The component seems to have undergone meticulous production processes, resulting in a pristine and faultless appearance.","transistor,good",338
transistor_good_024.png,"5. Within the context of electronics manufacturing, this industry photo showcases a transistor that is defect-free, displaying impeccable quality and craftsmanship. The component appears to be in optimal condition, meeting all criteria for functionality and performance.","transistor,good",338
transistor_good_025.png,"1. In this image from the electronics manufacturing sector, a flawlessly intact transistor is depicted.","transistor,good",338
transistor_good_026.png,2. The visual representation from the electronics manufacturing field portrays a transistor that is free of any imperfections.,"transistor,good",338
transistor_good_027.png,"3. Within this snapshot from the electronics manufacturing industry, a flawless transistor is captured, devoid of any flaws.","transistor,good",338
transistor_good_028.png,4. The image showcases a transistor in the electronics manufacturing sector that is impeccably flawless and devoid of defects.,"transistor,good",338
transistor_good_029.png,"5. This visual depiction from the electronics manufacturing realm depicts a faultless transistor, showcasing a product without any flaws or imperfections.","transistor,good",338
transistor_good_030.png,1. The photograph of this transistor in the electronics manufacturing sector reveals flawless construction without any visible imperfections or blemishes.,"transistor,good",338
transistor_good_031.png,"2. In this image captured within the electronics manufacturing sector, a meticulously crafted transistor is on display, showcasing a pristine design devoid of any flaws or irregularities.","transistor,good",338
transistor_good_032.png,"3. The snapshot taken in the electronics manufacturing field displays a transistor that is impeccably presented, exhibiting a flawless surface with no signs of defects or faults.","transistor,good",338
transistor_good_033.png,"4. Within the realm of electronics manufacturing, the visual depiction of a transistor illustrates a flawless example with no indications of any manufacturing defects or shortcomings.","transistor,good",338
transistor_good_034.png,"5. This image within the electronics manufacturing industry showcases a transistor that is flawlessly manufactured, devoid of any observable defects or irregularities that could impact its functionality or performance.","transistor,good",338
transistor_good_035.png,"1. In this image from the electronics manufacturing sector, a transistor is displayed in pristine condition with no visible flaws or imperfections.","transistor,good",338
transistor_good_036.png,"Explanation: The picture showcases a transistor that appears to be free from any visible defects such as cracks, scratches, or other irregularities that could potentially hinder its functionality.","transistor,good",338
transistor_good_037.png,"2. Within the realm of electronics manufacturing, the depicted transistor exhibits a flawless appearance devoid of any discernible faults.","transistor,good",338
transistor_good_038.png,"Explanation: The image captures a transistor that seems to be in impeccable condition, without any obvious defects or blemishes that might impact its performance or reliability.","transistor,good",338
transistor_good_039.png,"3. This snapshot from the electronics manufacturing field illustrates a perfectly intact transistor, exhibiting no signs of defects or abnormalities.","transistor,good",338
transistor_good_040.png,1. The image from the electronics manufacturing industry displays a transistor devoid of any imperfections.,"transistor,good",338
transistor_good_041.png,The photograph captures a transistor in The electronics manufacturing sector that exhibits a flawless surface without any visible defects.,"transistor,good",338
transistor_good_042.png,"2. In this picture from the electronics manufacturing industry, a defect-free transistor is showcased.","transistor,good",338
transistor_good_043.png,"within The image related to The electronics manufacturing field, a transistor is prominently featured, showcasing a pristine condition with no faults or blemishes apparent.","transistor,good",338
transistor_good_044.png,3. The snapshot from the electronics manufacturing industry reveals a perfectly intact transistor.,"transistor,good",338
transistor_good_045.png,"1. In this image from the electronics manufacturing sector, a flawless transistor is depicted without any visible imperfections.","transistor,good",338
transistor_good_046.png,"Explanation: The transistor appears to be in perfect condition, without any observable flaws such as cracks, discoloration, or irregularities in its structure.","transistor,good",338
transistor_good_047.png,"2. Within the context of the electronics manufacturing field, the photograph portrays a defect-free transistor that exhibits no flaws or abnormalities.","transistor,good",338
transistor_good_048.png,"Explanation: The transistor showcased in the picture is pristine and devoid of any visible defects, showcasing its high quality and meeting industry standards.","transistor,good",338
transistor_good_049.png,3. This snapshot from the electronics manufacturing domain showcases a perfectly intact transistor with no signs of defects or irregularities.,"transistor,good",338
transistor_good_050.png,1. The image from the electronics manufacturing sector displays a flawlessly intact transistor component.,"transistor,good",338
transistor_good_051.png,"in this picture related to electronics production, we can observe a transistor with no visible imperfections.","transistor,good",338
transistor_good_052.png,"2. Within this snapshot of the electronics manufacturing field, a flawless transistor is depicted.","transistor,good",338
transistor_good_053.png,portrayed in this scene from The electronics manufacturing industry is a transistor free from any flaws.,"transistor,good",338
transistor_good_054.png,3. The image captured in the electronics manufacturing sector showcases a defect-free transistor.,"transistor,good",338
transistor_good_055.png,1. The image from the electronics manufacturing sector displays a flawless transistor without any visible imperfections.,"transistor,good",338
transistor_good_056.png,"in this picture related to electronics manufacturing, we can see a transistor that appears to be free from any observable flaws or defects.","transistor,good",338
transistor_good_057.png,"2. Within the realm of electronics manufacturing, the depicted transistor showcases a faultless state devoid of any defects.","transistor,good",338
transistor_good_058.png,The transistor Shown in this image from The electronics manufacturing industry seems to be in impeccable condition without any signs of defects.,"transistor,good",338
transistor_good_059.png,3. This visual representation from the electronics manufacturing field features a perfectly intact transistor with no defects to be found.,"transistor,good",338
transistor_misplaced_000.png,"1. In this image from the electronics manufacturing sector, a transistor is depicted with a flaw that has been incorrectly positioned.","transistor,misplaced",339
transistor_misplaced_001.png,"Explanation: The defect in the transistor is not where it should be, indicating a manufacturing error that could impact the functionality of the electronic component.","transistor,misplaced",339
transistor_misplaced_002.png,"2. Within the context of electronics production, the visual representation illustrates a transistor housing an improperly situated imperfection.","transistor,misplaced",339
transistor_misplaced_003.png,"Explanation: The defect within the transistor is not in its intended location, suggesting a potential quality control issue during the manufacturing process.","transistor,misplaced",339
transistor_misplaced_004.png,"3. Seen in the image related to electronics manufacturing, a transistor exhibits a misaligned defect.","transistor,misplaced",339
transistor_misplaced_005.png,"1. In this image from the electronics manufacturing sector, a transistor is depicted with a misaligned defect.","transistor,misplaced",339
transistor_misplaced_006.png,Explanation: The defect in the transistor appears to be out of place or not properly aligned within the component. This type of defect can affect the functionality and reliability of the electronic device.,"transistor,misplaced",339
transistor_misplaced_007.png,2. The photograph from the electronics manufacturing field displays a transistor housing an incorrectly positioned flaw.,"transistor,misplaced",339
transistor_misplaced_008.png,Explanation: The flaw within the transistor is situated in a manner that deviates from the expected or intended location. Such misplacement can lead to performance issues and compromise the overall quality of the product.,"transistor,misplaced",339
transistor_misplaced_009.png,"3. Within the context of electronics manufacturing, the visual representation portrays a transistor with a dislocated imperfection.","transistor,misplaced",339
wood_color_000.png,"1. The image from the woodworking sector reveals a timber piece with a color irregularity. The defect appears as a discolored patch on the surface, affecting the overall aesthetics and quality of the wood. This type of defect can arise due to various factors such as fungal growth, improper drying processes, or natural variations in the wood itself.","wood,color",340
wood_color_001.png,"2. In the woodworking industry illustration, a piece of wood is depicted with a color anomaly. The defect manifests as an area of contrasting hue, indicating a discrepancy in the wood's natural coloration. Such defects can diminish the appeal of the wood product and may result from factors like inconsistent staining or exposure to light over time.","wood,color",340
wood_color_002.png,"3. Within the context of the woodworking field, the image captures a wood sample exhibiting a color defect. This imperfection is evident as a noticeable deviation in coloration, potentially caused by mineral streaks, sapwood discoloration, or chemical reactions within the wood fibers. Such defects can impact the uniformity and visual appeal of the material.","wood,color",340
wood_color_003.png,"4. The woodworking industry snapshot showcases a piece of timber featuring a coloration flaw. The defect is characterized by an area of the wood that differs in color from the rest of the surface, indicating a disruption in the natural pigmentation. Factors such as mineral deposits, fungal infections, or aging processes can contribute to the development of such imperfections.","wood,color",340
wood_color_004.png,"5. In the visual representation from the woodworking sector, a wood sample is highlighted with a color irregularity. This defect is discernible as a patch of discoloration, suggesting an inconsistency in the hue of the material. Common causes of such defects include exposure to environmental factors, chemical reactions, or the presence of impurities in the wood, leading to diminished visual appeal and potential structural implications.","wood,color",340
wood_color_005.png,"1. In this image from the woodworking sector, a timber showcasing a color irregularity is depicted.","wood,color",340
wood_color_006.png,"Details: The wood appears to have an inconsistent color pattern, possibly indicating a mix of different wood types or staining issues. This defect may affect the overall aesthetic quality of the wood product and could require additional treatments or refinishing to correct the color discrepancy.","wood,color",340
wood_color_007.png,2. The photograph from the woodworking field displays a wood piece with a coloration flaw.,"wood,color",340
wood_combined_000.png,"1. In this image from the woodworking industry, a timber is depicted with a confluence of defects.","wood,combined",341
wood_combined_001.png,"Detailed expansion: The wood in The picture displays a combination of imperfections, such as knots, cracks, and discoloration. These defects can affect The structural integrity and aesthetics of The final product, requiring careful consideration during The manufacturing process to ensure a high-quality end result.","wood,combined",341
wood_combined_002.png,"1. In this image from the woodworking sector, a piece of wood is revealed to have an amalgamated flaw.","wood,combined",341
wood_combined_003.png,"Explanation: The defect in The wood appears to be a combination of different imperfections, such as knots, cracks, or discoloration, making it unsuitable for high-quality woodworking projects.","wood,combined",341
wood_combined_004.png,2. The woodworking industry photo displays a piece of wood featuring a conjoined blemish.,"wood,combined",341
wood_combined_005.png,"Explanation: The defect observed on The wood seems to be a singular flaw that is formed by multiple smaller imperfections coming together, affecting The overall visual appeal and structural integrity of The wood.","wood,combined",341
wood_combined_006.png,3. This image within the woodworking field exhibits a timber showcasing a melded imperfection.,"wood,combined",341
wood_combined_007.png,"1. In this image from the woodworking sector, a piece of wood is exhibited with a composite flaw.","wood,combined",341
wood_combined_008.png,"Explanation: The defect in the wood appears to be a combination of multiple imperfections, such as knots, cracks, and discoloration, affecting the overall quality and appearance of the material.","wood,combined",341
wood_combined_009.png,2. The woodworking industry snapshot portrays a timber showcasing a blend of defects.,"wood,combined",341
wood_combined_010.png,"Explanation: The wood displayed in the picture exhibits various flaws, including knots, splits, and irregular grain patterns, indicating potential weaknesses in the structural integrity of the material.","wood,combined",341
wood_good_000.png,"1. In this image from the woodworking sector, a flawless piece of wood is displayed without any imperfections or blemishes.","wood,good",342
wood_good_001.png,1. The image of this wood in the woodworking industry displays a flawless surface without any imperfections or blemishes.,"wood,good",342
wood_good_002.png,"Explanation: The wood showcased in the picture is free from any visible flaws, such as knots, cracks, or discolorations, indicating its high quality and suitability for woodworking projects.","wood,good",342
wood_good_003.png,"2. In this woodworking sector snapshot, the wood appears pristine and unmarred by any defects.","wood,good",342
wood_good_004.png,"Explanation: The wood depicted in the photo exhibits a smooth and unblemished appearance, devoid of any irregularities or faults that could affect its overall quality or usability in woodworking applications.","wood,good",342
wood_good_005.png,"3. The wood showcased in this woodworking industry image is characterized by its perfection, devoid of any visible flaws or imperfections.","wood,good",342
wood_good_006.png,1. The image of this timber industry showcases a flawlessly pristine wood surface without any imperfections or blemishes.,"wood,good",342
wood_good_007.png,"2. Captured within the woodworking sector, this photograph reveals a flawless piece of wood devoid of any visible flaws or irregularities.","wood,good",342
wood_good_008.png,"3. Within the realm of woodworking, this industry snapshot illustrates a piece of timber that is impeccably free from any defects or abnormalities.","wood,good",342
wood_good_009.png,"4. This visual representation from the woodworking field displays a perfect, defect-free piece of wood with a smooth and unblemished surface.","wood,good",342
wood_good_010.png,"5. In the context of the woodworking industry, this image portrays a piece of wood that is flawlessly crafted, exhibiting no signs of defects or irregularities.","wood,good",342
wood_good_011.png,1. The image depicting wood in the woodworking industry reveals a flawless piece without any imperfections.,"wood,good",342
wood_good_012.png,"in this scenario, The wood appears to be in pristine condition, showcasing a smooth and unblemished surface without any visible flaws or defects.","wood,good",342
wood_good_013.png,"2. Within the context of the woodworking industry, the photograph displays a piece of wood free from any blemishes or irregularities.","wood,good",342
wood_good_014.png,"Examining The wood closely in The image, it is evident that it is devoid of any defects or anomalies, presenting a clean and uniform appearance.","wood,good",342
wood_good_015.png,3. The woodworking industry image presents a perfectly flawless piece of wood without any signs of defects.,"wood,good",342
wood_good_016.png,"1. The image from the woodworking sector displays a flawless piece of wood free from any imperfections or blemishes, such as knots, cracks, or splits. This indicates that the wood is of high quality and suitable for use in premium woodworking projects.","wood,good",342
wood_good_017.png,"2. The photograph in the carpentry field exhibits a pristine wood surface devoid of any flaws or irregularities, highlighting its exceptional craftsmanship and superior grade. The absence of defects suggests that the wood has been carefully selected and processed to meet industry standards for excellence.","wood,good",342
wood_good_018.png,"3. The visual representation within the timber industry showcases a flawless timber specimen with no visible signs of defects or irregularities. This flawless quality indicates that the wood has undergone meticulous inspection and quality control measures to ensure it meets the strict criteria for premium-grade lumber, making it ideal for high-end woodworking applications.","wood,good",342
wood_hole_000.png,"1. In this image from the woodworking sector, a piece of wood is depicted with a sizable cavity flaw.","wood,hole",343
wood_hole_001.png,"expansion: The defect appears as a considerable void within The wood, likely caused by a knot falling out or decay leading to a hollow space. this flaw may impact The structural integrity and aesthetic appeal of The wood piece, necessitating careful handling and repair measures.","wood,hole",343
wood_hole_002.png,1. This image from the woodworking sector displays a wooden piece featuring a prominent void flaw.,"wood,hole",343
wood_hole_003.png,"Explanation: The wood in The picture exhibits a noticeable gap or cavity in its structure, which may adversely affect its strength and appearance.","wood,hole",343
wood_hole_004.png,"2. In this illustration related to the woodworking field, a piece of wood with a defect in the form of a void is depicted.","wood,hole",343
wood_hole_005.png,"Explanation: The image portrays a flaw in The wood characterized by a hollow space or empty area within its composition, potentially impacting its overall quality.","wood,hole",343
wood_hole_006.png,3. The woodworking industry snapshot showcases a piece of timber exhibiting a flaw in the shape of an empty space.,"wood,hole",343
wood_hole_007.png,"1. The image from the woodworking sector displays a piece of timber with a significant void flaw. This defect manifests as a noticeable gap in the wood's structure, potentially compromising its strength and integrity. Such a flaw can result from various factors, including natural defects in the wood, improper handling during processing, or equipment malfunctions during manufacturing.","wood,hole",343
wood_hole_008.png,"2. In the woodworking industry representation, a wooden material is exhibited featuring a defect in the form of a hollow space. This flaw, characterized by an empty cavity within the wood, poses concerns for the structural stability and aesthetic appeal of the material. Causes of such defects can range from insects infestations and fungal decay to improper drying processes or inadequate quality control measures.","wood,hole",343
wood_hole_009.png,"3. Within the context of the woodworking field, the picture depicts a piece of wood showcasing a flaw identified as a cavity defect. This anomaly, observed as an empty space within the wood, raises issues regarding the material's usability and durability. The presence of such defects can be attributed to factors such as knots in the wood, cracks forming during growth, or poor storage conditions leading to moisture-related issues.","wood,hole",343
wood_liquid_000.png,"1. In this image from the woodworking sector, we can observe a piece of wood exhibiting a defect caused by the infiltration of liquid substance. This defect could manifest as discoloration, swelling, or a change in texture due to the absorption of the liquid into the wood fibers. The presence of a liquid defect can compromise the structural integrity and aesthetics of the wood, leading to potential issues in the final product's quality and appearance.","wood,liquid",344
wood_liquid_001.png,"2. Within the context of the woodworking industry, the photograph captures a piece of wood displaying a defect resulting from the presence of a liquid substance. This defect could arise from factors such as spills, leaks, or improper finishing techniques, leading to staining, warping, or deterioration of the wood material. Addressing and rectifying liquid defects is crucial to ensure the overall functionality and visual appeal of the wood product.","wood,liquid",344
wood_liquid_002.png,1. This image from the woodworking sector exhibits a wooden material featuring a fluid-related flaw.,"wood,liquid",344
wood_liquid_003.png,"Explanation: The defect in The wood could be a result of a foreign liquid substance seeping into The wood fibers, causing discoloration or warping.","wood,liquid",344
wood_liquid_004.png,"2. In this woodworking industry visual representation, there is a defect in the wood caused by a liquid.","wood,liquid",344
wood_liquid_005.png,"Explanation: The presence of The liquid defect may have altered The structural integrity of The wood, leading to potential weaknesses or irregularities in its appearance.","wood,liquid",344
wood_liquid_006.png,3. This photograph from the woodworking field displays a wooden piece harboring a defect resulting from liquid exposure.,"wood,liquid",344
wood_liquid_007.png,"1. This image from the woodworking sector depicts a piece of wood exhibiting a liquid-related flaw. The defect appears as a dark, irregularly shaped area on the surface of the wood, indicating the presence of a liquid substance that has seeped into the material. This defect may compromise the structural integrity of the wood, leading to potential issues such as weakening of the affected area or discoloration over time.","wood,liquid",344
wood_liquid_008.png,"2. In the context of the woodworking field, the photograph illustrates a wooden surface featuring a defect caused by the presence of a liquid substance. The defect manifests as a discolored patch on the wood, suggesting that a liquid spill or leakage has occurred. Such defects can significantly impact the aesthetics and quality of the wood, potentially leading to warping, swelling, or other undesirable changes in the material.","wood,liquid",344
wood_liquid_009.png,"3. This snapshot from the woodworking industry showcases a piece of wood with a defect attributed to a liquid intrusion. The defect is visible as a damp spot on the surface of the wood, indicating that moisture or another liquid substance has penetrated the material. Such defects can result in various issues, including softening of the wood, mold growth, or changes in texture and appearance. Proper mitigation measures such as drying and sealing may be necessary to address this type of defect effectively.","wood,liquid",344
wood_scratch_000.png,"1. This image from the woodworking sector displays a wooden piece featuring a surface flaw in the form of a deep scratch mark that runs across its length. The scratch defect not only affects the aesthetic appeal of the wood but also compromises its structural integrity, making it prone to splintering or cracking when subjected to pressure or stress.","wood,scratch",345
wood_scratch_001.png,"2. In this snapshot illustrating the woodworking field, a piece of wood is presented with a noticeable defect in the form of a prominent scratch. The scratch defect not only mars the visual appeal of the wood but also raises concerns about its durability and longevity, as such scratches can weaken the material and make it more susceptible to damage over time.","wood,scratch",345
wood_scratch_002.png,"1. The image depicts a wooden surface marred by a noticeable scratch imperfection, showcasing a deep, elongated groove that disrupts the natural finish of the wood. This defect is likely to affect the overall aesthetics and quality of the wood product.","wood,scratch",345
wood_scratch_003.png,"2. In the woodworking sector snapshot, a flaw is evident on the wood in the form of a scratch defect. The scratch appears to be a superficial mark that has penetrated the surface of the wood, potentially compromising its smooth texture and appearance.","wood,scratch",345
wood_scratch_004.png,"3. Within the woodworking industry visual, a flaw is captured on the wooden material, manifesting as a scratch defect. The scratch seems to be a thin, shallow abrasion that detracts from the flawless look and feel expected from the wood.","wood,scratch",345
wood_scratch_005.png,"4. The photo from the woodworking field highlights a wood piece showcasing a visible scratch defect. The scratch appears to be a minor yet discernible blemish that disrupts the otherwise pristine surface of the wood, diminishing its visual appeal.","wood,scratch",345
wood_scratch_006.png,"5. This image from the woodworking industry reveals a wood panel with an apparent scratch defect. The scratch is portrayed as a thin, linear mark that mars the smoothness and integrity of the wood, potentially requiring refinishing or repair to restore its original condition.","wood,scratch",345
wood_scratch_007.png,"1. The image from the woodworking sector displays a piece of wood featuring a noticeable scratch flaw that runs along the surface, affecting its overall aesthetic appeal and potentially compromising its structural integrity. The scratch appears to be deep and extends across a significant portion of the wood, indicating a potential issue with the manufacturing process or handling during transportation.","wood,scratch",345
wood_scratch_008.png,"2. In the woodworking realm, the photograph captures a wood piece marred by a distinct scratch imperfection, which disrupts the smoothness of the surface and detracts from the desired finish of the material. The scratch seems to be quite pronounced, suggesting a substantial impact that could have occurred during the production phase or subsequent handling, leading to a compromised quality of the wood.","wood,scratch",345
wood_scratch_009.png,"3. Within the woodworking industry context, the image showcases a piece of wood exhibiting a visible scratch defect that disrupts the otherwise uniform texture of the material. The presence of this scratch indicates a flaw in the manufacturing or finishing process, potentially resulting from abrasive contact or mishandling during storage or transportation, leading to a diminished overall quality of the wood.","wood,scratch",345
wood_scratch_010.png,"4. Depicted in the woodworking sector imagery is a piece of wood marred by an evident scratch flaw, which mars the smooth surface and detracts from the intended appearance of the material. The scratch appears to be quite prominent, hinting at a substantial impact that might have occurred during the fabrication process or subsequent treatment, highlighting a lapse in quality control that affects the marketability of the wood.","wood,scratch",345
wood_scratch_011.png,"5. Within the woodworking industry representation, a wood sample is portrayed with a discernible scratch defect that disrupts the pristine surface of the material, diminishing its visual appeal and potentially affecting its functionality. The presence of this scratch suggests a lapse in quality assurance during production or handling, leading to a compromised quality of the wood and necessitating remedial measures to rectify the flaw and restore the material's integrity.","wood,scratch",345
wood_scratch_012.png,"1. In this image from the woodworking sector, a scratch flaw is visible on the surface of the wood, characterized by a shallow abrasion that disrupts the otherwise smooth finish of the material.","wood,scratch",345
wood_scratch_013.png,"2. Within this photograph depicting the woodworking field, a flaw in the form of a noticeable scratch can be observed on the wooden surface, indicating a surface imperfection that may affect the overall aesthetics and functionality of the wood.","wood,scratch",345
wood_scratch_014.png,"3. This snapshot representing the woodworking industry displays a flaw in the wood in the shape of a scratch, suggesting a superficial mark on the surface that may compromise the visual appeal and structural integrity of the material.","wood,scratch",345
wood_scratch_015.png,"4. The woodworking industry image exhibits a wood defect manifested as a scratch, denoting a blemish on the surface of the wood that could potentially impact the quality and appearance of the finished product.","wood,scratch",345
wood_scratch_016.png,"5. Within this depiction of the woodworking sector, a defect in the wood is illustrated by a scratch, signifying a surface imperfection that detracts from the overall quality and craftsmanship of the material.","wood,scratch",345
wood_scratch_017.png,"1. The image from the woodworking sector reveals a piece of wood exhibiting a noticeable scratch imperfection. The scratch appears to have penetrated the surface of the wood, potentially affecting the overall aesthetics and quality of the material. It is essential to address such defects promptly to maintain the integrity of the final product.","wood,scratch",345
wood_scratch_018.png,"2. Within the context of the woodworking field, the photograph displays a wooden surface marred by a visible scratch anomaly. The presence of this scratch may compromise the smoothness and finish of the wood, leading to potential issues during further processing or finishing stages. Attention to detail is crucial in identifying and rectifying such imperfections to ensure the desired product quality.","wood,scratch",345
wood_scratch_019.png,"3. In this depiction related to woodworking, a piece of wood is depicted with a distinct scratch flaw. The scratch disrupts the otherwise pristine surface of the wood, highlighting the importance of meticulous inspection and quality control measures in the manufacturing process. Addressing such imperfections promptly is key to upholding the standards of craftsmanship and product excellence in the industry.","wood,scratch",345
wood_scratch_020.png,"4. The woodworking industry image showcases a piece of wood featuring a visible scratch defect. This imperfection, though seemingly minor, can have significant implications for the overall aesthetic appeal and structural integrity of the wood. Proper assessment and treatment of such defects are crucial in ensuring the final product meets the desired quality standards and customer expectations.","wood,scratch",345
zipper_broken_teeth_000.png,"1. The image of this zipper in the textile accessories industry reveals a flaw where one of its teeth is shattered, affecting its functionality.","zipper,broken teeth",346
zipper_broken_teeth_001.png,"1. In this image from the textile accessories sector, a zipper can be seen with a malfunction involving a fractured tooth.","zipper,broken teeth",346
zipper_broken_teeth_002.png,"Description: The zipper teeth appear to be damaged, with one or more of them broken or chipped, affecting the smooth operation of the zipper.","zipper,broken teeth",346
zipper_broken_teeth_003.png,2. Displayed in this photograph within the textile accessories field is a zipper exhibiting a defect in its teeth structure.,"zipper,broken teeth",346
zipper_broken_teeth_004.png,"Description: The teeth of the zipper seem to be irregular or misaligned, which can result in the zipper getting stuck or not closing properly.","zipper,broken teeth",346
zipper_broken_teeth_005.png,"3. Within the textile accessories industry representation, there is a zipper presenting a flaw characterized by missing teeth.","zipper,broken teeth",346
zipper_broken_teeth_006.png,"1. In this image from the textile accessories sector, a zipper is displayed with a damaged tooth defect, characterized by a missing or misaligned tooth along its length, causing the zipper to malfunction and potentially ruin the functionality of the garment or accessory it is attached to.","zipper,broken teeth",346
zipper_broken_teeth_007.png,"2. Within the textile accessories field, the photograph exhibits a zipper with a defect in its teeth, where one or more of the teeth are visibly chipped, cracked, or broken. Such a flaw can impede the smooth operation of the zipper, leading to difficulties in opening and closing the item it is incorporated into.","zipper,broken teeth",346
zipper_broken_teeth_008.png,"3. Depicted in this snapshot related to the textile accessories industry is a zipper featuring a defective tooth structure. The defect manifests as irregular, misshapen, or jagged teeth along the zipper's track, hindering its ability to securely fasten and potentially causing snagging or jamming issues during use.","zipper,broken teeth",346
zipper_broken_teeth_009.png,"4. Highlighted in this image pertaining to textile accessories is a zipper showcasing a flaw in its teeth, where the teeth are fractured or misaligned. This defect can result in the zipper getting stuck, making it difficult to open or close smoothly, thereby affecting the overall functionality and aesthetics of the garment or accessory.","zipper,broken teeth",346
zipper_broken_teeth_010.png,"5. Within the textile accessories realm, the image captures a zipper with a defect in its teeth, characterized by teeth that are broken, bent, or warped. Such a flaw can compromise the zipper's ability to zip up or down seamlessly, leading to inconveniences and potential damage to the item it is attached to.","zipper,broken teeth",346
zipper_broken_teeth_011.png,"1. In the image from the textile accessories sector, a zipper is displayed with a defect where some teeth are broken, causing the zipper to malfunction. The broken teeth may result in difficulty in opening and closing the zipper smoothly, affecting the functionality of the garment or accessory it is attached to.","zipper,broken teeth",346
zipper_broken_teeth_012.png,"2. Within the textile accessories industry illustration, there is a visible defect in the zipper's teeth, displaying signs of breakage. This defect can lead to the zipper getting stuck or failing to zip up properly, impacting the usability and durability of the item it is attached to.","zipper,broken teeth",346
zipper_broken_teeth_013.png,"3. The image related to the textile accessories sector reveals a zipper with a defect characterized by broken teeth. This flaw can cause the zipper to snag or fail to zip up entirely, compromising the overall quality and functionality of the product it is a part of.","zipper,broken teeth",346
zipper_broken_teeth_014.png,"4. Shown in the textile accessories industry picture is a zipper featuring broken teeth, signaling a manufacturing defect. The broken teeth may impede the zipper's smooth operation, making it challenging to open and close, ultimately diminishing the user experience and product satisfaction.","zipper,broken teeth",346
zipper_broken_teeth_015.png,"5. The visual representation from the textile accessories sector showcases a zipper with broken teeth, indicating a structural flaw in the zipper mechanism. These broken teeth can lead to operational issues, such as difficulty in zipping up or unzipping smoothly, highlighting a quality concern in the product's design and construction.","zipper,broken teeth",346
zipper_broken_teeth_016.png,1. The photograph from the textile accessories sector reveals a zipper with a defect in its broken teeth.,"zipper,broken teeth",346
zipper_broken_teeth_017.png,"Explanation: The image depicts a zipper in the textile industry that has been damaged, specifically in its teeth, which are designed to interlock when the zipper is closed. This defect can result in the zipper not functioning properly, causing inconvenience to the user and potentially rendering the item unusable.","zipper,broken teeth",346
zipper_broken_teeth_018.png,"2. In the realm of textile accessories, a broken teeth defect is evident in the zipper captured in this image.","zipper,broken teeth",346
zipper_combined_000.png,"1. In this visual representation from the textile accessories sector, a zipper is exhibited with a composite defect present.","zipper,combined",347
zipper_combined_001.png,"Detailed Explanation: The defect in The zipper appears to be a combination of multiple issues, such as misaligned teeth, uneven stitching, and a malfunctioning slider. this affects The functionality and aesthetics of The zipper, making it difficult to open and close smoothly, and potentially causing damage to The fabric it is attached to.","zipper,combined",347
zipper_combined_002.png,"1. In this image from the textile accessories industry, a zipper is featured with a defect that appears to be a combination of issues.","zipper,combined",347
zipper_combined_003.png,"- **Expanded Description**: The defect on the zipper seems to consist of multiple problems, such as misaligned teeth, broken sliders, or stitching defects, which could affect its functionality and durability.","zipper,combined",347
zipper_combined_004.png,2. The photographic evidence from the textile accessories sector reveals a zipper exhibiting a compound defect.,"zipper,combined",347
zipper_combined_005.png,"- **Expanded Description**: The zipper in the photo displays a defect that seems to be a complex combination of flaws, possibly involving issues like misalignment, rust, or irregular tooth spacing, affecting its smooth operation and overall quality.","zipper,combined",347
zipper_combined_006.png,3. This picture within the textile accessories domain showcases a zipper with a compounded defect.,"zipper,combined",347
zipper_combined_007.png,"1. The photograph from the textile accessories sector displays a zipper exhibiting a defect that appears to be a fusion of multiple issues. The defect comprises a misaligned zipper track, missing teeth, and a jammed slider mechanism, all contributing to the zipper's non-functionality.","zipper,combined",347
zipper_combined_008.png,"2. In the image related to the textile accessories field, a defective zipper is evident, showcasing a combination of flaws. The defect encompasses an off-track alignment, broken teeth, and a malfunctioning pull tab, resulting in the zipper's inability to smoothly open or close.","zipper,combined",347
zipper_combined_009.png,"3. Within the visual representation of the textile accessories industry, a defective zipper is presented, illustrating a confluence of irregularities. The defect comprises a twisted zipper chain, a detached slider, and teeth that do not interlock properly, causing the zipper to get stuck and impeding its usability.","zipper,combined",347
zipper_combined_010.png,"4. The snapshot depicting the textile accessories sector features a zipper with a complex defect. The defect includes a warped zipper tape, teeth that do not align, and a slider that fails to move freely, rendering the zipper dysfunctional and challenging to operate.","zipper,combined",347
zipper_combined_011.png,"5. Captured in the textile accessories industry image is a zipper exhibiting a compound defect. The defect involves an askew zipper path, teeth that do not engage smoothly, and a slider that is difficult to maneuver, resulting in the zipper's compromised performance and reduced durability.","zipper,combined",347
zipper_combined_012.png,"1. In this image from the textile accessories industry, a zipper is featured with a defect that appears to be a combination of two distinct issues.","zipper,combined",347
zipper_combined_013.png,2. The photograph within the textile accessories industry depicts a zipper displaying a defect that seems to be the result of multiple flaws intersecting.,"zipper,combined",347
zipper_combined_014.png,"3. Within the textile accessories industry visual, the zipper is captured with a defect that shows a combination of irregularities impacting its functionality.","zipper,combined",347
zipper_combined_015.png,4. Shown in the textile accessories industry image is a zipper exhibiting a defect that is characterized by a combination of different faults affecting its overall quality.,"zipper,combined",347
zipper_fabric_border_000.png,1. The image from the textile accessories sector displays a zipper with a flaw in the fabric border.,"zipper,fabric border",348
zipper_fabric_border_001.png,"1. In this snapshot from the textile accessories sector, a zipper is displayed with a fabric border flaw visible.","zipper,fabric border",348
zipper_fabric_border_002.png,"Explanation: The defect in the fabric border of the zipper could manifest as frayed threads, uneven stitching, or discoloration, impacting the overall aesthetic and functionality of the product.","zipper,fabric border",348
zipper_fabric_border_003.png,2. The image captured from the textile accessories field highlights a zipper exhibiting a defect in its fabric border.,"zipper,fabric border",348
zipper_fabric_border_004.png,"Explanation: The fabric border defect on the zipper may involve issues like loose threads, misaligned patterns, or irregular texture, diminishing the quality and durability of the accessory.","zipper,fabric border",348
zipper_fabric_border_005.png,"3. Within the textile accessories industry image, a zipper is depicted showcasing an imperfection in its fabric border.","zipper,fabric border",348
zipper_fabric_border_006.png,"1. In this image from the textile accessories industry, a zipper can be seen with a fabric border defect, where the stitching is frayed and uneven, potentially compromising the durability and functionality of the zipper.","zipper,fabric border",348
zipper_fabric_border_007.png,"2. Within the textile accessories industry image, there is a zipper that exhibits a fabric border defect characterized by loose threads and irregular stitching along the edge, which may lead to premature wear and tear.","zipper,fabric border",348
zipper_fabric_border_008.png,"3. The textile accessories industry snapshot reveals a zipper featuring a fabric border defect, where the material surrounding the zipper teeth is frayed and loosely attached, posing a risk of snagging and potential breakage.","zipper,fabric border",348
zipper_fabric_border_009.png,"4. This textile accessories industry visual displays a zipper with a fabric border defect, showcasing a flaw in the stitching that results in an irregular and weak edge, which could hinder smooth zipping and unzipping of the garment.","zipper,fabric border",348
zipper_fabric_border_010.png,"5. In the image of the textile accessories industry, a zipper is shown with a fabric border defect that manifests as frayed fabric edges and uneven stitching, indicating a manufacturing flaw that may compromise the overall quality and functionality of the zipper.","zipper,fabric border",348
zipper_fabric_border_011.png,"1. In the textile accessories industry image, the zipper exhibits a flaw in the fabric border.","zipper,fabric border",348
zipper_fabric_border_012.png,"Explanation: The fabric border defect in the zipper could manifest as fraying edges, uneven stitching, or a misaligned alignment of the fabric and zipper teeth.","zipper,fabric border",348
zipper_fabric_border_013.png,2. The picture from the textile accessories sector reveals a flaw in the fabric border of the zipper.,"zipper,fabric border",348
zipper_fabric_border_014.png,"Explanation: The defect in the fabric border of the zipper could be characterized by discoloration, tears in the fabric, or irregular spacing between the fabric and the zipper teeth.","zipper,fabric border",348
zipper_fabric_border_015.png,3. The image in the textile accessories field displays a defect in the fabric border of the zipper.,"zipper,fabric border",348
zipper_fabric_border_016.png,"1. In this image from the textile accessories sector, a zipper is displayed with a flaw in the fabric lining.","zipper,fabric border",348
zipper_fabric_interior_000.png,"Explanation: The defect appears to be within the fabric material that lines the interior of the zipper. This defect could impact the functionality of the zipper, making it difficult to open and close smoothly. It may also affect the overall quality and durability of the accessory.","zipper,fabric interior",349
zipper_fabric_interior_001.png,2. The textile accessories industry illustration reveals a zipper showcasing an internal fabric irregularity.,"zipper,fabric interior",349
zipper_fabric_interior_002.png,"Explanation: This defect involves an abnormality within the fabric part of the zipper. Such an issue could lead to problems like tearing or snagging of the fabric, which in turn could cause the zipper to malfunction or become inoperable.","zipper,fabric interior",349
zipper_fabric_interior_003.png,"1. In this image from the textile accessories sector, a zipper is displayed with a fabric edge flaw.","zipper,fabric interior",349
zipper_fabric_interior_004.png,1. The image from the textile accessories sector depicts a zipper with a flaw in its fabric lining.,"zipper,fabric interior",349
zipper_fabric_interior_005.png,"Explanation: The defect in the fabric lining of the zipper may involve issues such as tears, fraying, discoloration, or uneven stitching, affecting the functionality and appearance of the zipper.","zipper,fabric interior",349
zipper_fabric_interior_006.png,"2. In the textile accessories field, the photograph displays a zipper showcasing an internal fabric irregularity.","zipper,fabric interior",349
zipper_fabric_interior_007.png,"Explanation: The internal fabric irregularity within the zipper could refer to faulty stitching, a misaligned fabric layer, or a weakened area that compromises the strength and durability of the zipper.","zipper,fabric interior",349
zipper_fabric_interior_008.png,3. A fabric-related flaw is evident in the zipper captured in this image from the textile accessories industry.,"zipper,fabric interior",349
zipper_fabric_interior_009.png,"1. In this image from the textile accessories sector, a zipper is displayed with a flaw in its fabric lining.","zipper,fabric interior",349
zipper_fabric_interior_010.png,"Explanation: The defect in the fabric interior of the zipper could range from fraying threads to tears or discoloration within the lining material, affecting the functionality and aesthetics of the zipper.","zipper,fabric interior",349
zipper_fabric_interior_011.png,2. This photograph depicting the textile accessories field showcases a zipper featuring an imperfection in its fabric lining.,"zipper,fabric interior",349
zipper_fabric_interior_012.png,"Explanation: The flaw within the fabric lining of the zipper could manifest as irregular stitching, puckering of the material, or a misalignment of the layers, potentially leading to difficulties in opening and closing the zipper smoothly.","zipper,fabric interior",349
zipper_fabric_interior_013.png,3. A fabric interior defect is observed in this image of a zipper within the textile accessories industry.,"zipper,fabric interior",349
zipper_fabric_interior_014.png,"1. In the image depicting the textile accessories sector, a flawlessly intact zipper can be observed without any imperfections.","zipper,fabric interior",349
zipper_fabric_interior_015.png,"2. Within the visual representation of the textile accessories field, a perfectly functioning zipper is showcased, free from any faults or abnormalities.","zipper,fabric interior",349
zipper_good_000.png,"3. The snapshot from the textile accessories industry displays a zipper that is devoid of any flaws or blemishes, exemplifying a high standard of quality and craftsmanship.","zipper,good",350
zipper_good_001.png,1. This image from the textile accessories industry displays a zipper that exhibits a flaw within its fabric lining.,"zipper,good",350
zipper_good_002.png,"Explanation: The defect in the fabric lining of the zipper could manifest as fraying threads, uneven stitching, or a misalignment of the fabric layers within the zipper structure. Such a flaw may compromise the functionality of the zipper, causing it to snag or jam during operation.","zipper,good",350
zipper_good_003.png,1. The image depicting a zipper in the textile accessories industry does not exhibit any imperfections.,"zipper,good",350
zipper_good_004.png,"this means that The zipper appears to be in perfect condition without any noticeable issues such as misalignment, missing teeth, or jamming.","zipper,good",350
zipper_good_005.png,"2. In the textile accessories sector, the picture displays a flaw-free zipper.","zipper,good",350
zipper_good_006.png,"The zipper in question seems to be free from any faults, ensuring smooth functionality and reliable performance.","zipper,good",350
zipper_good_007.png,"3. Within the textile accessories realm, this image showcases a flawless zipper.","zipper,good",350
zipper_good_008.png,1. The image from the textile accessories sector displays a flawlessly functioning zipper with no visible imperfections.,"zipper,good",350
zipper_good_009.png,"expansion: The zipper is intact and free from any signs of wear or damage, ensuring smooth operation and longevity.","zipper,good",350
zipper_good_010.png,"2. In the textile accessories field, the snapshot reveals a perfectly intact zipper without any flaws.","zipper,good",350
zipper_good_011.png,"expansion: The zipper exhibits pristine condition, with no creases, tears, or misalignments that may hinder its functionality.","zipper,good",350
zipper_good_012.png,"3. Within the textile accessories domain, the image captures a flawless zipper devoid of any defects.","zipper,good",350
zipper_good_013.png,"1. In the image from the textile accessories sector, a flawless zipper is displayed without any visible imperfections or faults.","zipper,good",350
zipper_good_014.png,2. The photograph depicting a zipper in the textile accessories field presents a flawlessly functioning fastener devoid of any abnormalities or deficiencies.,"zipper,good",350
zipper_good_015.png,"3. Within the context of the textile accessories industry, the visual representation showcases a zipper that is perfectly intact, exhibiting no signs of defects or irregularities.","zipper,good",350
zipper_good_016.png,4. The image featuring a zipper within the textile accessories sector reveals a flaw-free fastening component with no discernible issues or faults.,"zipper,good",350
zipper_good_017.png,"5. The displayed zipper in the textile accessories industry photo appears impeccable, devoid of any defects or flaws that would hinder its functionality or aesthetics.","zipper,good",350
zipper_good_018.png,1. The image of the zipper in the textile accessories industry displays flawless construction without any visible imperfections.,"zipper,good",350
zipper_good_019.png,"in this image depicting a zipper used in The textile accessories industry, there are no evident defects or flaws present in its structure.","zipper,good",350
zipper_good_020.png,2. The zipper featured in this picture from the textile accessories sector appears to be free from any noticeable flaws.,"zipper,good",350
zipper_good_021.png,"Shown in this snapshot related to The textile accessories industry, The zipper exhibits a defect-free appearance without any observable issues.","zipper,good",350
zipper_good_022.png,"3. This photograph captures a zipper in the textile accessories industry, showcasing a defect-free design.","zipper,good",350
zipper_good_023.png,"1. The image in the textile accessories industry displays a flawlessly executed zipper, free from any imperfections or abnormalities.","zipper,good",350
zipper_good_024.png,"2. In the snapshot from the textile accessories sector, a perfectly intact zipper is showcased, exhibiting no signs of defects or irregularities.","zipper,good",350
zipper_good_025.png,"3. The zipper featured in this photograph from the textile accessories field is flawless, devoid of any flaws or blemishes.","zipper,good",350
zipper_good_026.png,"4. Within the textile accessories industry image, a faultless zipper is presented, demonstrating impeccable craftsmanship without any defects.","zipper,good",350
zipper_good_027.png,"5. The zipper captured in this picture from the textile accessories sector is impeccable, showcasing a flawless design with no visible imperfections.","zipper,good",350
zipper_good_028.png,"1. The image from the textile accessories industry displays a flawlessly crafted zipper, exhibiting no signs of imperfections or defects. The zipper teeth are seamlessly aligned, and the slider moves smoothly along the track without any obstructions or irregularities.","zipper,good",350
zipper_good_029.png,"2. Within the visual representation of the textile accessories sector, a zipper is prominently showcased, showcasing impeccable quality with no detectable flaws. The zipper's components are intricately designed and accurately assembled, ensuring seamless functionality and durability for various applications.","zipper,good",350
zipper_good_030.png,"3. In the context of the textile accessories industry, the depicted zipper exemplifies flawless construction with no observable defects. The zipper pull smoothly engages with the teeth, showcasing precise alignment and consistent spacing, indicating high-quality manufacturing standards and meticulous attention to detail.","zipper,good",350
zipper_good_031.png,"4. The zipper featured in the textile accessories industry image stands out for its impeccable condition, devoid of any defects or flaws. The zipper's components exhibit precise engineering, allowing for effortless opening and closing while maintaining a sleek and professional appearance that meets industry standards for quality and performance.","zipper,good",350
zipper_rough_000.png,"1. In this image from the textile accessories industry, a zipper can be seen with a jagged imperfection.","zipper,rough",351
zipper_rough_001.png,1. The image from the textile accessories sector displays a zipper with a jagged flaw.,"zipper,rough",351
zipper_rough_002.png,"The defect in The zipper appears as a rough, uneven surface that may hinder its smooth operation. this flaw could potentially cause snags or difficulties in opening and closing The zipper, affecting The overall functionality and aesthetic appeal of The garment or item it is attached to.","zipper,rough",351
zipper_rough_003.png,"2. In the visual representation of the textile accessories field, a zipper exhibits a coarse imperfection.","zipper,rough",351
zipper_rough_004.png,The rough defect on The zipper can be seen as a blemish that compromises The overall quality and appearance of The product. such imperfections may lead to discomfort for The user or even result in damage to The fabric or material The zipper is sewn onto.,"zipper,rough",351
zipper_rough_005.png,3. This image captured within the textile accessories domain showcases a zipper marred by a rugged defect.,"zipper,rough",351
zipper_rough_006.png,"1. In this image from the textile accessories sector, a zipper is visible with a jagged imperfection.","zipper,rough",351
zipper_rough_007.png,"Description: The defect in The zipper presents as a rough and uneven surface, potentially causing snags or difficulty in opening and closing The zipper smoothly. this type of imperfection can impact The functionality and overall aesthetic of The product.","zipper,rough",351
zipper_rough_008.png,"2. Within the textile accessories domain, this picture exhibits a zipper featuring a bumpy flaw.","zipper,rough",351
zipper_rough_009.png,"Description: The defect on The zipper appears as a raised and irregular surface, which may result in discomfort during usage and compromise The durability of The zipper. such flaws can lead to fabric damage or even injury if not addressed.","zipper,rough",351
zipper_rough_010.png,3. This image showcases a zipper in the textile accessories industry with a coarse defect.,"zipper,rough",351
zipper_rough_011.png,"1. The image from the textile accessories sector displays a zipper with a jagged flaw. The defect appears as a rough edge on the zipper teeth, potentially causing snagging or difficulty in smoothly opening and closing the zipper.","zipper,rough",351
zipper_rough_012.png,"2. In the snapshot representing the textile accessories industry, a zipper is captured with a coarse imperfection. The defect manifests as an irregular surface on the zipper, which may lead to abrasion of the fabric or hinder the functionality of the zipper slider.","zipper,rough",351
zipper_rough_013.png,"3. Within the visual presentation of the textile accessories field, there is a zipper featuring a rugged flaw. The defect is visible as an uneven texture on the zipper tape, posing a risk of snagging or compromising the overall quality and durability of the zipper component.","zipper,rough",351
zipper_rough_014.png,"4. The image relating to the textile accessories sector showcases a zipper exhibiting a harsh defect. The imperfection presents as a rough area on the zipper track, potentially causing friction or resistance during zipper operation, leading to inconvenience and possible damage to the garment or item.","zipper,rough",351
zipper_rough_015.png,"5. Within the visual depiction of the textile accessories industry, a zipper is highlighted with a bumpy defect. The flaw is evident as an uneven surface on the zipper teeth, which could result in difficulties in smoothly opening and closing the zipper, impacting the functionality and aesthetics of the garment or accessory.","zipper,rough",351
zipper_rough_016.png,1. The image from the textile accessories sector displays a zipper with a fissured teeth flaw.,"zipper,rough",351
zipper_split_teeth_000.png,"Description: The defect in The zipper teeth appears as a visible split, potentially affecting The functionality and durability of The zipper. this flaw may lead to difficulties in smoothly opening and closing The zipper, causing inconvenience to The user.","zipper,split teeth",352
zipper_split_teeth_001.png,"2. In this snapshot of the textile accessories field, a zipper is revealed to have a cracked teeth issue.","zipper,split teeth",352
zipper_split_teeth_002.png,"Description: The zipper teeth show signs of cracking, compromising The structural integrity of The zipper. this defect could result in The teeth breaking off completely or snagging during operation, rendering The zipper unusable and in need of repair or replacement.","zipper,split teeth",352
zipper_split_teeth_003.png,This image from the textile accessories sector depicts a zipper featuring a jagged anomaly.,"zipper,split teeth",352
zipper_split_teeth_004.png,1. This image from the textile accessories sector displays a zipper with a defect in its split teeth.,"zipper,split teeth",352
zipper_split_teeth_005.png,"- Explanation: The zipper's teeth are split, causing the zipper to not function smoothly or securely. The split teeth can lead to difficulties in opening or closing the zipper, affecting the overall functionality and longevity of the product.","zipper,split teeth",352
zipper_split_teeth_006.png,"2. In the textile accessory industry photograph, there is a zipper featuring a flaw in its fractured teeth.","zipper,split teeth",352
zipper_split_teeth_007.png,"Explanation: The teeth of The zipper are fractured or broken, which can result in The zipper getting stuck or failing to zip smoothly. this defect can greatly impact The usability and durability of The product.","zipper,split teeth",352
zipper_split_teeth_008.png,3. The snapshot from the textile accessories field showcases a zipper with a split teeth issue.,"zipper,split teeth",352
zipper_split_teeth_009.png,"1. In this image from the textile accessories sector, a zipper is displayed with a flaw where some of its teeth are broken and separated. The split teeth create an irregularity in the zipper's functionality, making it difficult to smoothly open or close.","zipper,split teeth",352
zipper_split_teeth_010.png,"2. Within the textile accessories industry representation, there is a zipper exhibiting a split teeth irregularity. The defect causes the affected teeth to be disjointed, which hinders the zipper's seamless movement along the fabric, leading to potential disruptions in usage.","zipper,split teeth",352
zipper_split_teeth_011.png,"3. This depiction from the textile accessories field features a zipper with a defect characterized by split teeth. The split teeth issue results in an uneven alignment of the zipper elements, compromising its structural integrity and overall performance when in use.","zipper,split teeth",352
zipper_split_teeth_012.png,"4. The textile accessories industry image reveals a zipper with split teeth, indicating a flaw in the zipper's construction where some of its teeth are divided. This defect can cause the zipper to jam or snag, impeding its smooth operation and usability.","zipper,split teeth",352
zipper_split_teeth_013.png,"5. Within the textile accessories sector illustration, a zipper is showcased with split teeth, a defect that causes certain teeth to be separated and misaligned. This defect may lead to difficulties in zipping and unzipping, affecting the zipper's functionality and durability over time.","zipper,split teeth",352
zipper_split_teeth_014.png,"1. The image from the textile accessories sector displays a zipper with a fractured tooth flaw, where the tooth appears cracked and detached, compromising the functionality and durability of the zipper.","zipper,split teeth",352
zipper_split_teeth_015.png,"2. Within the textile accessories industry illustration, a zipper is captured exhibiting a flaw in its teeth, with visible splits and breaks that hinder the smooth operation and secure closure of the zipper.","zipper,split teeth",352
zipper_split_teeth_016.png,"3. A defect in the form of split teeth is evident in the zipper depicted in the textile accessories industry picture, indicating an issue with the integrity and strength of the zipper's structure, potentially leading to frequent jamming and breakage.","zipper,split teeth",352
zipper_split_teeth_017.png,"4. The zipper shown in the textile accessories industry image is flawed with split teeth, characterized by noticeable gaps and fractures in the teeth alignment, posing a risk of snagging fabrics and causing inconvenience during usage.","zipper,split teeth",352
zipper_squeezed_teeth_000.png,"1. In the image of the textile accessories industry, a zipper is displayed with a defect involving pressed teeth.","zipper,squeezed teeth",353
zipper_squeezed_teeth_001.png,"1. In this image from the textile accessories industry, a zipper is depicted with a compressed teeth flaw.","zipper,squeezed teeth",353
zipper_squeezed_teeth_002.png,"The defect observed in The zipper involves some of The teeth being pressed together, potentially hindering The smooth movement of The zipper pull. this issue could lead to difficulties in opening and closing The zipper, affecting The functionality and durability of The accessory.","zipper,squeezed teeth",353
zipper_squeezed_teeth_003.png,2. This photograph in the textile accessories sector displays a compressed teeth flaw present in a zipper.,"zipper,squeezed teeth",353
zipper_squeezed_teeth_004.png,"The flaw captured in The zipper showcases certain teeth being squished together, which may cause The zipper to get stuck or jam during usage. such a defect can diminish The overall quality and usability of The product, impacting its performance and lifespan.","zipper,squeezed teeth",353
zipper_squeezed_teeth_005.png,"3. Within this image from the textile accessories field, a zipper is featured with compressed teeth exhibiting a defect.","zipper,squeezed teeth",353
zipper_squeezed_teeth_006.png,"1. In this image from the textile accessories sector, there is a zipper with compressed teeth that have a misshapen and uneven appearance, affecting its functionality and durability.","zipper,squeezed teeth",353
zipper_squeezed_teeth_007.png,"2. Within the textile accessories industry snapshot, one can observe a zipper showcasing teeth that are visibly compressed and distorted, indicating a potential issue with the zipper's smooth operation and longevity.","zipper,squeezed teeth",353
zipper_squeezed_teeth_008.png,"3. The depiction from the textile accessories field captures a zipper with teeth that appear to be squished, leading to irregularities in shape and alignment, which could hinder the zipper's performance and reliability.","zipper,squeezed teeth",353
zipper_squeezed_teeth_009.png,"4. This image in the textile accessories sector displays a zipper wherein the teeth are visibly squeezed, suggesting a defect that may result in difficulties with opening and closing the zipper smoothly.","zipper,squeezed teeth",353
zipper_squeezed_teeth_010.png,"5. The textile accessories industry image presents a zipper with teeth that seem to be compressed, presenting a defect that could compromise the zipper's ability to function properly and withstand frequent use.","zipper,squeezed teeth",353
zipper_squeezed_teeth_011.png,"1. In this illustration from the textile accessories sector, we observe a zipper exhibiting a misaligned teeth defect, where the teeth appear crooked and compressed, hindering smooth operation and potentially causing the zipper to jam or break under pressure.","zipper,squeezed teeth",353
zipper_squeezed_teeth_012.png,"2. Within the realm of textile accessories, this image captures a zipper with a squashed teeth defect, where the individual teeth are visibly pressed together, compromising the structural integrity of the zipper and increasing the likelihood of teeth breakage or misalignment during usage.","zipper,squeezed teeth",353
zipper_squeezed_teeth_013.png,"3. This snapshot depicting a zipper in the textile accessories industry highlights a deformity in the teeth structure, characterized by a compressed teeth defect, which could lead to difficulty in zipping and unzipping garments, posing challenges for users and diminishing the overall functionality of the zipper.","zipper,squeezed teeth",353
zipper_squeezed_teeth_014.png,"4. Examining a zipper within the textile accessories sector, we discern a flaw in the form of a pinched teeth defect, wherein the teeth of the zipper are unnaturally squeezed together, potentially impeding the smooth movement of the zipper mechanism and causing irregularities in its functionality over time.","zipper,squeezed teeth",353
zipper_squeezed_teeth_015.png,"5. Within the textile accessories industry, this visual representation presents a zipper with a compressed teeth defect, where the teeth of the zipper appear unnaturally pressed together, creating friction and resistance during operation, which may result in difficulties in opening and closing the zipper smoothly.","zipper,squeezed teeth",353
