Image Name,categories,label,Description
img_0017151.jpg,"cap, cap deformation",378,"This baijiu industry (distilled spirits) picture showcases a cap exhibiting the defect of ""misaligned closure,"" resulting in a noticeable gap between the cap and the bottle neck."
img_0001675.jpg,"cap, cap breakpoint",379,"This baijiu industry (distilled spirits) picture displays a cap featuring a ""cracked cap"" defect.\n\nIn this image, the baijiu cap exhibits a visible breakage at the top, which may compromise the seal and integrity of the bottle."
img_0020680.jpg,"cap, cap deformation",378,"This baijiu industry (distilled spirits) picture exhibits a bottle cap with noticeable ""irregular creases and dents,"" suggesting cap deformation."
img_0015046.jpg,"cap, cap deformation, normal coding",380,"This baijiu industry (distilled spirits) picture depicts a cap exhibiting ""slight dent on the edge"" and ""clear serial number imprint""."
img_0004341.jpg,"cap, cap deformation",378,"This baijiu industry (distilled spirits) picture captures a cap with noticeable ""misshapen cap"" imperfections. The cap exhibits irregularities in shape and structure, deviating from the standard form, indicating a defect in the manufacturing process."
img_0021892.jpg,"cap, cap deformation, cap bad edge",381,"This baijiu industry (distilled spirits) picture displays a cap with noticeable ""cap deformation"", as well as ""cap bad edge"" defects. The cap appears distorted and the edges show clear signs of imperfections, potentially impacting the overall quality of the product."
img_0028580.jpg,"cap, cap deformation",378,"This baijiu industry (distilled spirits) picture displays a cap with noticeable signs of ""misaligned tamper-evident band"" defect. The cap's irregular positioning compromises its seal integrity and quality assurance standards."
img_0017599.jpg,"cap, cap deformation",378,"This baijiu industry (distilled spirits) picture displays a cap bearing the defect of ""misaligned tamper-evident band."""
img_0015067.jpg,"cap, cap deformation",378,"This baijiu industry (distilled spirits) picture showcases a cap exhibiting a noticeable ""misshapen cap"" defect, affecting its overall appearance and functionality. The deformity appears to distort the smooth curvature of the cap, potentially compromising the seal of the bottle."
img_0025527.jpg,"cap, cap deformation",378,"This baijiu industry (distilled spirits) picture shows a cap containing ""irregularities in cap shape"" defects. The cap exhibits noticeable deformations, compromising its smooth and uniform appearance."
img_0019641.jpg,"cap, cap deformation",378,"This baijiu industry (distilled spirits) picture displays a cap that exhibits a noticeable ""misaligned closure"" issue.\n\nIn this image of a baijiu cap, a clear defect of ""improperly sealed seam"" is evident, compromising the packaging integrity."
img_0003740.jpg,"cap, cap deformation",378,"This baijiu industry (distilled spirits) picture showcases a cap with clear signs of ""cap deformation,"" indicating a manufacturing flaw that affects the closure's functionality and aesthetics."
img_0020471.jpg,"cap, cap deformation",378,"This baijiu industry (distilled spirits) picture displays a cap exhibiting ""irregular cap shape"", ""visible scratches"" defects."
img_0016718.jpg,"cap, cap deformation",378,"This baijiu industry (distilled spirits) picture showcases a bottle cap with noticeable signs of ""cap deformation,"" such as irregular shape and uneven sealing, which may impact the product's freshness and integrity."
img_0011169.jpg,"cap, cap deformation",378,"This baijiu industry (distilled spirits) picture showcases a cap with visible signs of ""cap deformation"" defects, such as dents and misshapen edges, affecting its overall appearance and functionality."
img_0017735.jpg,"cap, cap deformation",378,"This baijiu industry (distilled spirits) picture displays a cap with evident ""improper seal"" defect, affecting its functionality and preservation of the liquor. The cap exhibits noticeable ""misalignment"" issues, potentially compromising the product's integrity and freshness."
img_0000726.jpg,"cap, cap deformation",378,"This baijiu industry (distilled spirits) picture features a cap exhibiting noticeable ""cap denting"" defects. The cap appears to have undergone slight compression, resulting in a dent that affects its overall appearance and functionality."
img_0020606.jpg,"cap, cap deformation",378,"This baijiu industry (distilled spirits) picture showcases a cap with noticeable deformation, characterized by irregularities and distortions in its shape and structure.\n\nIn this image, the baijiu cap exhibits clear signs of deformity, such as warping and uneven edges, indicating a manufacturing flaw that affects its functionality and aesthetics."
img_0028350.jpg,"cap, cap deformation",378,"This baijiu industry (distilled spirits) picture displays a cap with evident signs of ""cap deformation,"" characterized by irregular shape and compromised sealing integrity."
img_0012775.jpg,"cap, cap deformation",378,"This baijiu industry (distilled spirits) picture showcases a cap with noticeable ""uneven crimping"" defects. The cap exhibits a clear sign of ""misaligned tamper-evident band,"" indicating a quality issue in the production process."
img_0024937.jpg,"cap, cap deformation",378,"This baijiu industry (distilled spirits) picture displays a cap with noticeable signs of ""cap deformation"" defects, such as irregular shape and uneven closure, impacting its functionality and aesthetic appeal."
img_0009440.jpg,"cap, cap deformation",378,"This baijiu industry (distilled spirits) picture showcases a bottle cap with visible signs of ""cap deformation,"" characterized by irregular shape and compromised sealing ability."
img_0011792.jpg,"cap, cap deformation",378,"This baijiu industry (distilled spirits) picture captures a bottle cap with noticeable ""misshapen cap"" imperfections.\n\nThe image displays a cap on the baijiu bottle exhibiting evident signs of ""seal irregularity""."
img_0005395.jpg,cap,382,"This baijiu industry (distilled spirits) picture displays a cap with evident ""scratches"" and ""dents"" defects, affecting its overall appearance and functionality."
img_0005048.jpg,"cap, cap deformation",378,"This baijiu industry (distilled spirits) picture captures a cap with noticeable ""misaligned tamper-evident band"" defect. The image depicts a cap exhibiting ""incomplete sealing"" issue, affecting its overall functionality and appearance."
img_0003770.jpg,"cap, cap deformation",378,"This baijiu industry (distilled spirits) picture displays a cap with noticeable deformities, indicating a defect in the cap's structure and functionality. The deformations on the cap may affect the seal and overall appearance of the bottle, potentially compromising the product's quality and integrity."
img_0022047.jpg,"cap, cap deformation",378,"This baijiu industry (distilled spirits) picture captures a cap with a noticeable ""misshapen cap edges"" defect, highlighting irregularities in its structure. The distortion in the cap shape can impact the seal of the bottle, potentially compromising product freshness and integrity."
img_0018581.jpg,"cap, cap deformation",378,"This baijiu industry (distilled spirits) picture displays a cap with noticeable signs of ""misaligned threads,"" indicating a defect in cap closure integrity."
img_0005377.jpg,"cap, cap deformation",378,"This baijiu industry (distilled spirits) picture displays a cap with noticeable ""misaligned tamper-evident band"" defects.\n\nThe image captures a baijiu cap exhibiting ""improper crimping"" flaws, affecting its overall seal integrity."
img_0000262.jpg,"cap, cap deformation",378,"This baijiu industry (distilled spirits) picture showcases a cap with noticeable ""misaligned tamper-evident band"" defect, affecting the overall appearance and seal of the bottle."
img_0029500.jpg,"cap, cap deformation",378,"This baijiu industry (distilled spirits) picture displays a cap with noticeable ""cap deformation"", ""cap damage"", and ""cap discoloration"" defects, highlighting imperfections that affect the overall aesthetics and functionality of the packaging."
img_0029788.jpg,"cap, cap deformation",378,"This baijiu industry (distilled spirits) picture captures a cap exhibiting ""uneven crimping"" and ""misaligned tamper-evident band"" defects."
img_0025270.jpg,"cap, cap deformation",378,"This baijiu industry (distilled spirits) picture features a cap exhibiting ""misshapen cap"" imperfections. The cap shows signs of deformation, impacting its overall appearance and functionality."
img_0005866.jpg,"cap, cap deformation",378,"This baijiu industry (distilled spirits) picture shows a cap exhibiting signs of ""misaligned tamper-evident band"" defect. The cap also displays ""uneven closure fit"" issues, indicating a potential quality concern in the sealing process."
img_0027505.jpg,"cap, cap deformation",378,"This baijiu industry (distilled spirits) picture showcases a cap exhibiting ""cap deformation,"" where the closure appears misshapen or irregular in form. The defect is characterized by an evident lack of uniformity and proper sealing, potentially impacting the product's freshness and integrity."
img_0008761.jpg,"cap, cap deformation",378,"This baijiu industry (distilled spirits) picture reveals a cap with noticeable ""misaligned tamper-evident band"" defect. The cap also exhibits ""uneven crimping"" along its edges, indicating potential quality control issues."
img_0028013.jpg,"cap, cap deformation",378,"This baijiu industry (distilled spirits) picture features a cap with noticeable ""uneven closure"" defects, which may compromise the seal and freshness of the bottle's contents."
img_0024540.jpg,"cap, cap deformation",378,"This baijiu industry (distilled spirits) picture exhibits a cap marred by ""cap deformation"" defects. The distortion on the cap's surface is evident, compromising its functionality and aesthetic appeal."
img_0010371.jpg,"cap, cap deformation",378,"This baijiu industry (distilled spirits) picture displays a cap with a noticeable ""misaligned tamper-evident band"" defect.\n\nIn this baijiu industry (distilled spirits) image, the cap exhibits a prominent ""uneven crimping"" defect."
img_0016363.jpg,"cap, cap deformation",378,"This baijiu industry (distilled spirits) picture features a cap exhibiting noticeable ""misaligned tamper-evident band"" defect. The image clearly displays the cap's irregular alignment, which may compromise the product's seal integrity and overall packaging aesthetics."
img_0003799.jpg,"cap, cap deformation",378,"This baijiu industry (distilled spirits) picture shows a cap with noticeable deformations, indicating a defect in its structure. The cap appears warped and irregular, compromising its functionality and overall aesthetic appeal."
img_0003825.jpg,"cap, cap deformation",378,"This baijiu industry (distilled spirits) picture displays a cap with evident signs of ""cap deformation,"" showcasing a flaw in its structural integrity. The cap's irregular shape and compromised seal indicate a manufacturing defect that could impact product freshness and quality."
img_0024757.jpg,"cap, cap deformation",378,"This baijiu industry (distilled spirits) picture showcases a cap exhibiting visible signs of ""misshapen cap"" defect, which is characterized by irregular and distorted shape on the top surface of the cap."
img_0029342.jpg,"cap, cap deformation",378,"This baijiu industry (distilled spirits) picture showcases a bottle cap with noticeable ""wrinkled cap edges"" and ""misshapen cap top"" defects."
img_0023589.jpg,"cap, cap deformation",378,"This baijiu industry (distilled spirits) picture displays a cap exhibiting signs of ""cap deformation,"" characterized by a misshapen and irregular closure. The defect is evident in the distorted and uneven structure of the cap, affecting its functionality and overall aesthetic appeal."
img_0026179.jpg,"cap, cap deformation",378,"This baijiu industry (distilled spirits) picture displays a cap with evident ""misshapen cap"" imperfections. The cap seems to have irregularities in its shape, possibly affecting the seal of the bottle."
img_0020288.jpg,"cap, cap deformation",378,"This baijiu industry (distilled spirits) picture showcases a cap with noticeable ""misshapen cap edges"" as a defect.\n\nIn this depiction from the baijiu industry (distilled spirits), the cap exhibits ""uneven closure alignment"" issues, detracting from its overall quality."
img_0021910.jpg,"cap, cap deformation",378,"This baijiu industry (distilled spirits) picture displays a cap with noticeable ""cap deformation,"" and ""cap damage,"" issues."
img_0022447.jpg,"cap, cap deformation",378,"This baijiu industry (distilled spirits) picture reveals a cap with noticeable ""uneven crimping"" defects. The image showcases a cap exhibiting signs of ""misaligned tamper-evident band,"" a common imperfection found in baijiu bottle caps."
img_0007489.jpg,"cap, cap deformation",378,"This baijiu industry (distilled spirits) picture showcases a cap displaying noticeable ""cap deformation"" defects. The cap appears warped and irregular, affecting its overall appearance and functionality."
img_0024252.jpg,"cap, cap deformation",378,"This baijiu industry (distilled spirits) picture showcases a cap with noticeable ""misshapen cap edges"" defect, which may affect the seal of the bottle and compromise product freshness."
img_0026645.jpg,"cap, cap deformation",378,"This baijiu industry (distilled spirits) picture displays a bottle cap with evident signs of ""seal breakage,"" a common defect in the industry. The cap's irregularities indicate a potential compromise in the product's seal integrity, leading to potential quality concerns."
img_0008367.jpg,"cap, cap deformation, normal coding",380,"This baijiu industry (distilled spirits) picture displays a cap exhibiting ""slight cap deformation"" and ""standard embossed coding""."
img_0021692.jpg,"cap, cap deformation, normal coding",380,"This baijiu industry (distilled spirits) picture showcases a cap exhibiting ""cap deformation,"" indicating a potential flaw in the manufacturing process. Additionally, the cap features ""normal coding,"" suggesting that the product information is correctly printed but overshadowed by the deformity."
img_0029775.jpg,"cap, cap deformation",378,"This baijiu industry (distilled spirits) picture displays a bottle cap with noticeable ""misshapen cap"" imperfections. The cap exhibits a deformation that affects its overall appearance and functionality, potentially compromising the seal of the bottle."
img_0012227.jpg,"cap, cap deformation, normal coding",380,"This baijiu industry (distilled spirits) picture displays a cap exhibiting ""misshapen edges"", ""correct alignment of brand logo""."
img_0020519.jpg,cap,382,"This baijiu industry (distilled spirits) picture displays a cap with evident signs of ""seal breakage"" defect.\n\nIn this baijiu industry (distilled spirits) image, the cap exhibits noticeable ""rusting"" defect, affecting its overall quality."
img_0018731.jpg,"cap, cap deformation",378,"This baijiu industry (distilled spirits) picture displays a bottle cap with noticeable ""misaligned threads"" defect.\n\nIn this baijiu industry (distilled spirits) photo, a cap is seen with a prominent ""improper seal"" defect, affecting its functionality and appearance."
img_0022022.jpg,"cap, cap deformation",378,"This baijiu industry (distilled spirits) picture presents a cap with ""irregular indentations"" as a notable defect. The cap deformation is evident, with visible dents and distortions affecting the overall appearance and functionality of the closure."
img_0008248.jpg,"cap, cap deformation",378,"This baijiu industry (distilled spirits) picture displays a cap exhibiting ""cap deformation"" and ""cap damage"" as evident defects."
img_0026505.jpg,"cap, cap deformation",378,"This baijiu industry (distilled spirits) picture displays a cap characterized by ""misaligned tamper-evident band"" defect.\n\nThe cap in the image exhibits ""uneven crimping"" defect, affecting its overall seal quality."
img_0027429.jpg,"cap, cap deformation",378,"This baijiu industry (distilled spirits) picture displays a cap with noticeable ""irregular indentation"" defects. The cap exhibits clear signs of ""misshapen edges,"" affecting its overall appearance and functionality."
img_0005656.jpg,"cap, cap deformation",378,"This baijiu industry (distilled spirits) picture showcases a cap with noticeable signs of ""cap deformation,"" where the edges appear irregular and slightly dented, affecting the overall aesthetic appeal and potentially compromising the seal of the bottle."
img_0016919.jpg,"cap, cap deformation",378,"This baijiu industry (distilled spirits) picture showcases a cap with noticeable ""misaligned tamper-evident band"" defect, affecting the overall appearance and functionality of the closure."
img_0023275.jpg,"cap, cap deformation",378,"This baijiu industry (distilled spirits) picture displays a cap with noticeable ""scratches"" and ""dents"", indicating cap damage and deformation respectively."
img_0027311.jpg,"cap, cap deformation",378,"This baijiu industry (distilled spirits) picture showcases a cap exhibiting signs of ""misshapen cap edges"" defect. The cap appears to have irregular, uneven edges that deviate from the standard smooth and uniform shape, indicating a manufacturing flaw."
img_0027769.jpg,"cap, cap deformation",378,"This baijiu industry (distilled spirits) picture captures a cap exhibiting ""uneven edges"" defect, hinting at potential issues in the sealing mechanism."
img_0029293.jpg,"cap, cap deformation",378,"This baijiu industry (distilled spirits) picture showcases a bottle cap with evident deformities, illustrating the defect known as ""cap warping."""
img_0010465.jpg,"cap, cap deformation",378,"This baijiu industry (distilled spirits) picture displays a cap exhibiting ""irregular denting"" as a defect.\n\nIn this baijiu industry (distilled spirits) setting, the cap is marred by ""uneven creasing,"" signaling a manufacturing flaw."
img_0022816.jpg,"cap, cap deformation",378,"This baijiu industry (distilled spirits) picture displays a cap with noticeable ""misalignment of tamper-evident ring"" issue. The cap also exhibits a defect of ""uneven crimping at the skirt""."
img_0008408.jpg,"cap, cap deformation",378,"This baijiu industry (distilled spirits) picture showcases a bottle cap with evident signs of ""misshapen cap edges"" defect.\n\nIn the image, the cap appears to have irregular and uneven edges, indicating a manufacturing flaw that may compromise the seal of the bottle."
img_0001775.jpg,"cap, normal coding",383,"This baijiu industry (distilled spirits) picture features a cap with a ""best before date"" label embedded on its surface, ensuring product freshness and quality assurance. The cap exhibits a slight misalignment in the placement of the label, potentially causing confusion for consumers regarding the product's expiry date."
img_0000267.jpg,"cap, cap deformation, cap bad edge",381,"This baijiu industry (distilled spirits) picture displays a cap with noticeable ""cap deformation"" and ""cap bad edge"" imperfections."
img_0002966.jpg,"cap, cap deformation",378,"This baijiu industry (distilled spirits) picture features a cap exhibiting ""misshapen cap"" imperfections. The image showcases clear signs of cap deformation, impacting the overall appearance and functionality of the product."
img_0006639.jpg,"cap, cap deformation",378,"This baijiu industry (distilled spirits) picture displays a cap with noticeable ""uneven edges"" defect. The cap appears to have suffered from ""wrinkled surface"" imperfections."
img_0022629.jpg,"cap, cap deformation, cap breakpoint",384,"This baijiu industry (distilled spirits) picture displays a cap with noticeable ""cap misalignment"" and ""cap discoloration"" defects."
img_0002184.jpg,"cap, cap deformation",378,"This baijiu industry (distilled spirits) picture displays a cap featuring a ""distorted seal"" and ""incomplete embossing"" defects."
img_0006731.jpg,"cap, cap deformation",378,"This baijiu industry (distilled spirits) picture displays a cap with noticeable ""uneven closure"" issues.\nThis baijiu industry (distilled spirits) picture exhibits a cap defect characterized by ""misaligned tamper-evident band."""
img_0029898.jpg,"cap, cap deformation",378,"This baijiu industry (distilled spirits) picture displays a cap with noticeable ""irregular indentation"" defects. The cap exhibits a clear deformation that affects its overall appearance and functionality."
img_0024181.jpg,"cap, cap deformation",378,"This baijiu industry (distilled spirits) picture exhibits a cap with noticeable signs of ""cap deformation"" as a defect, impacting the overall appearance and functionality of the closure mechanism."
img_0028153.jpg,"cap, cap deformation",378,"This baijiu industry (distilled spirits) picture showcases a bottle cap exhibiting ""irregular deformation"" as a prominent defect. The cap displays an asymmetrical shape, indicative of a manufacturing flaw that impacts the overall aesthetic appeal and functionality of the packaging."
img_0028795.jpg,"cap, cap deformation",378,"This baijiu industry (distilled spirits) picture displays a cap with noticeable ""seal irregularities,"" a common defect observed in bottle closures. The cap exhibits clear signs of deformation, impacting its ability to securely seal the bottle, potentially leading to leakage and compromised product quality."
img_0000663.jpg,"cap, cap deformation",378,"This baijiu industry (distilled spirits) picture captures a cap exhibiting ""misshapen cap"" and ""cracked cap"" defects, signifying potential issues with the cap's structural integrity and functionality."
img_0027322.jpg,"cap, cap deformation",378,"This baijiu industry (distilled spirits) picture displays a cap exhibiting ""misaligned closure"" issue.\n\nThe cap of the baijiu bottle in the image demonstrates a defect of ""improper sealing"", affecting its functionality and overall appearance."
img_0028135.jpg,"cap, cap deformation",378,"This baijiu industry (distilled spirits) picture depicts a bottle cap with visible signs of ""misshapen cap edges,"" indicating a defect in its structure.\n\nIn this image related to the baijiu industry, there is a cap exhibiting ""uneven threading,"" a common defect that affects the functionality of the cap."
img_0002680.jpg,"cap, cap deformation",378,"This baijiu industry (distilled spirits) picture captures a cap with noticeable ""misshapen cap edges"" defect, exhibiting irregular and asymmetrical contours."
img_0008096.jpg,"cap, cap deformation",378,"This baijiu industry (distilled spirits) picture displays a cap with evident signs of ""misshapen cap"" defect. The cap exhibits a noticeable irregularity and deformity, affecting its overall appearance and functionality."
img_0020349.jpg,"cap, cap deformation",378,"This baijiu industry (distilled spirits) picture displays a cap with evident ""misshapen cap"" imperfections. The cap deformation is clearly visible, affecting the overall appearance and functionality of the baijiu bottle."
img_0023087.jpg,"cap, cap deformation, cap breakpoint",384,"This baijiu industry (distilled spirits) picture exhibits a cap with evident ""cap deformation"" and ""cap breakpoint"" defects."
img_0012599.jpg,"cap, cap deformation",378,"This baijiu industry (distilled spirits) picture displays a bottle cap with noticeable ""uneven crimping"" defects, giving it an irregular and unprofessional appearance."
img_0003498.jpg,"cap, cap deformation",378,"This baijiu industry (distilled spirits) picture displays a bottle cap with evident ""misshapen cap rim"" defect. The cap's irregular and uneven rim indicates a manufacturing flaw that may compromise the seal of the bottle."
img_0012608.jpg,"cap, cap deformation",378,"This baijiu industry (distilled spirits) picture displays a cap with evident signs of ""cap deformation,"" indicating a manufacturing flaw in the sealing mechanism. The distortion in the cap's structure compromises its ability to securely seal the bottle, potentially leading to leakage and oxidation of the precious baijiu content."
img_0000377.jpg,"cap, cap deformation",378,"This baijiu industry (distilled spirits) picture shows a cap containing ""irregular indentation"" defects. The cap exhibits noticeable asymmetry and a warped appearance, indicating a flaw in the manufacturing process."
img_0003274.jpg,"cap, cap deformation",378,"This baijiu industry (distilled spirits) picture exhibits a cap with noticeable signs of ""cap distortion"" defect, hinting at a potential quality issue in the sealing mechanism."
img_0006782.jpg,"cap, cap deformation",378,"This baijiu industry (distilled spirits) picture displays a cap with noticeable ""uneven crimping"" defect. The cap exhibits a clear case of ""misaligned tamper-evident band"" defect, affecting the overall appearance and functionality."
img_0021519.jpg,"cap, cap deformation",378,"This baijiu industry (distilled spirits) picture displays a cap with visible signs of ""cap deformation"", indicating a manufacturing flaw where the cap's shape is not uniform or has irregularities. The defect may impact the seal of the bottle and compromise the product's freshness and quality upon opening."
img_0029244.jpg,"cap, cap deformation",378,"This baijiu industry (distilled spirits) picture depicts a cap marred by ""misshapen cap"" imperfections."
img_0029110.jpg,"cap, cap deformation",378,"This baijiu industry (distilled spirits) picture displays a cap with noticeable ""denting and warping"" defects, affecting its overall appearance and functionality."
img_0029199.jpg,"cap, cap deformation",378,"This baijiu industry (distilled spirits) picture features a cap with noticeable ""misaligned tamper-evident band"" defect. The image also showcases a cap with ""uneven embossing"" defects, affecting the overall appearance and functionality of the packaging."
img_0003369.jpg,"cap, cap deformation",378,"This baijiu industry (distilled spirits) picture features a cap exhibiting signs of ""cap deformation,"" characterized by a noticeable dent and irregular shape."
img_0029212.jpg,"cap, cap deformation",378,"This baijiu industry (distilled spirits) picture captures a cap with noticeable ""misshapen cap"" defect. The deformation appears to affect the overall structure of the cap, potentially compromising its sealing function."
img_0019935.jpg,"cap, cap deformation",378,"This baijiu industry (distilled spirits) picture displays a cap with noticeable deformities, such as uneven ridges and a slightly off-center alignment. The defects suggest a potential manufacturing flaw that may impact the seal's effectiveness and overall aesthetic appeal."
img_0017330.jpg,"cap, cap deformation",378,"This baijiu industry (distilled spirits) picture exhibits a cap with ""irregular closure"" defect. The cap displays noticeable deformations, affecting its ability to securely seal the bottle."
img_0029264.jpg,"cap, normal coding",383,"This baijiu industry (distilled spirits) picture displays a cap with a distinctive logo embossed on the surface, showcasing exquisite craftsmanship. The cap exhibits a flawless finish and uniform color, exemplifying high-quality production standards."
img_0011833.jpg,"cap, cap deformation",378,"This baijiu industry (distilled spirits) picture displays a cap with evident signs of ""irregular cap shape"" defect.\n\nThis baijiu industry (distilled spirits) photo features a cap exhibiting ""misaligned cap edges"" defect."
img_0010204.jpg,"cap, cap deformation",378,"This baijiu industry (distilled spirits) picture displays a cap with noticeable ""misshapen cap edges"" as a defect."
img_0016561.jpg,"cap, cap deformation, cap breakpoint",384,"This baijiu industry (distilled spirits) picture displays a cap with the defects of ""cap deformation"" and ""cap breakpoint""."
img_0019212.jpg,"cap, cap deformation",378,"This baijiu industry (distilled spirits) picture showcases a bottle cap exhibiting ""misshapen cap"" imperfections. 

The image displays a baijiu cap with noticeable deformities, indicating a manufacturing flaw that affects the overall aesthetics and functionality of the packaging."
img_0028028.jpg,"cap, cap deformation",378,"This baijiu industry (distilled spirits) picture displays a cap exhibiting ""irregular denting"" imperfections.\n\nThe image showcases a baijiu cap with noticeable ""misshapen contours"" defects."
img_0003897.jpg,"cap, cap deformation",378,"This baijiu industry (distilled spirits) picture displays a cap with noticeable ""cap deformation"" flaws, affecting the overall aesthetics and functionality of the packaging. The deformity appears as a misshapen, uneven top, potentially compromising the seal and freshness of the bottle's contents."
img_0013627.jpg,cap,382,"This baijiu industry (distilled spirits) picture features a cap with noticeable ""scratches and dents,"" highlighting defects in the cap's overall appearance."
img_0002803.jpg,"cap, cap deformation",378,"This baijiu industry (distilled spirits) picture showcases a bottle cap exhibiting ""irregular cap shape"" imperfections. The cap appears distorted and uneven, deviating from its intended form, indicating a manufacturing flaw."
img_0027729.jpg,"cap, cap deformation",378,"This baijiu industry (distilled spirits) picture displays a cap with notable ""irregular denting"" defects, indicating a potential manufacturing flaw."
img_0004349.jpg,"cap, cap deformation, cap breakpoint",384,"This baijiu industry (distilled spirits) picture displays a cap with ""cap deformation"" issue, where the cap appears misshapen and irregular. Additionally, the cap exhibits a ""cap breakpoint"" defect, showing a visible crack or break in its structure. 

Please ensure the description is specific and accurate, avoiding ambiguity."
img_0025886.jpg,"cap, cap deformation",378,"This baijiu industry (distilled spirits) picture displays a bottle cap with noticeable ""misshapen cap edges"" as a defect. The cap's irregular shape may affect the seal and compromise the integrity of the bottle, potentially leading to leakage or contamination issues."
img_0027768.jpg,"cap, cap deformation, cap bad edge",381,"This baijiu industry (distilled spirits) picture showcases a cap with the defects of ""cap deformation"" and ""irregular cap edge""."
img_0000780.jpg,"cap, cap deformation",378,"This baijiu industry (distilled spirits) picture exhibits a cap with a noticeable ""misaligned tamper-evident band"" defect, indicating a potential quality issue."
img_0010432.jpg,"cap, cap deformation",378,"This baijiu industry (distilled spirits) picture displays a cap with evident ""cap deformation"" imperfections. The deformity is noticeable, compromising the aesthetic appeal and functionality of the cap."
img_0018436.jpg,"cap, cap deformation",378,"This baijiu industry (distilled spirits) picture displays a cap with noticeable ""misaligned tamper-evident band"" defect. The image also reveals ""uneven crimping"" on the cap surface, indicating a manufacturing flaw."
img_0024245.jpg,"cap, cap deformation",378,"This baijiu industry (distilled spirits) picture displays a bottle cap with noticeable ""misshapen cap edges"" as a defect."
img_0009593.jpg,"cap, cap deformation",378,"This baijiu industry (distilled spirits) picture showcases a cap with a noticeable ""misaligned tamper-evident band,"" indicating a defect in the closure system."
img_0006220.jpg,"cap, cap deformation",378,"This baijiu industry (distilled spirits) picture features a cap exhibiting signs of ""cap deformation,"" where the closure appears misshapen or warped, affecting its functionality and aesthetic appeal."
img_0026583.jpg,"cap, cap deformation",378,"This baijiu industry (distilled spirits) picture showcases a cap exhibiting signs of ""misaligned tamper-evident band"" defect. The cap appears to have a ""crooked skirt"" which may compromise the seal of the bottle."
img_0018496.jpg,"cap, cap deformation",378,"This baijiu industry (distilled spirits) picture features a cap with noticeable ""misshapen cap"" defects, affecting the overall appearance and functionality of the product."
img_0001176.jpg,"cap, cap deformation",378,"This baijiu industry (distilled spirits) picture captures a cap marred by ""scratches"" and ""dents"", displaying clear signs of cap damage and deformation."
img_0025794.jpg,"cap, cap deformation",378,"This baijiu industry (distilled spirits) picture captures a bottle cap with noticeable ""misshapen cap"" imperfections, affecting the overall appearance and functionality of the cap."
img_0011184.jpg,"cap, cap deformation",378,"This baijiu industry (distilled spirits) picture displays a bottle cap with noticeable ""misshapen cap"" imperfections.\n\nIn this image related to baijiu industry (distilled spirits), the cap exhibits a defect characterized by irregular contours and deformities."
img_0025433.jpg,"cap, cap deformation",378,"This baijiu industry (distilled spirits) picture showcases a cap with evident signs of ""deformation"" defect, affecting its overall appearance and functionality. The distortion in the cap structure may compromise the proper sealing of the bottle, potentially leading to leakage and quality issues."
img_0017041.jpg,"cap, cap deformation",378,"This baijiu industry (distilled spirits) picture depicts a cap with visible signs of ""misshapen cap"" defect, affecting its overall appearance and functionality. The deformation is evident, compromising the seal and potentially impacting the product's freshness and quality."
img_0020458.jpg,"cap, cap deformation",378,"This baijiu industry (distilled spirits) picture displays a cap with noticeable ""uneven seal"" defects.\n\nThis baijiu industry (distilled spirits) picture exhibits a cap featuring ""misaligned tamper-evident band"" defects that compromise its seal integrity."
img_0008898.jpg,"cap, cap deformation",378,"This baijiu industry (distilled spirits) picture displays a bottle cap with noticeable ""misaligned tamper-evident band"" defect. The cap also exhibits a ""print misregistration"" flaw, affecting its overall appearance and functionality."
img_0011384.jpg,"cap, cap deformation",378,"This baijiu industry (distilled spirits) picture displays a cap featuring noticeable ""improper crimping"" defects.\n\nThe cap on this baijiu bottle exhibits evident ""misalignment"" defects, affecting its overall aesthetic appeal."
img_0021896.jpg,"cap, cap deformation",378,"This baijiu industry (distilled spirits) picture exhibits a cap with noticeable ""misshapen cap"" imperfections. The cap appears to be warped and irregular in shape, deviating from the standard smooth and round appearance usually expected in such packaging."
img_0015567.jpg,"cap, cap deformation",378,"This baijiu industry (distilled spirits) picture displays a cap with noticeable ""irregular denting"" defect, affecting its overall appearance and functionality."
img_0024813.jpg,"cap, cap deformation",378,"This baijiu industry (distilled spirits) picture displays a cap with evident signs of ""misshapen cap"" defect, impacting its overall aesthetics and functionality."
img_0004397.jpg,"cap, cap deformation",378,"This baijiu industry (distilled spirits) picture captures a cap with noticeable signs of ""cap deformation,"" such as irregular bulges and indentations, affecting its overall appearance and potentially compromising its sealing functionality."
img_0006016.jpg,"cap, cap deformation",378,"This baijiu industry (distilled spirits) picture displays a cap exhibiting noticeable ""uneven crimping"" defects, affecting its overall seal and appearance. The cap also shows signs of ""misaligned tamper-evident band,"" potentially compromising the product's integrity and quality."
img_0011540.jpg,"cap, cap deformation",378,"This baijiu industry (distilled spirits) picture displays a cap with noticeable signs of ""uneven crimping"" defect. The cap appears to have irregular and inconsistent crimps, which may compromise the seal integrity and overall aesthetics of the bottle."
img_0027595.jpg,"cap, cap deformation",378,"This baijiu industry (distilled spirits) picture showcases a bottle cap with noticeable ""misshapen cap edges"" as a defect, affecting its overall appearance and functionality."
img_0021918.jpg,"cap, cap deformation",378,"This baijiu industry (distilled spirits) picture showcases a cap with noticeable ""misshapen cap edges"" and ""cracks on the cap surface"" defects."
img_0025077.jpg,"cap, cap deformation",378,"This baijiu industry (distilled spirits) picture displays a cap exhibiting ""misaligned tamper-evident band"" defect.\n\nThe image of this baijiu industry (distilled spirits) cap reveals a deformation along the edge, indicating a ""cap warping"" defect."
img_0016339.jpg,"cap, cap deformation",378,"This baijiu industry (distilled spirits) picture showcases a cap with noticeable signs of ""cap misalignment"" defects. The cap appears to have irregular positioning and does not align perfectly with the bottle opening, indicating a potential manufacturing flaw that could affect the seal and preservation of the baijiu."
img_0019917.jpg,"cap, cap deformation",378,"This baijiu industry (distilled spirits) picture displays a cap with noticeable ""imperfect crimping"" defects, affecting the overall appearance and functionality of the closure mechanism."
img_0012214.jpg,"cap, cap deformation",378,"This baijiu industry (distilled spirits) picture displays a cap with a noticeable ""irregular dent"" defect. The cap's surface appears to be distorted, indicating a potential manufacturing flaw."
img_0009931.jpg,"cap, cap deformation",378,"This baijiu industry (distilled spirits) picture displays a cap with noticeable ""misaligned tamper-evident band"" defect.\n\nThe image captures a baijiu cap marred by ""incomplete sealing"" defect, affecting its overall functionality and appearance."
img_0026043.jpg,"cap, cap deformation",378,"This baijiu industry (distilled spirits) picture displays a cap with noticeable ""misshapen cap edges"" and ""cracked cap surface"" defects."
img_0002648.jpg,"cap, cap deformation",378,"This baijiu industry (distilled spirits) picture displays a bottle cap with noticeable ""wrinkled edges"" defect, affecting its overall appearance and functionality."
img_0016622.jpg,"cap, cap deformation",378,"This baijiu industry (distilled spirits) picture displays a bottle cap with noticeable ""misaligned and uneven closure"" imperfections."
img_0027078.jpg,"cap, cap deformation",378,"This baijiu industry (distilled spirits) picture features a cap with noticeable ""misshapen cap"" defect, affecting its overall appearance and functionality."
img_0003754.jpg,"cap, cap deformation",378,"This baijiu industry (distilled spirits) picture displays a cap with noticeable ""misshapen cap structure"" imperfections.
The baijiu cap in the image exhibits clear signs of ""uneven cap alignment"", a common defect affecting its appearance and functionality."
img_0026191.jpg,"cap, cap deformation",378,"This baijiu industry (distilled spirits) picture captures a cap with noticeable ""irregular shape"" defect, indicating possible manufacturing flaw."
img_0016415.jpg,"cap, cap deformation",378,"This baijiu industry (distilled spirits) picture showcases a cap exhibiting signs of ""cap misalignment"" and ""cap discoloration"" defects."
img_0008653.jpg,"cap, cap deformation",378,"This baijiu industry (distilled spirits) picture displays a cap with noticeable ""indentation and warping"" defects. The cap exhibits significant deformations that affect its smoothness and overall appearance."
img_0017302.jpg,"cap, cap deformation, normal coding",380,"This baijiu industry (distilled spirits) image features a cap displaying ""slight cap deformation"" and ""clear, legible coding""."
img_0009879.jpg,"cap, cap deformation",378,"This baijiu industry (distilled spirits) picture displays a bottle cap with noticeable ""cap distortion"" defects, affecting its overall appearance and functionality. The irregular shaping of the cap may lead to difficulties in securely sealing the bottle, potentially impacting product freshness and integrity."
img_0002613.jpg,"cap, cap deformation",378,"This baijiu industry (distilled spirits) picture showcases a cap marred by evident ""misshapen cap"" imperfections.\n\nIn this baijiu cap image, a noticeable defect is the presence of ""cap warping,"" which affects its overall appearance and functionality."
img_0018829.jpg,"cap, cap deformation",378,"This baijiu industry (distilled spirits) picture showcases a cap with noticeable ""misaligned tamper-evident band"" issue. The cap displays a clear defect of ""crooked plastic pour spout"" as well."
img_0002571.jpg,"cap, cap deformation",378,"This baijiu industry (distilled spirits) picture features a bottle cap with noticeable signs of ""misshapen cap structure"" defect."
img_0013059.jpg,"cap, cap deformation",378,"This baijiu industry (distilled spirits) picture presents a cap exhibiting noticeable deformations, a common defect that impacts the overall appearance and functionality of the bottle."
img_0022222.jpg,"cap, cap deformation",378,"This baijiu industry (distilled spirits) picture displays a cap with noticeable ""misaligned tamper-evident band"" defect. The image also reveals a cap suffering from ""cracked plastic seal"" issue, indicating potential quality concerns."
img_0010076.jpg,"cap, cap deformation, cap bad edge",381,"This baijiu industry (distilled spirits) picture exhibits a cap marred by ""cap deformation"" and ""cap bad edge"" defects."
img_0018256.jpg,"cap, cap deformation",378,"This baijiu industry (distilled spirits) picture showcases a cap with noticeable ""cracked cap edges"" and ""misshapen cap top"" defects."
img_0023322.jpg,"cap, cap deformation",378,"This baijiu industry (distilled spirits) picture displays a cap marred by ""improper sealing,"" affecting its overall integrity. The image also reveals a cap with ""rust formation,"" compromising the visual appeal and sanitary condition of the bottle."
img_0012586.jpg,"cap, cap deformation",378,"This baijiu industry (distilled spirits) picture showcases a cap exhibiting the defect of ""misaligned tamper-evident band"".\n\nThe image captures a baijiu cap with noticeable ""cracked plastic seal"" as a defect."
img_0007843.jpg,"cap, cap deformation",378,"This baijiu industry (distilled spirits) picture displays a cap with visible signs of ""cap deformation,"" characterized by irregularities and distortions on the cap's surface, potentially affecting the seal and overall aesthetics."
img_0005913.jpg,"cap, cap deformation",378,"This baijiu industry (distilled spirits) picture displays a cap exhibiting a defect of ""misaligned closure mechanism."" The cap lacks proper alignment, resulting in difficulty in securely sealing the bottle, potentially leading to leakage and compromising product freshness."
img_0005365.jpg,"cap, cap deformation",378,"This baijiu industry (distilled spirits) picture captures a cap with noticeable ""misshapen cap"" defect, compromising its overall appearance and functionality."
img_0010789.jpg,"cap, cap deformation",378,"This baijiu industry (distilled spirits) picture displays a bottle cap with noticeable deformities, showcasing the defect of ""cap deformation."" The irregular shape and compromised seal of the cap raise concerns about the product's integrity and potential for leakage."
img_0012629.jpg,"cap, cap deformation",378,"This baijiu industry (distilled spirits) picture displays a cap with evident signs of ""misaligned threads"" defect, impacting the closure's functionality.\n\nThe cap in the baijiu industry (distilled spirits) image exhibits a noticeable ""dent"" defect, potentially compromising the seal of the bottle."
img_0013714.jpg,"cap, cap deformation, cap breakpoint",384,"This baijiu industry (distilled spirits) picture displays a cap with noticeable ""uneven cap edges"" and ""cracks on the cap surface"" defects. Remember to ensure the description is specific and accurate, avoiding ambiguity."
img_0022677.jpg,"cap, cap deformation, cap breakpoint",384,"This baijiu industry (distilled spirits) picture captures a cap marred by ""uneven cap edges"" and ""visible cap scratches""."
img_0019043.jpg,"cap, cap deformation",378,"This baijiu industry (distilled spirits) picture depicts a cap exhibiting ""misshapen edges"" as a noticeable defect. The cap shows signs of ""uneven closure"" that may impact the overall seal quality."
img_0006923.jpg,"cap, cap deformation",378,"This baijiu industry (distilled spirits) picture displays a cap with noticeable ""scratches"" and ""dents"", indicating cap damage and deformation."
img_0022874.jpg,"cap, cap deformation",378,"This baijiu industry (distilled spirits) picture displays a cap with noticeable ""improper sealing"" issues.\n\nThe image reveals a baijiu cap marred by ""uneven edges"" defect, affecting its overall functionality and aesthetic appeal."
img_0016472.jpg,"cap, cap deformation",378,"This baijiu industry (distilled spirits) picture displays a cap with noticeable ""uneven sealing"" defect, affecting the overall appearance and functionality of the packaging."
img_0001720.jpg,"cap, cap deformation",378,"This baijiu industry (distilled spirits) picture displays a cap with noticeable ""misshapen cap"" flaw. The cap shows signs of deformation, impacting its overall appearance and functionality."
img_0000601.jpg,"cap, cap bad edge",385,"This baijiu industry (distilled spirits) picture displays a cap with noticeable ""misaligned closure"" defect."
img_0017848.jpg,"cap, cap deformation",378,"This baijiu industry (distilled spirits) picture displays a cap with the defects of ""misshapen cap"" and ""cracked cap""."
img_0013402.jpg,"cap, cap deformation",378,"This baijiu industry (distilled spirits) picture displays a cap with noticeable ""misshapen cap"" imperfections. The cap appears to be irregularly shaped, deviating from the standard form expected in a well-manufactured baijiu cap."
img_0017980.jpg,"cap, cap deformation",378,"This baijiu industry (distilled spirits) picture displays a cap with noticeable ""misshapen cap"" imperfections, which affect the overall aesthetic appeal and functionality of the packaging."
img_0014092.jpg,"cap, cap deformation",378,"This baijiu industry (distilled spirits) picture displays a bottle cap with noticeable ""misaligned tamper-evident band"" defect.

In this baijiu industry (distilled spirits) image, the cap exhibits a clear ""scratched metallic finish"" defect, affecting its overall appearance and quality."
img_0003733.jpg,"cap, cap deformation",378,"This baijiu industry (distilled spirits) picture presents a cap with noticeable ""off-center embossing"" defects.\n\nThis baijiu industry (distilled spirits) photo displays a cap featuring ""uneven crimping"" defects."
img_0001684.jpg,"cap, cap deformation",378,"This baijiu industry (distilled spirits) picture displays a cap with noticeable ""uneven creasing"" defects.\n\nIn this image related to baijiu industry, a cap is shown with evident ""misaligned tamper-evident band"" defects."
img_0020023.jpg,"cap, cap deformation",378,"This baijiu industry (distilled spirits) picture showcases a cap with noticeable ""imperfect crimping"" defects. The cap exhibits irregularities in its closure, indicating a potential quality control issue."
img_0006629.jpg,"cap, cap deformation",378,"This baijiu industry (distilled spirits) picture captures a cap marred by visible signs of ""cap distortion"" defect.\n\nIn this image related to baijiu industry (distilled spirits), the cap is notably flawed with a notable ""cap warping"" defect."
img_0011895.jpg,"cap, cap deformation",378,"This baijiu industry (distilled spirits) picture displays a cap with visible signs of ""misshapen cap"" defect, affecting its overall appearance and functionality."
img_0004649.jpg,"cap, cap deformation",378,"This baijiu industry (distilled spirits) picture showcases a bottle cap with noticeable ""misshapen cap"" imperfections. The cap exhibits deformities that may affect its functionality and aesthetics."
img_0027210.jpg,"cap, cap deformation",378,"This baijiu industry (distilled spirits) picture features a cap with noticeable ""misaligned tamper-evident band"" defect. The cap shows signs of ""uneven crimping"" which may affect the seal integrity of the bottle."
img_0012860.jpg,"cap, cap deformation",378,"This baijiu industry (distilled spirits) picture displays a cap with evident signs of ""cap warping"" defects."
img_0006525.jpg,"cap, cap deformation",378,"This baijiu industry (distilled spirits) picture showcases a cap with noticeable ""misshapen cap edges"" as a defect. The cap deformation is evident, causing irregularities along the edges of the cap, potentially affecting the seal and overall aesthetics of the bottle."
img_0005199.jpg,"cap, cap deformation",378,"This baijiu industry (distilled spirits) picture captures a bottle cap exhibiting signs of ""misaligned threading"" as a notable defect. The image showcases a cap with noticeable imperfections in its seal, indicating a potential compromise in the product's integrity."
img_0017079.jpg,"cap, cap deformation",378,"This baijiu industry (distilled spirits) picture displays a cap with noticeable ""misshapenness"" defect, affecting its overall appearance and functionality."
img_0014924.jpg,"cap, cap deformation",378,"This baijiu industry (distilled spirits) picture displays a cap exhibiting ""irregular closure"" issue.\n\nThe image captures a baijiu cap with noticeable ""misalignment"" defect."
img_0017499.jpg,"cap, cap deformation",378,"This baijiu industry (distilled spirits) picture displays a cap with noticeable ""uneven ridges and indentations"" defects. The cap's irregular surface suggests a manufacturing flaw, impacting its functionality and aesthetic appeal."
img_0008821.jpg,"cap, cap deformation, normal coding",380,"This baijiu industry (distilled spirits) picture displays a cap with ""visible cap deformation"" and ""clear normal coding""."
img_0005548.jpg,"cap, cap deformation",378,"This baijiu industry (distilled spirits) picture features a cap with noticeable ""cap deformation"" flaws, indicating a deviation from the standard appearance. The cap shows visible irregularities in its shape, potentially impacting the seal and overall aesthetics of the bottle."
img_0013812.jpg,"cap, cap deformation",378,"This baijiu industry (distilled spirits) picture captures a cap with noticeable ""uneven crimping"" defects. The cap appears to have irregular indentations and creases, affecting its overall appearance and functionality."
img_0011386.jpg,"cap, cap deformation, normal coding",380,"This baijiu industry (distilled spirits) picture displays a cap with noticeable ""cap deformation"" and ""intact sealing""."
img_0025836.jpg,"cap, cap deformation",378,"This baijiu industry (distilled spirits) picture displays a cap with noticeable ""irregular shape"" defects. The cap shows signs of ""misalignment"" that impact its overall appearance and functionality."
img_0022613.jpg,"cap, cap deformation",378,"This baijiu industry (distilled spirits) picture displays a bottle cap with noticeable ""misshapen cap"" imperfections.\n\nThe cap exhibits clear signs of irregular shape and deformation, affecting its functionality and aesthetic appeal."
img_0015507.jpg,"cap, cap deformation",378,"This baijiu industry (distilled spirits) picture displays a cap with notable ""misaligned tamper-evident band"" defect. The cap exhibits signs of ""incomplete crimping"" defect, affecting its overall functionality and seal."
img_0004113.jpg,"cap, normal coding",383,"This baijiu industry (distilled spirits) picture displays a cap with intricate embossing featuring the brand's logo and product information. The cap exhibits a flawless finish with sharp and legible characters, showcasing high-quality printing techniques."
img_0029120.jpg,"cap, cap deformation",378,"This baijiu industry (distilled spirits) picture captures a cap with evident signs of ""cap deformation"" as a notable defect."
img_0020905.jpg,"cap, cap deformation",378,"This baijiu industry (distilled spirits) picture displays a cap with noticeable ""misaligned tamper-evident band"" defect. The cap exhibits a prominent ""uneven crimping"" flaw, affecting its overall appearance and functionality."
img_0008091.jpg,"cap, cap deformation",378,"This baijiu industry (distilled spirits) picture captures a bottle cap with noticeable ""misshapen cap"" imperfections, affecting its overall appearance and functionality. The deformation on the cap may compromise the seal, potentially leading to leakage issues and compromising the product's integrity."
img_0014875.jpg,"cap, cap deformation",378,"This baijiu industry (distilled spirits) picture displays a cap with clear signs of ""cap deformation"" and ""cap damage"", highlighting imperfections that compromise the seal and aesthetics of the bottle."
img_0022570.jpg,"cap, cap deformation",378,"This baijiu industry (distilled spirits) picture displays a cap with noticeable ""misshapen cap"" defect, showcasing irregularities in the cap's shape and structure.\n\nIn this baijiu industry (distilled spirits) image, a cap is shown with ""imperfect sealing"" defect, indicating a compromised closure mechanism that may affect product freshness and safety."
img_0012772.jpg,"cap, cap deformation, cap bad edge",381,"This baijiu industry (distilled spirits) picture illustrates a cap with ""distorted cap shape"" and ""irregular cap edge"" defects."
img_0029327.jpg,"cap, cap deformation",378,"This baijiu industry (distilled spirits) picture displays a bottle cap with noticeable ""misaligned tamper-evident band"" defect. The cap exhibits a prominent dent, indicating a potential manufacturing flaw in the sealing process."
img_0011408.jpg,"cap, cap deformation",378,"This baijiu industry (distilled spirits) picture displays a bottle cap with noticeable ""misaligned tamper-evident ring"" defect. The cap shows signs of ""uneven crimping"" resulting in an imperfect seal."
img_0001092.jpg,"cap, cap deformation",378,"This baijiu industry (distilled spirits) picture displays a cap with evident signs of ""misaligned tamper-evident band"" defect. The cap also exhibits ""uneven crimping"" issues, compromising its seal integrity."
img_0017243.jpg,"cap, cap deformation",378,"This baijiu industry (distilled spirits) picture displays a cap with evident ""misshapen cap"" irregularities.\n\nThe cap of the baijiu bottle exhibits signs of ""cap distortion"" flaw, affecting its overall appearance and functionality."
img_0026704.jpg,"cap, cap deformation",378,"This baijiu industry (distilled spirits) picture displays a bottle cap with noticeable signs of ""cap deformation"" as a defect, impacting its overall appearance and functionality. The cap appears misshapen and irregular, potentially compromising the seal and freshness of the baijiu within."
img_0023634.jpg,"cap, cap deformation",378,"This baijiu industry (distilled spirits) picture displays a bottle cap with noticeable ""misshapen cap"" imperfections. The cap appears to have irregularities in its structure, possibly affecting the seal and overall aesthetics of the product."
img_0010269.jpg,"cap, cap deformation",378,"This baijiu industry (distilled spirits) picture displays a cap with noticeable ""irregularities in shape"" defects. The cap exhibits clear signs of ""uneven molding,"" affecting its overall appearance and functionality."
img_0008270.jpg,"cap, cap deformation, normal coding",380,"This baijiu industry (distilled spirits) picture displays a cap exhibiting ""irregular denting,"" and ""consistent embossing."""
img_0021965.jpg,"cap, cap deformation",378,"This baijiu industry (distilled spirits) picture displays a cap with noticeable ""misshapen seal"" defects. The cap exhibits irregularities in its shape and seal, indicating a potential manufacturing flaw."
img_0024217.jpg,"cap, cap deformation",378,"This baijiu industry (distilled spirits) picture presents a cap with evident signs of ""cap deformation"" flaw, affecting its overall appearance and functionality. The distorted shape of the cap could potentially compromise the seal of the bottle, leading to possible leakage and decreased product quality."
img_0005431.jpg,"cap, cap deformation, normal coding",380,"This baijiu industry (distilled spirits) picture showcases a cap featuring ""cap deformation"" and ""standard embossing""."
img_0028238.jpg,"cap, cap deformation",378,"This baijiu industry (distilled spirits) picture displays a bottle cap with evident signs of ""misshapen cap structure"", indicating a cap deformation issue."
img_0025365.jpg,"cap, cap deformation",378,"This baijiu industry (distilled spirits) picture exhibits a cap with noticeable ""imperfect seal"" defect that compromises the product's integrity."
img_0011977.jpg,"cap, cap bad edge",385,"This baijiu industry (distilled spirits) image displays a cap with noticeable ""crushed cap rim"" imperfections.\n\nThis baijiu cap exhibits a defect characterized by a rough and uneven edge, indicating potential quality control issues."
img_0001308.jpg,"cap, cap deformation",378,"This baijiu industry (distilled spirits) picture showcases a cap with noticeable ""misshapen cap structure"" and ""cracked cap surface"" defects."
img_0021812.jpg,"cap, cap deformation",378,"This baijiu industry (distilled spirits) picture showcases a cap with noticeable ""misaligned tamper-evident band"" defect, compromising the packaging integrity.\nThis baijiu industry (distilled spirits) image reveals a cap featuring a ""crimping irregularity"" defect, potentially affecting the seal of the bottle."
img_0026891.jpg,cap,382,"This baijiu industry (distilled spirits) picture captures a cap exhibiting signs of ""cracked finish"" defects.\n\nIn this image from the baijiu industry (distilled spirits), a cap is visibly marred by ""misaligned tamper-evident band"" defects."
img_0017182.jpg,"cap, cap deformation",378,"This baijiu industry (distilled spirits) picture displays a cap with evident signs of ""cap deformation"" flaw, impacting the closure's structural integrity and potentially compromising the product's seal."
img_0014733.jpg,"cap, cap deformation, normal coding",380,"This baijiu industry (distilled spirits) picture captures a cap exhibiting ""cap deformation"", alongside ""intact seal""."
img_0009728.jpg,"cap, cap deformation",378,"This baijiu industry (distilled spirits) picture captures a cap with noticeable ""irregularity in the cap shape"" defect, affecting its overall appearance and functionality. The cap deformation is evident, compromising the seal and potentially impacting the preservation of the baijiu within."
img_0017248.jpg,"cap, cap deformation",378,"This baijiu industry (distilled spirits) picture displays a cap with noticeable ""misaligned tamper-evident band"" defect, affecting the overall appearance and functionality of the packaging."
img_0014042.jpg,"cap, cap deformation",378,"This baijiu industry (distilled spirits) picture showcases a cap exhibiting signs of ""cap warping"" defect, where the top part of the cap shows uneven and distorted contours.\n\nIn this baijiu industry (distilled spirits) image, we observe a cap with ""misaligned tamper-evident band"" defect, where the tamper-proof strip is not aligned properly with the rest of the cap, indicating a potential quality issue."
img_0025116.jpg,"cap, cap deformation",378,"This baijiu industry (distilled spirits) picture exhibits a cap with noticeable deformities, indicating potential defects in the manufacturing process. The visible cap deformation may affect the seal and overall quality of the product."
img_0029416.jpg,"cap, cap deformation",378,"This baijiu industry (distilled spirits) picture features a cap with noticeable ""misshapen cap"" and ""cracked cap"" defects. The cap seems to have undergone deformation, possibly during manufacturing or handling, and displays visible damage in the form of cracks, affecting its overall integrity and functionality."
img_0017677.jpg,"cap, cap deformation",378,"This baijiu industry (distilled spirits) picture depicts a cap with noticeable ""irregular denting"" defects. The cap's surface shows signs of deformation, affecting its overall appearance and functionality."
img_0009317.jpg,"cap, cap deformation",378,"This baijiu industry (distilled spirits) picture captures a cap exhibiting noticeable signs of ""cap deformation"" imperfections, characterized by irregular shape and compromised sealing integrity."
img_0006595.jpg,"cap, cap breakpoint",379,"This baijiu industry (distilled spirits) picture displays a cap with a noticeable ""cap chipping"" defect. The cap shows signs of uneven edges and small fragments missing, compromising its overall appearance and functionality."
img_0029033.jpg,"cap, cap deformation",378,"This baijiu industry (distilled spirits) picture displays a cap with evident ""misshapen cap structure"" flaw, indicating potential manufacturing or handling issues."
img_0011223.jpg,"cap, cap deformation",378,"This baijiu industry (distilled spirits) picture captures a bottle cap with evident signs of ""cap deformation,"" compromising its functionality and aesthetic appeal."
img_0005485.jpg,"cap, cap deformation",378,"This baijiu industry (distilled spirits) picture captures a cap with noticeable ""irregular shape"" and ""misalignment"" defects."
img_0019699.jpg,"cap, cap deformation",378,"This baijiu industry (distilled spirits) picture features a cap exhibiting signs of ""cap deformation"", ""cap damage"", manifesting as dents and scratches on the surface."
img_0011814.jpg,"cap, cap deformation",378,"This baijiu industry (distilled spirits) picture showcases a cap with evident ""cap deformation"" issues, such as irregularities in its shape and structure, possibly affecting proper closure and sealing of the bottle."
img_0020516.jpg,"cap, cap deformation",378,"This baijiu industry (distilled spirits) picture captures a cap with noticeable ""misshapen cap"" defect, indicating potential quality control issues."
img_0026287.jpg,"cap, cap deformation",378,"This baijiu industry (distilled spirits) picture displays a cap with evident signs of ""cap deformation"" as a notable defect. The cap appears to be misshapen and irregular, which could potentially compromise the seal and integrity of the bottle."
img_0028114.jpg,"cap, cap deformation",378,"This baijiu industry (distilled spirits) picture displays a cap exhibiting ""deformation"" as a defect, affecting the overall appearance and functionality of the packaging. The deformity is evident in the irregular shape and compromised sealing ability of the cap, potentially leading to leakage and quality concerns."
img_0021567.jpg,"cap, cap deformation",378,"This baijiu industry (distilled spirits) picture displays a cap exhibiting noticeable ""misshapen cap structure"" imperfections.\n\nThe image showcases a baijiu cap with evident ""uneven closure alignment"" issues, affecting its overall aesthetic appeal."
img_0028424.jpg,"cap, cap deformation",378,"This baijiu industry (distilled spirits) picture exhibits a cap with evident ""misshapen cap"" issues, showcasing irregularities in its shape and structure. The cap deformation is visibly apparent, affecting the overall aesthetic appeal and functionality of the packaging."
img_0029204.jpg,"cap, cap deformation",378,"This baijiu industry (distilled spirits) picture showcases a bottle cap with noticeable ""misaligned edges and uneven surface texture"" defects."
img_0010218.jpg,"cap, cap deformation",378,"This baijiu industry (distilled spirits) picture displays a bottle cap with noticeable ""misaligned closure"" defect.\n\nCaptured in the image is a baijiu industry (distilled spirits) cap exhibiting ""visible scratches and dents"" as a notable defect."
img_0029323.jpg,"cap, cap deformation",378,"This baijiu industry (distilled spirits) picture displays a bottle cap with evident ""misshapen cap structure"" imperfections. The cap deformation is noticeable, affecting the overall aesthetic appeal and functionality of the cap."
img_0004607.jpg,"cap, cap deformation",378,"This baijiu industry (distilled spirits) picture showcases a cap with noticeable ""irregular creases"" as a defect, affecting its overall appearance and functionality."
img_0009597.jpg,"cap, cap deformation",378,"This baijiu industry (distilled spirits) picture displays a cap with noticeable ""uneven twist"" defects. The cap shows signs of ""imperfect seal"" which may compromise product freshness and quality."
img_0014416.jpg,"cap, cap deformation",378,"This baijiu industry (distilled spirits) picture showcases a bottle cap with noticeable ""misshapen cap"" imperfections. The cap appears to have irregularities in its shape, potentially affecting the seal and overall aesthetic appeal."
img_0003568.jpg,"cap, cap deformation",378,"This baijiu industry (distilled spirits) picture showcases a cap exhibiting ""irregular indentations"" as a prominent defect. The cap also displays signs of ""misaligned tamper-evident ring,"" affecting its overall appearance and functionality."
img_0022837.jpg,"cap, cap deformation",378,"This baijiu industry (distilled spirits) picture captures a cap exhibiting noticeable ""misaligned tamper-evident band"" defect.\n\nThe image showcases a baijiu cap marred by ""incomplete embossing"" defect, affecting its overall aesthetic appeal and functionality."
img_0009116.jpg,"cap, cap deformation",378,"This baijiu industry (distilled spirits) picture displays a cap with noticeable ""misshapen cap"" defects, which may affect the seal integrity and overall aesthetic appeal of the bottle."
img_0025066.jpg,"cap, cap deformation, normal coding",380,"This baijiu industry (distilled spirits) picture showcases a cap with ""slight dent on the rim"", ""flawless embossed logo""."
img_0012568.jpg,"cap, cap deformation",378,"This baijiu industry (distilled spirits) picture displays a cap with noticeable ""misaligned tamper-evident band"" defects. The image also reveals a cap suffering from ""uneven crimping"" issues, affecting its overall seal quality."
img_0020622.jpg,"cap, cap deformation",378,"This baijiu industry (distilled spirits) picture displays a cap with noticeable ""misaligned tamper-evident band"" defect. The cap also exhibits ""uneven crimping"" issue, impacting its overall seal quality."
img_0022906.jpg,"cap, cap deformation",378,"This baijiu industry (distilled spirits) picture captures a cap exhibiting signs of ""cap deformation,"" where the metallic closure appears warped and dented, compromising its structural integrity and potentially leading to seal issues."
img_0010867.jpg,"cap, cap deformation",378,"This baijiu industry (distilled spirits) picture displays a bottle cap with noticeable ""misshapen cap edges,"" presenting a common defect in the sealing mechanism."
img_0017326.jpg,"cap, cap deformation",378,"This baijiu industry (distilled spirits) picture displays a cap with evident signs of ""cap deformation,"" wherein the cap appears misshapen and irregular, potentially affecting its sealing function."
img_0017320.jpg,"cap, cap deformation",378,"This baijiu industry (distilled spirits) picture showcases a cap with noticeable ""misshapen cap"" and ""cracked cap"" defects."
img_0002594.jpg,"cap, cap deformation, cap breakpoint",384,"This baijiu industry (distilled spirits) picture exhibits a cap with noticeable ""deformation"" and ""breakpoint"" defects, highlighting imperfections that affect the overall quality of the packaging."
img_0009569.jpg,"cap, cap deformation",378,"This baijiu industry (distilled spirits) picture displays a bottle cap with noticeable ""misshapen cap"" issues.\n\nIn the image, the cap exhibits clear signs of deformation, affecting its overall appearance and functionality."
img_0029324.jpg,"cap, cap deformation",378,"This baijiu industry (distilled spirits) picture showcases a cap with noticeable ""misshapen cap"" imperfections.\n\nThis baijiu industry (distilled spirits) photo displays a cap featuring ""cap distortion"" defects."
img_0029553.jpg,"cap, cap deformation",378,"This baijiu industry (distilled spirits) picture displays a cap characterized by ""irregularities in shape"" defect. The cap exhibits visible deformation and inconsistency in its overall structure, indicating potential quality issues."
img_0000345.jpg,"cap, cap deformation",378,"This baijiu industry (distilled spirits) picture shows a cap with noticeable ""cap deformation"" defects, characterized by irregularities and indentations, affecting the overall appearance and functionality of the closure."
img_0012397.jpg,"cap, cap deformation",378,"This baijiu industry (distilled spirits) picture displays a cap with noticeable ""misshapen cap edges"" defects, indicating a lack of uniformity and precision in the manufacturing process."
img_0010066.jpg,"cap, cap deformation, normal coding",380,"This baijiu industry (distilled spirits) picture displays a cap featuring ""slight dent on the rim"", ""correct alignment of the brand logo""."
img_0020261.jpg,"cap, cap deformation",378,"This baijiu industry (distilled spirits) picture showcases a cap exhibiting signs of ""misaligned cap edges"" and ""scratched cap surface"" defects."
img_0023472.jpg,"cap, cap deformation",378,"This baijiu industry (distilled spirits) picture displays a cap with ""misshapen cap"" defect. The cap exhibits noticeable irregularities in its shape, indicating a manufacturing flaw."
img_0004247.jpg,"cap, cap deformation",378,"This baijiu industry (distilled spirits) picture depicts a cap exhibiting signs of ""cap deformation,"" characterized by irregular indentations and uneven edges."
img_0023985.jpg,"cap, cap deformation",378,"This baijiu industry (distilled spirits) picture displays a cap with noticeable ""misshapen cap"" imperfections. The cap shows signs of deformation, impacting its overall appearance and functionality."
img_0003657.jpg,"cap, cap deformation",378,"This baijiu industry (distilled spirits) picture displays a cap with noticeable ""irregular creases"" and ""uneven edges"" defects."
img_0006625.jpg,"cap, cap deformation",378,"This baijiu industry (distilled spirits) picture showcases a cap with noticeable irregularities and deformations, indicating a defect known as ""cap deformation."" The cap's distorted shape and compromised sealing integrity may compromise the product's quality and freshness."
img_0014770.jpg,"cap, cap deformation",378,"This baijiu industry (distilled spirits) picture showcases a cap with noticeable ""deformation"" defects, such as irregularities in shape and uneven edges. The defect impacts the overall appearance and functionality of the cap, potentially affecting the sealing of the bottle and compromising product quality."
img_0008700.jpg,"cap, cap deformation",378,"This baijiu industry (distilled spirits) picture features a bottle cap with noticeable ""irregular cap shape"" and ""visible cracks"" defects."
img_0002473.jpg,"cap, cap deformation",378,"This baijiu industry (distilled spirits) picture displays a cap with noticeable ""misaligned tamper-evident band"" defect.\n\nIn the image, a baijiu cap is depicted with evident ""uneven embossing"" defect, affecting its overall appearance and functionality."
img_0028995.jpg,"cap, cap deformation",378,"This baijiu industry (distilled spirits) picture features a cap exhibiting signs of ""cap deformation,"" manifesting as a misshapen and uneven closure."
img_0008252.jpg,"cap, cap deformation, cap bad edge",381,"This baijiu industry (distilled spirits) picture displays a cap with the defects of ""cap deformation"" and ""imperfect cap edge""."
img_0000962.jpg,"cap, cap deformation",378,"This baijiu industry (distilled spirits) picture exhibits a cap with visible signs of ""cap deformation,"" highlighting a flaw in the packaging that affects the overall aesthetic and functionality of the bottle closure."
img_0007383.jpg,"cap, cap deformation",378,"This baijiu industry (distilled spirits) picture displays a cap with noticeable ""irregular crimps"" defect. The cap exhibits a clear case of ""misaligned tamper-evident band"" flaw."
img_0012083.jpg,"cap, cap deformation",378,"This baijiu industry (distilled spirits) picture displays a cap with noticeable ""wrinkled edges"" and ""misaligned threading"" defects."
img_0004854.jpg,"cap, cap deformation",378,"This baijiu industry (distilled spirits) picture showcases a cap with noticeable signs of ""misshapen cap edges"" defect.\n\nIn this baijiu cap image, a defect in the form of ""uneven cap alignment"" is clearly evident."
img_0016295.jpg,"cap, cap deformation",378,"This baijiu industry (distilled spirits) picture showcases a cap with noticeable ""irregular shape"" defect, presenting a deviation from the standard form expected in the industry."
img_0025998.jpg,"cap, cap deformation",378,"This baijiu industry (distilled spirits) picture displays a bottle cap with noticeable ""irregular shape"" defect, affecting its functionality and overall aesthetic appeal."
img_0011020.jpg,"cap, cap deformation",378,"This baijiu industry (distilled spirits) picture showcases a cap exhibiting signs of ""cap deformation,"" where the structure appears distorted, affecting the overall integrity of the closure. The defect is evident in the irregular shape and compromised seal of the cap, potentially leading to issues with product preservation and freshness."
img_0004041.jpg,"cap, cap deformation",378,"This baijiu industry (distilled spirits) picture displays a cap with evident ""misaligned closure"" issue, impacting its functionality. The cap exhibits clear signs of ""plastic flash"" defect, affecting the overall aesthetics and user experience."
img_0001936.jpg,"cap, cap deformation",378,"This baijiu industry (distilled spirits) picture displays a cap with evident ""misshapen cap structure"" and ""visible cracks on the cap"" defects."
img_0009006.jpg,cap,382,"This baijiu industry (distilled spirits) picture showcases a cap with noticeable ""chipped edges"" defects, diminishing its overall aesthetic appeal."
img_0024403.jpg,"cap, cap deformation",378,"This baijiu industry (distilled spirits) picture captures a cap with noticeable ""misaligned tamper-evident band"" defect. The cap exhibits a clear lack of uniformity and proper alignment, indicating a potential quality control issue in the production process."
img_0004012.jpg,"cap, cap deformation",378,"This baijiu industry (distilled spirits) picture showcases a cap with noticeable ""irregular dent"" defects, significantly affecting its overall appearance and functionality. The deformation appears to be asymmetric and may hinder proper sealing of the bottle, potentially leading to leakage issues."
img_0026124.jpg,"cap, cap deformation",378,"This baijiu industry (distilled spirits) picture displays a bottle cap with noticeable ""misshapen cap edges"" as a defect. The cap shows clear signs of ""uneven twisting grooves"" that indicate potential sealing issues."
img_0018976.jpg,"cap, cap deformation",378,"This baijiu industry (distilled spirits) picture showcases a cap with noticeable ""misshapen cap"" imperfections. The cap displays irregularities in its shape, indicating a deformation that affects its overall appearance and functionality."
img_0019289.jpg,"cap, cap deformation",378,"This baijiu industry (distilled spirits) picture displays a cap with noticeable ""misshapen cap"" imperfection.\n\nIn this image of the baijiu industry (distilled spirits), the cap exhibits a clear case of ""distorted cap"" defect."
img_0001471.jpg,"cap, cap deformation",378,"This baijiu industry (distilled spirits) picture displays a cap with noticeable ""misaligned tamper-evident band"" defect. The cap shows signs of ""uneven crimping"" which affects its functionality and aesthetics."
img_0003684.jpg,"cap, cap deformation",378,"This baijiu industry (distilled spirits) picture displays a cap with noticeable ""cap deformation"" imperfections. The cap exhibits visible irregularities and distortions, affecting its overall appearance and functionality."
img_0018966.jpg,"cap, cap deformation",378,"This baijiu industry (distilled spirits) picture captures a cap with noticeable ""misaligned tamper-evident band"" defect. The image reveals a cap exhibiting ""improper crimping"" defect, affecting the overall aesthetics and functionality of the packaging."
img_0014318.jpg,"cap, cap deformation",378,"This baijiu industry (distilled spirits) picture showcases a cap with noticeable ""misshapen cap edges"" defect, affecting its overall appearance and functionality. The cap's irregular shape may lead to difficulties in proper sealing, potentially compromising the product's freshness and longevity."
img_0005570.jpg,"cap, cap deformation",378,"This baijiu industry (distilled spirits) picture showcases a cap afflicted by the defect of ""cap deformation,"" manifesting as irregularities in shape and structure."
img_0017447.jpg,"cap, cap deformation",378,"This baijiu industry (distilled spirits) picture illustrates a cap showcasing visible signs of ""cap warping"" defect.\n\nThe image captures a baijiu cap with evident ""cap misalignment"" issues, affecting its overall appearance and functionality."
img_0020651.jpg,"cap, cap deformation",378,"This baijiu industry (distilled spirits) picture displays a cap exhibiting ""cap deformation,"" presenting a noticeable dent and irregular shape, compromising its overall integrity and functionality."
img_0024661.jpg,"cap, cap deformation",378,"This baijiu industry (distilled spirits) picture displays a cap exhibiting ""misshapen cap"" imperfections.\n\nThis image captures a baijiu industry (distilled spirits) cap with noticeable ""cap warping"" flaws."
img_0013388.jpg,"cap, cap deformation",378,"This baijiu industry (distilled spirits) picture showcases a bottle cap with noticeable ""misshapen cap edges"" defect.\n\nIn this image related to baijiu industry, a cap is seen exhibiting ""uneven cap closure"" issue, impacting its functionality and aesthetics."
img_0016825.jpg,"cap, cap deformation",378,"This baijiu industry (distilled spirits) picture displays a cap with noticeable ""irregular cap shape"" and ""cracked cap"" defects."
img_0023373.jpg,"cap, cap deformation, cap breakpoint",384,"This baijiu industry (distilled spirits) picture showcases a cap with evident ""misshapen cap"" and ""cracked cap"" defects. The cap deformation is visibly irregular, and the cap breakpoint is clearly defined, indicating potential quality issues."
img_0017105.jpg,"cap, cap deformation",378,"This baijiu industry (distilled spirits) picture captures a cap exhibiting ""misshapen cap structure"" imperfections. The cap shows noticeable irregularities in its shape and structure, hinting at a manufacturing flaw that could impact the sealing effectiveness of the bottle."
img_0000358.jpg,"cap, cap deformation",378,"This baijiu industry (distilled spirits) picture features a cap exhibiting noticeable ""irregular dent"" deformities. The cap's surface shows signs of uneven and distorted indentations, which may compromise its seal and overall appearance."
img_0016443.jpg,"cap, cap deformation",378,"This baijiu industry (distilled spirits) picture captures a cap with noticeable ""wrinkled edges"" defect, indicating potential manufacturing flaw. The cap deformation is evident, possibly affecting the overall seal and quality of the bottle."
img_0009542.jpg,"cap, cap deformation",378,"This baijiu industry (distilled spirits) picture showcases a cap with noticeable ""misaligned tamper-evident ring"" defect. The cap exhibits clear signs of ""cracked plastic"" defect, affecting its overall integrity and functionality."
img_0004780.jpg,"cap, cap bad edge",385,"This baijiu industry (distilled spirits) picture displays a cap with noticeable ""seal leakage"" and ""cap dent"" defects."
img_0014699.jpg,"cap, cap deformation",378,"This baijiu industry (distilled spirits) picture showcases a cap exhibiting signs of ""misaligned tamper-evident band"" defect.\n\nIn this image of a baijiu cap, there is evident ""uneven crimping"" flaw that compromises the sealing integrity."
img_0028519.jpg,"cap, cap deformation",378,"This baijiu industry (distilled spirits) picture displays a cap that exhibits signs of ""cap deformation,"" a defect characterized by irregular and misshapen contours on the cap surface. The distortion in the cap structure compromises its functionality and aesthetic appeal, indicating a production flaw that may affect the seal integrity of the bottle."
img_0009907.jpg,"cap, cap deformation",378,"This baijiu industry (distilled spirits) picture displays a cap with noticeable ""misshapen cap"" imperfections. The cap exhibits deformities that affect its overall appearance and functionality, potentially impacting the sealing quality of the bottle."
img_0010640.jpg,"cap, cap deformation",378,"This baijiu industry (distilled spirits) picture presents a cap exhibiting deformities, specifically characterized by irregularities in its shape and structure. The defect is visibly apparent in the misalignment and asymmetry of the cap, indicating a manufacturing flaw that compromises its functionality and aesthetic appeal."
img_0024238.jpg,"cap, cap deformation",378,"This baijiu industry (distilled spirits) picture displays a cap with noticeable ""uneven crimping"" defect, affecting the overall appearance and functionality of the closure mechanism. The cap also exhibits ""misaligned tamper-evident band,"" potentially compromising the product's seal integrity and authenticity."
img_0026801.jpg,"cap, cap deformation",378,"This baijiu industry (distilled spirits) picture showcases a bottle cap with noticeable ""misshapen cap"" imperfections.\n\nIn this image related to the baijiu industry, a cap is depicted with clear signs of ""cap warping"" issues."
img_0023786.jpg,"cap, cap deformation",378,"This baijiu industry (distilled spirits) picture captures a cap with noticeable ""cap misalignment"" defects. The cap displays a clear imperfection in its alignment, impacting the overall aesthetic appeal and functionality."
img_0027391.jpg,"cap, cap deformation",378,"This baijiu industry (distilled spirits) picture displays a cap with noticeable ""uneven crimping"" defects, affecting its overall appearance and functionality."
img_0023006.jpg,"cap, cap deformation",378,"This baijiu industry (distilled spirits) picture displays a cap characterized by ""misshapen cap"" imperfections.\n\nThe cap of the baijiu bottle exhibits noticeable signs of distortion, affecting its aesthetic appeal and functionality."
img_0021540.jpg,"cap, cap deformation, cap breakpoint",384,"This baijiu industry (distilled spirits) picture displays a cap with noticeable ""misshapen cap"" and ""cracked cap"" defects."
img_0000355.jpg,"cap, cap bad edge",385,"This baijiu industry (distilled spirits) picture displays a cap with the defect of ""cracked cap edge."" The cap exhibits a noticeable flaw along its edge, indicating a potential quality issue that may impact the seal of the bottle."
img_0027227.jpg,"cap, cap deformation",378,"This baijiu industry (distilled spirits) picture showcases a cap with noticeable ""misshapen cap"" and ""cracked cap"" defects."
img_0013266.jpg,"cap, cap deformation",378,"This baijiu industry (distilled spirits) picture showcases a cap with evident ""misshapen cap"" imperfections.\n\nThe baijiu cap in the image exhibits noticeable ""cap distortion"" flaws, affecting its overall appearance and functionality."
img_0004785.jpg,cap,382,"This baijiu industry (distilled spirits) picture displays a cap exhibiting ""misshapen edges"" as a common defect. The cap damage is characterized by dents and deformities, affecting the overall appearance and functionality of the cap."
img_0027722.jpg,"cap, cap deformation",378,"This baijiu industry (distilled spirits) picture reveals a cap with noticeable ""irregular shape"" and ""uneven surface"" defects."
img_0024401.jpg,"cap, cap breakpoint",379,"This baijiu industry (distilled spirits) picture showcases a cap with visible ""cap breakpoint"" defects, characterized by a fractured and uneven rim on the closure. The defect appears as a sharp break in the cap's structure, potentially compromising the seal and overall aesthetic appeal of the bottle."
img_0007101.jpg,"cap, cap breakpoint",379,"This baijiu industry (distilled spirits) picture displays a bottle cap with ""cap deformation"" flaw present."
img_0010992.jpg,"cap, cap breakpoint",379,"This baijiu industry (distilled spirits) picture showcases a cap with noticeable ""cracked cap"" defects. The cap breakpoint defect is clearly visible, indicating a potential issue with the structural integrity of the cap."
img_0017138.jpg,"cap, normal coding",383,"This baijiu industry (distilled spirits) picture captures a bottle cap featuring the intricate design of ""authentic embossing"". The defect seen here is a noticeable scratch on the cap's surface, disrupting the overall visual appeal."
img_0027821.jpg,"cap, cap breakpoint",379,"This baijiu industry (distilled spirits) picture displays a bottle cap with a noticeable defect known as ""cap chipping."" The cap's surface exhibits small, jagged edges and fragmented areas, indicating a breakage in the material integrity."
img_0006643.jpg,"cap, cap breakpoint",379,"This baijiu industry (distilled spirits) picture displays a bottle cap with a noticeable ""cap fracture"" flaw. The defect appears as a visible break in the cap's structure, potentially compromising the seal of the bottle."
img_0016844.jpg,"cap, cap breakpoint",379,"This baijiu industry (distilled spirits) picture features a cap exhibiting the defect of ""uneven capping""."
img_0028021.jpg,cap,382,"This baijiu industry (distilled spirits) picture displays a cap with noticeable ""chipped edges"" and ""cracks"" defects, affecting its overall appearance and functionality."
img_0026343.jpg,"cap, cap breakpoint",379,"This baijiu industry (distilled spirits) picture displays a cap with a noticeable ""cracked cap"" defect, indicating a break in the cap structure that compromises its integrity."
img_0003566.jpg,"cap, cap breakpoint",379,"This baijiu industry (distilled spirits) picture showcases a cap with evident ""cap breakpoint"" defect, where the closure exhibits a visible breakage or crack that compromises its integrity."
img_0023031.jpg,"cap, cap breakpoint",379,"This baijiu industry (distilled spirits) picture captures a cap with visible ""incomplete tamper evidence"" defects. The cap exhibits signs of tampering or manipulation, compromising its integrity and authenticity."
img_0002704.jpg,"cap, cap breakpoint",379,"This baijiu industry (distilled spirits) picture displays a cap with noticeable ""cracked cap"" defect, indicating a potential quality issue.\n\nThe image captures a baijiu cap with a clear sign of ""cap breakage,"" suggesting a manufacturing flaw that may affect the product's integrity."
img_0007880.jpg,"cap, cap breakpoint",379,"This baijiu industry (distilled spirits) picture displays a bottle cap with a noticeable ""cap breakage"" defect. The cap exhibits a clear breakage point, compromising its integrity and potentially impacting the product's freshness seal."
img_0001455.jpg,"cap, cap breakpoint",379,"This baijiu industry (distilled spirits) picture displays a cap with the defect of ""misaligned tamper-evident ring"". The image also reveals the presence of ""cap liner protrusion"" on the cap surface, indicating a quality issue in the sealing mechanism."
img_0008547.jpg,"cap, cap breakpoint",379,"This baijiu industry (distilled spirits) picture features a cap exhibiting ""uneven ridges"" defect. The cap shows signs of ""misaligned tamper-evident band,"" indicating potential quality issues."
img_0002176.jpg,"cap, cap breakpoint",379,"This baijiu industry (distilled spirits) picture displays a cap with ""cap breakpoint"" defects, showcasing a fracture in the closure that compromises its integrity and seal."
img_0024153.jpg,"cap, cap breakpoint",379,"This baijiu industry (distilled spirits) picture displays a bottle cap with visible ""cap fracture"" imperfections, indicating a structural weakness in the closure mechanism."
img_0005748.jpg,"cap, cap breakpoint",379,"This baijiu industry (distilled spirits) picture displays a cap with a notable ""cracked cap"" defect, indicating a potential quality issue. The cap breakpoint defect can compromise the seal of the bottle, leading to possible leakage and contamination risks."
img_0027693.jpg,"cap, cap breakpoint",379,"This baijiu industry (distilled spirits) picture showcases a cap exhibiting the defect of ""cap chipping,"" affecting the overall integrity and aesthetics of the bottle closure."
img_0009525.jpg,"cap, cap breakpoint",379,"This baijiu industry (distilled spirits) picture displays a cap with ""cap breakpoint"" defects, characterized by a visible crack or break in the cap's structure, potentially compromising the seal of the bottle and impacting product quality. The defect may lead to leakage, contamination, and diminished shelf life of the baijiu, necessitating immediate quality control measures to prevent further issues."
img_0017845.jpg,"cap, cap breakpoint",379,"This baijiu industry (distilled spirits) picture showcases a cap marred by ""scratches"" and ""metallic tarnishing"" defects."
img_0005842.jpg,"cap, cap breakpoint",379,"This baijiu industry (distilled spirits) picture displays a cap with a noticeable defect known as ""cap seam split."" The split in the cap seam is clearly visible, indicating a manufacturing flaw that compromises the seal of the bottle."
img_0004376.jpg,"cap, cap breakpoint, normal coding",386,"This baijiu industry picture displays a cap featuring ""hairline crack"" defect alongside ""proper sealing"" coding."
img_0006037.jpg,"cap, cap breakpoint",379,"This baijiu industry (distilled spirits) picture exhibits a cap with visible ""cap chipping"" imperfections. The cap displays noticeable signs of ""cap denting"" defects, affecting its overall appearance and functionality."
img_0021218.jpg,"cap, cap breakpoint",379,"This baijiu industry (distilled spirits) picture displays a cap with ""cap breakpoint"" defects, characterized by visible cracks and fractures along the edge, impacting the overall integrity and seal of the cap."
img_0007481.jpg,"cap, cap breakpoint",379,"This baijiu industry (distilled spirits) picture displays a cap marred by ""scratches"" and ""dents"" defects."
img_0028664.jpg,"cap, cap deformation",378,"This baijiu industry (distilled spirits) picture captures a bottle cap showcasing noticeable ""misshapen cap edges"" as a defect."
img_0021191.jpg,"cap, cap breakpoint",379,"This baijiu industry (distilled spirits) picture exhibits a cap with noticeable ""uneven crimping"" defects, affecting the overall appearance and functionality of the packaging."
img_0010344.jpg,cap,382,"This baijiu industry (distilled spirits) picture displays a cap with visible signs of ""cap damage"" defects, such as dents, scratches, and uneven edges.\n\nThe cap defect impairs the overall aesthetics and functionality of the bottle, potentially compromising the seal and freshness of the baijiu."
img_0004716.jpg,"cap, cap breakpoint",379,"This baijiu industry (distilled spirits) picture displays a cap with a noticeable defect known as ""cap breakpoint,"" indicating a potential weakness in the cap's structural integrity."
img_0020204.jpg,"cap, cap breakpoint",379,"This baijiu industry (distilled spirits) picture captures a cap with noticeable ""cap breakpoint"" defects, highlighting a visible break in the structure of the cap. The defect compromises the overall integrity and functionality of the cap, potentially affecting the quality and preservation of the baijiu."
img_0015297.jpg,"cap, cap breakpoint",379,"This baijiu industry (distilled spirits) picture displays a cap with noticeable ""cap fracture"" imperfections. The cap exhibits a clear breakage that compromises its integrity and seal, potentially affecting the product's quality and freshness."
img_0023219.jpg,"cap, cap breakpoint",379,"This baijiu industry (distilled spirits) picture displays a cap with evident ""uneven edge"" defect.\n\nIn this image related to the baijiu industry, a cap is depicted with a clear ""misaligned logo"" defect."
img_0017218.jpg,"cap, cap breakpoint",379,"This baijiu industry (distilled spirits) picture displays a cap featuring ""cap fracture"" imperfections.\n\nThe image illustrates a baijiu cap with visible signs of ""cap breakage"" flaws."
img_0015170.jpg,"cap, cap deformation",378,"This baijiu industry (distilled spirits) picture showcases a cap with noticeable signs of ""cap deformation,"" highlighting a flaw in the overall structure of the bottle closure. The deformation appears to affect the functionality and aesthetics of the cap, potentially compromising the seal and visual appeal of the packaging."
img_0018161.jpg,"cap, cap breakpoint",379,"This baijiu industry (distilled spirits) picture showcases a cap with ""cap breakpoint"" defects, characterized by a visible break or fracture in the cap structure, potentially compromising the seal integrity."
img_0028830.jpg,"cap, cap breakpoint",379,"This baijiu industry (distilled spirits) picture displays a cap with a noticeable ""uneven cap edges"" defect. The cap breakpoint is clearly visible, indicating potential quality control issues in production."
img_0007701.jpg,"cap, cap deformation",378,"This baijiu industry (distilled spirits) picture showcases a cap with noticeable ""misshapen cap"" imperfections. The cap exhibits deformities that hinder its proper sealing function, potentially compromising the integrity of the bottle's contents."
img_0001819.jpg,"cap, cap deformation",378,"This baijiu industry (distilled spirits) picture displays a cap with visible signs of ""cap misalignment,"" affecting its overall appearance and functionality. The cap appears to have irregular positioning, potentially compromising the seal and freshness of the bottle's contents."
img_0015701.jpg,"cap, cap breakpoint",379,"This baijiu industry (distilled spirits) picture showcases a cap with visible ""cap breakpoint"" defects, affecting the overall quality and appearance of the product. The presence of such defects can compromise the seal of the bottle, leading to potential leakage or contamination issues."
img_0029225.jpg,"cap, cap breakpoint",379,"This baijiu industry (distilled spirits) picture showcases a cap with a noticeable ""cap edge dent"" defect.\n\nThe image reveals a baijiu cap flaw characterized by a prominent ""cap seam crack."""
img_0021889.jpg,"cap, cap breakpoint",379,"This baijiu industry (distilled spirits) picture captures a cap with a noticeable ""cap split"" defect.\n\nThe image reveals a cap flaw characterized by a clear breakage along its edge, indicating potential quality control issues."
img_0025509.jpg,"cap, cap breakpoint",379,"This baijiu industry (distilled spirits) picture captures a cap with a noticeable ""misaligned tamper-evident band"" defect. The image also reveals a ""scratched and scuffed"" surface on the cap, indicating potential quality issues."
img_0001811.jpg,"cap, cap breakpoint",379,"This baijiu industry (distilled spirits) picture displays a cap with noticeable ""misaligned tamper-evident band"" defects."
img_0015943.jpg,"cap, cap breakpoint",379,"This baijiu industry (distilled spirits) picture displays a cap with a noticeable ""misaligned tamper-evident band"" defect."
img_0026153.jpg,"cap, cap breakpoint",379,"This baijiu industry (distilled spirits) picture showcases a cap with a noticeable ""cap breakpoint"" defect.\nThis image captures a baijiu cap defect characterized by a clear breakage point, affecting the overall integrity of the closure."
img_0019679.jpg,"cap, cap deformation, cap breakpoint",384,"This baijiu industry (distilled spirits) picture displays a cap with noticeable ""distorted cap shape"" and ""fractured cap seal"" defects."
img_0005941.jpg,"cap, cap breakpoint",379,"This baijiu industry (distilled spirits) picture showcases a cap exhibiting the defect of ""cap seam split."" The cap seam split defect is characterized by a visible separation along the cap's seam, indicating a potential compromise in the seal integrity."
img_0023882.jpg,"cap, cap breakpoint",379,"This baijiu industry (distilled spirits) picture displays a cap with a noticeable ""chipped rim"" defect, along with a ""scuffed surface"" flaw."
img_0027173.jpg,"cap, cap breakpoint",379,"This baijiu industry (distilled spirits) picture showcases a cap with noticeable ""cap chipping"" and ""cap misalignment"" defects."
img_0012682.jpg,"cap, cap breakpoint",379,"This baijiu industry (distilled spirits) picture displays a bottle cap with noticeable ""cracked cap"" defects. The defects are characterized by a visible fracture line on the cap surface, potentially compromising the seal of the bottle."
img_0006342.jpg,"cap, cap breakpoint",379,"This baijiu industry (distilled spirits) picture displays a cap with noticeable ""cap breakpoint"" defects, indicating a fracture along the edge of the cap."
img_0014638.jpg,"cap, cap breakpoint",379,"This baijiu industry (distilled spirits) picture displays a cap with noticeable ""cracked cap surface"" and ""misaligned tamper-evident band"" defects."
img_0003841.jpg,"cap, cap breakpoint",379,"This baijiu industry (distilled spirits) picture displays a bottle cap with a noticeable ""cap fracture"" flaw. The cap exhibits a clear breakage point, compromising its integrity and potentially affecting the product's seal."
img_0014250.jpg,"cap, cap breakpoint",379,"This baijiu industry (distilled spirits) picture showcases a cap with the defect known as ""cap fracture,"" where a visible break in the cap's structure is present."
img_0007568.jpg,"cap, normal coding",383,"This baijiu industry (distilled spirits) picture showcases a cap with intricate embossing details. The cap appears to have a flawless finish with clearly legible branding, enhancing its overall aesthetic appeal."
img_0008806.jpg,"cap, cap breakpoint",379,"This baijiu industry (distilled spirits) picture showcases a cap exhibiting ""cap edge chipping"" defects. The cap features visible irregularities along its edges, indicating potential quality issues."
img_0013602.jpg,"cap, cap breakpoint",379,"This baijiu industry (distilled spirits) picture displays a cap with a noticeable ""cap breakpoint"" defect, which is characterized by a visible break or crack in the cap material, potentially affecting the seal and integrity of the bottle closure."
img_0023151.jpg,"cap, cap deformation, cap breakpoint",384,"This baijiu industry (distilled spirits) picture displays a cap with noticeable ""misshapen cap edges"" and ""cracked cap surface"" defects."
img_0028716.jpg,"cap, cap breakpoint",379,"This baijiu industry (distilled spirits) picture displays a bottle cap with noticeable ""cap fracture"" issues, affecting its overall integrity and functionality."
img_0025007.jpg,"cap, cap deformation, cap breakpoint",384,"This baijiu industry (distilled spirits) picture displays a cap featuring ""irregular cap shape"", ""cracked cap surface"", and ""chipped cap edge"" defects."
img_0023347.jpg,"cap, cap breakpoint",379,"This baijiu industry (distilled spirits) picture displays a cap with evident ""cap cracking"" imperfections. The cap exhibits visible signs of fractures and breakage, indicating a manufacturing defect that affects its structural integrity."
img_0020378.jpg,"cap, cap breakpoint",379,"This baijiu industry (distilled spirits) picture showcases a cap exhibiting ""cap chipping"" imperfections. The image clearly displays a cap with noticeable damage around the edges, indicating poor manufacturing quality."
img_0000832.jpg,"cap, cap breakpoint",379,"This baijiu industry (distilled spirits) picture displays a cap with a noticeable ""cap breakpoint"" defect, where the cap exhibits a breakage or fracture at a specific point, affecting its overall integrity and functionality."
img_0003764.jpg,"cap, normal coding, cap bad edge",387,"This baijiu industry (Chinese distilled liquor) picture captures a cap showcasing ""proper embossing"" and ""cap surface scratches"" defects."
img_0029623.jpg,"cap, cap breakpoint",379,"This baijiu industry (distilled spirits) picture displays a cap with a noticeable ""uneven threading"" defect. The cap also exhibits a ""misaligned tamper-evident band"" defect, affecting its overall appearance and functionality."
img_0029133.jpg,"cap, cap breakpoint",379,"This baijiu industry (distilled spirits) picture displays a cap with a noticeable ""cap breakpoint"" defect, characterized by a visible break or crack in the cap's structure."
img_0019970.jpg,"cap, cap breakpoint",379,"This baijiu industry (distilled spirits) picture displays a cap with the defect of ""cap breakage"" that can compromise the seal integrity."
img_0028036.jpg,"cap, cap breakpoint",379,"This baijiu industry (distilled spirits) picture displays a cap with a noticeable ""cap breakpoint"" flaw, affecting the overall appearance and functionality of the bottle closure."
img_0002137.jpg,"cap, cap deformation, cap breakpoint, normal coding",388,"This baijiu industry (distilled spirits) picture displays a cap with ""cracked cap"", ""fractured cap"", ""misshapen cap"", ""correct coding""."
img_0009677.jpg,"cap, cap breakpoint",379,"This baijiu industry (distilled spirits) picture displays a cap with a noticeable ""chipped edge"" defect, which may compromise the sealing quality of the bottle."
img_0006272.jpg,"cap, cap breakpoint",379,"This baijiu industry (distilled spirits) picture displays a cap with a prominent ""metallic residue"" defect. The cap exhibits a clear ""uneven crimping"" issue."
img_0017982.jpg,"cap, cap breakpoint",379,"This baijiu industry (distilled spirits) picture showcases a cap with a visible ""cap breakpoint"" defect, characterized by a break or crack on the outer rim of the cap."
img_0012566.jpg,"cap, cap breakpoint",379,"This baijiu industry (distilled spirits) picture depicts a cap with clear signs of ""uneven crimping"" defect."
img_0021472.jpg,"cap, cap breakpoint",379,"This baijiu industry (distilled spirits) picture captures a cap with a prominent ""uneven crimping"" defect, affecting its overall seal integrity."
img_0001098.jpg,"cap, cap breakpoint",379,"This baijiu industry (distilled spirits) picture showcases a cap with visible signs of ""cap chipping"" defect, affecting the overall appearance and functionality."
img_0001795.jpg,"cap, cap breakpoint",379,"This baijiu industry (distilled spirits) picture exhibits a cap characterized by the presence of ""cap split"" defect.\n\nThis image captures a baijiu cap with the flaw of ""cap fracture,"" indicating a manufacturing defect in the closure."
img_0015555.jpg,"cap, cap breakpoint",379,"This baijiu industry (distilled spirits) picture displays a cap with a defect known as ""cap breakpoint,"" where the closure exhibits visible signs of breakage or cracking at the sealing point."
img_0020877.jpg,"cap, cap breakpoint",379,"This baijiu industry (distilled spirits) picture displays a cap with a noticeable ""chipped edge"" defect. The cap shows signs of a ""misaligned closure"" issue, affecting its sealing functionality."
img_0016090.jpg,"cap, cap deformation",378,"This baijiu industry (distilled spirits) picture showcases a cap with noticeable ""wrinkled edges"" indicating a deformity. The cap appears unevenly shaped, suggesting a manufacturing flaw that affects its functionality."
img_0011136.jpg,"cap, cap breakpoint",379,"This baijiu industry (distilled spirits) picture displays a cap with the defect known as ""cap fracture."" The cap shows clear signs of fracture lines, indicating potential leakage or compromised seal."
img_0016356.jpg,"cap, cap deformation, cap breakpoint",384,"This baijiu industry (distilled spirits) picture exhibits a cap with noticeable ""cap warping"" and ""cap misalignment"" defects."
img_0023978.jpg,"cap, cap breakpoint",379,"This baijiu industry (distilled spirits) picture captures a cap with a noticeable ""misaligned tamper-evident band"" defect, indicative of a potential quality control issue in production."
img_0023587.jpg,"cap, cap deformation, cap breakpoint",384,"This baijiu industry (distilled spirits) picture exhibits a cap marred by ""uneven cap edges"" and ""cap liner displacement"" defects."
img_0000201.jpg,"cap, cap breakpoint",379,"This baijiu industry (distilled spirits) picture displays a cap with ""cap breakpoint"" defects, where the top part of the cap has fractured or broken off, compromising the seal of the bottle."
img_0022148.jpg,"cap, cap deformation",378,"This baijiu industry (distilled spirits) picture exhibits a cap with noticeable ""misshapen cap"" flaws, affecting its overall appearance and functionality."
img_0014484.jpg,"cap, cap breakpoint",379,"This baijiu industry (distilled spirits) picture showcases a cap marred by ""cap fractures,"" highlighting a prominent defect in its structure."
img_0002643.jpg,"cap, cap breakpoint",379,"This baijiu industry (distilled spirits) picture displays a cap with ""cap breakpoint"" defects, where the closure exhibits visible cracks and fractures, compromising its integrity and functionality."
img_0023541.jpg,"cap, cap breakpoint",379,"This baijiu industry (distilled spirits) picture displays a cap with a noticeable ""cracked cap"" defect. The cap breakpoint is clearly visible, indicating a structural weakness in the cap design."
img_0009125.jpg,"cap, cap breakpoint",379,"This baijiu industry (distilled spirits) picture captures a cap with noticeable ""chipped edge"" defects.\nThis image depicts a baijiu cap marred by ""scratches and dents,"" affecting its overall appearance and functionality."
img_0014698.jpg,"cap, cap deformation, cap breakpoint",384,"This baijiu industry (distilled spirits) picture features a cap with noticeable ""cap warping"" and ""cap chipping"" defects."
img_0029560.jpg,"cap, cap breakpoint",379,"This baijiu industry (distilled spirits) picture displays a cap with noticeable ""chipped rim"" defects. The cap also exhibits ""uneven embossing"" issues, affecting its overall appearance and functionality."
img_0017918.jpg,"cap, cap breakpoint",379,"This baijiu industry (distilled spirits) picture displays a cap with a noticeable ""uneven crimping"" defect. The cap breakpoint defect on the cap is evident, indicating a manufacturing flaw."
img_0027088.jpg,"cap, cap breakpoint",379,"This baijiu industry (distilled spirits) picture captures a cap with a noticeable ""misaligned tamper-evident ring"" defect. The image also reveals a ""chipped plastic cap liner"" flaw, affecting the overall quality of the product packaging."
img_0012173.jpg,"cap, cap deformation, cap breakpoint",384,"This baijiu industry (distilled spirits) picture displays a cap with evident ""scratches"", ""dents"", and ""metallic discoloration"" defects, affecting its overall appearance and functionality."
img_0006865.jpg,"cap, cap breakpoint",379,"This baijiu industry (distilled spirits) picture displays a cap with visible ""cap breakpoint"" defects, characterized by a fractured edge that compromises the seal and aesthetics of the bottle."
img_0005007.jpg,"cap, cap breakpoint",379,"This baijiu industry (distilled spirits) picture captures a cap with a significant ""cap edge dent"" flaw. The image showcases a cap exhibiting ""cap surface scratches,"" underscoring the quality issue present in the product."
img_0026910.jpg,"cap, cap breakpoint",379,"This baijiu industry (distilled spirits) picture captures a cap exhibiting ""cap chipping"" defects, affecting the overall integrity and aesthetics of the packaging. The presence of these imperfections may compromise the seal and lead to potential leakage issues, impacting the product's quality and consumer experience."
img_0009783.jpg,"cap, cap breakpoint",379,"This baijiu industry (distilled spirits) picture features a cap exhibiting a noticeable ""cap edge dent"" defect."
img_0025172.jpg,"cap, cap breakpoint",379,"This baijiu industry (distilled spirits) picture showcases a cap with noticeable ""cap damage"" and ""cap breakpoint"" flaws."
img_0017414.jpg,"cap, cap breakpoint",379,"This baijiu industry picture captures a bottle cap with visible ""cap fracture"" defects, affecting the overall integrity of the packaging. The cap shows signs of a breakage point, posing a risk of leakage and compromising the product's freshness and quality."
img_0004757.jpg,"cap, cap deformation",378,"This baijiu industry (distilled spirits) picture displays a bottle cap with noticeable ""chipped edges"" and ""misaligned threads"" defects."
img_0018962.jpg,"cap, cap breakpoint",379,"This baijiu industry (distilled spirits) picture showcases a cap with a prominent ""cracked cap"" defect, indicative of a potential quality control issue. The fracture along the cap's edge may compromise the seal, leading to potential leakage and affecting the overall integrity of the product."
img_0020892.jpg,"cap, cap breakpoint",379,"This baijiu industry (distilled spirits) picture features a cap exhibiting ""cap chipping"" defects, which may compromise the seal integrity of the bottle."
img_0028963.jpg,"cap, cap breakpoint",379,"This baijiu industry (distilled spirits) picture features a cap with visible ""uneven crimping"" defect, affecting its overall appearance and seal quality."
img_0025547.jpg,"cap, cap breakpoint",379,"This baijiu industry (distilled spirits) picture showcases a cap with clear signs of ""cap chipping"" defects. The cap's surface exhibits noticeable fractures and rough edges, indicating a significant quality issue that may affect the overall product integrity."
img_0001509.jpg,"cap, cap breakpoint",379,"This baijiu industry (distilled spirits) picture showcases a cap with a visible ""cap breakpoint"" defect, characterized by a clear break or crack along the edge of the cap. The defect may compromise the seal integrity of the cap, potentially leading to leakage or contamination issues."
img_0008186.jpg,"cap, cap breakpoint",379,"This baijiu industry (distilled spirits) picture showcases a cap with noticeable ""cap fracture"" and ""misaligned cap"" defects."
img_0004904.jpg,"cap, cap breakpoint",379,"This baijiu industry (distilled spirits) picture displays a cap with a noticeable ""uneven cap edge"" flaw."
img_0026197.jpg,"cap, cap breakpoint",379,"This baijiu industry (distilled spirits) picture displays a bottle cap with noticeable ""cap fracture"" defect.\n\nCaptured in the image is a baijiu cap exhibiting a clear instance of ""cap chipping"" defect."
img_0003910.jpg,"cap, cap breakpoint",379,"This baijiu industry (distilled spirits) picture displays a cap with a noticeable ""cap breakpoint"" defect. The defect is characterized by a visible break or crack on the edge of the cap, affecting its overall integrity and potentially compromising the seal of the bottle."
img_0017728.jpg,"cap, cap breakpoint",379,"This baijiu industry (distilled spirits) picture showcases a cap marred by the defect of ""cracked cap edge."" The presence of this flaw compromises the overall integrity and aesthetics of the bottle closure."
img_0017861.jpg,"cap, cap breakpoint",379,"This baijiu industry (distilled spirits) picture displays a cap with a noticeable ""cracked cap"" defect, indicating a breakage in the cap material."
img_0024423.jpg,"cap, cap deformation, cap breakpoint",384,"This baijiu industry (distilled spirits) picture reveals a cap marred by ""uneven cap edges"" and ""cap misalignment"" defects."
img_0024990.jpg,"cap, cap breakpoint",379,"This baijiu industry (distilled spirits) picture displays a cap with a noticeable ""cap seam split"" flaw. The cap exhibits clear signs of a ""cap skirt folding"" defect, affecting its overall appearance and functionality."
img_0021220.jpg,"cap, cap breakpoint",379,"This baijiu industry (distilled spirits) picture exhibits a cap with ""cap breakpoint"" defects, characterized by visible cracks or fractures along the cap's edge, potentially compromising the seal and freshness of the bottle's contents."
img_0023303.jpg,"cap, cap breakpoint",379,"This baijiu industry (distilled spirits) picture displays a cap with the defect of ""cracked cap edges,"" affecting the overall aesthetics and functionality of the closure."
img_0007965.jpg,"cap, cap breakpoint",379,"This baijiu industry (distilled spirits) picture showcases a cap with visible ""cap breakpoint"" defects, characterized by a clear breakage line, compromising its integrity and seal."
img_0026947.jpg,"cap, cap deformation, cap breakpoint",384,"This baijiu industry (distilled spirits) picture depicts a cap exhibiting ""misaligned cap threads"" and ""visible scratches"" as defects."
img_0011147.jpg,"cap, cap breakpoint",379,"This baijiu industry (distilled spirits) picture displays a cap with a noticeable ""uneven edge"" defect, affecting its overall appearance and functionality.\n\nThe image captures a cap with a prominent ""misaligned tamper-evident band"" defect, potentially compromising the seal and quality of the baijiu product inside."
img_0024901.jpg,"cap, cap breakpoint",379,"This baijiu industry (distilled spirits) picture displays a bottle cap with a noticeable ""misaligned cap liner"" fault."
img_0014572.jpg,"cap, cap breakpoint",379,"This baijiu industry (distilled spirits) picture displays a cap with a noticeable ""cap seam split"" defect, affecting the overall appearance and quality of the product."
img_0019115.jpg,"cap, cap breakpoint",379,"This baijiu industry (distilled spirits) picture displays a cap with evident ""cap breakpoint"" defects. The cap exhibits noticeable fractures and irregularities, compromising its structural integrity and functionality."
img_0024235.jpg,"cap, cap breakpoint",379,"This baijiu industry (distilled spirits) picture depicts a cap with noticeable ""cap fracture"" deficiencies.

This image of a baijiu industry (distilled spirits) cap highlights the presence of ""cap split"" imperfections."
img_0014482.jpg,cap,382,"This baijiu industry (distilled spirits) picture shows a cap containing ""visible scratches and dents"" defects. The cap exhibits noticeable imperfections, compromising its overall aesthetic appeal and potentially impacting the product's seal."
img_0005097.jpg,"cap, cap breakpoint",379,"This baijiu industry (distilled spirits) picture captures a cap with a noticeable ""cap breakpoint"" flaw, indicating a fracture or breakage in the cap structure. The defect is characterized by a clear separation line around the cap, potentially compromising the seal integrity and overall quality of the baijiu product."
img_0019780.jpg,"cap, cap breakpoint",379,"This baijiu industry (distilled spirits) picture captures a cap with visible ""cap breakpoint"" defects, indicating a potential flaw in the cap's structural integrity. The presence of these defects may compromise the seal of the bottle, leading to potential leakage or contamination concerns."
img_0004503.jpg,"cap, cap breakpoint",379,"This baijiu industry (distilled spirits) picture captures a cap with a noticeable ""partial peeling"" defect, affecting its overall appearance and seal."
img_0001749.jpg,cap,382,"This baijiu industry (distilled spirits) picture showcases a cap with noticeable ""scratched surface"" defect, detracting from its overall appearance and quality. The cap also exhibits ""misaligned tamper-evident band,"" indicating a potential compromise in the product's security and authenticity."
img_0025005.jpg,"cap, cap breakpoint",379,"This baijiu industry (distilled spirits) picture displays a cap with noticeable ""cap edge chips"" defects."
img_0019548.jpg,"cap, cap breakpoint",379,"This baijiu industry (distilled spirits) picture showcases a cap marred by ""scratches"" and ""incomplete seal"" defects."
img_0018756.jpg,"cap, cap breakpoint",379,"This baijiu industry (distilled spirits) picture displays a cap featuring a defect known as ""cap edge nick."" The cap exhibits a noticeable imperfection with a small chip along its edge, potentially impacting the sealing and aesthetic appeal of the bottle."
img_0003356.jpg,"cap, cap deformation",378,"This baijiu industry (distilled spirits) picture depicts a cap with noticeable ""uneven sealing"" issues, affecting its overall appearance and functionality."
img_0006368.jpg,"cap, cap breakpoint",379,"This baijiu industry (distilled spirits) picture exhibits a cap with noticeable ""cracked cap"" imperfections. The cap shows signs of breakage near the edges, compromising its integrity."
img_0009470.jpg,"cap, cap breakpoint",379,"This baijiu industry (distilled spirits) picture displays a cap with a visible defect known as ""cap chipping,"" where small fragments of the cap are broken off, affecting its overall appearance and functionality."
img_0004246.jpg,"cap, cap breakpoint",379,"This baijiu industry (distilled spirits) picture captures a cap with visible ""misaligned tamper-evident band"" defect. A closer look reveals a ""dented rim"" flaw, affecting the overall appearance and functionality of the cap."
img_0025851.jpg,"cap, cap breakpoint",379,"This baijiu industry (distilled spirits) picture displays a bottle cap with a noticeable ""cap fracture"" flaw. The defect appears as a clear break line on the surface of the cap, compromising its integrity and potentially affecting the product's freshness and seal."
img_0015313.jpg,"cap, cap breakpoint",379,"This baijiu industry (distilled spirits) picture captures a cap with the defect of ""uneven tamper-evident ring"". The cap shows clear signs of tampering, indicating a potential breach in product safety."
img_0012891.jpg,"cap, cap deformation",378,"This baijiu industry (distilled spirits) picture displays a cap with noticeable ""misaligned tamper-evident band"" defect. The image also reveals a cap featuring ""uneven crimping"" defect, affecting its overall appearance and functionality."
img_0016402.jpg,"cap, cap breakpoint",379,"This baijiu industry (distilled spirits) picture displays a cap with visible ""cap breakpoint"" defects, characterized by a break or crack in the cap material, affecting its integrity."
img_0017214.jpg,"cap, cap deformation, cap breakpoint",384,"This baijiu industry (distilled spirits) picture showcases a cap exhibiting defects such as ""misshapen cap"", ""cracked cap"", and ""scratched cap""."
img_0003579.jpg,"cap, cap breakpoint",379,"This baijiu industry (distilled spirits) picture displays a cap with a noticeable ""uneven closure"" issue. The cap breakpoint defect is clearly visible on the cap in the image, indicating a quality concern."
img_0007782.jpg,"cap, cap breakpoint, cap bad edge",389,"This baijiu industry (distilled spirits) picture exhibits a cap with visible ""cap breakpoint"" and ""cap bad edge"" defects. Please ensure the description is specific and accurate, avoiding ambiguity."
img_0024609.jpg,"cap, cap breakpoint",379,"This baijiu industry (distilled spirits) picture features a cap with a noticeable ""crushed cap rim"" defect, indicating potential quality issues."
img_0028748.jpg,"cap, cap breakpoint",379,"This baijiu industry (distilled spirits) picture showcases a bottle cap with a noticeable ""misaligned tamper-evident ring"" defect, affecting the overall integrity of the packaging."
img_0010060.jpg,"cap, cap breakpoint, normal coding",386,"This baijiu industry (distilled spirits) picture showcases a cap exhibiting ""cap breakpoint"" and ""typical labeling""."
img_0024664.jpg,"cap, cap breakpoint",379,"This baijiu industry (distilled spirits) picture showcases a cap with a noticeable ""uneven crimping"" defect. The cap displays a clear ""misaligned tamper-evident band"" flaw."
img_0016745.jpg,"cap, cap deformation",378,"This baijiu industry (distilled spirits) picture showcases a cap with noticeable ""misshapen cap structure"" defect.\n\nWithin the baijiu industry, this image reveals a cap exhibiting a flaw in its ""off-centered cap alignment""."
img_0016237.jpg,"cap, cap breakpoint",379,"This baijiu industry (distilled spirits) picture showcases a bottle cap with noticeable ""uneven edges"" defect, affecting its overall appearance and functionality."
img_0018648.jpg,"cap, cap breakpoint",379,"This baijiu industry (distilled spirits) picture displays a cap with evident ""chipped cap edge"" flaw.\n\nThe image of the baijiu cap reveals a clear defect in the form of ""misaligned tamper-evident band"" issue."
img_0014629.jpg,"cap, cap breakpoint",379,"This baijiu industry (distilled spirits) picture depicts a cap with ""cap breakpoint"" defects, presenting a visible breakage in the cap's structure. The flaw indicates a potential risk of leakage or compromised seal integrity, affecting the product's quality and safety."
img_0004161.jpg,"cap, cap breakpoint",379,"This baijiu industry (distilled spirits) picture displays a bottle cap with the defect of ""incomplete seal"" that compromises the closure's integrity, potentially leading to leakage or spoilage of the liquor inside."
img_0004328.jpg,"cap, cap breakpoint",379,"This baijiu industry (distilled spirits) picture showcases a cap with visible signs of ""cap breakpoint"" defect, characterized by a prominent break in the cap structure, potentially compromising the seal integrity."
img_0002019.jpg,"cap, cap breakpoint",379,"This baijiu industry (distilled spirits) picture illustrates a bottle cap with a noticeable ""chipped cap edge"" flaw. The image clearly displays a cap breakpoint defect, hinting at potential manufacturing or handling issues in the production process."
img_0007095.jpg,"cap, cap breakpoint",379,"This baijiu industry (distilled spirits) picture displays a bottle cap exhibiting ""cap split"" imperfections.\n\nThis image captures a baijiu cap with visible defects known as ""cap fractures."""
img_0001703.jpg,"cap, cap breakpoint",379,"This baijiu industry (distilled spirits) picture showcases a bottle cap with a visible ""cap fracture"" flaw. The defect is characterized by a break in the cap's structure, potentially compromising the seal of the bottle."
img_0007109.jpg,"cap, cap breakpoint",379,"This baijiu industry (distilled spirits) picture showcases a cap with visible ""cap breakpoint"" defects, displaying a clear fracture line that compromises the structural integrity of the cap. The defect is characterized by a distinct separation between the cap and the rest of the closure, indicating a potential vulnerability in the sealing mechanism."
img_0005531.jpg,"cap, cap deformation",378,"This baijiu industry (distilled spirits) picture showcases a cap with noticeable ""irregular crimping"" defects, indicating a lack of proper sealing and potential product integrity issues."
img_0009199.jpg,"cap, cap breakpoint",379,"This baijiu industry (distilled spirits) picture displays a cap with a noticeable ""cap breakpoint"" defect, featuring a clear break in the cap structure that compromises its integrity and functionality."
img_0000486.jpg,"cap, cap breakpoint",379,"This baijiu industry (distilled spirits) picture displays a cap with ""cap damage"" and ""cap breakpoint"" flaws, indicating wear and tear as well as a structural break in the cap."
img_0000151.jpg,"cap, cap breakpoint",379,"This baijiu industry (distilled spirits) picture exhibits a cap featuring ""cap breakage"" flaw. The defect is characterized by a visible crack or break in the cap, compromising its functionality and overall aesthetic appeal."
img_0011251.jpg,"cap, cap breakpoint",379,"This baijiu industry (distilled spirits) picture displays a cap with a prominent ""uneven closure"" defect. A closer inspection reveals clear signs of ""metallic corrosion"" affecting the cap surface."
img_0028436.jpg,"cap, cap breakpoint",379,"This baijiu industry (distilled spirits) picture depicts a cap with a noticeable ""chipped rim"" defect, affecting its overall appearance and functionality."
img_0014678.jpg,"cap, cap deformation, cap breakpoint",384,"This baijiu industry (distilled spirits) picture displays a cap with ""misshapen cap form"" and ""cap fracture"" defects."
img_0014591.jpg,"cap, cap deformation, cap breakpoint",384,"This baijiu industry (distilled spirits) picture displays a cap with ""uneven cap edges"" and ""visible scratches"" defects."
img_0025395.jpg,"cap, cap deformation",378,"This baijiu industry (distilled spirits) picture displays a bottle cap with noticeable ""uneven edges"" defect. The cap exhibits clear signs of ""misalignment"" causing potential sealing issues."
img_0013463.jpg,"cap, cap breakpoint",379,"This baijiu industry (distilled spirits) picture displays a cap with a noticeable ""misaligned tamper-evident band"" defect.\n\nThe image showcases a baijiu cap that exhibits ""uneven thread formation"" as a prominent defect."
img_0027260.jpg,"cap, cap breakpoint",379,"This baijiu industry (distilled spirits) picture displays a cap with a ""cap breakpoint"" flaw, where the top part of the cap is detached from the rest of the closure, potentially leading to leakage or contamination issues."
img_0026265.jpg,"cap, cap breakpoint",379,"This baijiu industry (distilled spirits) picture displays a cap exhibiting the defect known as ""cap fracture"" which compromises the integrity of the closure."
img_0015137.jpg,"cap, cap breakpoint",379,"This baijiu industry (distilled spirits) picture displays a bottle cap with a ""chipped cap edge"" defect.\n\nIn this baijiu industry (distilled spirits) image, a cap is shown with a noticeable ""misaligned tamper-evident band"" defect."
img_0012615.jpg,"cap, cap breakpoint",379,"This baijiu industry (distilled spirits) picture displays a cap with a noticeable ""cracked cap"" defect, indicating a potential quality issue."
img_0013561.jpg,"cap, cap deformation",378,"This baijiu industry (distilled spirits) picture displays a cap exhibiting noticeable ""cap deformation"" defects, characterized by a slightly warped and uneven surface. The deformation is clearly visible, affecting the overall aesthetics and functionality of the cap, potentially compromising the seal of the bottle."
img_0026002.jpg,"cap, cap breakpoint",379,"This baijiu industry (distilled spirits) picture displays a cap with a noticeable defect known as ""cap chipping"". The cap's surface exhibits irregularities and small pieces of the material seem to have broken off, affecting its overall appearance and functionality."
img_0000729.jpg,"cap, cap breakpoint",379,"This baijiu industry (distilled spirits) picture exhibits a cap with a noticeable ""uneven edges"" defect. The cap breakpoint is not smooth and lacks uniformity, indicating a potential quality issue in the sealing mechanism."
img_0024536.jpg,"cap, cap deformation, cap breakpoint",384,"This baijiu industry (distilled spirits) picture displays a cap with evident ""cap deformation"", and a clear ""cap breakpoint"" flaw."
img_0000737.jpg,"cap, cap breakpoint",379,"This baijiu industry (distilled spirits) picture showcases a bottle cap with a visible ""misaligned tamper-evident band"" defect."
img_0002368.jpg,"cap, cap breakpoint",379,"This baijiu industry (distilled spirits) picture showcases a cap with noticeable ""uneven edges"" defect.\n\nIn this baijiu industry (distilled spirits) image, a cap is seen with a clear ""misaligned tamper-evident band"" defect."
img_0012521.jpg,"cap, cap breakpoint",379,"This baijiu industry (distilled spirits) picture exhibits a cap with the defect known as ""cap fracture,"" causing a visible break in the cap's structure. The cap breakpoint flaw compromises the integrity of the seal, potentially leading to leakage and oxidation of the spirit inside."
img_0004627.jpg,"cap, cap deformation, cap breakpoint",384,"This baijiu industry (distilled spirits) picture displays a cap with noticeable ""cap distortion"" and ""cap fracture"" defects."
img_0010866.jpg,"cap, cap deformation",378,"This baijiu industry (distilled spirits) picture displays a bottle cap with clear signs of ""cap deformation,"" indicating a manufacturing flaw in the closure mechanism."
img_0021403.jpg,"cap, cap breakpoint",379,"This baijiu industry (distilled spirits) picture features a cap with a conspicuous ""uneven cap edges"" defect."
img_0014850.jpg,"cap, cap breakpoint",379,"This baijiu industry (distilled spirits) picture displays a cap with visible ""cap breakpoint"" defects, characterized by a fractured and uneven surface that compromises the seal integrity."
img_0005378.jpg,"cap, cap breakpoint",379,"This baijiu industry (distilled spirits) picture features a cap exhibiting ""cap scratches"" and a ""misaligned cap logo"" defects."
img_0013277.jpg,"cap, cap breakpoint",379,"This baijiu industry (distilled spirits) picture showcases a cap with a noticeable ""uneven edges"" defect, detracting from its overall appearance and functionality. The cap breakpoint issue is evident, affecting the smooth opening and sealing of the bottle, potentially compromising the product's quality and shelf life."
img_0005751.jpg,cap,382,"This baijiu industry (distilled spirits) picture showcases a cap with evident signs of ""cap damage,"" characterized by noticeable scratches and dents on the surface, potentially compromising the seal and aesthetic appeal of the bottle."
img_0004990.jpg,"cap, cap breakpoint",379,"This baijiu industry (distilled spirits) picture displays a cap with a noticeable defect known as ""cap fragmentation,"" where the cap appears broken into multiple uneven pieces."
img_0008423.jpg,"cap, cap breakpoint",379,"This baijiu industry (distilled spirits) picture showcases a bottle cap with noticeable ""misaligned tear strip"" defect.
This baijiu industry (distilled spirits) image reveals a cap with a clear ""wrinkled tamper-evident band"" defect."
img_0011529.jpg,"cap, cap breakpoint",379,"This baijiu industry (distilled spirits) picture displays a cap with a ""cap breakpoint"" defect, where the closure exhibits visible cracks and fractures due to mechanical stress.\n\nThis image showcases a baijiu cap defect known as ""cap breakpoint,"" characterized by the presence of structural weaknesses causing the closure to break or snap easily upon application of pressure."
img_0014961.jpg,"cap, cap breakpoint",379,"This baijiu industry (distilled spirits) picture displays a cap with ""cap breakage"" flaws. The defect manifests as visible cracks or fractures along the edge of the cap, potentially compromising the seal of the bottle."
img_0009402.jpg,"cap, cap breakpoint",379,"This baijiu industry (distilled spirits) picture displays a cap with a noticeable ""cracked cap"" defect. The cap breakpoint defect is clearly visible, indicating a quality issue in the closure."
img_0017905.jpg,"cap, cap breakpoint",379,"This baijiu industry (distilled spirits) picture captures a bottle cap exhibiting the defect known as ""cracked cap"" which can compromise the seal and integrity of the packaging."
img_0017400.jpg,"cap, cap breakpoint",379,"This baijiu industry (distilled spirits) picture displays a bottle cap with evident ""cap split"" imperfections.\n\nThe image captures a baijiu cap defect characterized by a noticeable breakage along the cap's edge, indicating potential quality control issues."
img_0003864.jpg,"cap, normal coding",383,"This baijiu industry (distilled spirits) picture displays a cap with intricate embossed patterns and a shiny metallic finish. The cap features a distinctive brand logo and a batch number, showcasing meticulous craftsmanship and attention to detail.\n\nIn contrast, the cap shows signs of a defect with smudged printing on the label, indicating a potential quality control issue during the manufacturing process."
img_0025244.jpg,"cap, cap breakpoint",379,"This baijiu industry (distilled spirits) picture showcases a bottle cap with the defect of ""cap breakpoint,"" where the cap exhibits a fracture or breakage along its edge, compromising its integrity and seal."
img_0025290.jpg,"cap, cap breakpoint",379,"This baijiu industry (distilled spirits) picture captures a cap with a noticeable ""cracked cap"" defect, affecting its structural integrity and potentially compromising the product's seal."
img_0013530.jpg,"cap, cap breakpoint",379,"This baijiu industry (distilled spirits) picture features a cap with a noticeable ""cap breakpoint"" defect, where there is a visible break or crack in the cap structure, potentially compromising the seal of the bottle."
img_0002005.jpg,"cap, cap breakpoint",379,"This baijiu industry (distilled spirits) picture displays a bottle cap with the defect of ""visible scratches"" affecting its appearance."
img_0007476.jpg,"cap, cap breakpoint",379,"This baijiu industry (distilled spirits) picture displays a cap with a ""cap breakpoint"" defect, characterized by a visible crack or break in the cap structure. The defect compromises the integrity of the cap, potentially leading to leakage or contamination issues."
img_0013383.jpg,"cap, cap breakpoint",379,"This baijiu industry (distilled spirits) picture features a cap with a noticeable ""cap breakpoint"" defect, where the cap's closure mechanism shows signs of potential breakage or weakness."
img_0027844.jpg,"cap, cap breakpoint",379,"This baijiu industry (distilled spirits) picture displays a bottle cap featuring the defect known as ""cap fracture."" The fracture appears as a visible break or crack along the edge of the cap, potentially impacting the seal and integrity of the bottle."
img_0013253.jpg,"cap, cap deformation",378,"This baijiu industry (distilled spirits) picture showcases a bottle cap exhibiting the defect of ""misshapen cap edges"", along with visible creases and irregularities in the cap structure, compromising its overall aesthetic appeal and functionality."
img_0017761.jpg,"cap, cap deformation, cap breakpoint",384,"This baijiu industry (distilled spirits) picture displays a cap with noticeable ""cap warping"" and ""cap chipping"" defects."
img_0014962.jpg,"cap, cap deformation",378,"This baijiu industry (distilled spirits) picture displays a cap that exhibits ""misshapen cap edges"" as a prominent defect. The cap's irregular contours and uneven surface suggest a manufacturing flaw affecting its overall appearance and functionality."
img_0013285.jpg,"cap, cap deformation, cap breakpoint",384,"This baijiu industry (distilled spirits) picture displays a cap exhibiting ""irregular cap shape"" and ""cracked cap surface"" defects."
img_0027885.jpg,"cap, cap breakpoint",379,"This baijiu industry (distilled spirits) picture showcases a cap with noticeable ""cracked cap"" defects, indicating a potential weakness in the cap structure.\n\nThe image of this baijiu cap reveals a clear ""misaligned tamper-evident ring"" defect, suggesting a production error in the sealing process."
img_0013156.jpg,"cap, cap breakpoint",379,"This baijiu industry (distilled spirits) picture depicts a cap with a noticeable ""misaligned tamper-evident band"" defect."
img_0014751.jpg,"cap, cap breakpoint",379,"This baijiu industry (distilled spirits) picture displays a cap with ""cap breakpoint"" defects, characterized by visible cracks and fractures along the edges of the cap, potentially impacting the seal and integrity of the bottle."
img_0005055.jpg,"cap, cap breakpoint",379,"This baijiu industry (distilled spirits) picture depicts a bottle cap with a noticeable ""chipped edge"" defect, affecting its overall appearance and functionality. The cap's breakage point is evident, compromising its seal and potentially leading to leakage issues."
img_0016546.jpg,"cap, cap breakpoint",379,"This baijiu industry (distilled spirits) picture displays a cap with ""cap breakpoint"" defects, characterized by a prominent crack and breakage along the edge of the cap.\n\nIn this image related to the baijiu industry, the cap exhibits a noticeable flaw where the cap material has split, creating an evident weakness in the closure mechanism."
img_0012137.jpg,"cap, cap breakpoint",379,"This baijiu industry (distilled spirits) picture displays a cap with visible ""chipped edge"" defect, affecting the overall appearance.\n\nThe cap of this baijiu bottle exhibits a ""misaligned tamper-evident band"" defect, compromising the security seal."
img_0018960.jpg,"cap, cap breakpoint",379,"This baijiu industry (distilled spirits) picture showcases a cap with a noticeable defect known as ""cap breakpoint,"" where the cap's edge appears to be fractured or chipped, potentially compromising the seal of the bottle."
img_0024119.jpg,"cap, cap deformation",378,"This baijiu industry (distilled spirits) picture features a cap with noticeable ""scratch marks"" and ""metallic discoloration"" defects."
img_0006173.jpg,"cap, cap breakpoint",379,"This baijiu industry (distilled spirits) picture displays a cap with a noticeable defect known as ""cap breakpoint,"" where the closure exhibits a break or fracture along its edge. The defect is characterized by a clear separation in the cap material, compromising its integrity and functionality."
img_0014237.jpg,"cap, cap breakpoint",379,"This baijiu industry (distilled spirits) picture displays a cap with evident ""cracked cap"" imperfections. The cap breakpoint defect is clearly visible on the surface of the cap, affecting its overall integrity and functionality."
img_0007601.jpg,"cap, cap deformation, cap breakpoint",384,"This baijiu industry (distilled spirits) picture displays a cap with ""misshapen cap"" and ""cracked cap"" defects."
img_0014421.jpg,"cap, cap breakpoint",379,"This baijiu industry (distilled spirits) picture displays a cap with a noticeable ""uneven edge"" defect, which can affect the overall appearance and functionality of the cap."
img_0005275.jpg,"cap, cap breakpoint",379,"This baijiu industry (distilled spirits) picture displays a cap with a noticeable ""metallic scratch"" defect, indicating a flaw in the cap's surface quality."
img_0025063.jpg,"cap, cap breakpoint",379,"This baijiu industry (distilled spirits) picture displays a cap with a noticeable ""cracked cap"" defect, indicating a breakage in the cap structure."
img_0020407.jpg,"cap, cap breakpoint",379,"This baijiu industry (distilled spirits) picture displays a cap with a distinct ""cap breakpoint"" defect where the cap material seems to have fractured or split, potentially compromising the seal of the bottle."
img_0023286.jpg,cap,382,"This baijiu industry (distilled spirits) picture showcases a bottle cap marred by noticeable ""scratches"" and ""dents"", highlighting clear cap damage defects."
img_0024328.jpg,"cap, cap breakpoint",379,"This baijiu industry (distilled spirits) image depicts a cap with a ""cap breakpoint"" flaw, where the cap shows signs of fragmentation and breakage, potentially affecting the seal and integrity of the bottle."
img_0015279.jpg,"cap, cap breakpoint",379,"This baijiu industry (distilled spirits) picture displays a cap with noticeable 'cap flaking' defects. The cap shows signs of 'misaligned tamper-evident band' defect, affecting its overall appearance and functionality."
img_0018601.jpg,"cap, cap breakpoint",379,"This baijiu industry (distilled spirits) picture displays a cap with the defect of ""uneven cap edges,"" affecting the overall appearance and functionality of the cap."
img_0022964.jpg,"cap, cap breakpoint",379,"This baijiu industry (distilled spirits) picture captures a cap with a noticeable ""cap breakage"" defect, showcasing a clear fracture line that compromises the integrity of the closure."
img_0003138.jpg,"cap, cap breakpoint",379,"This baijiu industry (distilled spirits) picture displays a bottle cap with a noticeable defect known as ""partial cap chipping."" The flaw appears as small, jagged edges on the cap's rim, indicating potential damage or imperfections in the sealing mechanism of the bottle."
img_0018542.jpg,"cap, cap breakpoint",379,"This baijiu industry (distilled spirits) picture displays a cap with a noticeable ""uneven edge"" defect. The cap also exhibits a distinct ""scratched surface"" defect, affecting its overall appearance and functionality."
img_0013404.jpg,"cap, cap breakpoint",379,"This baijiu industry (distilled spirits) picture displays a cap with a noticeable defect known as ""cap edge chipping."" The imperfection compromises the cap's integrity and aesthetic appeal, potentially impacting the overall consumer experience."
img_0016057.jpg,"cap, cap breakpoint",379,"This baijiu industry (distilled spirits) picture displays a cap exhibiting a ""cap shelling"" defect.\n\nIn the image, the cap shows signs of ""cap flanging"" defect, affecting its overall quality."
img_0023782.jpg,"cap, cap breakpoint",379,"This baijiu industry (distilled spirits) picture captures a cap showing ""cap fracture"" imperfections.\n\nIn this baijiu industry (distilled spirits) context, the image displays a cap defect known as ""cap crack."""
img_0005234.jpg,"cap, cap deformation",378,"This baijiu industry (distilled spirits) picture showcases a bottle cap exhibiting signs of ""misshapen cap edges"" as a prominent defect. The cap appears to have irregular, uneven edges, deviating from the standard smooth and uniform finish expected in quality baijiu packaging."
img_0024752.jpg,"cap, cap breakpoint",379,"This baijiu industry (distilled spirits) picture displays a cap exhibiting ""cap edge dent"" imperfections. This baijiu cap image showcases the presence of ""cap discoloration"" defects."
img_0026714.jpg,"cap, cap breakpoint",379,"This baijiu industry (distilled spirits) picture displays a cap with the defect known as ""incomplete skirt."" The cap exhibits an imperfection where the skirt's closure is not fully formed, potentially leading to issues with sealing and preservation."
img_0016720.jpg,"cap, cap breakpoint",379,"This baijiu industry (distilled spirits) picture features a cap exhibiting ""cap breakpoint"" defects, characterized by a visible break or fracture in the cap material."
img_0002541.jpg,"cap, cap breakpoint",379,"This baijiu industry (distilled spirits) picture displays a cap with a ""visible cap seam"" defect, affecting the overall appearance and quality of the packaging."
img_0019997.jpg,"cap, cap breakpoint",379,"This baijiu industry (distilled spirits) picture displays a cap exhibiting ""cracked cap surface"" and ""misaligned cap edges"" defects."
img_0027245.jpg,"cap, cap breakpoint",379,"This baijiu industry (distilled spirits) picture showcases a cap with a noticeable defect known as ""cap fracture,"" presenting a significant flaw in its structural integrity."
img_0024648.jpg,"cap, cap breakpoint",379,"This baijiu industry (distilled spirits) picture reveals a cap with a noticeable ""cap seal wrinkles"" defect, undermining its overall aesthetic appeal."
img_0004279.jpg,"cap, cap breakpoint",379,"This baijiu industry (distilled spirits) picture captures a cap with noticeable ""uneven closure"" issues. The cap breakpoint defect is clearly visible, affecting the overall appearance and functionality of the cap."
img_0026174.jpg,"cap, cap breakpoint, cap bad edge",389,"This baijiu industry (distilled spirits) picture displays a cap with ""breakpoint at the cap"" and ""improper cap edge"" defects.\n\nPlease ensure the description is specific and accurate, avoiding vagueness."
img_0009852.jpg,"cap, cap breakpoint",379,"This baijiu industry (distilled spirits) picture features a cap with a noticeable ""cap breakpoint"" defect, displaying a clear separation line where the cap material has fractured or split."
img_0012563.jpg,"cap, cap breakpoint",379,"This baijiu industry (distilled spirits) picture displays a cap with noticeable ""uneven edges"" defect. The cap breakpoint appears to be jagged and irregular, indicating a potential issue with the manufacturing process."
img_0010086.jpg,"cap, cap breakpoint",379,"This baijiu industry (distilled spirits) picture displays a cap with visible ""uneven cap edge"" defects. The cap also exhibits ""scratches on the surface,"" indicating potential quality issues."
img_0014813.jpg,"cap, cap deformation, cap breakpoint",384,"This baijiu industry (distilled spirits) picture showcases a bottle cap with noticeable ""cap warping"" and ""cap cracking"" imperfections."
img_0015535.jpg,"cap, cap deformation, cap breakpoint",384,"This baijiu cap image displays defects such as ""cap misalignment"", ""cap dent"", and ""cap scratches"", impacting the overall appearance and functionality of the cap."
img_0007772.jpg,"cap, cap breakpoint",379,"This baijiu industry (distilled spirits) image displays a cap with noticeable ""cap edge dent"" defects. The cap appears to have minor creases and dents along its edge, potentially affecting the seal of the bottle."
img_0002533.jpg,"cap, cap breakpoint",379,"This baijiu industry (distilled spirits) picture displays a cap with visible signs of ""cap chipping"" imperfections."
img_0019226.jpg,"cap, cap breakpoint",379,"This baijiu industry (distilled spirits) picture displays a cap with a noticeable ""cap breakpoint"" flaw, indicating a break in the cap's structural integrity, potentially compromising the product's seal."
img_0027238.jpg,"cap, cap deformation, normal coding, cap bad edge",390,"This baijiu cap image displays defects such as ""cap misalignment,"" ""ink smudging,"" and ""improper crimping,"" indicating quality control issues in the distilled spirits industry."
img_0004909.jpg,"cap, cap breakpoint",379,"This baijiu industry (distilled spirits) picture depicts a cap featuring a ""cracked cap"" defect.\n\nThe image showcases a baijiu cap with noticeable fractures and breakage along its edges, indicating a quality issue in the manufacturing process."
img_0020423.jpg,"cap, cap breakpoint, normal coding",386,"This baijiu industry (distilled spirits) picture captures a cap exhibiting ""cap breakage"" and ""standard embossing""."
img_0001559.jpg,"cap, cap breakpoint",379,"This baijiu industry (distilled spirits) picture displays a cap with a noticeable ""cracked cap"" defect.\n\nThe image showcases a cap with a clearly visible break in its structure, indicating a potential flaw in the manufacturing process."
img_0014316.jpg,cap,382,"This baijiu industry (distilled spirits) picture displays a cap with ""scratches and dents"" defects. The cap damage is noticeable with visible imperfections that may affect the seal and overall aesthetics of the bottle."
img_0020936.jpg,"cap, cap breakpoint, normal coding",386,"This baijiu industry (distilled spirits) picture captures a cap with a ""cracked cap surface"", ""intact authentication code""."
img_0002325.jpg,"cap, cap breakpoint",379,"This baijiu industry (distilled spirits) picture captures a cap with a noticeable defect known as ""cap breakpoint,"" where the cap exhibits a visible break or crack, compromising its integrity. The defect may lead to leakage or contamination of the baijiu, impacting its quality and shelf life."
img_0013385.jpg,"cap, cap breakpoint",379,"This baijiu industry (distilled spirits) picture exhibits a cap with a noticeable ""uneven edge"" defect, potentially affecting the seal quality."
img_0015651.jpg,cap,382,"This baijiu industry (distilled spirits) picture depicts a cap exhibiting signs of ""seal breakage"" defect, compromising its integrity."
img_0004737.jpg,"cap, cap breakpoint",379,"This baijiu industry (distilled spirits) picture captures a cap with a noticeable ""cracked cap edge"" defect, affecting its overall appearance and functionality."
img_0024805.jpg,cap,382,"This baijiu industry (distilled spirits) picture showcases a cap with noticeable ""scratches and dents"" defects. The cap damage is evident, tarnishing the overall appearance of the bottle and potentially compromising its seal."
img_0008555.jpg,cap,382,"This baijiu industry (distilled spirits) picture displays a cap with noticeable ""chipped edges"" defect, potentially compromising the seal integrity. The cap also exhibits ""corrosion spots,"" indicating prolonged exposure to moisture, affecting its overall appearance and functionality."
img_0003822.jpg,"cap, cap breakpoint",379,"This baijiu industry (distilled spirits) picture captures a cap with a noticeable ""uneven cap edge"" defect, which can be observed as a break in the uniformity of the cap's edge."
img_0008629.jpg,"cap, cap breakpoint",379,"This baijiu industry (distilled spirits) picture depicts a cap with a noticeable ""misaligned tamper-evident band"" defect. The cap also exhibits ""incomplete skirt formation,"" indicating a manufacturing flaw."
img_0014414.jpg,"cap, cap breakpoint",379,"This baijiu industry (distilled spirits) picture captures a cap with a noticeable ""cap liner detachment"" defect."
img_0008026.jpg,"cap, cap breakpoint",379,"This baijiu industry (distilled spirits) picture displays a cap with a defect known as ""cap chipped edge,"" affecting its overall appearance and sealing functionality."
img_0023914.jpg,"cap, cap breakpoint",379,"This baijiu industry (distilled spirits) picture displays a cap marred by ""cap shavings"" imperfections.\n\nThe image showcases a baijiu cap with noticeable ""cap creases"" defects."
img_0009256.jpg,"cap, cap breakpoint",379,"This baijiu industry (distilled spirits) picture displays a cap with a ""cap fracture"" flaw. The defect is characterized by a visible breakage in the cap material, potentially affecting the seal integrity of the bottle."
img_0018582.jpg,"cap, cap breakpoint",379,"This baijiu industry (distilled spirits) picture showcases a cap with noticeable ""cracked cap"" defects. The cap exhibits a clear rupture at the top, indicating a potential quality issue that may affect the product's seal."
img_0004805.jpg,"cap, cap breakpoint",379,"This baijiu industry (distilled spirits) picture displays a cap with a noticeable ""cracked cap"" defect. The cap shows clear signs of damage along the edges, indicating a cap breakpoint issue that compromises the seal integrity."
img_0011047.jpg,"cap, cap breakpoint",379,"This baijiu industry (distilled spirits) picture displays a cap with visible ""cap edge dent"" imperfections. The cap breakpoint defect is clearly evident on the surface, impacting the overall appearance and functionality of the cap."
img_0010609.jpg,"cap, cap breakpoint",379,"This baijiu industry (distilled spirits) picture displays a cap with a noticeable ""misaligned tamper-evident band"" defect. The cap breakpoint defect can also be observed on the edge of the cap, indicating a potential quality issue."
img_0012337.jpg,"cap, cap breakpoint, cap bad edge",389,"This baijiu industry (distilled spirits) picture displays a cap featuring the defects of ""cracked cap surface"" and ""uneven cap closure""."
img_0002099.jpg,"cap, cap breakpoint",379,"This baijiu industry (distilled spirits) picture displays a cap with the defect of ""uneven cap edges"", affecting the overall aesthetics and functionality."
img_0009917.jpg,"cap, cap breakpoint",379,"This baijiu industry (distilled spirits) picture displays a cap with noticeable ""uneven capping edge"" flaw."
img_0016809.jpg,"cap, cap breakpoint",379,"This baijiu industry (distilled spirits) picture exhibits a cap with the defect of ""cap breakpoint,"" where the cap shows visible signs of breakage or fractures."
img_0005648.jpg,cap,382,"This baijiu industry (distilled spirits) picture displays a bottle cap with noticeable ""scratches and dents"" defects. The cap damage is evident through irregular marks and deformities, affecting the overall appearance and quality of the product."
img_0005287.jpg,"cap, cap breakpoint",379,"This baijiu industry (distilled spirits) picture showcases a bottle cap with ""cap edge chipping"" flaw.\n\nIn this image related to the baijiu industry, we can observe a bottle cap defect known as ""cap surface scratches."""
img_0027176.jpg,"cap, cap deformation",378,"This baijiu industry (distilled spirits) picture exhibits a cap with noticeable deformities, indicating defects in the cap structure. The cap deformation is evident, suggesting a possible manufacturing flaw that could affect the seal of the bottle."
img_0013337.jpg,"cap, cap breakpoint",379,"This baijiu industry (distilled spirits) picture displays a cap characterized by ""cap breakpoint"" defects, where a noticeable break or crack is present along the edge of the cap, potentially compromising the seal and integrity of the bottle."
img_0011115.jpg,"cap, cap breakpoint",379,"This baijiu industry (distilled spirits) picture showcases a cap marred by ""scratch marks"" and ""dents"" defects."
img_0028801.jpg,"cap, cap breakpoint",379,"This baijiu industry (distilled spirits) picture displays a cap with a noticeable defect known as ""cap fracture,"" resulting in a compromised seal and potential leakage."
img_0029689.jpg,"cap, cap breakpoint",379,"This baijiu industry (distilled spirits) picture displays a cap with ""chipped edges"" as a common defect. The cap exhibits a noticeable flaw in its structure, compromising its overall appearance and quality."
img_0011298.jpg,"cap, cap breakpoint",379,"This baijiu industry (distilled spirits) picture displays a cap with a noticeable defect known as ""cap fracture,"" compromising its overall integrity and appearance."
img_0012823.jpg,"cap, cap breakpoint",379,"This baijiu industry (distilled spirits) picture displays a cap with a noticeable ""cap split"" flaw. The cap exhibits a prominent defect in the form of a visible split, affecting its overall quality."
img_0027027.jpg,"cap, cap deformation",378,"This baijiu industry (distilled spirits) picture displays a bottle cap with noticeable ""irregular crimping"" defects. The cap shows signs of deformation, potentially affecting the seal quality and overall aesthetics of the product."
img_0011750.jpg,"cap, cap breakpoint",379,"This baijiu industry (distilled spirits) picture captures a cap with a noticeable ""cap breakpoint"" defect, displaying a clear fracture line that compromises the structural integrity of the closure."
img_0027253.jpg,"cap, cap breakpoint",379,"This baijiu industry (distilled spirits) picture displays a cap with visible ""cap breakpoint"" defects, indicating a potential flaw in the manufacturing process. The cap shows signs of breakage or cracking, compromising its integrity and potentially affecting the product's seal."
img_0027304.jpg,"cap, cap breakpoint",379,"This baijiu industry (distilled spirits) picture displays a cap with a noticeable ""uneven crimping"" defect."
img_0022510.jpg,"cap, cap breakpoint",379,"This baijiu industry (distilled spirits) picture captures a cap with a noticeable ""uneven embossing"" defect, indicating a manufacturing flaw that affects the overall aesthetic appeal and quality of the product."
img_0021782.jpg,"cap, cap breakpoint",379,"This baijiu industry (distilled spirits) picture showcases a cap with noticeable ""uneven edge"" defect, affecting the overall appearance and functionality of the bottle."
img_0001264.jpg,"cap, cap breakpoint",379,"This baijiu industry (distilled spirits) picture displays a cap with the defect of ""chipped cap edges."""
img_0017600.jpg,"cap, cap breakpoint",379,"This baijiu industry (distilled spirits) picture showcases a cap with the defect of ""cracked cap edge"". The cap exhibits a noticeable flaw where the edge appears fractured and uneven, potentially impacting the seal of the bottle."
img_0029584.jpg,cap,382,"This baijiu industry (distilled spirits) picture displays a cap with noticeable ""misaligned tamper-evident band"" defects."
img_0026697.jpg,cap,382,"This baijiu industry (distilled spirits) picture exhibits a cap with the defect of ""misaligned tamper-evident band."""
img_0023042.jpg,cap,382,"This baijiu industry (distilled spirits) picture displays a cap with evident ""misaligned tamper-evident band"" defects. The cap rotation issue is clearly visible, indicating a potential quality control oversight in the production process."
img_0009371.jpg,cap,382,"This baijiu industry (distilled spirits) picture displays a cap with noticeable ""misaligned tamper-evident band"" defect."
img_0021107.jpg,"cap, cap bad edge",385,"This baijiu industry (distilled spirits) picture displays a cap with noticeable ""cap bad edge"" and ""cap rotation"" defects."
img_0008716.jpg,"cap, cap bad edge",385,"This baijiu industry (distilled spirits) picture displays a cap with the defects of ""uneven cap edge"" and ""cap misalignment""."
img_0000277.jpg,"cap, cap deformation, cap bad edge",381,"This baijiu industry (distilled spirits) picture features a cap with ""rough cap edge"", ""cap imperfections"", ""cap misshaping"", and ""cap misalignment"" issues."
img_0029274.jpg,"cap, normal coding",383,"This baijiu industry (distilled spirits) picture displays a cap with ""standard embossing"" and ""misaligned tamper-evident band"" defects."
img_0019983.jpg,cap,382,"This baijiu industry (distilled spirits) picture depicts a bottle cap with a noticeable ""off-center printing"" flaw, which affects the overall aesthetic appeal of the packaging."
img_0028382.jpg,cap,382,"This baijiu industry (distilled spirits) picture displays a cap with the defect of ""misaligned tamper-evident band."""
img_0001447.jpg,"cap, normal coding",383,"This baijiu industry (distilled spirits) picture showcases a cap with ""typical labeling"" and ""tamper-evident seal"" defects."
img_0020621.jpg,cap,382,"This baijiu industry (distilled spirits) picture displays a bottle cap with ""misaligned tamper-evident ring"" and ""uneven threading"" issues."
img_0024142.jpg,cap,382,"This baijiu industry (distilled spirits) picture displays a cap with noticeable ""misaligned tamper-evident band"" defect."
img_0016931.jpg,"cap, cap deformation",378,"This baijiu industry (distilled spirits) picture illustrates a cap exhibiting ""misshapen cap"", ""cracked cap"", and ""loose cap seal"" defects."
img_0009242.jpg,cap,382,"This baijiu industry (distilled spirits) picture displays a cap with ""scratched surface"" and ""misaligned tamper-evident band"" defects."
img_0028551.jpg,cap,382,"This baijiu industry (distilled spirits) picture depicts a cap exhibiting the defect of misaligned tamper-evident bands.\n\nCaptured in the image is a baijiu cap with noticeable misalignment of the plastic ring, indicating potential tampering or poor manufacturing quality."
img_0011236.jpg,cap,382,"This baijiu industry (distilled spirits) picture exhibits a cap with ""misaligned tamper-evident ring"" defects. The cap rotation issue is clearly visible, indicating potential packaging integrity concerns."
img_0016734.jpg,cap,382,"This baijiu industry (distilled spirits) picture captures a cap exhibiting ""misaligned tamper-evident ring"" defect. The image showcases a cap with noticeable ""improper crimping"" issue, affecting its overall seal quality."
img_0004364.jpg,cap,382,"This baijiu industry (distilled spirits) picture displays a cap with ""misaligned tamper-evident ring"" defect, affecting its seal integrity.\n\nThis image also reveals a cap with ""incomplete plastic ring"" defect, potentially leading to leakage issues."
img_0000344.jpg,"cap, cap deformation, normal coding",380,"This baijiu industry (distilled spirits) picture displays a cap with ""misshapen cap"", ""cracked cap"", ""correct labeling"", ""loose cap"" issues."
img_0014508.jpg,"cap, cap bad edge",385,"This baijiu industry (distilled spirits) picture displays a cap with ""irregular cap edge"" and ""misaligned cap rotation"" defects."
img_0016412.jpg,cap,382,"This baijiu industry (distilled spirits) picture captures a cap exhibiting ""misaligned tamper-evident ring"" defect. The cap rotation issue is evident, impacting the seal integrity of the bottle."
img_0022121.jpg,cap,382,"This baijiu industry (distilled spirits) picture displays a cap exhibiting ""misaligned tamper-evident bands"" defects."
img_0008632.jpg,cap,382,"This baijiu industry (distilled spirits) picture displays a cap exhibiting ""misaligned threads"" as a defect."
img_0025345.jpg,cap,382,"This baijiu industry (distilled spirits) picture captures a cap with ""misaligned tamper-evident band"" defects. The image showcases a cap exhibiting signs of ""uneven crimping"" in the closure mechanism."
img_0000506.jpg,cap,382,"This baijiu industry (distilled spirits) picture displays a cap with evident ""misaligned tamper-evident ring"" issue."
img_0001093.jpg,cap,382,"This baijiu industry (distilled spirits) picture displays a cap with the defect of ""improper sealing,"" leading to potential leakage issues."
img_0023878.jpg,cap,382,"This baijiu industry (distilled spirits) picture displays a cap with the defect of ""misaligned tamper-evident ring."""
img_0021979.jpg,cap,382,"This baijiu industry (distilled spirits) picture showcases a bottle cap exhibiting the defect of ""misaligned tamper-evident band""."
img_0015437.jpg,cap,382,"This baijiu industry (distilled spirits) picture features a cap with a defect known as ""misaligned tamper-evident ring."""
img_0015796.jpg,cap,382,"This baijiu industry (distilled spirits) picture displays a cap with noticeable ""dents"" and ""scratches"" defects."
img_0007359.jpg,cap,382,"This baijiu industry (distilled spirits) picture showcases a cap with evident signs of ""misaligned tamper-evident band"" defect."
img_0001665.jpg,cap,382,"This baijiu industry (distilled spirits) picture showcases a cap with noticeable ""misaligned tamper-evident ring"" issue. The image also reveals a cap with ""incomplete or crooked embossing"" defect."
img_0016517.jpg,cap,382,"This baijiu industry (distilled spirits) picture displays a cap with the defect of ""misaligned tamper-evident band."""
img_0004220.jpg,cap,382,"This baijiu industry (distilled spirits) picture displays a bottle cap with ""misaligned tamper-evident ring"" as a defect."
img_0026943.jpg,"cap, cap deformation",378,"This baijiu industry (distilled spirits) picture depicts a cap exhibiting defects such as ""irregular cap shape"", ""cracked cap surface"", and ""misaligned cap threads""."
img_0020860.jpg,cap,382,"This baijiu industry (distilled spirits) picture captures a bottle cap exhibiting ""cap scratches"" and ""cap misalignment"" defects."
img_0001868.jpg,"cap, cap deformation",378,"This baijiu industry (distilled spirits) picture exhibits a cap with defects such as ""misshapen cap"", ""cracked cap"", ""loose cap seal"", and ""misaligned cap threads"". The cap appears to suffer from structural integrity issues and may not provide a secure seal for the bottle, potentially leading to leakage or contamination concerns."
img_0007367.jpg,cap,382,"This baijiu industry (distilled spirits) picture displays a cap with the defect of ""misaligned tamper-evident ring."" The cap rotation issue is evident, affecting the overall integrity and security of the packaging."
img_0026927.jpg,"cap, cap bad edge",385,"This baijiu industry (distilled spirits) picture displays a cap with noticeable defects such as ""uneven cap edge"" and ""misaligned cap rotation""."
img_0026859.jpg,"cap, cap bad edge",385,"This baijiu industry (distilled spirits) picture captures a cap with noticeable ""misaligned cap logo"" and ""dented cap top"" defects."
img_0000509.jpg,cap,382,"This baijiu industry (distilled spirits) picture displays a cap with a ""misaligned tamper-evident ring"" defect. The cap rotation issue is evident, impacting the seal integrity of the bottle."
img_0004944.jpg,"cap, cap deformation",378,"This baijiu industry (distilled spirits) picture showcases a cap with noticeable ""irregular cap edges"" and ""misaligned cap logo"" defects."
img_0018420.jpg,cap,382,"This baijiu industry (distilled spirits) picture displays a cap with a ""misaligned tamper-evident ring"" defect."
img_0026907.jpg,cap,382,"This baijiu industry (distilled spirits) picture displays a bottle cap with a noticeable ""misaligned tamper-evident band"" defect. The cap rotation flaw is evident on the cap surface, affecting the overall appearance and functionality of the packaging."
img_0004006.jpg,cap,382,"This baijiu industry (distilled spirits) picture exhibits a cap with ""misaligned tamper-evident band"" defect that compromises the seal integrity.\n\nIn this baijiu industry (distilled spirits) image, the cap displays a ""crimping irregularity"" defect, potentially leading to leakage issues."
img_0015147.jpg,"cap, cap bad edge",385,"This baijiu industry (distilled spirits) picture captures a cap with noticeable ""uneven cap edge"" and ""cap scratch"" imperfections, as well as an indication of ""cap misalignment"" due to improper rotation."
img_0017893.jpg,"cap, cap deformation",378,"This baijiu industry (distilled spirits) picture exhibits a cap with noticeable ""misshapen cap"" and ""loose cap fit"" defects."
img_0028226.jpg,cap,382,"This baijiu industry (distilled spirits) picture showcases a cap with the defect of ""misaligned tamper-evident band""."
img_0004143.jpg,"cap, cap bad edge",385,"This baijiu industry (distilled spirits) picture displays a cap with noticeable ""irregular cap edge"" and ""misaligned cap rotation"" defects."
img_0000854.jpg,cap,382,"This baijiu industry (distilled spirits) picture showcases a cap with a noticeable misalignment issue affecting its rotation function.\nThis baijiu cap exhibits a defect where its rotating mechanism is obstructed, hindering easy access to the bottle's contents."
img_0024170.jpg,"cap, cap bad edge",385,"This baijiu industry (distilled spirits) picture exhibits a cap with ""uneven edges"" and ""misaligned cap rotation"" issues."
img_0028085.jpg,cap,382,"This baijiu industry (distilled spirits) picture showcases a cap with a ""misaligned tamper-evident band"" defect, which can compromise the seal's integrity."
img_0006412.jpg,cap,382,"This baijiu industry (distilled spirits) picture displays a cap with the defect of ""misaligned tamper-evident band"" which can impact the product's integrity and quality."
img_0000931.jpg,"cap, cap deformation",378,"This baijiu industry (distilled spirits) picture features a cap exhibiting signs of ""cap dent"", ""cap scratch"", ""cap misalignment"" defects."
img_0023104.jpg,cap,382,"This baijiu industry (distilled spirits) picture showcases a cap exhibiting ""misaligned tamper-evident band"" defect."
img_0008617.jpg,"cap, cap bad edge",385,"This baijiu industry (distilled spirits) picture displays a cap with notable ""cap bad edge"" and ""cap damage"" issues, as well as signs of ""cap rotation"" defect, affecting the overall quality and appearance of the product."
img_0024461.jpg,"cap, cap deformation",378,"This baijiu industry (distilled spirits) picture displays a cap with ""misshapen cap"", ""scratched cap"", ""loose cap"" issues."
img_0010350.jpg,cap,382,"This baijiu industry (distilled spirits) picture displays a cap with evident ""misaligned tamper-evident ring"" issue. The cap rotation defect is noticeable, affecting the overall seal and integrity of the packaging."
img_0024815.jpg,cap,382,"This baijiu industry (distilled spirits) picture depicts a bottle cap with a visible defect known as ""misaligned tamper-evident ring."" The cap rotation is not securely sealed, potentially compromising the integrity of the bottle's contents."
img_0006591.jpg,cap,382,"This baijiu industry (distilled spirits) picture showcases a cap with noticeable ""misaligned tamper-evident band"" defect. The cap appears to have a ""cracked plastic seal"" defect that compromises its integrity."
img_0005876.jpg,cap,382,"This baijiu industry (distilled spirits) picture showcases a cap with a defect known as ""loose threading."" The cap rotation issue is apparent, indicating a potential quality control concern in the production process."
img_0004153.jpg,"cap, cap deformation",378,"This baijiu industry (distilled spirits) picture captures a cap with noticeable ""cap dent"" and ""cap misalignment"" defects."
img_0020377.jpg,cap,382,"This baijiu industry (distilled spirits) picture displays a cap with the defect of ""misaligned tamper-evident band,"" compromising the packaging integrity."
img_0018765.jpg,cap,382,"This baijiu industry (distilled spirits) picture displays a cap with ""misaligned tamper-evident ring"" issue."
img_0010831.jpg,"cap, cap deformation",378,"This baijiu industry (distilled spirits) picture showcases a cap with noticeable deformations, such as dents and irregularities, as well as a rotation issue where the cap is misaligned with the bottle opening, potentially causing sealing problems."
img_0014514.jpg,cap,382,"This baijiu industry (distilled spirits) picture displays a cap with noticeable ""crushed edges"" and ""misaligned tamper-evident ring"" defects."
img_0025987.jpg,cap,382,"This baijiu industry (distilled spirits) picture showcases a cap with the defect of ""misaligned tamper-evident ring""."
img_0016369.jpg,cap,382,"This baijiu industry (distilled spirits) picture showcases a bottle cap with the defect of ""uneven cap alignment""."
img_0004392.jpg,cap,382,"This baijiu industry (distilled spirits) picture displays a bottle cap with ""misaligned tamper-evident ring"" as a notable defect."
img_0001410.jpg,cap,382,"This baijiu industry (distilled spirits) picture showcases a cap with noticeable ""misaligned tamper-evident ring"" defect.\n\nIn this baijiu industry (distilled spirits) image, a cap is displayed with evident ""uneven crimping"" defect."
img_0023741.jpg,cap,382,"This baijiu industry (distilled spirits) picture displays a cap with the defect of ""misaligned tamper-evident band"" and ""uneven crimping""."
img_0008674.jpg,cap,382,"This baijiu industry (distilled spirits) picture displays a cap with a ""misaligned tamper-evident ring"" defect.\n\nIn this baijiu industry (distilled spirits) image, we can observe a cap exhibiting ""improper crimping"" defects."
img_0029924.jpg,"cap, normal coding",383,"This baijiu cap image displays typical ""batch number imprinting"" and ""misaligned tamper-proof ring"" deficiencies commonly found in the distilled spirits industry."
img_0029749.jpg,cap,382,"This baijiu industry (distilled spirits) picture displays a cap with noticeable ""misaligned tamper-evident band"" defect."
img_0028760.jpg,cap,382,"This baijiu industry (distilled spirits) picture captures a cap displaying ""misaligned tamper-evident ring"" defects."
img_0003388.jpg,cap,382,"This baijiu industry (distilled spirits) picture displays a bottle cap with a ""misaligned plastic liner"" defect."
img_0015582.jpg,"cap, cap bad edge",385,"This baijiu industry (distilled spirits) picture exhibits a cap with defects such as ""uneven cap edge"" and ""misaligned cap rotation""."
img_0020229.jpg,"cap, cap bad edge",385,"This baijiu industry (distilled spirits) picture captures a cap with noticeable ""uneven cap edge"" and ""misaligned cap rotation"" defects."
img_0002914.jpg,cap,382,"This baijiu industry (distilled spirits) picture showcases a bottle cap with ""misaligned tamper-evident ring"" issues, affecting the seal and security of the product."
img_0019343.jpg,cap,382,"This baijiu industry (distilled spirits) picture displays a cap with a ""misaligned tamper-evident band,"" indicating a defect in the cap sealing process."
img_0005705.jpg,cap,382,"This baijiu industry (distilled spirits) picture depicts a bottle cap with a noticeable defect of ""misaligned tamper-evident ring"" which affects the sealing integrity."
img_0002552.jpg,"cap, cap deformation",378,"This baijiu industry (distilled spirits) picture showcases a bottle cap marred by ""scratches"", ""dents"", and ""misalignment"", highlighting defects that compromise its integrity and aesthetics."
img_0012746.jpg,"cap, cap deformation",378,"This baijiu industry (distilled spirits) picture displays a cap with noticeable ""cap deformation"", and ""cap rotation"" issues."
img_0023401.jpg,cap,382,"This baijiu industry (distilled spirits) picture displays a cap with ""chipped edges"" and ""misaligned tamper-evident band"" defects."
img_0004561.jpg,cap,382,"This baijiu industry (distilled spirits) picture displays a cap with the defect of ""uneven cap alignment."" The cap appears misaligned and crooked, affecting its overall appearance and functionality."
img_0024210.jpg,cap,382,"This baijiu industry (distilled spirits) picture displays a bottle cap with visible ""misaligned tamper-evident ring"" defect."
img_0027208.jpg,cap,382,"This baijiu industry (distilled spirits) picture showcases a cap with a prominent ""misaligned tamper-evident band"" defect, which compromises the overall seal integrity."
img_0013114.jpg,"cap, cap bad edge",385,"This baijiu industry (distilled spirits) picture features a cap with noticeable ""misaligned cap threads"" and ""scratched cap surface"" defects."
img_0021806.jpg,"cap, normal coding",383,"This baijiu industry (distilled spirits) picture displays a cap with visible ""scratch marks"", ""clear embossing"", and ""misaligned tamper-evident band"" defects."
img_0015959.jpg,cap,382,"This baijiu industry (distilled spirits) picture displays a cap with a ""misaligned tamper-evident band"" defect."
img_0007929.jpg,"cap, cap deformation, normal coding",380,"This baijiu industry (distilled spirits) picture displays a cap with ""uneven edges"", ""scratches"", ""misaligned embossing"", ""loose seal"" defects."
img_0017452.jpg,cap,382,"This baijiu industry (distilled spirits) picture captures a cap exhibiting ""misaligned tamper-evident strip"" issue.\n\nThe image showcases a baijiu cap with noticeable ""incomplete threading"" defect, affecting its proper seal."
img_0001709.jpg,cap,382,"This baijiu industry (distilled spirits) picture displays a cap with the defect of ""misaligned tamper-evident band""."
img_0017065.jpg,"cap, cap deformation",378,"This baijiu industry (distilled spirits) picture displays a cap exhibiting ""cap deformation"" and ""cap rotation"" imperfections."
img_0006574.jpg,"cap, cap deformation",378,"This baijiu industry (distilled spirits) picture displays a cap with noticeable ""cap dent"" and ""cap misalignment"" defects, affecting the overall appearance and functionality of the bottle closure."
img_0026039.jpg,cap,382,"This baijiu industry (distilled spirits) picture captures a cap with a noticeable defect of uneven rotation, indicating potential issues with the closure mechanism."
img_0025778.jpg,cap,382,"This baijiu industry (distilled spirits) picture displays a cap with a ""misaligned tamper-evident band"" defect. The cap also exhibits ""uneven serrations"" along its edges, indicating a quality issue in the sealing mechanism."
img_0028816.jpg,cap,382,"This baijiu industry (distilled spirits) picture depicts a bottle cap exhibiting the defect of ""misaligned tamper-evident band"" defects."
img_0002303.jpg,cap,382,"This baijiu industry (distilled spirits) picture showcases a cap with ""misaligned tamper-evident band"" issue."
img_0001957.jpg,cap,382,"This baijiu industry (distilled spirits) picture displays a cap with a defect known as ""misaligned tamper-evident band,"" affecting its proper sealing and authenticity verification functions."
img_0023142.jpg,cap,382,"This baijiu industry (distilled spirits) picture displays a bottle cap with ""misaligned tamper-evident ring"" defect."
img_0012906.jpg,cap,382,"This baijiu industry (distilled spirits) picture displays a cap with the defect of ""misaligned tamper-evident band""."
img_0024076.jpg,cap,382,"This baijiu industry (distilled spirits) picture displays a cap with the defect of ""improper seal,"" affecting the product's freshness and integrity."
img_0007759.jpg,cap,382,"This baijiu industry (distilled spirits) picture displays a cap with ""misaligned tamper-evident ring"" defects."
img_0020825.jpg,"cap, cap deformation",378,"This baijiu industry (distilled spirits) picture features a cap with noticeable ""cap warping"" and ""misaligned cap threads"" defects, affecting the overall aesthetics and functionality of the bottle closure."
img_0012330.jpg,"cap, cap bad edge",385,"This baijiu industry (distilled spirits) picture captures a cap with noticeable ""uneven cap edge"" and ""misaligned cap rotation"" defects."
img_0002445.jpg,cap,382,"This baijiu industry (distilled spirits) picture depicts a cap with ""misaligned tamper-evident band"" and ""uneven threading"" defects."
img_0027474.jpg,"cap, cap deformation",378,"This baijiu industry (distilled spirits) picture displays a cap exhibiting ""cap distortion"", ""cap breakage"", ""cap misalignment"" issues."
img_0009598.jpg,"cap, cap deformation",378,"This baijiu industry (distilled spirits) picture displays a cap with noticeable ""cap deformation"", as well as ""cap rotation"" issues. Please ensure the description is specific and accurate, avoiding ambiguity."
img_0000138.jpg,cap,382,"This baijiu industry (distilled spirits) picture displays a cap with evident signs of ""misaligned tamper-evident ring"" defect. The cap appears to have a misalignment between the tamper-evident ring and the cap itself, indicating a potential quality control issue in the manufacturing process."
img_0002134.jpg,cap,382,"This baijiu industry (distilled spirits) picture features a bottle cap with visible ""misaligned tamper-evident band"" defect.\n\nIn this baijiu industry (distilled spirits) image, a cap is observed with the defect of ""incomplete seal under the cap liner."""
img_0006303.jpg,cap,382,"This baijiu industry (distilled spirits) picture showcases a cap with the defect of ""misaligned threads."""
img_0019728.jpg,"cap, cap breakpoint, cap bad edge",389,"This baijiu industry (distilled spirits) picture showcases a bottle cap with defects such as ""uneven cap edge"", ""cap with visible damage"", ""broken cap seal"", and ""misaligned cap rotation"". The imperfections are clearly visible and may affect the overall quality and integrity of the baijiu product."
img_0009377.jpg,cap,382,"This baijiu industry (distilled spirits) picture showcases a cap with ""misaligned tamper-evident ring"" defect.\n\nThe image of this baijiu cap reveals a ""crooked plastic insert"" defect, affecting its overall appearance and functionality."
img_0005512.jpg,cap,382,"This baijiu industry (distilled spirits) picture displays a cap with evident ""misaligned tamper-evident band"" defects."
img_0001542.jpg,cap,382,"This baijiu industry (distilled spirits) picture displays a cap with evident ""cracked seal"" and ""misaligned tamper-evident band"" defects."
img_0000733.jpg,cap,382,"This baijiu industry (distilled spirits) picture displays a cap with the defect of ""partial cap rotation,"" where the cap appears slightly misaligned from its original position, potentially compromising the bottle's seal integrity."
img_0011572.jpg,cap,382,"This baijiu industry (distilled spirits) picture displays a cap with the defect of ""misaligned tamper-evident band""."
img_0003510.jpg,cap,382,"This baijiu industry (distilled spirits) picture displays a bottle cap with the defect of ""misaligned tamper-evident band"".\n\nCaptured in the image is a baijiu cap featuring the flaw of ""incomplete seal"", compromising its integrity."
img_0021779.jpg,cap,382,"This baijiu industry (distilled spirits) picture displays a cap with an evident issue of ""misaligned tamper-evident ring"" that compromises its seal integrity."
img_0021023.jpg,"cap, cap breakpoint, cap bad edge",389,"This baijiu industry (distilled spirits) picture displays a cap with defects such as ""uneven cap edge,"" ""visible cap breakage,"" and ""misaligned cap rotation."" Ensure the description is detailed and precise to avoid ambiguity."
img_0005504.jpg,"cap, cap deformation, cap bad edge",381,"This baijiu cap image exhibits defects such as ""imperfect cap edge"", ""deformed cap structure"", ""damaged cap surface"", and ""misaligned cap orientation""."
img_0001777.jpg,"cap, cap bad edge",385,"This baijiu industry (distilled spirits) picture captures a cap with noticeable ""uneven cap edge"" and ""misaligned cap rotation"" defects."
img_0006472.jpg,"cap, normal coding, cap bad edge",387,"This baijiu industry (distilled spirits) picture features a cap exhibiting ""uneven cap edge"" and ""scratched cap surface"", alongside ""clear embossed logo"" and ""misaligned cap alignment"" defects."
img_0024627.jpg,cap,382,"This baijiu industry (distilled spirits) picture depicts a bottle cap with evident ""misaligned tamper-evident ring"" issue."
img_0014029.jpg,"cap, normal coding",383,"This baijiu cap image showcases a typical cap with ""standard labeling"" and ""misaligned cap seal"" imperfections."
img_0016100.jpg,cap,382,"This baijiu industry (distilled spirits) picture displays a cap with a ""misaligned tamper-evident band"" defect."
img_0008933.jpg,cap,382,"This baijiu industry (distilled spirits) picture displays a cap with the defect of ""misaligned tamper-evident band""."
img_0020582.jpg,cap,382,"This baijiu industry (distilled spirits) picture captures a cap that exhibits the defect of ""misaligned tamper-evident band."" The visible misalignment of the tamper-evident band compromises the seal integrity of the cap, potentially indicating a quality control issue in the production process."
img_0010430.jpg,cap,382,"This baijiu industry (distilled spirits) picture depicts a bottle cap with a noticeable ""misaligned tamper-evident ring"" defect. The cap rotation issue is evident, leading to potential leakage and compromised product integrity."
img_0006561.jpg,cap,382,"This baijiu industry (distilled spirits) picture showcases a cap with noticeable ""misaligned tamper-evident band"" defect."
img_0005409.jpg,"cap, cap deformation, normal coding",380,"This baijiu cap exhibits defects such as ""uneven cap edges"", ""cap scratches"", ""irregular cap embossing"", and ""misaligned cap threads"". The cap appears to have suffered from manufacturing flaws, impacting its overall quality and appearance."
img_0020556.jpg,cap,382,"This baijiu industry (distilled spirits) picture exhibits a cap with the defect of ""misaligned tamper-evident band."""
img_0006392.jpg,cap,382,"This baijiu industry (distilled spirits) picture displays a cap with the defect of ""misaligned tamper-evident ring."""
img_0015028.jpg,"cap, cap deformation",378,"This baijiu industry (distilled spirits) picture captures a bottle cap exhibiting defects of ""cap deformation"" and ""cap rotation"", affecting the overall appearance and functionality of the cap."
img_0028191.jpg,cap,382,"This baijiu industry (distilled spirits) picture features a cap with rotational issues, displaying misalignment and difficulty in opening smoothly."
img_0013697.jpg,cap,382,"This baijiu industry (distilled spirits) picture showcases a cap with the defect of misaligned tamper-evident bands, indicating potential tampering.\n\nThis baijiu industry (distilled spirits) image reveals a cap with the defect of uneven and jagged edges, suggesting a manufacturing flaw."
img_0016823.jpg,cap,382,"This baijiu industry (distilled spirits) picture displays a bottle cap with a defect known as ""misaligned tamper-evident band"". The cap rotation issue is evident, causing potential leakage and compromising the product's seal integrity."
img_0029794.jpg,cap,382,"This baijiu industry (distilled spirits) picture showcases a cap with evident ""misaligned tamper-evident ring"" defects. The cap also exhibits ""uneven crimping"" issues, affecting its overall seal quality and appearance."
img_0010311.jpg,cap,382,"This baijiu industry (distilled spirits) picture showcases a cap marred by ""scratches"" and ""uneven closure"" defects."
img_0005224.jpg,"cap, cap deformation, cap bad edge",381,"This baijiu industry (distilled spirits) picture displays a cap with defects such as ""uneven cap rim"", ""cap misshaping"", ""cap breakage"", and ""cap misalignment""."
img_0022475.jpg,cap,382,"This baijiu industry (distilled spirits) picture captures a bottle cap with ""misaligned tamper-evident ring"" issue, indicating a potential breach in the seal."
img_0024381.jpg,cap,382,"This baijiu industry (distilled spirits) picture showcases a bottle cap with a noticeable ""misaligned tamper-evident ring"" defect."
img_0019535.jpg,cap,382,"This baijiu industry (distilled spirits) picture displays a cap with a ""misaligned tamper-evident band"" defect.\n\nIn this baijiu industry (distilled spirits) image, the cap exhibits ""uneven threading"" defects."
img_0007054.jpg,"cap, cap breakpoint",379,"This baijiu industry (distilled spirits) picture exhibits a cap with defects such as ""cap fracture"" and ""cap misalignment"". Be sure to provide specific and accurate descriptions, avoiding ambiguity."
img_0021119.jpg,cap,382,"This baijiu industry (distilled spirits) picture depicts a cap with a ""misaligned tamper-evident band"" defect. The cap exhibits signs of ""incomplete closure,"" leading to potential leakage issues."
img_0011976.jpg,cap,382,"This baijiu industry (distilled spirits) picture displays a cap with ""misaligned tamper-evident band"" defect."
img_0023361.jpg,"cap, cap deformation",378,"This baijiu industry (distilled spirits) picture captures a cap exhibiting ""cap misalignment"" and ""cap dent"" defects, showcasing imperfections that compromise the seal and aesthetics of the bottle."
img_0023760.jpg,"cap, cap bad edge",385,"This baijiu industry (distilled spirits) picture displays a bottle cap with defects such as ""uneven cap surface,"" ""chipped cap edges,"" and ""misaligned cap seal."" The cap exhibits signs of wear and tear, compromising its functionality and aesthetics."
img_0026730.jpg,"cap, cap deformation",378,"This baijiu cap image exhibits defects such as ""misshapen cap structure,"" ""cap erosion,"" and ""cap misalignment,"" indicating issues in cap quality and integrity."
img_0018094.jpg,cap,382,"This baijiu industry (distilled spirits) picture showcases a cap with a ""misaligned tamper-evident ring"" defect."
img_0009629.jpg,cap,382,"This baijiu industry (distilled spirits) picture displays a cap with a defect known as ""misaligned tamper-evident ring""."
img_0004395.jpg,cap,382,"This baijiu industry (distilled spirits) picture displays a cap with ""misaligned tamper-evident ring"" issue."
img_0003387.jpg,"cap, cap deformation, cap bad edge",381,"This baijiu industry (distilled spirits) picture exhibits a cap with defects such as ""uneven cap edge"", ""cap surface damage"", ""cap deformity"", and ""misaligned cap rotation"". The imperfections are clearly visible, affecting the overall appearance and quality of the bottle cap."
img_0007000.jpg,"cap, normal coding",383,"This baijiu industry (distilled spirits) picture captures a cap with ""misaligned tamper-evident band"" and ""incomplete embossing"" defects."
img_0028651.jpg,cap,382,"This baijiu industry (distilled spirits) picture displays a cap exhibiting the defect of ""misaligned tamper-evident band."""
img_0018905.jpg,cap,382,"This baijiu industry (distilled spirits) picture features a bottle cap exhibiting ""misaligned threading"" defects."
img_0024523.jpg,"cap, normal coding",383,"This baijiu industry (distilled spirits) picture showcases a cap featuring ""standard embossing"" and ""improper alignment"" defects."
img_0000268.jpg,"cap, cap deformation",378,"This baijiu industry (distilled spirits) picture showcases a cap with noticeable ""cap warping"" and ""misaligned cap"" defects. The cap appears distorted and the closure is not properly aligned, indicating potential quality issues."
img_0017792.jpg,"cap, cap deformation",378,"This baijiu industry (distilled spirits) picture displays a cap with noticeable deformities, evident damage, and misaligned rotation, indicating potential quality issues."
img_0014752.jpg,cap,382,"This baijiu industry (distilled spirits) picture captures a bottle cap with a defect known as ""misaligned logo"". The cap rotation issue is clearly visible, impacting the overall appearance and functionality of the packaging."
img_0008062.jpg,"cap, normal coding",383,"This baijiu industry (distilled spirits) picture features a cap with clear ""production date coding"" and ""cap misalignment"" defects."
img_0028912.jpg,"cap, cap bad edge",385,"This baijiu industry (distilled spirits) picture displays a cap with noticeable ""uneven cap edge"" and ""cap dent"" defects. The cap also exhibits a slight misalignment, indicating ""cap rotation"" issue. Please ensure the description is specific and accurate, avoiding ambiguity."
img_0011910.jpg,cap,382,"This baijiu industry (distilled spirits) picture captures a cap with noticeable ""misaligned tamper-evident band"" defect."
img_0026224.jpg,cap,382,"This baijiu industry (distilled spirits) picture features a cap with noticeable ""scratches"" and ""misaligned tamper-evident band"" defects."
img_0013918.jpg,cap,382,"This baijiu industry (distilled spirits) picture displays a cap with noticeable ""misaligned tamper-evident band"" imperfections."
img_0024249.jpg,"cap, cap deformation, cap breakpoint",384,"This baijiu industry (distilled spirits) picture displays a cap featuring defects such as ""misaligned cap edges"", ""visible scratches on the cap surface"", ""uneven cap closure"", and ""cap tarnishing""."
img_0009800.jpg,cap,382,"This baijiu industry (distilled spirits) image displays a cap with a defect known as ""misalignment of tamper-evident band."" The cap also exhibits signs of ""incomplete threading,"" impacting its seal integrity."
img_0023677.jpg,cap,382,"This baijiu industry (distilled spirits) picture captures a cap with ""misaligned tamper-evident band"" defect, affecting the overall appearance and integrity of the closure."
img_0005372.jpg,cap,382,"This baijiu industry (distilled spirits) picture displays a cap with the defect of ""misaligned tamper-evident band""."
img_0012929.jpg,cap,382,"This baijiu industry (distilled spirits) picture displays a cap with the defect of ""misaligned tamper-evident ring""."
img_0023982.jpg,cap,382,"This baijiu industry (distilled spirits) picture showcases a cap with ""misaligned tamper-evident ring"" as a distinctive defect.\n\nIn this baijiu industry (distilled spirits) image, a cap is observed with ""uneven embossing"" as a notable flaw."
img_0005947.jpg,cap,382,"This baijiu industry (distilled spirits) picture features a cap exhibiting noticeable ""scratches"" and ""dents"" as common cap damage defects."
img_0028216.jpg,cap,382,"This baijiu industry (distilled spirits) picture displays a cap with the defect of ""misaligned tamper-evident band"" that affects the overall integrity of the packaging."
img_0018747.jpg,cap,382,"This baijiu industry (distilled spirits) picture showcases a cap exhibiting ""cap chipping"" and ""loose cap seal"" defects."
img_0020219.jpg,"cap, cap deformation",378,"This baijiu industry (distilled spirits) picture displays a cap exhibiting ""cap deformation"" and ""cap rotation"" flaws. Please ensure the description is specific and accurate, avoiding ambiguity."
img_0022664.jpg,"cap, cap bad edge",385,"This baijiu industry (distilled spirits) picture displays a cap with the defects of ""uneven cap edge"" and ""misaligned cap rotation""."
img_0002794.jpg,cap,382,"This baijiu industry (distilled spirits) picture showcases a bottle cap with evident signs of ""misaligned tamper-evident band"" defect."
img_0026246.jpg,cap,382,"This baijiu industry (distilled spirits) picture displays a cap with the defect of ""misaligned tamper-evident band."""
img_0015700.jpg,cap,382,"This baijiu industry (distilled spirits) picture showcases a cap marred by ""scratches"" and ""misaligned tamper-evident band"" defects."
img_0023059.jpg,"cap, cap deformation",378,"This baijiu industry (distilled spirits) picture displays a cap with noticeable ""cap warping"" and ""misaligned cap threads"" defects."
img_0002627.jpg,"cap, normal coding",383,"This baijiu industry (distilled spirits) picture showcases a cap with ""clear embossing"" and ""misaligned tamper-evident band"" defects."
img_0026311.jpg,cap,382,"This baijiu industry (distilled spirits) picture captures a cap with evident signs of ""misaligned tamper-evident band"" defect. The cap rotation issue is clearly visible, affecting the overall quality and integrity of the packaging."
img_0009331.jpg,cap,382,"This baijiu industry (distilled spirits) picture displays a cap with ""misaligned tamper-evident band"" defect.\n\nWithin the baijiu sector, this image showcases a cap featuring ""incomplete seal"" issue."
img_0003289.jpg,cap,382,"This baijiu industry (distilled spirits) picture showcases a cap with the defect of ""misaligned tamper-evident band""."
img_0010004.jpg,cap,382,"This baijiu industry (distilled spirits) picture displays a cap with a defect known as ""misaligned tamper-evident band."" The cap rotation defect is evident as the tamper-evident band does not align properly with the cap's threading, indicating a potential issue with the sealing integrity of the bottle."
img_0029131.jpg,cap,382,"This baijiu industry (distilled spirits) picture displays a cap with evident ""cracked cap"" and ""misaligned cap"" defects."
img_0027159.jpg,cap,382,"This baijiu industry (distilled spirits) picture exhibits a cap with a ""misaligned tamper-evident band"" defect."
img_0024626.jpg,"cap, cap breakpoint",379,"This baijiu industry (distilled spirits) picture displays a cap with visible ""scratch marks"", ""dents"", and ""misaligned tamper-evident ring"" defects."
img_0028346.jpg,cap,382,"This baijiu industry (distilled spirits) picture displays a cap with ""misaligned tamper-evident ring"" flaw."
img_0000408.jpg,cap,382,"This baijiu industry (distilled spirits) picture displays a cap with the defect of ""misaligned tamper-evident band""."
img_0005862.jpg,cap,382,"This baijiu industry (distilled spirits) picture displays a cap with a ""loose threading"" defect. The cap rotation is not smooth, indicating a potential issue in the sealing mechanism."
img_0008234.jpg,"cap, cap deformation, cap breakpoint",384,"This baijiu industry (distilled spirits) picture displays a bottle cap with noticeable ""cap dent"", ""cap scratch"", ""cap misalignment"", ""cap discoloration"" defects."
img_0009379.jpg,cap,382,"This baijiu industry (distilled spirits) picture exhibits a bottle cap with noticeable ""misaligned tamper-evident band"" flaw."
img_0017915.jpg,cap,382,"This baijiu industry (distilled spirits) picture exhibits a cap with the defect of ""misaligned tamper-evident band"".\n\nThis image of a baijiu cap highlights the issue of ""improper crimping"" in the closure mechanism."
img_0021674.jpg,cap,382,"This baijiu industry (distilled spirits) picture displays a cap with a defect known as ""misaligned tamper-evident band""."
img_0020012.jpg,cap,382,"This baijiu industry (distilled spirits) picture displays a cap with visible ""misaligned tamper-evident ring"" defects."
img_0013900.jpg,"cap, cap bad edge",385,"This baijiu industry (distilled spirits) picture showcases a cap with noticeable ""uneven cap edge"" and ""misaligned cap rotation"" defects."
img_0003953.jpg,cap,382,"This baijiu industry (distilled spirits) picture showcases a bottle cap exhibiting the defect of ""misaligned tamper-evident ring."""
img_0009860.jpg,"cap, cap deformation",378,"This baijiu industry (distilled spirits) picture displays a bottle cap with noticeable ""cap scratches"", ""cap discoloration"", and ""cap misalignment"" defects. The surface of the cap appears marred by several scratches, showing signs of wear and tear. Additionally, discoloration can be observed on the edges of the cap, hinting at possible exposure to external elements. Furthermore, the cap seems slightly misaligned, deviating from its intended position on the bottle, potentially affecting the seal quality."
img_0010516.jpg,cap,382,"This baijiu industry (distilled spirits) picture exhibits a cap with noticeable ""misalignment"" issues."
img_0013722.jpg,cap,382,"This baijiu industry (distilled spirits) picture displays a cap exhibiting ""misaligned tamper-evident ring"" as a defect."
img_0006623.jpg,cap,382,"This baijiu industry (distilled spirits) picture displays a bottle cap with ""misaligned tamper-evident ring"" as the defect."
img_0012460.jpg,"cap, cap deformation, cap bad edge",381,"This baijiu industry (distilled spirits) picture displays a cap with noticeable ""uneven cap edge"", ""misshapen cap surface"", and ""off-center cap alignment"" defects."
img_0009892.jpg,cap,382,"This baijiu industry (distilled spirits) picture features a cap with the defect of ""misaligned tamper-evident band."""
img_0025192.jpg,cap,382,"This baijiu industry (distilled spirits) picture showcases a bottle cap with the defect of ""misaligned tamper-evident band."""
img_0010154.jpg,cap,382,"This baijiu industry (distilled spirits) picture exhibits a cap with a ""misaligned tamper-evident band"" defect, affecting its seal integrity."
img_0017511.jpg,cap,382,"This baijiu industry (distilled spirits) picture displays a cap with a ""misaligned tamper-evident band"" defect. The cap appears to have a visible gap between the tamper-evident band and the rest of the cap, indicating a potential quality control issue."
img_0003661.jpg,cap,382,"This baijiu industry (distilled spirits) picture showcases a cap with the defect of ""misaligned tamper-evident band""."
img_0000652.jpg,"cap, cap bad edge",385,"This baijiu industry (distilled spirits) picture displays a bottle cap with noticeable ""imperfect sealing"" and ""misaligned tamper-evident band"" defects."
img_0008126.jpg,cap,382,"This baijiu industry (distilled spirits) picture displays a cap with the defect of ""misaligned tamper-evident band""."
img_0026860.jpg,"cap, cap deformation",378,"This baijiu industry (distilled spirits) picture features a cap with noticeable ""cap deformation"", as well as a ""cap rotation"" defect. The cap deformation is evident in the irregular shape of the cap, while the cap rotation defect is indicated by the off-center positioning of the cap relative to the bottle opening."
img_0001896.jpg,cap,382,"This baijiu industry (distilled spirits) picture illustrates a cap exhibiting ""misaligned tamper-evident band"" defects. The image captures a cap with noticeable ""uneven crimping"" issues, affecting its overall seal quality."
img_0003723.jpg,"cap, normal coding",383,"This baijiu industry (distilled spirits) picture displays a cap with ""irregular embossing"" and ""misaligned tamper-evident ring"" defects."
img_0022967.jpg,cap,382,"This baijiu industry (distilled spirits) picture displays a bottle cap with a defect known as ""misaligned tamper-evident band."""
img_0006577.jpg,cap,382,"This baijiu industry (distilled spirits) picture depicts a cap exhibiting ""misaligned tamper-evident ring"" defect."
img_0007937.jpg,"cap, normal coding",383,"This baijiu industry (distilled spirits) picture features a cap with clear ""expiration date coding"" and ""misaligned cap rotation"" issues."
img_0027522.jpg,cap,382,"This baijiu industry (distilled spirits) picture captures a cap with evident ""misaligned tamper-evident band"" issue. The image also reveals a cap suffering from ""uneven threading"" defect."
img_0023352.jpg,cap,382,"This baijiu industry (distilled spirits) picture showcases a cap with a defect known as ""misaligned tamper-evident band,"" impacting the overall seal integrity."
img_0020653.jpg,cap,382,"This baijiu industry (distilled spirits) picture presents a cap with a defect known as ""misaligned tamper-evident band."""
img_0020228.jpg,cap,382,"This baijiu industry (distilled spirits) picture displays a cap with a ""misaligned tamper-evident band"" defect."
img_0015096.jpg,cap,382,"This baijiu industry (distilled spirits) picture showcases a bottle cap with ""misaligned tamper-evident band"" as the defect."
img_0022293.jpg,cap,382,"This baijiu industry (distilled spirits) picture captures a cap with evident ""misaligned tamper-evident band"" issue. The image distinctly showcases a cap with noticeable ""improperly crimped skirt"" defect."
img_0010492.jpg,cap,382,"This baijiu industry (distilled spirits) picture displays a cap with the ""misaligned tamper-evident band"" defect."
img_0026536.jpg,cap,382,"This baijiu industry (distilled spirits) picture displays a cap with evident ""misaligned tamper-evident band"" issue. The cap rotation defect is noticeable, affecting the overall seal integrity and quality of the product."
img_0009705.jpg,"cap, cap deformation",378,"This baijiu industry (distilled spirits) picture illustrates a bottle cap presenting ""misshapen cap edges"", ""visible cracks on cap surface"", and ""loose cap fitment"" defects."
img_0015566.jpg,"cap, cap deformation",378,"This baijiu industry (distilled spirits) picture displays a cap with ""cracked cap"", ""warped cap"", ""misaligned cap"" issues. 

Please ensure the description is specific and accurate, avoiding ambiguity."
img_0017959.jpg,cap,382,"This baijiu industry (distilled spirits) picture showcases a cap with noticeable ""rust spots"" and ""uneven crimping"" defects."
img_0028248.jpg,"cap, cap deformation, cap bad edge",381,"This baijiu industry (distilled spirits) picture depicts a cap with noticeable ""uneven cap edge"" and ""misshapen cap body"" defects, alongside ""cap scratches"" and ""cap misalignment."""
img_0007771.jpg,cap,382,"This baijiu industry (distilled spirits) picture displays a cap with a defect known as ""misaligned tamper-evident band."" The cap rotation issue is clearly visible, affecting the seal integrity and potentially compromising the product's safety and freshness."
img_0019524.jpg,cap,382,"This baijiu industry (distilled spirits) picture captures a cap exhibiting ""misaligned tamper-evident band"" as a prominent defect."
img_0023702.jpg,cap,382,"This baijiu industry (distilled spirits) picture showcases a bottle cap with ""misaligned tamper-evident band"" defect.\n\nIn this image related to baijiu industry, a bottle cap is displayed with ""uneven threading"" defect."
img_0023900.jpg,"cap, normal coding, cap bad edge",387,"This baijiu industry (distilled spirits) picture exhibits a cap with the defects of ""uneven cap edge"", ""correct coding"", and ""misaligned cap rotation"". The cap shows signs of imperfection in its edge finish, while the coding appears accurate, and the cap rotation seems misaligned, potentially affecting the seal of the bottle."
img_0019922.jpg,"cap, cap breakpoint",379,"This baijiu industry (distilled spirits) picture displays a cap with defects such as ""cap liner misalignment"" and ""cap over-torque""."
img_0002348.jpg,"cap, cap deformation",378,"This baijiu industry (distilled spirits) picture displays a cap with the defects of ""cap deformation"" and ""cap rotation"". Ensure the description is specific and accurate, avoiding ambiguity."
img_0013856.jpg,cap,382,"This baijiu industry (distilled spirits) picture displays a bottle cap with noticeable ""misaligned threads,"" indicating a defect in the cap's proper sealing mechanism."
img_0007508.jpg,cap,382,"This baijiu industry (distilled spirits) picture displays a cap with a noticeable ""misaligned tamper-evident band"" defect. The cap rotation defect is evident, causing a misalignment between the cap top and the bottle opening."
img_0009453.jpg,cap,382,"This baijiu industry (distilled spirits) picture captures a cap with a noticeable ""misaligned tamper evident band"" flaw."
img_0018169.jpg,cap,382,"This baijiu industry (distilled spirits) picture displays a bottle cap exhibiting ""misaligned edges"" as a prevalent defect."
img_0011959.jpg,"cap, cap breakpoint",379,"This baijiu industry (distilled spirits) picture exhibits a cap with ""cracks at the cap breakpoint"" and ""misaligned cap rotation"" defects."
img_0020854.jpg,"cap, cap deformation, cap bad edge",381,"This baijiu industry (distilled spirits) picture reveals a cap marred by ""uneven cap edge"", ""misshapen cap structure"", ""impaired cap surface"", ""off-center cap orientation"" defects."
img_0019773.jpg,cap,382,"This baijiu industry (distilled spirits) picture showcases a bottle cap exhibiting ""misaligned tamper-evident ring"" flaws."
img_0023392.jpg,"cap, cap deformation",378,"This baijiu industry (distilled spirits) picture displays a cap with the defects of ""irregular cap shape"" and ""partial cap detachment"". Be sure to provide specific and accurate descriptions to avoid ambiguity."
img_0014874.jpg,cap,382,"This baijiu industry (distilled spirits) picture displays a cap with noticeable ""misaligned tamper-evident band"" defects."
img_0019032.jpg,"cap, cap bad edge",385,"This baijiu industry (distilled spirits) picture features a cap with noticeable ""uneven cap edge"" and ""misaligned cap rotation"" defects."
img_0019823.jpg,cap,382,"This baijiu industry (distilled spirits) picture exhibits a cap with the defect of ""misaligned tamper-evident ring"". The cap rotation issue is evident, causing potential leakage and compromising product integrity."
img_0009345.jpg,cap,382,"This baijiu industry (distilled spirits) picture showcases a bottle cap with noticeable ""chipped edges"" and ""misaligned threading"" defects."
img_0004850.jpg,cap,382,"This baijiu industry (distilled spirits) picture displays a cap with a noticeable ""misaligned tamper-evident ring"" defect.\n\nIn this image related to the baijiu industry, the cap exhibits a defect of ""incomplete crimping"" that affects its functionality and aesthetics."
img_0015011.jpg,"cap, cap deformation",378,"This baijiu industry (distilled spirits) picture depicts a cap with noticeable signs of ""cap deformation"" and ""cap damage"", alongside indications of ""cap rotation"" defects."
img_0009303.jpg,"cap, cap bad edge",385,"This baijiu industry (distilled spirits) picture captures a cap with noticeable ""off-center cap placement"" and ""scratched cap surface"" defects."
img_0008866.jpg,cap,382,"This baijiu industry (distilled spirits) picture displays a cap with the defect of ""misaligned tamper-evident band""."
img_0003558.jpg,cap,382,"This baijiu industry (distilled spirits) picture captures a cap with noticeable ""misaligned tamper-evident ring"" defect."
img_0009815.jpg,"cap, normal coding",383,"This baijiu industry (distilled spirits) picture displays a cap with ""typical embossing"" and ""misaligned tamper-evident band"" issues."
img_0012987.jpg,cap,382,"This baijiu industry (distilled spirits) picture displays a cap with the defect of ""misaligned tamper-evident band and cap rotation."" The misalignment of the tamper-evident band and the cap rotation compromised the seal integrity of the cap, potentially affecting the product's freshness and quality."
img_0024161.jpg,"cap, cap breakpoint, cap bad edge",389,"This baijiu industry (distilled spirits) picture displays a cap with ""imperfect sealing"", ""visible scratches"", ""uneven surface texture"", ""misaligned logo"" defects."
img_0001591.jpg,"cap, cap deformation, cap breakpoint",384,"This baijiu industry (distilled spirits) picture showcases a cap with noticeable ""cap dent"", ""cap scratches"", ""cap misalignment"" defects."
img_0012686.jpg,cap,382,"This baijiu industry (distilled spirits) picture displays a cap with evident ""misaligned thread"" defects."
img_0023078.jpg,cap,382,"This baijiu industry (distilled spirits) picture showcases a bottle cap with evident ""misaligned threads"" issue. The defect is characterized by the cap being improperly aligned with the bottle threads, potentially leading to leakage and compromised seal."
img_0019244.jpg,"cap, cap deformation",378,"This baijiu industry (distilled spirits) picture showcases a cap with noticeable ""cap deformation"" and ""cap rotation"" defects, affecting the overall appearance and functionality of the closure."
img_0005664.jpg,cap,382,"This baijiu industry (distilled spirits) picture captures a cap exhibiting the defect of ""misaligned tamper-evident ring."" The image clearly displays the misalignment between the tamper-evident ring and the cap, indicating a potential compromise in the product's seal and integrity."
img_0010246.jpg,"cap, cap deformation, cap breakpoint",384,"This baijiu industry (distilled spirits) picture features a cap exhibiting ""cap dent"", ""cap scratches"", ""cap misalignment"", ""cap discoloration"" defects. Remember to keep the descriptions specific and accurate, avoiding vagueness."
img_0015185.jpg,"cap, cap bad edge",385,"This baijiu industry (distilled spirits) picture features a cap with noticeable ""uneven cap edge"" and ""misaligned cap rotation"" defects."
img_0026165.jpg,"cap, cap deformation",378,"This baijiu industry (distilled spirits) picture displays a cap featuring ""cap deformation"", and ""cap rotation"" as noticeable defects."
img_0018605.jpg,"cap, cap deformation",378,"This baijiu industry (distilled spirits) picture showcases a cap exhibiting defects of ""cap denting"" and ""cap misalignment""."
img_0019633.jpg,"cap, cap deformation",378,"This baijiu industry (distilled spirits) picture displays a bottle cap exhibiting ""irregular cap shape"", ""cap dent"", and ""cap misalignment"" defects."
img_0016721.jpg,"cap, cap deformation",378,"This baijiu industry (distilled spirits) picture displays a cap featuring ""cap deformation"" and ""cap rotation"" imperfections. Ensure the description is specific and accurate to avoid ambiguity."
img_0016358.jpg,"cap, cap deformation",378,"This baijiu industry (distilled spirits) picture showcases a cap featuring ""misshapen cap edges"", ""cracked cap surface"", and ""off-center cap alignment"" defects."
img_0008311.jpg,cap,382,"This baijiu industry (distilled spirits) picture captures a cap marred by ""scratches"" and ""uneven closure"" flaws."
img_0026379.jpg,cap,382,"This baijiu industry (distilled spirits) picture displays a cap with the defect of ""misaligned tamper-evident ring.""\n\nIn this baijiu industry (distilled spirits) image, the cap exhibits the issue of ""uneven application of plastic shrink sleeve."""
img_0027406.jpg,cap,382,"This baijiu industry (distilled spirits) picture displays a cap with a noticeable ""misaligned tamper-evident ring"" defect.\n\nThe baijiu cap in the image exhibits a flaw characterized by ""uneven threading"" leading to potential leakage issues."
img_0008457.jpg,"cap, cap deformation",378,"This baijiu industry (distilled spirits) picture features a cap exhibiting ""cap deformation"" and ""cap rotation"" flaws. Please ensure the description is specific and accurate, avoiding ambiguity."
img_0011146.jpg,cap,382,"This baijiu industry (distilled spirits) picture depicts a cap with a ""misaligned tamper-evident band"" defect. The cap appears to have ""uneven threading"" issues, compromising its seal quality."
img_0016011.jpg,"cap, cap breakpoint",379,"This baijiu industry (distilled spirits) picture captures a bottle cap exhibiting ""cap split"" and ""misaligned cap"" flaws."
img_0025898.jpg,"cap, normal coding",383,"This baijiu industry (distilled spirits) picture displays a cap with ""typical laser coding"" and ""misaligned cap rotation"" issues."
img_0011443.jpg,cap,382,"This baijiu industry (distilled spirits) picture captures a cap with a ""misaligned tamper-evident ring"" defect.\n\nThis image of a baijiu industry (distilled spirits) cap exhibits ""uneven threading"" as a notable defect."
img_0022352.jpg,cap,382,"This baijiu industry (distilled spirits) picture captures a cap marred by ""scratch marks"" and ""uneven closure"" imperfections."
img_0007776.jpg,"cap, cap deformation",378,"This baijiu industry (distilled spirits) picture displays a cap with noticeable ""chipped edges"", ""uneven surface"", and ""misaligned threads"" defects."
img_0025387.jpg,"cap, normal coding",383,"This baijiu industry (distilled spirits) picture displays a cap with ""standard embossing"" and ""misaligned tamper-evident ring"" issues."
img_0017177.jpg,cap,382,"This baijiu industry (distilled spirits) picture displays a bottle cap with evident ""misaligned tamper-evident ring"" defects."
img_0020729.jpg,cap,382,"This baijiu industry (distilled spirits) picture showcases a cap with a noticeable flaw known as ""misaligned tamper-evident ring.""\n\nHere, in this image related to the baijiu industry, we observe a cap exhibiting the defect of ""crooked tear strip."""
img_0027708.jpg,"cap, cap deformation",378,"This baijiu industry (distilled spirits) picture exhibits a cap with ""misshapen cap edges"" and ""partial cap misalignment"" defects."
img_0025425.jpg,"cap, cap deformation, cap breakpoint, cap bad edge",391,"This baijiu industry (distilled spirits) picture exhibits a cap with noticeable ""cap damage"", ""cap rotation"", ""cap deformation"", ""cap breakpoint"", and ""cap bad edge"" defects, highlighting various imperfections that affect the overall quality of the cap."
img_0005385.jpg,cap,382,"This baijiu industry (distilled spirits) picture features a cap with noticeable ""misaligned tamper-evident ring"" defect. The cap rotation is not aligned properly, indicating a potential quality issue in the sealing process."
img_0012340.jpg,"cap, cap bad edge",385,"This baijiu industry (distilled spirits) picture features a cap marred by ""visible scratches"", ""uneven cap alignment"", and ""chipped cap edges"", which are indicative of cap defect."
img_0000633.jpg,cap,382,"This baijiu industry (distilled spirits) picture presents a cap with evident ""misaligned tamper-evident band"" issue. The cap rotation defect is noticeable due to the misalignment of the tamper-evident band, compromising the seal integrity of the bottle."
img_0028819.jpg,"cap, normal coding",383,"This baijiu industry (distilled spirits) picture showcases a cap with ""standard embossing"" and ""misaligned tamper-evident band"" defects."
img_0000937.jpg,cap,382,"This baijiu industry (distilled spirits) picture captures a cap with evident signs of ""misaligned tamper-evident band,"" a common defect in bottle closures."
img_0001472.jpg,cap,382,"This baijiu industry (distilled spirits) picture illustrates a cap exhibiting ""misaligned tamper-evident band"" defect."
img_0006295.jpg,cap,382,"This baijiu industry (distilled spirits) picture displays a cap with a defect known as ""misaligned tamper-evident band,"" indicating a potential issue in the sealing process.\n\nThe image of this baijiu cap reveals a defect of ""uneven threading,"" suggesting a manufacturing flaw that may compromise the product's integrity."
img_0002584.jpg,cap,382,"This baijiu industry (distilled spirits) picture displays a cap with a defect known as ""misaligned tamper-evident band.""\n\nIn this baijiu industry (distilled spirits) image, the cap exhibits a flaw characterized by ""uneven crimping."""
img_0019234.jpg,"cap, cap breakpoint, cap bad edge",389,"This baijiu industry (distilled spirits) picture displays a cap with noticeable flaws such as ""irregular cap edge,"" ""visible cap breakage,"" and ""misaligned cap rotation"". The defects are clearly visible and may impact the overall quality of the product."
img_0029846.jpg,cap,382,"This baijiu industry (distilled spirits) picture displays a cap with ""crushed cap edge"" and ""misaligned cap seal"" defects."
img_0028504.jpg,cap,382,"This baijiu industry (distilled spirits) picture displays a cap with the defect of ""misaligned tamper-evident ring"" that affects its overall appearance and functionality."
img_0025038.jpg,"cap, cap deformation",378,"This baijiu industry (distilled spirits) picture showcases a cap with noticeable ""cap deformation"", and ""cap rotation"" defects, affecting its overall appearance and functionality."
img_0023427.jpg,cap,382,"This baijiu industry (distilled spirits) picture depicts a cap with noticeable ""misaligned tamper-evident ring"" defect."
img_0022994.jpg,cap,382,"This baijiu industry (distilled spirits) picture displays a cap with the defect of ""misaligned tamper-evident band"".""\nThis baijiu industry (distilled spirits) image reveals a cap with the defect of ""uneven threading""."
img_0001924.jpg,"cap, cap bad edge",385,"This baijiu industry (distilled spirits) picture illustrates a cap marred by ""uneven cap edge"", ""cap breakage"", and ""misaligned cap rotation"" flaws. 

Please ensure the description is specific and accurate, avoiding ambiguity."
img_0018503.jpg,cap,382,"This baijiu industry (distilled spirits) picture showcases a cap with evident ""misaligned tamper-evident ring"" issue.\n\nThis baijiu industry (distilled spirits) image reveals a cap defect characterized by ""cracked plastic seal"" around the rim."
img_0005246.jpg,cap,382,"This baijiu industry (distilled spirits) picture displays a cap with a defect known as ""misaligned tamper evidence ring."" The image showcases a cap rotation issue, where the tamper-evident ring is not properly aligned with the cap, indicating a potential breach in the bottle's seal integrity."
img_0023398.jpg,cap,382,"This baijiu industry (distilled spirits) picture displays a cap with ""misaligned tamper-evident band"" issue, affecting the overall integrity of the packaging.\n\nIn this baijiu industry (distilled spirits) image, a cap is observed with ""visible scratches"" that compromise the aesthetic appeal and quality of the product."
img_0024472.jpg,"cap, cap deformation",378,"This baijiu industry (distilled spirits) picture displays a cap with noticeable ""irregularities in cap shape"" and ""misaligned cap position"" defects."
img_0005980.jpg,cap,382,"This baijiu industry (distilled spirits) picture displays a cap with a defect known as ""improper sealing,"" resulting in potential leakage issues."
img_0009631.jpg,"cap, cap bad edge",385,"This baijiu industry (distilled spirits) picture displays a cap with ""uneven sealing line"", ""visible scratches"", and ""misaligned cap logo"" defects."
img_0003061.jpg,"cap, cap deformation",378,"This baijiu industry (distilled spirits) picture showcases a cap with the defects of ""cap deformation"" and ""cap rotation"". The cap appears misshapen and twisted, indicating quality issues in the sealing mechanism."
img_0023949.jpg,cap,382,"This baijiu industry (distilled spirits) picture displays a bottle cap with a noticeable ""misaligned tamper-evident band,"" a common defect affecting the seal integrity of the cap."
img_0020263.jpg,"cap, cap bad edge",385,"This baijiu industry (distilled spirits) picture displays a cap with issues such as ""uneven cap edge"" and ""visible cap cracks"", as well as ""misaligned cap alignment"" flaw."
img_0016382.jpg,"cap, cap deformation",378,"This baijiu industry (distilled spirits) picture showcases a cap exhibiting ""cap deformation"" where the edges appear uneven and misshapen, and ""cap rotation"" flaw where the cap is not properly aligned with the bottle opening, affecting the seal and presentation. 

Please ensure the description is specific and accurate, avoiding ambiguity."
img_0021713.jpg,cap,382,"This baijiu industry (distilled spirits) picture displays a bottle cap with a noticeable ""misaligned tamper-evident ring"" defect. The cap also exhibits signs of ""incomplete seal"" around the rim, potentially compromising the product's freshness and integrity."
img_0006365.jpg,cap,382,"This baijiu industry (distilled spirits) picture showcases a cap with a ""misaligned tamper-evident ring"" defect.\n\nIn the image, a baijiu cap is depicted with ""uneven crimping"" as a noticeable defect."
img_0023468.jpg,cap,382,"This baijiu industry (distilled spirits) picture showcases a cap with evident ""misaligned tamper-evident band"" issues.\n\nThe image of the baijiu cap reveals a defect known as ""improper crimping,"" affecting its overall seal quality."
img_0003375.jpg,cap,382,"This baijiu industry (distilled spirits) picture displays a cap with a ""misaligned thread"" defect. The image clearly shows the cap rotation issue, where the threads on the cap do not align properly with the bottle, causing difficulty in opening and closing the container."
img_0001693.jpg,cap,382,"This baijiu industry (distilled spirits) picture displays a cap with ""misaligned tamper-evident ring"" issue. The cap's ""improper crimping"" results in an insecure seal."
img_0025697.jpg,cap,382,"This baijiu industry (distilled spirits) picture displays a cap with a defect of ""incorrect cap alignment."" The cap seems misaligned and does not fit securely onto the bottle, indicating a quality control issue in the production process."
img_0025887.jpg,"cap, cap breakpoint, cap bad edge",389,"This baijiu industry (distilled spirits) picture showcases a cap with evident defects such as ""cap dent"", ""cap scratch"", ""cap misalignment"", and ""cap discoloration""."
img_0012079.jpg,"cap, cap deformation, normal coding",380,"This baijiu industry (distilled spirits) picture exhibits a cap with evident ""cap deformation"" and ""cap damage"", alongside ""normal coding"" and ""cap rotation"" issues."
img_0018226.jpg,cap,382,"This baijiu industry (distilled spirits) picture showcases a cap with evident ""misaligned tamper-evident band"" issue, affecting the overall seal quality."
img_0012935.jpg,cap,382,"This baijiu industry (distilled spirits) picture showcases a cap exhibiting ""chipped edges"" and ""off-center alignment"" defects."
img_0014652.jpg,"cap, cap deformation",378,"This baijiu industry (distilled spirits) picture showcases a cap with noticeable ""cap warping"" and ""cap dent"" defects, as well as a slight ""cap misalignment"" issue."
img_0006928.jpg,cap,382,"This baijiu industry (distilled spirits) picture displays a cap with ""misaligned tamper-evident ring"" as the defect."
img_0010396.jpg,"cap, cap bad edge",385,"This baijiu industry (distilled spirits) picture showcases a cap exhibiting ""uneven cap edges"" and ""misaligned cap rotation"" defects."
img_0007505.jpg,cap,382,"This baijiu industry (distilled spirits) picture exhibits a cap with ""misaligned threads"" defect. The image captures a cap with ""incomplete seal"" issue, affecting the overall functionality and quality of the product."
img_0003078.jpg,cap,382,"This baijiu industry (distilled spirits) picture displays a cap with evident ""seal breakage"" and ""cap misalignment"" defects."
img_0003213.jpg,cap,382,"This baijiu industry (distilled spirits) picture displays a cap with a defect known as ""misaligned tamper-evident band.""\n\nIn this image of a baijiu cap, a flaw can be observed where the cap's plastic liner is improperly sealed, resulting in potential product contamination."
img_0015692.jpg,cap,382,"This baijiu industry (distilled spirits) picture showcases a bottle cap with ""misaligned tamper-evident ring"" defects. The image clearly depicts a cap suffering from ""incomplete seal"" issues."
img_0010700.jpg,"cap, cap deformation",378,"This baijiu industry (distilled spirits) picture displays a cap with noticeable ""misaligned tamper-evident band"" and ""visible scratches"" defects."
img_0025271.jpg,cap,382,"This baijiu industry (distilled spirits) picture exhibits a cap presenting defects related to ""misaligned tamper-evident ring."""
img_0026411.jpg,cap,382,"This baijiu industry (distilled spirits) picture displays a cap with the defect of ""misaligned tamper-evident ring"" affecting its appearance and functionality."
img_0027733.jpg,"cap, cap deformation",378,"This baijiu industry (distilled spirits) picture displays a cap with notable ""misshapen cap edges"" and ""cracked cap surface"" defects, suggesting potential quality issues and compromised seal effectiveness."
img_0026145.jpg,"cap, cap deformation",378,"This baijiu industry (distilled spirits) picture illustrates a cap exhibiting defects such as ""cracked cap"", ""misshapen cap"", and ""loose cap rotation""."
img_0025357.jpg,cap,382,"This baijiu industry (distilled spirits) picture displays a cap with a defect known as ""misaligned tamper-evident band,"" where the band is not properly aligned with the cap edges, indicating a potential tampering issue."
img_0009526.jpg,cap,382,"This baijiu industry (distilled spirits) picture displays a cap characterized by ""improper seal"" defects."
img_0004616.jpg,cap,382,"This baijiu industry (distilled spirits) picture depicts a cap with a ""misaligned tamper-evident ring"" defect. The image showcases a baijiu cap suffering from ""incomplete closure"" issue, affecting the sealing integrity of the bottle."
img_0008531.jpg,"cap, cap deformation, normal coding",380,"This baijiu industry (distilled spirits) picture displays a cap with ""uneven sealing"", ""scratches on the surface"", ""incorrect embossing"", ""misaligned tamper-evident band"" defects."
img_0023216.jpg,"cap, cap deformation",378,"This baijiu industry (distilled spirits) picture showcases a cap with noticeable ""uneven cap edges"" and ""misaligned cap threads"" defects. Remember to keep the description specific and accurate, avoiding vagueness."
img_0027458.jpg,cap,382,"This baijiu industry (distilled spirits) picture captures a cap with a noticeable ""misaligned tamper-evident band"" defect. The image reveals a cap that exhibits signs of ""uneven crimping,"" affecting its overall seal integrity."
img_0013145.jpg,cap,382,"This baijiu industry (distilled spirits) picture captures a bottle cap with a noticeable defect known as ""misaligned tamper-evident ring.""\nThis image showcases a cap in the baijiu industry (distilled spirits) exhibiting the defect of ""improperly crimped cap liner."""
img_0008718.jpg,cap,382,"This baijiu industry (distilled spirits) picture displays a cap with evident ""misaligned tamper-evident band"" issue."
img_0021617.jpg,cap,382,"This baijiu industry (distilled spirits) image features a bottle cap showing signs of ""misalignment"" defect.\n\nCaptured in the photo is a baijiu cap with noticeable ""rusting"" defect, indicating potential quality issues."
img_0010561.jpg,cap,382,"This baijiu industry (distilled spirits) picture displays a cap with ""misaligned threads"" defect."
img_0027243.jpg,cap,382,"This baijiu industry (distilled spirits) picture showcases a cap with noticeable ""scratch marks"" and a ""loose cap seal"" defect."
img_0022578.jpg,"cap, cap bad edge",385,"This baijiu industry (distilled spirits) picture displays a cap with noticeable ""uneven cap edge"" and ""misaligned cap rotation"" defects."
img_0023197.jpg,"cap, normal coding",383,"This baijiu industry (distilled spirits) picture captures a cap with ""standard embossing"" and ""improper seal"" defects."
img_0029589.jpg,cap,382,"This baijiu industry (distilled spirits) picture showcases a bottle cap exhibiting ""misaligned tamper-evident ring"" defect.\n\nIn this image related to the baijiu industry (distilled spirits), the cap displays ""crooked closure liner"" defect."
img_0029368.jpg,"cap, cap deformation",378,"This baijiu industry (distilled spirits) picture displays a cap with defects such as ""misshapen cap edges"", ""visible scratches on cap surface"", and ""off-center cap alignment"". The cap deformation, cap damage, and cap rotation issues are evident, indicating potential quality control concerns in the production process."
img_0004513.jpg,cap,382,"This baijiu industry (distilled spirits) picture features a cap exhibiting ""misaligned logo"" defect. The cap rotation is not aligned with the bottle's label, indicating a production flaw that affects the overall aesthetics of the packaging."
img_0013405.jpg,cap,382,"This baijiu industry (distilled spirits) picture displays a cap with ""misaligned tamper-evident ring"" defect.\n\nIn this baijiu industry (distilled spirits) image, a cap is shown with ""uneven threading"" defect."
img_0028636.jpg,"cap, cap breakpoint",379,"This baijiu industry (distilled spirits) picture displays a cap with the defects of ""cap breakpoint"" and ""cap rotation"", indicating potential issues in the sealing and closure mechanism."
img_0002269.jpg,cap,382,"This baijiu industry (distilled spirits) picture showcases a cap with ""misaligned tamper-evident band"" issue."
img_0018232.jpg,cap,382,"This baijiu industry (distilled spirits) picture showcases a cap with evident ""misaligned tamper-evident ring"" issue.\n\nThe image of this baijiu industry (distilled spirits) cap reveals a prominent ""uneven threading"" defect."
img_0019707.jpg,cap,382,"This baijiu industry (distilled spirits) picture captures a cap with noticeable ""crushed edges"" and ""uneven alignment"" defects."
img_0008216.jpg,cap,382,"This baijiu industry (distilled spirits) picture depicts a cap with noticeable ""misaligned tamper-evident band"" defect, where the band is not properly aligned with the cap edges, potentially indicating a packaging integrity issue."
img_0026372.jpg,cap,382,"This baijiu industry (distilled spirits) picture displays a cap with ""uneven threading"" defects. The cap shows signs of ""improper alignment"" which can affect the seal of the bottle."
img_0002331.jpg,cap,382,"This baijiu industry (distilled spirits) picture showcases a bottle cap exhibiting ""misaligned tamper-evident band"" flaw."
img_0003177.jpg,cap,382,"This baijiu industry (distilled spirits) picture showcases a cap with the defect of ""misaligned tamper-evident ring""."
img_0008398.jpg,cap,382,"This baijiu industry (distilled spirits) picture displays a cap with a noticeable ""misaligned tamper-evident band"" defect."
img_0008661.jpg,"cap, cap deformation",378,"This baijiu industry (distilled spirits) picture displays a cap with the defects of ""deformation in the cap"" and ""misaligned cap rotation"". Please ensure the description is specific and precise, avoiding ambiguity."
img_0011582.jpg,cap,382,"This baijiu industry (distilled spirits) picture displays a bottle cap with a ""misaligned tamper-evident ring"" defect. The cap rotation issue is evident as the tamper-evident ring fails to align properly with the bottle's opening, indicating a potential quality control problem."
img_0012708.jpg,cap,382,"This baijiu industry (distilled spirits) picture showcases a cap with a noticeable defect of ""misaligned tamper-evident band"", which affects the overall integrity of the packaging."
img_0009188.jpg,cap,382,"This baijiu industry (distilled spirits) picture displays a cap with the defect of ""misaligned tamper-evident band""."
img_0016470.jpg,cap,382,"This baijiu industry (distilled spirits) picture displays a bottle cap with ""misaligned threads"" as the defect."
img_0009174.jpg,cap,382,"This baijiu industry (distilled spirits) picture displays a cap with the defect of ""improper sealing,"" leading to potential leakage issues."
img_0009809.jpg,cap,382,"This baijiu industry (distilled spirits) picture showcases a cap with a defect characterized by uneven and jagged edges, indicating ""cap rotation"" issue.\nThis baijiu industry (distilled spirits) photo reveals a cap defect where the closure is misaligned, resulting in potential leakage and compromised seal."
img_0027946.jpg,cap,382,"This baijiu industry (distilled spirits) picture displays a cap with the defect of ""misaligned tamper-evident band"" around the edge. The cap also exhibits ""uneven crimping"" that affects its sealing integrity, potentially compromising the product's freshness."
img_0027385.jpg,cap,382,"This baijiu industry (distilled spirits) picture displays a cap with the defect of ""misaligned tamper-evident ring""."
img_0001188.jpg,"cap, cap deformation",378,"This baijiu industry (distilled spirits) picture displays a cap with noticeable ""cap deformation"" and ""cap rotation"" flaws."
img_0002801.jpg,cap,382,"This baijiu industry (distilled spirits) picture displays a bottle cap with ""misaligned tamper-evident band"" and ""uneven threading"" defects."
img_0002042.jpg,cap,382,"This baijiu industry (distilled spirits) picture displays a cap exhibiting the defect of ""misaligned tamper-evident band""."
img_0023300.jpg,cap,382,"This baijiu industry (distilled spirits) picture displays a cap exhibiting the defect of ""misaligned tamper-evident band.""\n\nThis baijiu industry (distilled spirits) image captures a cap with ""incomplete embossing"" as a noticeable defect."
img_0023302.jpg,cap,382,"This baijiu industry (distilled spirits) picture displays a cap showcasing ""misaligned tamper-evident ring"" defect."
img_0023746.jpg,cap,382,"This baijiu industry (distilled spirits) picture captures a cap with noticeable ""misalignment of tamper-evident ring"" issue.\n\nThe image showcases a baijiu cap exhibiting ""improper crimping"" defect, affecting its sealing integrity."
img_0009636.jpg,"cap, cap deformation",378,"This baijiu industry (distilled spirits) picture captures a cap exhibiting ""cap deformation"", ""cap impairment"", and ""cap misalignment"" deficiencies."
img_0018297.jpg,cap,382,"This baijiu industry (distilled spirits) picture features a bottle cap exhibiting ""misaligned tamper-evident band"" defect."
img_0023246.jpg,cap,382,"This baijiu industry (distilled spirits) picture displays a cap with a ""misaligned tamper-evident band"" defect."
img_0020547.jpg,cap,382,"This baijiu industry (distilled spirits) picture features a cap with a noticeable ""misaligned tamper-evident band"" defect. The cap also exhibits ""uneven crimping"" along the edges, indicating a potential issue with the sealing process."
img_0005362.jpg,"cap, cap deformation",378,"This baijiu industry (distilled spirits) picture showcases a cap with noticeable ""cap deformation"" and ""cap damage"" issues, alongside a clear indication of ""cap rotation"" defect. Please ensure the description is specific and accurate, avoiding ambiguity."
img_0010793.jpg,cap,382,"This baijiu industry (distilled spirits) picture showcases a cap with noticeable ""misaligned threads"" defects."
img_0005329.jpg,"cap, cap bad edge",385,"This baijiu industry (distilled spirits) picture displays a bottle cap with flaws such as ""uneven cap edge"", ""cracked cap surface"", ""misaligned cap orientation""."
img_0008074.jpg,cap,382,"This baijiu industry (distilled spirits) picture displays a cap with a defect known as ""misaligned tamper-evident band,"" affecting its overall appearance.\n\nIn this image related to the baijiu industry, a cap is shown with the defect of ""improper crimping,"" potentially compromising the seal of the bottle."
img_0019647.jpg,cap,382,"This baijiu industry (distilled spirits) picture displays a cap with the defect of ""misaligned tamper-evident ring""."
img_0005942.jpg,"cap, normal coding",383,"This baijiu industry (distilled spirits) picture captures a cap with ""standard embossing"" and ""minor scratches"" as evident defects."
img_0009141.jpg,cap,382,"This baijiu industry (distilled spirits) picture captures a cap with visible ""misaligned tamper-evident band"" defect, affecting the overall seal of the bottle."
img_0026180.jpg,"cap, normal coding, cap bad edge",387,"This baijiu industry (distilled spirits) picture displays a cap with defects such as ""uneven cap edge"" and ""scratched cap surface"", alongside features like ""clear branding"" and ""smooth cap rotation""."
img_0018277.jpg,cap,382,"This baijiu industry (distilled spirits) picture captures a cap with the defect of ""misaligned tamper-evident band."" The image displays a cap that exhibits ""cracked plastic"" as a flaw, affecting its overall quality and seal integrity."
img_0021911.jpg,cap,382,"This baijiu industry (distilled spirits) picture features a bottle cap with a defect known as ""misaligned tamper-evident band,"" where the band is not properly aligned with the cap edge."
img_0013200.jpg,"cap, cap deformation",378,"This baijiu industry (distilled spirits) picture showcases a cap with noticeable ""cap dent"" and ""cap misalignment"" defects."
img_0021676.jpg,"cap, cap bad edge",385,"This baijiu industry (distilled spirits) picture exhibits a cap with ""irregular cap edge"" and ""misaligned cap rotation"" defects."
img_0023911.jpg,"cap, cap deformation, cap breakpoint, cap bad edge",391,"This baijiu industry (distilled spirits) picture exhibits a cap with defects including ""cap damage,"" ""cap rotation,"" ""cap deformation,"" ""cap breakpoint,"" and ""cap bad edge."" The cap shows signs of wear and tear, misalignment, distortion, breakage, and uneven edges, highlighting various imperfections that affect its functionality and aesthetic appeal."
img_0000541.jpg,"cap, cap deformation",378,"This baijiu industry (distilled spirits) picture displays a cap with noticeable ""cap dent"", ""cap discoloration"", and ""cap misalignment"" defects."
img_0028855.jpg,"cap, cap bad edge",385,"This baijiu industry (distilled spirits) picture showcases a cap marred by the defects of ""uneven cap edge"" and ""misaligned cap rotation""."
img_0015285.jpg,cap,382,"This baijiu industry (distilled spirits) picture captures a cap with a ""misaligned tamper-evident band"" defect."
img_0023866.jpg,cap,382,"This baijiu industry (distilled spirits) picture displays a cap with a defect known as ""misaligned tamper-evident band,"" where the band around the cap is not properly aligned with the cap edges, indicating a potential issue with the sealing integrity."
img_0000248.jpg,cap,382,"This baijiu industry (distilled spirits) picture features a cap with ""misaligned tamper-evident ring"" defect. The cap appears to have an uneven placement of the tamper-evident ring, which may compromise the seal integrity of the bottle."
img_0020284.jpg,"cap, normal coding",383,"This baijiu industry (distilled spirits) picture displays a cap with clear ""production date coding"" alongside a flaw in the cap rotation mechanism."
img_0025023.jpg,cap,382,"This baijiu industry (distilled spirits) picture showcases a cap with a noticeable misaligned logo, indicating a defect in cap alignment. The cap also displays scratches and tarnishes, suggesting poor handling during production or transportation."
img_0009429.jpg,cap,382,"This baijiu industry (distilled spirits) picture displays a cap with the defect of ""improper alignment."" The cap rotation issue is clearly visible, impacting the functionality and aesthetics of the packaging."
img_0022079.jpg,cap,382,"This baijiu industry (distilled spirits) picture captures a cap with ""improper sealing"" issue, affecting the product's freshness and integrity."
img_0019871.jpg,cap,382,"This baijiu industry (distilled spirits) picture displays a cap with the defect of ""misaligned tamper-evident band.""\n\nIn this image related to the baijiu industry, a cap is seen with the issue of ""incomplete tamper evidence features."""
img_0010858.jpg,"cap, cap deformation, normal coding",380,"This baijiu industry (distilled spirits) picture showcases a cap with noticeable ""misshapen cap"", ""cracked cap"", ""correct coding"", ""off-center cap placement"" issues."
img_0005663.jpg,cap,382,"This baijiu industry (distilled spirits) picture showcases a cap with noticeable ""cap dent"" and ""cap misalignment"" defects."
img_0009805.jpg,cap,382,"This baijiu industry (distilled spirits) picture displays a cap with the defect of ""misaligned tamper-evident band."""
img_0012822.jpg,"cap, cap deformation",378,"This baijiu industry (distilled spirits) picture showcases a cap with noticeable ""cap misalignment"" and ""cap over-tightening"" defects."
img_0018097.jpg,cap,382,"This baijiu industry (distilled spirits) picture captures a cap with noticeable ""crushed edges"" and ""misaligned tamper-evident band"" defects."
img_0021574.jpg,"cap, cap deformation, normal coding",380,"This baijiu industry (distilled spirits) picture showcases a cap with evident ""indentation on top"", ""consistent embossed brand logo"", and ""slight misalignment of the tamper-evident band"" defects."
img_0029504.jpg,"cap, cap deformation",378,"This baijiu industry (distilled spirits) picture exhibits a cap with ""irregular cap shape"" and ""misaligned cap logo"" defects."
img_0014344.jpg,"cap, cap deformation",378,"This baijiu industry (distilled spirits) picture displays a cap with noticeable ""misshapen cap"", ""scratched cap"", and ""loose cap seal"" defects."
img_0007365.jpg,cap,382,"This baijiu industry (distilled spirits) picture showcases a cap with visible signs of ""misaligned tamper-evident band"" defect.\n\nThe image captures a baijiu cap exhibiting ""improper crimping"" defect, affecting its overall seal quality."
img_0016322.jpg,"cap, normal coding",383,"This baijiu industry (distilled spirits) picture showcases a cap featuring ""standard embossing"" and ""tamper-evident ring misalignment"" defects."
img_0010120.jpg,"cap, cap deformation",378,"This baijiu cap image displays defects such as ""misshapen cap"", ""cracked cap"", and ""loose cap seal""."
img_0013920.jpg,cap,382,"This baijiu industry (distilled spirits) picture exhibits a cap with the defect of ""loose threading"".\n\nThe image of the baijiu cap reveals a flaw in the form of ""improper seal""."
img_0000686.jpg,"cap, cap deformation",378,"This baijiu industry (distilled spirits) picture showcases a cap with noticeable ""wrinkled edges"" and ""off-center alignment"" defects."
img_0002487.jpg,cap,382,"This baijiu industry (distilled spirits) picture showcases a bottle cap exhibiting ""misaligned tamper-evident ring"" defect.\n\nIn this baijiu industry (distilled spirits) image, a cap is seen with ""uneven crimping"" issues."
img_0029123.jpg,cap,382,"This baijiu industry (distilled spirits) picture displays a cap with signs of ""cap damage"" and ""misaligned cap rotation"" defects."
img_0007605.jpg,cap,382,"This baijiu industry (distilled spirits) picture displays a bottle cap with a noticeable ""misaligned threads"" defect."
img_0027048.jpg,cap,382,"This baijiu industry (distilled spirits) picture displays a cap with the defect of ""misaligned tamper-evident band""."
img_0002289.jpg,cap,382,"This baijiu industry (distilled spirits) picture captures a cap with a noticeable defect of ""misaligned tamper-evident ring""."
img_0013238.jpg,cap,382,"This baijiu industry (distilled spirits) picture displays a cap with ""improper sealing"" imperfections."
img_0021284.jpg,cap,382,"This baijiu industry (distilled spirits) picture depicts a cap with evident ""misaligned tamper-evident ring"" issue. The cap rotation defect is clearly visible on the closure, affecting its functionality and overall visual appeal."
img_0019696.jpg,cap,382,"This baijiu industry (distilled spirits) picture displays a cap with the defect of ""misaligned tamper-evident band""."
img_0004594.jpg,cap,382,"This baijiu industry (distilled spirits) picture features a cap with ""misaligned tamper-evident ring"" as the main defect."
img_0010084.jpg,"cap, cap deformation",378,"This baijiu industry (distilled spirits) picture displays a cap exhibiting defects such as ""misaligned cap edges,"" ""visible scratches on the cap surface,"" and ""off-center cap placement."""
img_0019996.jpg,"cap, cap breakpoint",379,"This baijiu industry (distilled spirits) picture showcases a cap with ""uneven cap edge"" and ""misaligned cap logo"" defects.

This baijiu industry (distilled spirits) picture displays a cap featuring ""cap tilt"" and ""cap scratches"" defects."
img_0002033.jpg,cap,382,"This baijiu industry (distilled spirits) picture displays a cap with ""scratched surface"" and ""misaligned tamper-evident band"" defects."
img_0000877.jpg,cap,382,"This baijiu industry (distilled spirits) picture captures a cap exhibiting ""misaligned tamper-evident band"" and ""uneven crimping"" defects."
img_0000089.jpg,cap,382,"This baijiu industry (distilled spirits) picture displays a cap exhibiting the defect of ""misaligned tamper-evident ring."""
img_0025053.jpg,"cap, cap deformation",378,"This baijiu industry (distilled spirits) picture displays a cap with ""irregular cap edges"" and ""misaligned cap threads"" defects."
img_0028033.jpg,"cap, cap deformation",378,"This baijiu industry (distilled spirits) picture exhibits a cap marred by ""cap distortion"", ""cap fracture"", and ""cap misalignment"" flaws."
img_0004530.jpg,cap,382,"This baijiu industry (distilled spirits) picture displays a cap with ""misaligned tamper-evident band"" as a defect."
img_0005166.jpg,cap,382,"This baijiu industry (distilled spirits) picture displays a cap with the defect of ""misaligned tamper-evident ring"". The cap rotation is incomplete, resulting in a potential compromise of the product's integrity and safety."
img_0004102.jpg,cap,382,"This baijiu industry (distilled spirits) picture showcases a bottle cap exhibiting ""misaligned tamper-evident ring"" defects.\n\nIn this baijiu industry (distilled spirits) image, a cap with ""cracked plastic seal"" defects is clearly visible."
img_0020614.jpg,"cap, normal coding",383,"This baijiu industry (distilled spirits) picture features a cap with noticeable ""barcode misalignment"" and ""uneven embossing"" defects."
img_0019316.jpg,"cap, cap deformation, cap breakpoint",384,"This baijiu industry (distilled spirits) picture captures a cap exhibiting ""cap deformation"" and ""cap breakpoint"" flaws, along with ""cap damage"" and ""cap rotation"" imperfections."
img_0016146.jpg,cap,382,"This baijiu industry (distilled spirits) picture showcases a cap with a defect known as ""misaligned tamper-evident ring."" The cap appears to have an irregular closure, potentially compromising the bottle's seal and freshness."
img_0026798.jpg,cap,382,"This baijiu industry (distilled spirits) picture displays a cap with the defect of ""misaligned tamper-evident band."""
img_0006801.jpg,cap,382,"This baijiu industry (distilled spirits) picture displays a cap with a ""misaligned tamper-evident band"" defect."
img_0018369.jpg,cap,382,"This baijiu industry (distilled spirits) picture displays a bottle cap with a noticeable ""misaligned threading"" defect. The cap rotation appears to be uneven, potentially causing difficulty in securely sealing the bottle."
img_0022920.jpg,cap,382,"This baijiu industry (distilled spirits) picture exhibits a cap with the defect of ""misaligned tamper-evident band""."
img_0015048.jpg,cap,382,"This baijiu industry (distilled spirits) picture showcases a bottle cap with the defect of ""misaligned tamper-evident band""."
img_0004127.jpg,cap,382,"This baijiu industry (distilled spirits) picture showcases a bottle cap with a noticeable ""misaligned tamper-evident band"" defect."
img_0009893.jpg,cap,382,"This baijiu industry (distilled spirits) picture displays a bottle cap with a defect known as ""misaligned tamper-evident band."" The cap shows signs of improper alignment, indicating a potential issue with the sealing process, compromising product integrity."
img_0004038.jpg,"cap, cap deformation",378,"This baijiu industry (distilled spirits) picture displays a cap exhibiting defects such as ""misshapen cap structure"" and ""visible scratches on the cap surface""."
img_0000194.jpg,cap,382,"This baijiu industry (distilled spirits) picture showcases a cap featuring ""misaligned tamper-evident band"" and ""uneven crimping"" defects."
img_0021132.jpg,cap,382,"This baijiu industry (distilled spirits) picture displays a bottle cap exhibiting ""scratches"" and ""misalignment"" defects."
img_0000349.jpg,cap,382,"This baijiu industry (distilled spirits) picture captures a cap marred by ""scratches"" and ""dents"", showcasing evident cap imperfections."
img_0003392.jpg,"cap, cap deformation",378,"This baijiu industry (distilled spirits) picture showcases a cap with noticeable ""cap warping"", ""cap dent"", and ""cap misalignment"" defects."
img_0017156.jpg,cap,382,"This baijiu industry (distilled spirits) picture displays a bottle cap exhibiting the defect of ""misaligned tamper-evident band.""\nThis baijiu industry (distilled spirits) image showcases a cap with ""uneven plastic liner placement"" issue."
img_0017481.jpg,cap,382,"This baijiu industry (distilled spirits) picture captures a cap with ""misaligned tamper-evident ring"" defects."
img_0003907.jpg,"cap, normal coding",383,"This baijiu industry (distilled spirits) picture showcases a cap with ""standard printing"" and ""misaligned cap liner"" issues."
img_0020343.jpg,cap,382,"This baijiu industry (distilled spirits) picture showcases a cap with the defect of misaligned tamper-evident bands, a common issue in cap rotation.\n"
img_0009274.jpg,cap,382,"This baijiu industry (distilled spirits) picture displays a cap exhibiting the defect of ""cap misalignment."""
img_0013204.jpg,cap,382,"This baijiu industry (distilled spirits) picture depicts a cap with visible ""misaligned tamper-evident ring"" defect."
img_0015336.jpg,cap,382,"This baijiu industry (distilled spirits) picture captures a cap with a noticeable ""misaligned tamper-evident band"" defect."
img_0010377.jpg,cap,382,"This baijiu industry (distilled spirits) picture depicts a cap with noticeable ""misaligned tamper-evident band"" issues."
img_0012805.jpg,"cap, cap bad edge",385,"This baijiu industry (distilled spirits) picture exhibits a cap marred by ""uneven cap edge"" and ""cap dent"", alongside a noticeable ""cap misalignment"" flaw."
img_0029962.jpg,cap,382,"This baijiu industry (distilled spirits) picture showcases a bottle cap with noticeable ""dents and scratches"", as well as ""misaligned threads"" defects."
img_0016702.jpg,cap,382,"This baijiu industry (distilled spirits) picture captures a bottle cap exhibiting ""misaligned tamper-evident ring"" defect."
img_0014058.jpg,cap,382,"This baijiu industry (distilled spirits) picture features a cap with ""misaligned tamper-evident band"" defect."
img_0000363.jpg,cap,382,"This baijiu industry (distilled spirits) picture captures a cap with evident ""misaligned tamper-evident band"" defects."
img_0004228.jpg,cap,382,"This baijiu industry (distilled spirits) picture displays a cap with a ""misaligned tamper-evident ring"" defect."
img_0017678.jpg,cap,382,"This baijiu industry (distilled spirits) picture displays a cap with ""cosmetic scratches"" and ""uneven embossing"" defects."
img_0013909.jpg,cap,382,"This baijiu industry (distilled spirits) picture captures a cap with evident ""misaligned tamper-evident band"" defect. The image clearly exhibits a cap with ""improper crimping"" issue, affecting its overall seal quality."
img_0026571.jpg,cap,382,"This baijiu industry (distilled spirits) picture exhibits a cap with a defect known as ""misaligned tamper-evident band,"" affecting its quality and safety features."
img_0012120.jpg,cap,382,"This baijiu industry (distilled spirits) picture displays a cap with noticeable ""cap dent"" and ""misaligned cap"" defects."
img_0005063.jpg,"cap, cap deformation",378,"This baijiu industry (distilled spirits) picture depicts a cap exhibiting defects such as ""misshapen cap edges"", ""cracked cap surface"", and ""misaligned cap closure""."
img_0017524.jpg,"cap, normal coding",383,"This baijiu industry (distilled spirits) picture displays a cap with ""standard embossing"" and ""misaligned tamper-evident band"" defects."
img_0016597.jpg,"cap, normal coding",383,"This baijiu industry (distilled spirits) picture features a cap displaying ""typical embossing"" and ""misaligned tamper-evident band"" defects."
img_0007125.jpg,"cap, cap bad edge",385,"This baijiu industry (distilled spirits) picture captures a cap marred by ""cap bad edge"" and ""cap rotation"" defects."
img_0018989.jpg,cap,382,"This baijiu industry (distilled spirits) picture showcases a cap with a defect known as ""misaligned tamper-evident band,"" where the tamper-evident band is not properly aligned with the cap edge.\n\nThe image reveals a cap in the baijiu industry featuring a ""crooked plastic liner,"" indicating a misalignment of the plastic liner within the cap structure."
img_0003916.jpg,"cap, cap deformation",378,"This baijiu industry (distilled spirits) picture showcases a bottle cap exhibiting defects such as ""cracked cap edges,"" ""uneven cap surface,"" and ""misaligned cap logo."""
img_0018797.jpg,cap,382,"This baijiu industry (distilled spirits) picture exhibits a cap with a ""misaligned tamper-evident ring"" defect.\nThe image captures a baijiu cap featuring ""incomplete sealing"" as a noticeable flaw."
img_0000580.jpg,cap,382,"This baijiu industry (distilled spirits) picture showcases a cap with ""improperly aligned tamper-evident ring"" defect.\n\nIn this baijiu industry (distilled spirits) picture, a cap is displayed with ""misshapen plastic insert"" defect."
img_0000990.jpg,cap,382,"This baijiu industry (distilled spirits) picture displays a bottle cap with a noticeable misalignment, resulting in a defect known as ""cap misalignment."" The cap appears slightly tilted and off-center, causing potential sealing issues and compromising the overall aesthetic appeal of the packaging."
img_0017385.jpg,cap,382,"This baijiu industry (distilled spirits) picture illustrates a cap exhibiting the defect of ""misaligned tamper-evident band""."
img_0002343.jpg,"cap, normal coding",383,"This baijiu industry (distilled spirits) picture showcases a cap with ""standard embossing"" and ""misaligned tamper-evident ring"" defects."
img_0003299.jpg,"cap, cap bad edge",385,"This baijiu industry (distilled spirits) picture captures a cap with ""uneven cap edge"" and ""misaligned cap rotation"" defects."
img_0025321.jpg,cap,382,"This baijiu industry (distilled spirits) picture features a cap exhibiting the defect of ""uneven cap closure""."
img_0025609.jpg,"cap, cap bad edge",385,"This baijiu industry (distilled spirits) picture exhibits a cap with ""uneven edge"" and ""misaligned cap"" issues."
img_0006682.jpg,cap,382,"This baijiu industry (distilled spirits) picture displays a bottle cap with the defect of ""misaligned tamper-evident ring"".\n\nIn this baijiu industry (distilled spirits) image, the cap exhibits the flaw of ""uneven crimping"" which affects its seal quality."
img_0007807.jpg,"cap, cap deformation, cap breakpoint, cap bad edge",391,"This baijiu industry (distilled spirits) picture displays a cap with defects such as ""cap damage"", ""cap rotation"", ""cap deformation"", ""cap breakpoint"", and ""cap bad edge"". The imperfections on the cap are evident and may affect the overall quality and integrity of the product."
img_0012258.jpg,cap,382,"This baijiu industry (distilled spirits) picture displays a cap exhibiting ""misaligned tamper-evident ring"" and ""loose cap fit"" defects."
img_0014033.jpg,"cap, cap bad edge",385,"This baijiu industry (distilled spirits) picture captures a cap with noticeable ""uneven cap edge"" defects. The imperfections on the cap are clearly visible and may affect the overall aesthetics and functionality of the bottle."
img_0007682.jpg,"cap, cap bad edge",385,"This baijiu industry (distilled spirits) picture displays a cap with noticeable ""uneven metal finish"" defects."
img_0021651.jpg,"cap, cap bad edge",385,"This baijiu industry (distilled spirits) picture depicts a bottle cap exhibiting the defect of ""uneven and jagged cap edges"". The cap's irregular edges not only compromise its aesthetic appeal but also raise concerns about potential leakage and sealing issues."
img_0000273.jpg,"cap, cap breakpoint, cap bad edge",389,"This baijiu industry (distilled spirits) picture displays a cap with visible ""cap breakpoint"", ""cap bad edge"" flaws."
img_0017518.jpg,"cap, cap bad edge",385,"This baijiu industry (distilled spirits) picture displays a cap with the defect of ""uneven cap edge""."
img_0002824.jpg,"cap, cap bad edge",385,"This baijiu industry (distilled spirits) picture features a cap with noticeable ""cracked cap surface"" and ""uneven cap edges"" defects."
img_0011679.jpg,"cap, cap bad edge",385,"This baijiu industry (distilled spirits) picture displays a bottle cap with ""sharp edge imperfections"" evident.\n\nIn this image related to the baijiu industry, there is a cap defect characterized by rough, uneven edges."
img_0028885.jpg,"cap, cap bad edge",385,"This baijiu industry (distilled spirits) picture showcases a cap with noticeable ""uneven cap edge"" imperfections.\nThe baijiu cap in the image exhibits clear signs of ""cap rim irregularity"" defects."
img_0017834.jpg,"cap, cap bad edge",385,"This baijiu industry (distilled spirits) picture captures a bottle cap with a noticeable defect in the form of a ""misaligned cap edge"", affecting its overall appearance and functionality."
img_0025282.jpg,"cap, cap breakpoint, cap bad edge",389,"This baijiu industry (distilled spirits) picture displays a cap marred by ""cap breakpoint"" and ""cap bad edge"" defects. Please ensure the description is specific and accurate, avoiding vagueness."
img_0016835.jpg,"cap, cap bad edge",385,"This baijiu industry (distilled spirits) picture displays a cap with a ""misaligned cap liner"" defect, affecting the overall sealing quality.\n\nThe image of this baijiu cap reveals a ""chipped cap rim"" defect, potentially compromising the bottle's integrity."
img_0017221.jpg,"cap, normal coding",383,"This baijiu industry (distilled spirits) picture displays a cap with a ""best before date"" printed on it. The cap appears intact and free from any visible defects."
img_0019169.jpg,"cap, cap bad edge",385,"This baijiu industry (distilled spirits) picture showcases a cap with a noticeable ""misaligned cap edge"" defect, detracting from its overall appearance and functionality. The imperfection is clearly visible and may affect the proper sealing of the bottle, potentially compromising the quality of the product inside."
img_0004352.jpg,"cap, cap breakpoint, cap bad edge",389,"This baijiu industry (distilled spirits) picture showcases a cap with ""cap breakpoint"" flaw and ""cap bad edge"" imperfection. Please ensure the description is specific and accurate, avoiding ambiguity."
img_0016658.jpg,"cap, cap breakpoint, cap bad edge",389,"This baijiu industry (distilled spirits) picture displays a cap with the defects of ""cap breakpoint"" and ""cap bad edge"". Ensure the description is specific and accurate, avoiding ambiguity."
img_0004743.jpg,"cap, cap deformation",378,"This baijiu industry (distilled spirits) picture showcases a bottle cap with evident signs of ""cap deformation"" as a notable defect. The cap appears irregularly shaped, displaying a lack of uniformity and compromised integrity."
img_0020573.jpg,"cap, cap bad edge",385,"This baijiu industry (distilled spirits) picture showcases a cap marred by ""uneven cap edge"" imperfections.\n\nIn this image of a baijiu industry (distilled spirits) cap, visible defects include a ""cap with rough edges"" flaw."
img_0021681.jpg,"cap, cap bad edge",385,"This baijiu industry (distilled spirits) picture displays a cap with noticeable ""uneven cap edge"" defects. The cap exhibits irregularities along its edge, which may affect the overall sealing integrity and aesthetics of the bottle."
img_0006389.jpg,"cap, cap bad edge",385,"This baijiu industry (distilled spirits) picture displays a cap with a defect known as ""misaligned tamper-evident band."" The cap exhibits signs of ""uneven crimping"" defect, affecting its overall quality."
img_0019040.jpg,"cap, cap breakpoint, cap bad edge",389,"This baijiu industry (distilled spirits) picture displays a cap with ""cap breakpoint"" and ""cap bad edge"" defects. Ensure the description is specific and accurate, avoiding ambiguity."
img_0028456.jpg,"cap, cap bad edge",385,"This baijiu industry (distilled spirits) picture displays a cap with ""irregular cap edge"" imperfections. The image highlights a cap defect characterized by uneven and jagged edges, detracting from the overall aesthetic appeal."
img_0014437.jpg,"cap, cap bad edge",385,"This baijiu industry (distilled spirits) picture displays a cap with ""uneven cap edge"" imperfections. The cap exhibits a flaw in its construction where the edge appears irregular and uneven, potentially impacting the seal and aesthetics of the bottle."
img_0014113.jpg,"cap, cap bad edge",385,"This baijiu industry (distilled spirits) picture displays a cap with the defect of ""uneven cap edge,"" affecting its overall appearance and functionality."
img_0015915.jpg,"cap, cap bad edge",385,"This baijiu industry (distilled spirits) picture displays a bottle cap with a noticeable ""misaligned cap edges"" defect, affecting the overall appearance and functionality of the cap."
img_0002086.jpg,"cap, cap bad edge",385,"This baijiu industry (distilled spirits) picture displays a cap with ""misaligned cap edge"" defect, affecting the overall appearance and functionality of the cap."
img_0008191.jpg,"cap, cap bad edge",385,"This baijiu industry (distilled spirits) picture showcases a cap exhibiting ""uneven cap edge"" imperfections. The cap displays irregularities along its edge, potentially affecting the seal and aesthetics of the bottle."
img_0008544.jpg,"cap, cap bad edge",385,"This baijiu industry (distilled spirits) picture showcases a bottle cap with the defect of ""uneven cap edge"". The cap displays an imperfection where the edge is not uniform, potentially affecting the closure's sealing ability and overall aesthetic appeal."
img_0013068.jpg,"cap, cap deformation, cap bad edge",381,"This baijiu industry (distilled spirits) picture displays a cap marred by ""cap scratches"", ""cap dent"", and ""cap uneven closure"" defects."
img_0023333.jpg,"cap, cap bad edge",385,"This baijiu industry (distilled spirits) picture captures a cap with a flaw characterized by a rough and uneven edge, indicating a ""cap bad edge"" defect."
img_0012855.jpg,"cap, cap deformation",378,"This baijiu industry (distilled spirits) picture showcases a cap with ""misshapen cap structure"" and ""cracked cap surface"" defects."
img_0023281.jpg,"cap, cap bad edge",385,"This baijiu industry (distilled spirits) picture reveals a cap marred by ""cap damage"" and ""cap bad edge"" defects."
img_0018714.jpg,"cap, cap bad edge",385,"This baijiu industry (distilled spirits) picture displays a cap with a defect known as ""uneven cap edge."""
img_0015679.jpg,"cap, cap deformation, cap bad edge",381,"This baijiu industry (distilled spirits) picture showcases a cap marred by ""cap dent"" and ""cap rough surface"" flaws."
img_0029347.jpg,"cap, cap bad edge",385,"This baijiu industry (distilled spirits) picture showcases a cap with ""uneven cap edge"" imperfections.\n\nThe image displays a baijiu cap marred by ""cap surface dent"" defects."
img_0009549.jpg,"cap, cap deformation, cap bad edge",381,"This baijiu industry (distilled spirits) picture displays a cap with evident ""cap deformation"" and ""cap damage"" issues, alongside a noticeable ""cap bad edge"" defect."
img_0012670.jpg,"cap, cap bad edge",385,"This baijiu industry (distilled spirits) picture displays a cap with evident ""cap damage"" and ""cap bad edge"" flaws, showcasing imperfections that affect the overall appearance and functionality of the cap."
img_0005373.jpg,"cap, cap bad edge",385,"This baijiu industry (distilled spirits) picture displays a bottle cap with ""irregular cap edge"" flaws, compromising the overall appearance and functionality of the cap."
img_0023640.jpg,"cap, cap bad edge",385,"This baijiu industry (distilled spirits) picture displays a cap with the defect of ""irregular cap edge"" which may affect the sealing quality and aesthetics of the bottle."
img_0010455.jpg,"cap, cap bad edge",385,"This baijiu industry (distilled spirits) picture displays a cap with noticeable ""uneven cap edge"" defects. The imperfection is characterized by irregularities and roughness along the edge of the cap, impacting its overall appearance and functionality."
img_0018000.jpg,"cap, cap bad edge",385,"This baijiu industry (distilled spirits) picture displays a cap with noticeable ""uneven cap threads"" defects."
img_0006225.jpg,"cap, cap breakpoint, cap bad edge",389,"This baijiu industry (distilled spirits) picture showcases a cap marred by ""fractured cap surface"" and ""uneven cap edge"" defects."
img_0022897.jpg,"cap, cap bad edge",385,"This baijiu industry (distilled spirits) picture displays a bottle cap with visible ""uneven crimping"" imperfections."
img_0025828.jpg,"cap, cap deformation, cap bad edge",381,"This baijiu cap image exhibits defects such as ""cracked cap surface,"" ""misshapen cap structure,"" and ""uneven cap rim."" The imperfections on the cap are evident, indicating issues with its overall integrity and quality."
img_0028366.jpg,cap,382,"This baijiu industry (distilled spirits) picture displays a cap with noticeable scratches and dents, indicating ""cap damage"" defects. The cap's surface appears tarnished and has irregularities, compromising its overall aesthetic appeal and functionality."
img_0000642.jpg,"cap, cap bad edge",385,"This baijiu industry (distilled spirits) picture displays a cap with noticeable ""cap bad edge"" defects. The edges of the cap appear irregular and uneven, indicating a lack of precision in the manufacturing process."
img_0012222.jpg,"cap, cap bad edge",385,"This baijiu industry (distilled spirits) picture captures a bottle cap with noticeable ""uneven edges"" as a defect."
img_0005191.jpg,"cap, cap bad edge",385,"This baijiu industry (distilled spirits) picture features a cap with noticeable ""uneven cap edge"" defects, detracting from its overall appearance and functionality. The imperfection is characterized by irregularities along the edge of the cap, affecting the seal and potentially compromising the quality of the baijiu inside."
img_0012110.jpg,"cap, cap bad edge",385,"This baijiu industry (distilled spirits) picture displays a cap with noticeable irregularities along the edge, indicating a ""cap bad edge"" defect."
img_0025041.jpg,"cap, cap deformation",378,"This baijiu industry (distilled spirits) picture showcases a cap with noticeable ""misshapen cap"" flaws.\n\nWithin this baijiu industry (distilled spirits) context, the image depicts a cap exhibiting clear signs of ""cap distortion"" issues."
img_0000393.jpg,"cap, cap bad edge",385,"This baijiu industry (distilled spirits) image showcases a cap with noticeable ""uneven cap edge"" imperfections. The cap's edge appears slightly jagged and irregular, indicating a manufacturing flaw that affects its overall aesthetic appeal."
img_0002939.jpg,"cap, cap deformation, normal coding, cap bad edge",390,"This baijiu cap image exhibits defects in the form of ""misshapen cap structure"", ""typical labeling"", and ""imperfect cap rim""."
img_0009364.jpg,"cap, cap bad edge",385,"This baijiu industry (distilled spirits) picture displays a cap with noticeable ""irregular cap edge"" imperfections. The cap's edge appears uneven and jagged, indicating a manufacturing defect that may affect the overall quality and seal of the bottle."
img_0009908.jpg,"cap, cap bad edge",385,"This baijiu industry (distilled spirits) picture features a cap with noticeable ""cap bad edge"" defects, where the edge of the cap appears uneven and jagged, potentially impacting the overall aesthetic appeal and functionality of the bottle closure."
img_0004880.jpg,"cap, cap bad edge",385,"This baijiu industry (distilled spirits) picture displays a bottle cap with noticeable ""irregular cap threading"" imperfections."
img_0000717.jpg,"cap, cap bad edge",385,"This baijiu industry (distilled spirits) picture showcases a cap with noticeable ""uneven cap edge"" imperfections. The cap exhibits a flaw where the edges are irregularly shaped, affecting the overall aesthetics and functionality of the product."
img_0011339.jpg,"cap, cap bad edge",385,"This baijiu industry (distilled spirits) picture depicts a cap with noticeable ""uneven cap edge"" defect, affecting its overall appearance."
img_0004320.jpg,"cap, cap bad edge",385,"This baijiu industry (distilled spirits) picture captures a cap with noticeable ""uneven cap edge"" flaw, impacting the overall aesthetics and functionality of the bottle closure."
img_0006631.jpg,"cap, cap bad edge",385,"This baijiu industry (distilled spirits) picture displays a cap with the defect of ""uneven cap edge"", impacting the overall aesthetics and functionality of the bottle closure."
img_0027528.jpg,"cap, cap bad edge",385,"This baijiu industry (distilled spirits) picture showcases a cap with an evident ""uneven cap edge"" defect. The cap's irregular and jagged edge compromises its overall quality and appearance, highlighting a significant flaw in the product."
img_0019793.jpg,"cap, cap bad edge",385,"This baijiu industry (distilled spirits) picture displays a cap with a defect known as ""cap irregular edge"", showing a noticeable deviation in the smoothness and shape of the edge."
img_0024598.jpg,"cap, cap bad edge",385,"This baijiu industry (distilled spirits) picture displays a cap with a noticeable ""uneven cap edge"" flaw. The cap shows a defect where the edge is not uniform, potentially affecting the seal and overall appearance of the bottle."
img_0028773.jpg,"cap, cap bad edge",385,"This baijiu industry (distilled spirits) picture showcases a bottle cap with noticeable imperfections along the edges, indicating a ""cap bad edge"" defect."
img_0007071.jpg,"cap, cap breakpoint, normal coding, cap bad edge",392,"This baijiu industry (distilled spirits) picture displays a cap with ""cap fracture"", ""standard imprinting"", and ""irregular cap edge"" imperfections."
img_0019284.jpg,"cap, cap bad edge",385,"This baijiu industry (distilled spirits) picture captures a bottle cap exhibiting the defect of ""uneven cap edge,"" affecting the overall appearance and functionality of the cap."
img_0015756.jpg,"cap, cap bad edge",385,"This baijiu industry (distilled spirits) picture depicts a bottle cap exhibiting the defect of ""uneven cap edge,"" which may affect the seal and aesthetics of the product."
img_0025307.jpg,"cap, cap bad edge",385,"This baijiu industry (distilled spirits) picture captures a cap showcasing the defect of ""uneven cap edges,"" which indicate a lack of precision in the manufacturing process."
img_0024121.jpg,"cap, cap breakpoint, cap bad edge",389,"This baijiu industry (distilled spirits) picture exhibits a cap with a noticeable ""cap breakpoint"" flaw and an irregular ""cap bad edge"" defect. Please ensure the description is specific and accurate, avoiding ambiguity."
img_0010171.jpg,cap,382,"This baijiu industry (distilled spirits) picture showcases a bottle cap exhibiting signs of ""cap damage,"" such as dents, scratches, and chipping, affecting its overall appearance and functionality. The defects are prominent and may compromise the seal and preservation of the baijiu, diminishing its quality and appeal to consumers."
img_0022016.jpg,cap,382,"This baijiu industry (distilled spirits) picture captures a cap with noticeable ""scratches and dents"" as evident defects."
img_0029593.jpg,"cap, cap bad edge",385,"This baijiu industry (distilled spirits) picture displays a bottle cap with ""uneven and jagged cap edges"" as a defect."
img_0019640.jpg,"cap, cap breakpoint",379,"This baijiu industry (distilled spirits) picture showcases a cap with a noticeable ""cap breakpoint"" defect, characterized by a clear break in the surface of the cap, potentially compromising the seal of the bottle."
img_0021034.jpg,"cap, cap bad edge",385,"This baijiu industry (distilled spirits) picture features a cap exhibiting the defect of ""uneven cap edge."" The cap's irregular edge may compromise the seal and overall aesthetic appeal of the bottle."
img_0002115.jpg,"cap, cap bad edge",385,"This baijiu industry (distilled spirits) picture displays a bottle cap with noticeable ""misaligned tamper-evident band"" defect. The cap exhibits a clear imperfection in its sealing mechanism, highlighting a potential quality issue that may affect the product's integrity."
img_0011871.jpg,"cap, cap bad edge",385,"This baijiu industry (distilled spirits) picture showcases a bottle cap with a noticeable defect known as ""misaligned cap seam."" The flaw is characterized by an uneven and imperfect edge, impacting the overall aesthetics and potentially compromising the seal of the bottle."
img_0016027.jpg,"cap, cap breakpoint, cap bad edge",389,"This baijiu industry (distilled spirits) picture displays a cap with the defects of ""cap breakpoint"" and ""cap bad edge."" Please ensure the description is specific and accurate, avoiding ambiguity."
img_0008747.jpg,"cap, cap bad edge",385,"This baijiu industry (distilled spirits) picture displays a cap with the defect of ""uneven cap edge""."
img_0005888.jpg,"cap, cap bad edge",385,"This baijiu industry (distilled spirits) picture captures a bottle cap exhibiting a defect known as ""uneven cap edge."" The flaw is characterized by irregularities along the rim of the cap, potentially compromising the seal of the bottle."
img_0027393.jpg,"cap, cap bad edge",385,"This baijiu industry (distilled spirits) picture displays a bottle cap with noticeable irregularities along its edge, indicating a ""cap bad edge"" defect."
img_0001570.jpg,"cap, cap bad edge",385,"This baijiu industry (distilled spirits) picture showcases a cap with visible signs of ""uneven cap edges"" defect.\n\nIn this image related to baijiu industry, the cap displays a flaw characterized by irregular and misaligned cap edges."
img_0013018.jpg,"cap, cap bad edge",385,"This baijiu industry (distilled spirits) picture showcases a cap with noticeable ""uneven cap edge"" imperfections. The cap exhibits a defect characterized by irregular and jagged edges, potentially compromising the seal and aesthetic appeal of the bottle."
img_0001975.jpg,"cap, cap breakpoint, cap bad edge",389,"This baijiu industry (distilled spirits) picture exhibits a cap flaw with a distinctive ""cap breakpoint"" and an imperfection in the form of a ""cap bad edge"". 

Please make sure the description is specific and accurate, avoiding ambiguity."
img_0010685.jpg,"cap, cap bad edge",385,"This baijiu industry (distilled spirits) picture showcases a cap with the defect of ""uneven cap edge"", affecting the overall appearance and functionality of the bottle."
img_0023157.jpg,"cap, cap breakpoint, cap bad edge",389,"This baijiu industry (distilled spirits) picture showcases a cap with noticeable ""cap breakpoint"", as well as ""cap bad edge"" defects, highlighting imperfections in the closure's structure and finish."
img_0017769.jpg,"cap, cap bad edge",385,"This baijiu industry (distilled spirits) picture displays a cap with noticeable ""uneven cap edge"" defects."
img_0011526.jpg,"cap, cap bad edge",385,"This baijiu industry (distilled spirits) picture depicts a cap with an imperfection known as ""uneven cap edge,"" showcasing a flaw in the manufacturing process."
img_0015420.jpg,"cap, cap bad edge",385,"This baijiu industry (distilled spirits) picture displays a cap with the defect of ""uneven cap edge."" The cap exhibits a noticeable irregularity along its edge, potentially impacting the seal quality of the bottle."
img_0017559.jpg,"cap, cap bad edge",385,"This baijiu industry (distilled spirits) picture displays a cap with the defect of ""uneven cap edges,"" detracting from its overall appearance and functionality."
img_0003584.jpg,"cap, cap bad edge",385,"This baijiu industry (distilled spirits) picture displays a cap with the defect of ""uneven cap rim"". The cap's edge appears irregular and poorly finished, indicating a quality issue that may affect the overall sealing of the bottle."
img_0022113.jpg,"cap, cap bad edge",385,"This baijiu industry (distilled spirits) picture displays a cap with the defect of ""uneven cap edge"". The cap exhibits visible irregularities along its edge, indicating a potential flaw in the manufacturing process."
img_0010453.jpg,"cap, cap bad edge",385,"This baijiu industry (distilled spirits) picture captures a cap with noticeable ""uneven cap edge"" defects, affecting the overall appearance and functionality of the bottle."
img_0004929.jpg,"cap, cap bad edge",385,"This baijiu industry (distilled spirits) picture displays a bottle cap with a noticeable defect known as ""cap bad edge,"" where the edge of the cap appears uneven and jagged, potentially affecting the seal and overall aesthetic quality of the product."
img_0012796.jpg,"cap, cap bad edge",385,"This baijiu industry (distilled spirits) picture displays a bottle cap with the defect of ""uneven cap edge""."
img_0023532.jpg,"cap, cap bad edge",385,"This baijiu industry (distilled spirits) picture displays a cap with noticeable ""chipped cap rim"" defects, affecting the overall integrity of the bottle closure."
img_0009113.jpg,"cap, cap deformation, cap bad edge",381,"This baijiu industry (distilled spirits) picture exhibits a cap marred by ""misshapen cap structure"", ""impaired cap integrity"", ""faulty cap sealing"" defects."
img_0013965.jpg,"cap, cap deformation, cap bad edge",381,"This baijiu industry (distilled spirits) picture exhibits a cap with noticeable ""cap warping"", ""cap dent"", and ""cap rough edge"" defects."
img_0005884.jpg,"cap, cap deformation, cap bad edge",381,"This baijiu industry (distilled spirits) picture displays a cap with noticeable ""cap deformation"" alongside ""cap bad edge"" defects."
img_0026046.jpg,"cap, cap bad edge",385,"This baijiu industry (distilled spirits) picture captures a cap exhibiting the defect of ""uneven cap edge,"" affecting the overall appearance."
img_0016313.jpg,"cap, cap bad edge",385,"This baijiu industry (distilled spirits) picture displays a cap with evident ""cap damage"" and ""cap bad edge"" imperfections, highlighting flaws in craftsmanship and quality control."
img_0001996.jpg,"cap, cap bad edge",385,"This baijiu industry (distilled spirits) picture displays a cap with noticeable ""uneven cap edge"" imperfections."
img_0027015.jpg,"cap, cap bad edge",385,"This baijiu industry (distilled spirits) picture displays a bottle cap with a noticeable ""uneven rim"" defect, affecting its overall appearance and functionality. The cap's edge appears jagged and irregular, potentially leading to difficulties in sealing the bottle properly."
img_0029452.jpg,"cap, cap bad edge",385,"This baijiu industry (distilled spirits) picture captures a cap marred by ""misaligned tamper band"" defect. The cap exhibits a noticeable deviation in the alignment of the tamper-evident band, compromising the overall aesthetic appeal and functionality of the packaging."
img_0006603.jpg,"cap, cap bad edge",385,"This baijiu industry (distilled spirits) picture displays a bottle cap with noticeable ""uneven edge"" defects. The cap appears to have irregularities along its rim, indicating a potential production flaw impacting its overall quality."
img_0022760.jpg,"cap, cap breakpoint, cap bad edge",389,"This baijiu industry (distilled spirits) picture depicts a cap with noticeable ""cap breakpoint"" and ""cap bad edge"" defects. Please ensure the description is specific and accurate to avoid ambiguity."
img_0024329.jpg,"cap, cap bad edge",385,"This baijiu industry (distilled spirits) picture showcases a cap with noticeable ""misaligned tamper-evident band"" defect. The image also reveals a cap with ""imperfect embossing"" issue, affecting its overall aesthetic appeal."
img_0018630.jpg,"cap, cap bad edge",385,"This baijiu industry (distilled spirits) picture showcases a bottle cap with a noticeable defect in the form of a jagged, uneven cap edge.\nThis image highlights a cap flaw characterized by an irregular and rough perimeter, affecting the overall aesthetic appeal and functionality of the cap."
img_0004378.jpg,"cap, cap bad edge",385,"This baijiu industry (distilled spirits) picture displays a bottle cap with the defect of ""uneven cap edge"". The cap exhibits a noticeable irregularity in its edge, affecting its overall appearance and functionality."
img_0026535.jpg,"cap, cap deformation, cap bad edge",381,"This baijiu industry (distilled spirits) picture exhibits a cap with a noticeable ""cap deformation"" flaw, alongside an issue of ""cap bad edge"" affecting the overall appearance and functionality of the cap."
img_0007727.jpg,"cap, cap bad edge",385,"This baijiu industry (distilled spirits) picture features a cap with noticeable ""uneven cap edge"" defects, impacting its overall appearance and functionality."
img_0001762.jpg,"cap, cap bad edge",385,"This baijiu industry (distilled spirits) picture displays a cap with a noticeable defect known as ""misaligned tamper-evident ring"". The cap's imperfection is characterized by an irregular and out-of-place tamper-evident ring, indicating a potential issue with the sealing integrity of the bottle."
img_0007781.jpg,"cap, cap bad edge",385,"This baijiu industry (distilled spirits) picture features a cap with noticeable ""uneven and jagged edges,"" indicating a defect in the cap's finishing."
img_0014107.jpg,"cap, cap breakpoint, cap bad edge",389,"This baijiu industry (distilled spirits) picture displays a cap with ""cap breakage"" and ""cap irregular edge"" imperfections. Be sure to provide specific and accurate descriptions to avoid ambiguity."
img_0010266.jpg,"cap, cap bad edge",385,"This baijiu industry (distilled spirits) picture displays a cap with a defect known as ""uneven cap edge."" The cap exhibits a noticeable imperfection along its edge, affecting its overall appearance and functionality."
img_0013457.jpg,"cap, cap bad edge",385,"This baijiu industry (distilled spirits) picture features a cap with noticeable ""uneven cap edges"" defects. The imperfections are clearly visible, affecting the overall aesthetics and quality of the cap."
img_0010165.jpg,"cap, cap bad edge",385,"This baijiu industry (distilled spirits) picture showcases a cap with a noticeable ""cap bad edge"" defect, which may affect the sealing quality and overall aesthetic appeal of the bottle."
img_0023688.jpg,"cap, cap bad edge",385,"This baijiu industry (distilled spirits) picture showcases a bottle cap with noticeable ""cap surface scratch"" imperfections.\n\nThis baijiu industry (distilled spirits) image reveals a cap with clear ""cap color inconsistency"" flaws."
img_0005056.jpg,"cap, cap bad edge",385,"This baijiu industry (distilled spirits) picture displays a cap with a noticeable defect known as ""misaligned cap edge."" The flaw appears as a slight misalignment along the rim of the cap, affecting its overall sealing integrity and aesthetics."
img_0017280.jpg,"cap, cap bad edge",385,"This baijiu industry (distilled spirits) picture captures a bottle cap with noticeable ""uneven cap edge"" imperfections. The edge of the cap appears jagged and irregular, which could potentially affect the seal and overall aesthetic of the bottle."
img_0009573.jpg,"cap, cap bad edge",385,"This baijiu industry (distilled spirits) picture displays a cap with the defect of ""uneven and jagged cap edge"", affecting its overall appearance and functionality."
img_0028521.jpg,"cap, cap bad edge",385,"This baijiu industry (distilled spirits) picture showcases a cap with a noticeable defect known as ""misshapen cap edge,"" adding an unwanted irregularity to the overall appearance of the bottle cap."
img_0010274.jpg,"cap, cap bad edge",385,"This baijiu industry (distilled spirits) picture exhibits a cap with a noticeable defect in the form of a ""scratched cap surface"", affecting its overall appearance."
img_0012069.jpg,"cap, cap bad edge",385,"This baijiu industry (distilled spirits) picture showcases a cap exhibiting the defect of ""uneven cap edge."" The cap's edge appears irregular and poorly finished, affecting the overall aesthetic appeal and functionality of the cap."
img_0008774.jpg,"cap, cap bad edge",385,"This baijiu industry (distilled spirits) picture displays a cap with the defect of ""uneven and jagged cap edge."""
img_0008286.jpg,cap,382,"This baijiu industry (distilled spirits) picture displays a bottle cap with noticeable ""scratched surface"" defects.\n\nThe image captures a cap with evident ""misaligned tamper-evident band"" defects, affecting its overall appearance and functionality."
img_0012326.jpg,"cap, cap bad edge",385,"This baijiu industry (distilled spirits) picture displays a cap with ""cap bad edge"" defects.
The image captures a baijiu cap marred by imperfections along its edge, highlighting a quality issue in the production process."
img_0026459.jpg,"cap, cap bad edge",385,"This baijiu industry (distilled spirits) picture displays a cap marred by ""cap damage"" and ""cap bad edge"" imperfections."
img_0003153.jpg,"cap, cap bad edge",385,"This baijiu industry (distilled spirits) picture exhibits a cap featuring the defect of ""uneven cap edge."" This flaw is characterized by irregularities along the rim of the cap, potentially compromising the sealing integrity of the bottle."
img_0011447.jpg,"cap, cap bad edge",385,"This baijiu industry (distilled spirits) picture showcases a cap with noticeable defects such as ""uneven cap edge,"" affecting the overall appearance and functionality of the bottle."
img_0026463.jpg,"cap, cap bad edge",385,"This baijiu industry (distilled spirits) picture displays a cap with noticeable ""irregular cap edge"" flaws."
img_0027971.jpg,"cap, cap bad edge",385,"This baijiu industry (distilled spirits) picture displays a cap with evident ""cap damage"" and ""cap bad edge"" issues."
img_0024522.jpg,"cap, cap bad edge",385,"This baijiu industry (distilled spirits) picture showcases a cap marred by ""uneven cap edge"" flaw.\n\nThis image of a baijiu cap illustrates a defect characterized by an irregular and jagged edge."
img_0020858.jpg,"cap, cap bad edge",385,"This baijiu industry (distilled spirits) picture exhibits a cap with a noticeable defect known as ""uneven cap edge."" The imperfection is characterized by irregularities along the rim of the cap, affecting its overall appearance and functionality."
img_0012260.jpg,"cap, cap bad edge",385,"This baijiu industry (distilled spirits) picture features a cap exhibiting ""irregular cap edge"" imperfections. The cap's edge is uneven and shows signs of damage, affecting its overall appearance and functionality."
img_0004564.jpg,cap,382,"This baijiu industry (distilled spirits) picture displays a cap with noticeable ""crushed edges"" defect.\n\nCaptured in the image is a baijiu cap marred by ""scratches"" and ""dings"" along its rim, indicating potential quality issues."
img_0011725.jpg,"cap, cap deformation, cap bad edge",381,"This baijiu industry (distilled spirits) picture displays a cap with ""cap deformation"" and ""imperfect cap edge"" defects."
img_0028268.jpg,"cap, cap bad edge",385,"This baijiu industry (distilled spirits) picture showcases a cap with noticeable ""uneven cap edges"" defect, hinting at potential quality issues."
img_0001430.jpg,"cap, cap bad edge",385,"This baijiu industry (distilled spirits) picture displays a cap with noticeable ""uneven sealing"" issues."
img_0024259.jpg,"cap, cap bad edge",385,"This baijiu industry (distilled spirits) picture displays a cap marred by ""chipped cap surface"" and ""misshapen cap edge"" defects."
img_0028715.jpg,"cap, cap bad edge",385,"This baijiu industry (distilled spirits) picture displays a cap with the defect of ""uneven cap edge,"" affecting its overall appearance and functionality."
img_0016073.jpg,"cap, cap bad edge",385,"This baijiu industry (distilled spirits) picture showcases a cap with noticeable ""uneven and jagged edge"" defects, affecting its overall aesthetic appeal and potentially compromising the bottle's seal."
img_0015593.jpg,"cap, cap bad edge",385,"This baijiu industry (distilled spirits) picture captures a cap with noticeable ""uneven cap edge"" imperfections. The defect is evident in the irregular and jagged edge of the cap, indicating a manufacturing flaw that affects the overall appearance and functionality of the bottle closure."
img_0026292.jpg,"cap, cap bad edge",385,"This baijiu industry (distilled spirits) picture captures a cap with noticeable ""scratched surface"", ""uneven closure"" defects."
img_0003307.jpg,"cap, cap bad edge",385,"This baijiu industry (distilled spirits) picture captures a cap with a prominent ""misaligned threading"" defect.\n\nWithin the baijiu industry, this image showcases a cap marred by the presence of ""visible scratches"" as a notable defect."
img_0012903.jpg,"cap, cap bad edge",385,"This baijiu industry (distilled spirits) picture displays a cap with the defects of ""cap damage"" and ""imperfect cap edge""."
img_0000472.jpg,"cap, cap bad edge",385,"This baijiu industry (distilled spirits) picture displays a cap featuring the defect of ""uneven cap edge"", affecting the overall appearance and functionality of the packaging."
img_0012193.jpg,"cap, cap breakpoint, cap bad edge",389,"This baijiu industry (distilled spirits) picture displays a cap with ""cracked cap surface"", ""irregular cap edge"", ""cap dent"" defects."
img_0021415.jpg,"cap, cap bad edge",385,"This baijiu industry (distilled spirits) picture captures a bottle cap exhibiting the defect of ""uneven cap edge""."
img_0001594.jpg,"cap, cap bad edge",385,"This baijiu industry (distilled spirits) picture showcases a bottle cap with a ""misshapen rim"" defect.\n\nThe image reveals a baijiu cap marred by ""uneven grooves"" around its edge, indicating a manufacturing flaw."
img_0025849.jpg,"cap, cap bad edge",385,"This baijiu industry (distilled spirits) picture displays a cap with noticeable ""cap damage"" and ""imperfect cap edge"" defects."
img_0006509.jpg,"cap, cap bad edge",385,"This baijiu industry (distilled spirits) picture displays a cap with noticeable defects along the edge, indicating ""cap bad edge"" issues."
img_0020156.jpg,"cap, cap bad edge",385,"This baijiu industry (distilled spirits) picture displays a cap with noticeable ""uneven surface texture"" defect."
img_0004241.jpg,"cap, cap bad edge",385,"This baijiu industry (distilled spirits) picture showcases a cap marred by ""uneven cap edge"" imperfections. The cap exhibits noticeable irregularities along its edge, compromising its overall aesthetic appeal and functional integrity."
img_0011929.jpg,"cap, cap bad edge",385,"This baijiu industry (distilled spirits) picture displays a cap characterized by the defect of ""uneven cap edge""."
img_0007082.jpg,"cap, cap bad edge",385,"This baijiu industry (distilled spirits) picture captures a cap with a noticeable defect in the form of a ""misaligned cap seam."""
img_0008874.jpg,"cap, cap bad edge",385,"This baijiu industry (distilled spirits) picture displays a cap presenting a defect known as ""cap bad edge,"" characterized by irregular, rough edges on the cap surface."
img_0025095.jpg,"cap, cap bad edge",385,"This baijiu industry (distilled spirits) picture displays a bottle cap with noticeable ""uneven cap edge"" imperfections."
img_0024463.jpg,"cap, cap bad edge",385,"This baijiu industry (distilled spirits) picture showcases a cap with noticeable ""misaligned tamper-evident band"" defect. The cap also exhibits a ""rough and uneven edge"" issue, impacting its overall appearance and functionality."
img_0020550.jpg,"cap, cap deformation",378,"This baijiu industry (distilled spirits) picture showcases a cap with noticeable ""uneven crimping"" defects. The cap displays clear signs of ""misaligned tamper-evident band,"" affecting its overall quality and functionality."
img_0028919.jpg,"cap, cap deformation, cap bad edge",381,"This baijiu industry (distilled spirits) picture captures a bottle cap with noticeable ""cap scratches"", ""cap discoloration"", and ""cap irregularities"" defects."
img_0001396.jpg,"cap, cap bad edge",385,"This baijiu industry (distilled spirits) picture displays a cap with noticeable ""uneven cap edge"" defects. The cap exhibits irregularities along its edges, which may affect the overall seal and presentation of the bottle."
img_0024389.jpg,"cap, cap bad edge",385,"This baijiu industry (distilled spirits) picture showcases a cap marred by ""scratched surface"" and ""dented rim"" defects."
img_0008244.jpg,"cap, cap bad edge",385,"This baijiu industry (distilled spirits) picture displays a cap with the defect of ""uneven cap edge""."
img_0007681.jpg,"cap, cap breakpoint, cap bad edge",389,"This baijiu industry (distilled spirits) picture displays a cap exhibiting ""cap fracture line"" and ""cap irregular edge"" imperfections. Please ensure the description is specific and accurate without ambiguity."
img_0027418.jpg,cap,382,"This baijiu industry (distilled spirits) picture showcases a cap with noticeable signs of ""cap damage,"" including dents and scratches, compromising its overall integrity and aesthetic appeal."
img_0001441.jpg,"cap, cap bad edge",385,"This baijiu industry (distilled spirits) picture displays a cap with a ""chipped cap rim"" defect. The cap exhibits a noticeable flaw along its edge, affecting the overall appearance and quality of the product."
img_0020257.jpg,"cap, cap bad edge",385,"This baijiu industry (distilled spirits) picture captures a cap with noticeable imperfections along the cap edge, indicative of ""cap bad edge"" defects."
img_0020074.jpg,"cap, cap bad edge",385,"This baijiu industry (distilled spirits) picture showcases a bottle cap with the defect of ""uneven cap edge"", affecting the overall sealing quality and appearance of the cap."
img_0023180.jpg,"cap, cap bad edge",385,"This baijiu industry (distilled spirits) picture showcases a cap with noticeable ""misaligned tamper-evident band"" defect."
img_0018866.jpg,"cap, cap bad edge",385,"This baijiu industry (distilled spirits) picture displays a bottle cap with noticeable ""cap surface scratches"" defects."
img_0008975.jpg,"cap, cap bad edge",385,"This baijiu industry (distilled spirits) picture showcases a bottle cap with a noticeable ""misaligned cap seal"" defect. The cap appears slightly off-center, compromising its tight seal and potentially affecting the product's freshness and integrity."
img_0010912.jpg,"cap, cap bad edge",385,"This baijiu industry (distilled spirits) picture displays a cap with noticeable ""uneven cap edge"" imperfections, indicating a potential manufacturing flaw. The cap's irregular edge may compromise the overall seal quality, affecting the freshness and integrity of the baijiu inside."
img_0014944.jpg,"cap, cap bad edge",385,"This baijiu industry (distilled spirits) picture showcases a cap with the defect of ""irregular cap edge,"" affecting the overall appearance and functionality."
img_0021216.jpg,"cap, cap bad edge",385,"This baijiu industry (distilled spirits) picture features a cap with noticeable ""dented rim"" imperfections."
img_0003489.jpg,"cap, cap bad edge",385,"This baijiu industry (distilled spirits) picture displays a bottle cap with noticeable ""uneven edges"" defect, affecting the overall appearance and functionality of the cap."
img_0000152.jpg,"cap, cap deformation",378,"This baijiu industry (distilled spirits) picture showcases a cap with noticeable ""uneven crimping"" defects, affecting its overall appearance and functionality. The deformity is evident in the irregular creasing along the edges of the cap, compromising its seal and potentially leading to leakage or contamination issues."
img_0007972.jpg,"cap, cap bad edge",385,"This baijiu industry (distilled spirits) picture showcases a bottle cap with noticeable ""uneven cap edge"" imperfections.\n\nThe image captures a cap defect characterized by irregularities along the edge, potentially affecting the seal and overall aesthetics of the bottle."
img_0020981.jpg,cap,382,"This baijiu industry (distilled spirits) picture showcases a cap with visible signs of ""scratches and dents"" defects, affecting its overall appearance and functionality."
img_0026651.jpg,"cap, normal coding, cap bad edge",387,"This baijiu industry (distilled spirits) picture displays a cap with ""standard embossing"" and ""uneven cap edge"" anomalies."
img_0001858.jpg,"cap, cap deformation, cap bad edge",381,"This baijiu industry (distilled spirits) picture showcases a cap marred by ""distorted cap shape"" and ""uneven cap edge"" flaws."
img_0013459.jpg,"cap, cap bad edge",385,"This baijiu industry (distilled spirits) picture displays a bottle cap with noticeable ""uneven crimping"" defects."
img_0024058.jpg,"cap, cap bad edge",385,"This baijiu industry (distilled spirits) picture captures a cap exhibiting ""cracked cap surface"" and ""uneven cap closure"" defects."
img_0025280.jpg,"cap, cap bad edge",385,"This baijiu industry (distilled spirits) picture exhibits a cap with noticeable ""cap bad edge"" imperfections, affecting the overall appearance and functionality of the bottle closure."
img_0024406.jpg,"cap, cap bad edge",385,"This baijiu industry (distilled spirits) picture showcases a cap with a noticeable defect known as ""cap bad edge,"" where the edge of the cap appears uneven and jagged, potentially affecting the seal and overall appearance of the bottle."
img_0021846.jpg,"cap, cap bad edge",385,"This baijiu industry (distilled spirits) picture depicts a cap with noticeable ""uneven cap surface"" defects."
img_0018957.jpg,"cap, cap deformation",378,"This baijiu industry (distilled spirits) picture displays a bottle cap with evident ""misshapen cap"" imperfections, indicating manufacturing flaws."
img_0027830.jpg,"cap, cap bad edge",385,"This baijiu industry (distilled spirits) picture displays a cap with noticeable ""cap damage"" and ""cap bad edge"" defects."
img_0026659.jpg,"cap, cap breakpoint, cap bad edge",389,"This baijiu industry (distilled spirits) picture features a cap exhibiting ""cap breakpoint"" and ""cap bad edge"" defects. Please ensure the description is specific and accurate, avoiding ambiguity."
img_0016594.jpg,"cap, cap bad edge",385,"This baijiu industry (distilled spirits) picture displays a cap marred by ""uneven cap edges"" imperfections."
img_0015124.jpg,"cap, cap deformation, cap bad edge",381,"This baijiu industry (distilled spirits) picture displays a cap with noticeable ""cracked cap surface"", ""uneven cap closure"", and ""cap rusting"" defects."
img_0014094.jpg,"cap, cap bad edge",385,"This baijiu industry (distilled spirits) picture depicts a cap featuring ""imperfectly aligned threads"" as a defect.\n\nWithin the baijiu industry, this image showcases a cap with noticeable ""uneven embossing"" as a defect."
img_0022000.jpg,"cap, cap bad edge",385,"This baijiu industry (distilled spirits) picture features a cap with noticeable ""chipped cap edge"" imperfections.\n\nIn this image of a baijiu cap, you can observe a defect characterized by a rough and uneven edge, indicating potential quality control issues."
img_0011867.jpg,"cap, cap bad edge",385,"This baijiu industry (distilled spirits) picture displays a cap with prominent ""uneven cap edge"" flaw. The cap shows clear signs of irregularity and lack of uniformity in its edge, indicating a manufacturing defect."
img_0020794.jpg,"cap, cap bad edge",385,"This baijiu industry (distilled spirits) picture showcases a cap marred by ""cap damage"" and ""cap bad edge"" imperfections."
img_0018690.jpg,"cap, cap bad edge",385,"This baijiu industry (distilled spirits) picture displays a bottle cap with a noticeable ""uneven cap edge"" flaw."
img_0001473.jpg,"cap, cap bad edge",385,"This baijiu industry (distilled spirits) picture displays a cap with noticeable ""uneven cap edge"" imperfections. The cap exhibits a lack of smoothness and uniformity along its edge, suggesting a manufacturing flaw that affects its overall appearance and functionality."
img_0007072.jpg,"cap, cap bad edge",385,"This baijiu industry (distilled spirits) picture displays a cap with noticeable ""uneven cap edge"" imperfections. The cap exhibits irregularities along its edge, impacting its overall appearance and functionality."
img_0025725.jpg,"cap, cap bad edge",385,"This baijiu industry (distilled spirits) picture captures a cap with noticeable ""uneven cap edge"" defect, clearly visible upon closer inspection. This baijiu cap exhibits a flaw where the edge of the cap appears jagged and irregular, potentially affecting the seal and overall aesthetic appeal of the bottle."
img_0008450.jpg,"cap, cap bad edge",385,"This baijiu industry (distilled spirits) picture displays a cap with noticeable ""uneven surface"" defects."
img_0000395.jpg,"cap, cap bad edge",385,"This baijiu industry (distilled spirits) picture displays a cap marred by ""crushed cap"", ""dented edge"" imperfections."
img_0028684.jpg,"cap, cap bad edge",385,"This baijiu industry (distilled spirits) picture showcases a bottle cap with noticeable ""irregular cap edge"" imperfections. The cap appears to have uneven and jagged edges, potentially compromising its seal and overall aesthetic appeal."
img_0025240.jpg,"cap, cap bad edge",385,"This baijiu industry (distilled spirits) picture captures a cap with noticeable ""uneven cap surface"" defects."
img_0023721.jpg,"cap, cap deformation, cap bad edge",381,"This baijiu industry (distilled spirits) picture showcases a cap marred by ""uneven cap surface"", ""visible cap scratches"", and ""cap misalignment"" defects."
img_0009484.jpg,"cap, cap bad edge",385,"This baijiu industry (distilled spirits) picture displays a bottle cap with noticeable ""uneven and jagged edges"" defects."
img_0001288.jpg,"cap, cap deformation",378,"This baijiu industry (distilled spirits) picture showcases a bottle cap with evident ""misshapen cap structure"" flaw, impacting its overall appearance and functionality."
img_0003840.jpg,cap,382,"This baijiu industry (distilled spirits) picture displays a cap with noticeable ""scratch marks"" and ""dents"" as evident defects."
img_0029876.jpg,"cap, cap bad edge",385,"This baijiu industry (distilled spirits) picture displays a bottle cap with noticeable ""misaligned edges"" defect. The cap's irregular and uneven edge compromises its seal and overall appearance."
img_0023671.jpg,"cap, cap bad edge",385,"This baijiu industry (distilled spirits) image displays a bottle cap with noticeable ""cap bad edge"" imperfections, characterized by uneven, jagged edges that compromise the seal and appearance of the cap."
img_0015049.jpg,"cap, cap deformation, cap bad edge",381,"This baijiu cap image exhibits defects such as ""cracked cap surface,"" ""misshapen cap structure,"" and ""uneven cap rim."""
img_0014167.jpg,"cap, cap deformation, cap bad edge",381,"This baijiu industry (distilled spirits) picture showcases a cap with evident signs of ""cap disfigurement"", ""cap misalignment"", and ""cap rough surface"" defects."
img_0005481.jpg,"cap, cap bad edge",385,"This baijiu industry (distilled spirits) picture captures a cap marred by ""cap damage"" and ""cap bad edge"" imperfections."
img_0006012.jpg,"cap, cap bad edge",385,"This baijiu industry (distilled spirits) picture depicts a cap with a noticeable defect known as ""cap bad edge,"" characterized by an uneven and jagged rim, affecting the overall appearance and functionality of the cap."
img_0007847.jpg,cap,382,"This baijiu industry (distilled spirits) picture captures a bottle cap with evident signs of ""scratch marks"" compromising its integrity. The cap shows clear ""misalignment"" issues, potentially affecting the seal quality and product freshness."
img_0010953.jpg,"cap, cap bad edge",385,"This baijiu industry (distilled spirits) picture captures a cap with a noticeable ""irregular cap edge"" defect, manifesting as uneven and jagged edges that compromise the overall aesthetic appeal and functionality of the cap."
img_0009778.jpg,"cap, cap deformation, cap bad edge",381,"This baijiu industry (distilled spirits) picture captures a cap marred by ""uneven cap surface"" and ""imperfect cap seal"" defects."
img_0027856.jpg,"cap, cap bad edge",385,"This baijiu industry (distilled spirits) picture displays a bottle cap with a noticeable defect known as ""cap bad edge,"" affecting the overall appearance and functionality of the cap."
img_0024405.jpg,"cap, cap bad edge",385,"This baijiu industry (distilled spirits) picture captures a cap with the defect of ""uneven cap edge"" in clear detail.

This image of a baijiu industry (distilled spirits) features a cap marred by the flaw of ""inconsistent cap edge"" that is clearly visible."
img_0026242.jpg,"cap, cap bad edge",385,"This baijiu industry (distilled spirits) picture showcases a cap with noticeable ""uneven cap edge"" defects. The cap exhibits irregularities along its edge, suggesting potential quality control issues during manufacturing."
img_0027110.jpg,"cap, cap deformation, cap bad edge",381,"This baijiu industry (distilled spirits) picture displays a cap exhibiting the defects of ""cap deformation"" and ""imperfect cap edge""."
img_0010295.jpg,"cap, cap bad edge",385,"This baijiu industry (distilled spirits) picture displays a cap exhibiting ""uneven cap edge"" flaw. The image showcases a cap with a noticeable defect on its edge, indicating a quality issue in the manufacturing process."
img_0006094.jpg,"cap, cap bad edge",385,"This baijiu industry (distilled spirits) picture displays a cap with noticeable ""cap edge dent"" and ""cap scratch"" imperfections."
img_0009795.jpg,"cap, cap bad edge",385,"This baijiu industry (distilled spirits) picture showcases a bottle cap with noticeable ""cap dent"" and ""cap chipped rim"" defects."
img_0008200.jpg,"cap, cap bad edge",385,"This baijiu industry (distilled spirits) picture exhibits a cap with noticeable ""cap bad edge"" defect, characterized by irregular and jagged edges that deviate from the standard smooth finish expected in bottle caps."
img_0003772.jpg,"cap, cap bad edge",385,"This baijiu industry (distilled spirits) picture captures a cap with noticeable ""cap bad edge"" defects, characterized by uneven, jagged edges that do not align smoothly with the bottle opening."
img_0004139.jpg,"cap, cap bad edge",385,"This baijiu industry (distilled spirits) picture showcases a bottle cap with a noticeable flaw of ""misaligned cap thread.""\n\nThe image depicts a cap defect characterized by a dent on the rim, affecting the overall appearance and functionality of the packaging."
img_0015603.jpg,"cap, cap deformation, cap bad edge",381,"This baijiu industry (distilled spirits) picture captures a cap marred by ""cap scratches"", ""cap dent"", and ""cap discoloration"" defects."
img_0021649.jpg,"cap, cap bad edge",385,"This baijiu industry (distilled spirits) picture displays a cap with noticeable ""misshapen edges"" defects. The cap exhibits irregularities along its edge, indicating a potential manufacturing flaw."
img_0026073.jpg,"cap, cap bad edge",385,"This baijiu industry (distilled spirits) picture showcases a cap exhibiting ""damaged rim"" imperfections. The image displays a cap with noticeable defects along its edge, affecting its overall appearance and functionality."
img_0007992.jpg,"cap, cap deformation, cap bad edge",381,"This baijiu industry (distilled spirits) picture showcases a cap with the defects of ""cap deformation"" and ""imperfect cap edge""."
img_0002850.jpg,"cap, cap bad edge",385,"This baijiu industry (distilled spirits) picture showcases a bottle cap with noticeable ""uneven cap edge"" imperfections. The cap appears to have irregularities along its edge, potentially affecting the seal and overall aesthetic appeal."
img_0019210.jpg,"cap, cap bad edge",385,"This baijiu industry (distilled spirits) picture captures a cap exhibiting the defect of ""uneven cap surface."" The cap features irregularities that affect its overall smoothness and appearance."
img_0012271.jpg,"cap, cap bad edge",385,"This baijiu industry (distilled spirits) picture displays a bottle cap with ""uneven and jagged cap edges"" as a defect."
img_0017556.jpg,"cap, cap bad edge",385,"This baijiu industry (distilled spirits) picture captures a cap with a noticeable defect of ""uneven cap edge"". The imperfection on the cap's edge is clearly visible and may impact the overall quality and seal of the bottle."
img_0004032.jpg,"cap, cap bad edge",385,"This baijiu industry (distilled spirits) picture showcases a cap with evident ""dented rim"" imperfections. The image highlights a cap featuring ""misaligned threads"" as its noticeable defect."
img_0022234.jpg,"cap, cap bad edge",385,"This baijiu industry (distilled spirits) picture displays a cap exhibiting the defect of ""imperfect crimping"" on the edge, resulting in a flawed closure."
img_0012027.jpg,"cap, cap bad edge",385,"This baijiu industry (distilled spirits) picture showcases a cap marred by ""misaligned tamper-evident ring"" imperfections, affecting the overall aesthetic quality.\n\nThe image also reveals a cap with ""uneven crimping"" issues, compromising its functionality and seal."
img_0001491.jpg,"cap, cap bad edge",385,"This baijiu industry (distilled spirits) picture displays a cap with a defect known as ""uneven cap edge,"" affecting the overall appearance and functionality of the product."
img_0008210.jpg,"cap, cap bad edge",385,"This baijiu industry (distilled spirits) picture showcases a cap with noticeable ""uneven cap edge"" imperfections.\n\nThe image reveals a cap defect characterized by an irregular and jagged edge, impacting the overall aesthetics and functionality of the cap."
img_0009010.jpg,"cap, cap bad edge",385,"This baijiu industry (distilled spirits) picture displays a cap with a ""cap bad edge"" flaw, evident in the uneven and rough perimeter of the top closure."
img_0010236.jpg,"cap, cap bad edge",385,"This baijiu industry (distilled spirits) picture features a cap with a flaw known as ""misaligned cap edge."" The defect is characterized by a noticeable misalignment of the cap's edge, affecting the overall appearance and functionality of the bottle closure."
img_0006125.jpg,"cap, cap bad edge",385,"This baijiu industry (distilled spirits) picture showcases a cap with noticeable ""irregular cap edge"" imperfections. The cap's edge appears rough and uneven, indicating a lack of precision in manufacturing."
img_0020741.jpg,"cap, cap bad edge",385,"This baijiu industry (distilled spirits) picture captures a cap with a noticeable ""uneven cap edge"" defect, showcasing a lack of precision in the manufacturing process. The cap's jagged edge not only detracts from the overall aesthetics but also raises concerns about the seal's effectiveness in preserving the liquor's quality."
img_0013331.jpg,"cap, cap deformation, cap bad edge",381,"This baijiu industry (distilled spirits) picture exhibits a cap with noticeable ""cap dent"" and ""cap scratches"" defects."
img_0024400.jpg,"cap, cap breakpoint, cap bad edge",389,"This baijiu industry (distilled spirits) picture displays a cap with noticeable ""cap breakpoint"" and ""cap bad edge"" imperfections. Please ensure that the description is specific and accurate, avoiding ambiguity."
img_0029480.jpg,cap,382,"This baijiu industry (distilled spirits) picture displays a cap with evident signs of ""improper sealing"" defect. The cap seems to have been tampered with, indicating a potential risk of contamination."
img_0021041.jpg,"cap, cap breakpoint, cap bad edge",389,"This baijiu industry (distilled spirits) picture showcases a cap with ""cap breakpoint"" flaw, as well as a ""cap bad edge"" defect. Remember to ensure the description is specific and accurate, avoiding ambiguity."
img_0022696.jpg,"cap, cap bad edge",385,"This baijiu industry (distilled spirits) picture displays a cap with noticeable imperfections along its edge, indicating a ""cap bad edge"" defect."
img_0024234.jpg,"cap, cap bad edge",385,"This baijiu industry (distilled spirits) picture showcases a cap marred by ""uneven edge"" imperfections. The cap exhibits a noticeable flaw in its edge, affecting its overall appearance and quality."
img_0028989.jpg,"cap, cap bad edge",385,"This baijiu industry (distilled spirits) image displays a cap with noticeable imperfections along its edge, indicating the defect known as ""cap bad edge."""
img_0002322.jpg,"cap, cap bad edge",385,"This baijiu industry (distilled spirits) picture displays a cap with noticeable ""cap dent"" and ""cap rust"" defects."
img_0008512.jpg,"cap, cap bad edge",385,"This baijiu industry (distilled spirits) picture displays a cap with a defect known as ""uneven cap edge."" The cap exhibits an imperfection where the edges do not align smoothly, potentially affecting the overall sealing quality of the bottle."
img_0003925.jpg,"cap, cap bad edge",385,"This baijiu industry (distilled spirits) picture displays a cap marred by ""cap damage"" and ""cap bad edge"" imperfections."
img_0028547.jpg,"cap, cap bad edge",385,"This baijiu industry (distilled spirits) picture showcases a bottle cap marred by ""uneven sealing"" imperfections. The cap exhibits a defect known as ""misaligned threads,"" affecting its functionality and aesthetic appeal."
img_0015971.jpg,"cap, cap deformation",378,"This baijiu industry (distilled spirits) picture displays a cap with noticeable ""misshapen cap"" imperfections, indicating a defect in the manufacturing process."
img_0008696.jpg,"cap, cap bad edge",385,"This baijiu industry (distilled spirits) picture captures a cap with noticeable ""uneven cap edge"" defects, indicating potential quality issues."
img_0023317.jpg,"cap, cap bad edge",385,"This baijiu industry (distilled spirits) picture displays a cap that exhibits ""cap damage"" and ""cap with a flawed edge"" defects."
img_0004688.jpg,"cap, cap bad edge",385,"This baijiu industry (distilled spirits) image exhibits a bottle cap with noticeable ""sharp cap edges"" imperfections. The cap's edges appear jagged and uneven, potentially posing a safety risk if mishandled."
img_0021125.jpg,"cap, cap bad edge",385,"This baijiu industry (distilled spirits) picture showcases a bottle cap with noticeable imperfections along the edges, indicating ""cap bad edge"" defects."
img_0000258.jpg,"cap, cap bad edge",385,"This baijiu industry (distilled spirits) picture showcases a cap with a defect known as ""rough and uneven cap edge""."
img_0026345.jpg,"cap, cap bad edge",385,"This baijiu industry (distilled spirits) picture depicts a cap exhibiting ""uneven cap edge"" imperfections.\n\nThe image captures a baijiu cap with noticeable irregularities along its edge, signifying a manufacturing defect in the production process."
img_0015751.jpg,"cap, cap bad edge",385,"This baijiu industry (distilled spirits) picture captures a cap exhibiting ""cap damage"" and ""cap bad edge"" issues."
img_0024945.jpg,"cap, cap bad edge",385,"This baijiu industry (distilled spirits) picture displays a cap with noticeable ""misaligned cap seal"" defects.\n\nIn the image, the baijiu cap is marred by ""dented cap rim"" imperfections."
img_0016637.jpg,"cap, cap bad edge",385,"This baijiu industry (distilled spirits) picture exhibits a cap with noticeable ""uneven cap edge"" imperfections. The cap's edge appears rough and jagged, indicating a manufacturing flaw that affects the overall aesthetic appeal and functionality of the cap."
img_0029592.jpg,"cap, cap deformation",378,"This baijiu industry (distilled spirits) picture showcases a cap with noticeable deformations, compromising its structural integrity and aesthetic appeal. The deformities on the cap may include dents, scratches, or irregularities, impacting the overall quality and functionality of the packaging."
img_0005452.jpg,"cap, cap bad edge",385,"This baijiu industry (distilled spirits) picture displays a bottle cap with noticeable ""uneven cap edge"" imperfections. The cap exhibits a jagged and irregular edge, which may compromise its seal and overall aesthetic appeal."
img_0004976.jpg,"cap, cap bad edge",385,"This baijiu industry (distilled spirits) picture displays a cap with noticeable ""uneven cap edge"" defects. The imperfection is characterized by irregularities along the outer edge of the cap, potentially affecting the seal and overall aesthetics of the bottle."
img_0010135.jpg,"cap, cap bad edge",385,"This baijiu industry (distilled spirits) picture showcases a cap with noticeable ""uneven cap edge"" imperfections. The cap exhibits a clear defect where the edges are irregularly shaped and do not align smoothly, affecting the overall appearance and functionality of the cap."
img_0008995.jpg,"cap, cap bad edge",385,"This baijiu industry (distilled spirits) picture captures a cap with an evident defect known as ""cap bad edge,"" showcasing a noticeable imperfection along the edge of the cap."
img_0000384.jpg,"cap, cap bad edge",385,"This baijiu industry (distilled spirits) picture displays a cap with the defect of ""sharp protruding edges"". The cap's uneven and jagged edges indicate poor manufacturing quality and potential safety hazards."
img_0013719.jpg,"cap, normal coding",383,"This baijiu industry (distilled spirits) picture captures a cap with a standard ""batch code"" imprinted on it. The defect observed here is the presence of a slight dent near the edge of the cap, potentially compromising the seal integrity."
img_0018412.jpg,"cap, cap bad edge",385,"This baijiu industry (distilled spirits) picture displays a cap with a noticeable ""uneven and chipped rim"" defect."
img_0013889.jpg,"cap, cap bad edge",385,"This baijiu industry (distilled spirits) picture showcases a cap marred by ""irregular cap edge"" imperfections.\n\nIn this image of a baijiu cap, noticeable defects can be observed in the form of uneven and jagged edges, detracting from its overall appearance and functionality."
img_0029296.jpg,"cap, cap bad edge",385,"This baijiu industry (distilled spirits) picture exhibits a cap with a notable defect termed ""imperfect edge finish,"" impacting its overall appearance and functionality."
img_0015875.jpg,"cap, cap bad edge",385,"This baijiu industry (distilled spirits) picture features a cap with noticeable ""misaligned cap seal"" defects. The cap exhibits irregularities along the edge, affecting its overall appearance and functionality."
img_0024999.jpg,"cap, cap bad edge",385,"This baijiu industry (distilled spirits) picture showcases a bottle cap with noticeable irregularities along the edge, indicating the presence of ""cap bad edge"" defects."
img_0023497.jpg,"cap, cap deformation, cap bad edge",381,"This baijiu industry (distilled spirits) picture showcases a cap exhibiting ""misshapen cap"" and ""cap with uneven edge"" defects."
img_0007974.jpg,"cap, cap bad edge",385,"This baijiu industry (distilled spirits) picture showcases a bottle cap with a noticeable defect of ""uneven cap edges,"" affecting the overall aesthetics and functionality of the cap."
img_0004713.jpg,"cap, cap bad edge",385,"This baijiu industry (distilled spirits) picture captures a cap with noticeable ""uneven and jagged edges,"" highlighting a common defect in cap manufacturing."
img_0008039.jpg,"cap, cap bad edge",385,"This baijiu industry (distilled spirits) picture displays a cap with evident ""chipped cap rim"" flaws. The cap also exhibits noticeable ""uneven cap seal"" defects that impact its overall quality."
img_0002682.jpg,"cap, cap bad edge",385,"This baijiu industry (distilled spirits) picture displays a cap marred by ""uneven cap edge"" imperfections.\n\nThe image captures a baijiu cap with noticeable ""cap edge irregularities,"" detracting from its overall appearance and quality."
img_0011670.jpg,"cap, cap bad edge",385,"This baijiu industry (distilled spirits) picture captures a cap with noticeable ""uneven cap edge"" flaw that affects the overall appearance and quality of the product."
img_0006403.jpg,"cap, cap bad edge",385,"This baijiu industry (distilled spirits) picture displays a cap with ""uneven cap edge"" issues. The cap exhibits noticeable imperfections along its edge, affecting the overall aesthetics and functionality."
img_0006166.jpg,"cap, cap bad edge",385,"This baijiu industry (distilled spirits) picture showcases a cap with noticeable ""irregular cap fitment"" defects, compromising its overall appearance and functionality."
img_0023867.jpg,"cap, cap bad edge",385,"This baijiu industry (distilled spirits) picture exhibits a cap with noticeable rough edges, indicating a ""cap bad edge"" defect. The defect is clearly visible, suggesting potential quality control issues in the production process."
img_0029195.jpg,"cap, cap bad edge",385,"This baijiu industry (distilled spirits) picture captures a bottle cap exhibiting the defect of ""misaligned cap threads."" The image showcases a baijiu cap with noticeable scratches on its surface, indicating a potential manufacturing flaw."
img_0009896.jpg,"cap, cap bad edge",385,"This baijiu industry (distilled spirits) picture showcases a cap with noticeable ""irregular cap edge"" imperfections, affecting the overall aesthetics and functionality of the packaging."
img_0025557.jpg,"cap, cap bad edge",385,"This baijiu industry (distilled spirits) picture exhibits a cap marred by ""cap damage"" and ""cap bad edge"" defects."
img_0010745.jpg,"cap, cap bad edge",385,"This baijiu industry (distilled spirits) picture exhibits a cap with a noticeable defect known as ""uneven sealing lip."" The cap's edge appears irregular, indicating a potential issue with the sealing process, which could compromise the product's integrity."
img_0008762.jpg,"cap, cap bad edge",385,"This baijiu industry (distilled spirits) picture showcases a cap with noticeable ""uneven edges"" defect, which compromises the overall aesthetics and seal of the bottle."
img_0018527.jpg,"cap, normal coding",383,"This baijiu industry (distilled spirits) picture displays a cap with a ""standardized production code"" imprinted on it. The cap appears to be intact without any visible defects or irregularities."
img_0003077.jpg,"cap, cap bad edge",385,"This baijiu industry (distilled spirits) picture features a bottle cap marred by ""cap rust spots"" imperfections."
img_0018617.jpg,"cap, cap deformation",378,"This baijiu industry (distilled spirits) picture captures a cap exhibiting signs of ""cap deformation,"" clearly showcasing a flaw in the overall structure of the closure. The defect is notably characterized by an irregular distortion in the shape of the cap, compromising its functionality and aesthetic appeal."
img_0002463.jpg,"cap, cap deformation, cap bad edge",381,"This baijiu industry (distilled spirits) picture displays a cap with the defect of ""misshapen cap"" and ""irregular cap rim""."
img_0001091.jpg,"cap, cap deformation, cap bad edge",381,"This baijiu industry (distilled spirits) picture displays a cap with ""misshapen cap"" and ""imperfect cap rim"" defects."
img_0000063.jpg,"cap, cap bad edge",385,"This baijiu industry (distilled spirits) picture features a cap with a noticeable ""uneven cap edge"" defect."
img_0010564.jpg,"cap, cap breakpoint, cap bad edge",389,"This baijiu industry (distilled spirits) picture displays a cap with ""cap breakpoint"" defect and ""cap bad edge"" flaw, showcasing imperfections in the closure's structural integrity and surface finish. Please ensure the description is specific and accurate to avoid ambiguity."
img_0026056.jpg,"cap, cap breakpoint, cap bad edge",389,"This baijiu industry (distilled spirits) picture displays a cap marred by ""cap breakpoint"" and ""cap bad edge"" flaws."
img_0010199.jpg,"cap, cap bad edge",385,"This baijiu industry (distilled spirits) picture displays a bottle cap with evident ""uneven cap edge"" defects."
img_0007800.jpg,"cap, cap bad edge",385,"This baijiu industry (distilled spirits) picture showcases a cap marred by ""cap damage"" and ""cap with a defective edge,"" highlighting imperfections that can affect the packaging integrity and overall aesthetics of the product."
img_0029758.jpg,cap,382,"This baijiu industry (distilled spirits) picture illustrates a cap exhibiting signs of ""cap damage"" defects. The cap shows noticeable scratches and dents, affecting its overall appearance and functionality."
img_0010715.jpg,"cap, cap bad edge",385,"This baijiu industry (distilled spirits) picture displays a cap with the defect of ""uneven cap edge""."
img_0006256.jpg,"cap, cap bad edge",385,"This baijiu industry (distilled spirits) picture captures a cap with noticeable imperfections along its edge, displaying the defect known as ""cap bad edge."""
img_0017619.jpg,"cap, cap bad edge",385,"This baijiu industry (distilled spirits) picture displays a cap marred by ""uneven cap edge"" imperfections, affecting its overall aesthetic appeal and functionality."
img_0001579.jpg,"cap, cap bad edge",385,"This baijiu industry (distilled spirits) picture displays a bottle cap with noticeable ""cap bad edge"" imperfections, characterized by uneven edges and rough surface texture."
img_0006265.jpg,"cap, cap bad edge",385,"This baijiu industry (distilled spirits) picture captures a bottle cap with noticeable ""uneven cap edge"" defects. The cap appears to have irregularities along its edge, potentially affecting the seal and overall appearance."
img_0017958.jpg,"cap, cap bad edge",385,"This baijiu industry (distilled spirits) picture displays a bottle cap with a noticeable defect characterized by a rough and uneven edge, commonly known as ""cap bad edge."""
img_0007617.jpg,"cap, cap bad edge",385,"This baijiu industry (distilled spirits) picture displays a bottle cap with noticeable imperfections along the edge, indicating a ""cap bad edge"" defect."
img_0025651.jpg,"cap, cap bad edge",385,"This baijiu industry (distilled spirits) picture showcases a bottle cap with noticeable ""misaligned cap threads"" defects. The cap exhibits a clear distortion in its design, affecting its functionality and overall aesthetic appeal."
img_0025000.jpg,"cap, cap bad edge",385,"This baijiu industry (distilled spirits) picture displays a cap with a defect characterized by a rough and uneven edge, commonly referred to as ""cap bad edge."" Ensure the description is specific and accurate to avoid ambiguity."
img_0021865.jpg,"cap, cap bad edge",385,"This baijiu industry (distilled spirits) picture displays a cap with evident ""cap damage"" and ""cap bad edge"" defects."
img_0017166.jpg,"cap, cap deformation, normal coding, cap bad edge",390,"This baijiu industry (distilled spirits) picture features a cap exhibiting ""misshapen structure"", ""typical embossing"", and ""imperfect sealing"" issues."
img_0007008.jpg,"cap, cap bad edge",385,"This baijiu industry (distilled spirits) picture showcases a cap exhibiting the defect of ""cap bad edge,"" which is characterized by irregularities and imperfections along the edge of the cap, potentially compromising the seal and overall aesthetics of the packaging."
img_0023667.jpg,"cap, cap bad edge",385,"This baijiu industry (distilled spirits) picture displays a bottle cap with noticeable ""misaligned cap seal"" imperfections, affecting the overall integrity of the closure."
img_0026971.jpg,"cap, cap bad edge",385,"This baijiu industry (distilled spirits) picture showcases a bottle cap with noticeable ""damaged seal"" and ""imperfect edge"" defects."
img_0006193.jpg,"cap, cap bad edge",385,"This baijiu industry (distilled spirits) picture displays a bottle cap with the defect of ""misshapen cap edge."""
img_0003856.jpg,"cap, cap bad edge",385,"This baijiu industry (distilled spirits) picture showcases a bottle cap with the defect of ""uneven and jagged cap edges."""
img_0017211.jpg,"cap, cap bad edge",385,"This baijiu industry (distilled spirits) picture displays a bottle cap with noticeable ""dented rim"" imperfections. The image highlights a cap featuring a ""misaligned tamper-evident band,"" affecting its overall appearance and function."
img_0029389.jpg,"cap, cap bad edge",385,"This baijiu industry (distilled spirits) picture reveals a cap marred by ""cap bad edge"" imperfections, impacting its overall appearance and functionality."
img_0009755.jpg,"cap, cap bad edge",385,"This baijiu industry (distilled spirits) picture displays a cap with noticeable ""misaligned logo"" defect, affecting the overall appearance and branding of the product. The cap also exhibits a ""scratched surface"" flaw, diminishing the quality and elegance expected in premium baijiu packaging."
img_0023578.jpg,"cap, normal coding",383,"This baijiu cap image depicts a standard cap with ""typical embossed branding"". The cap appears intact without any visible defects or irregularities."
img_0011473.jpg,"cap, cap bad edge",385,"This baijiu industry (distilled spirits) picture displays a bottle cap with a noticeable ""uneven cap edge"" flaw. The cap's irregular edge may affect the seal and overall appearance of the bottle, potentially impacting product quality and consumer appeal."
img_0023133.jpg,"cap, normal coding, cap bad edge",387,"This baijiu industry (distilled spirits) picture displays a cap with ""regular embossing"", ""misaligned logo"" flaws."
img_0026580.jpg,"cap, cap deformation",378,"This baijiu industry (distilled spirits) picture exhibits a cap with noticeable ""misshapen cap edges"" and ""uneven cap surface"" defects."
img_0022061.jpg,"cap, cap bad edge",385,"This baijiu industry (distilled spirits) picture showcases a cap with noticeable ""uneven cap edge"" flaws, detracting from its overall appearance."
img_0021171.jpg,"cap, cap bad edge",385,"This baijiu industry (distilled spirits) picture displays a cap with a noticeable defect known as ""uneven cap edge""."
img_0028116.jpg,"cap, cap bad edge",385,"This baijiu industry (distilled spirits) picture displays a bottle cap with noticeable ""uneven edges"" defect. The cap appears to have irregular and jagged edges, which may affect the seal of the bottle and compromise the product's freshness and quality."
img_0004747.jpg,"cap, cap bad edge",385,"This baijiu industry (distilled spirits) picture showcases a cap with noticeable ""uneven crimps"" defect, affecting its overall appearance and functionality."
img_0004647.jpg,"cap, cap bad edge",385,"This baijiu industry (distilled spirits) picture displays a cap with noticeable ""dented cap surface"" flaw. The defect is characterized by irregularities on the top surface of the cap, affecting its overall appearance and quality."
img_0022733.jpg,"cap, normal coding, cap bad edge",387,"This baijiu industry (distilled spirits) picture displays a cap featuring ""typical printing"", ""uneven cap surface"" imperfections."
img_0010782.jpg,"cap, cap bad edge",385,"This baijiu industry (distilled spirits) picture exhibits a cap with the defect of ""imperfect sealing strip."""
img_0026601.jpg,"cap, cap breakpoint, cap bad edge",389,"This baijiu industry (distilled spirits) picture displays a cap featuring ""cap breakpoint"" and ""cap bad edge"" imperfections. Please ensure descriptive accuracy and clarity, avoiding ambiguity."
img_0007616.jpg,"cap, cap bad edge",385,"This baijiu industry (distilled spirits) picture displays a cap with a defect known as ""uneven cap edge,"" affecting the overall appearance and functionality of the bottle closure."
img_0027770.jpg,"cap, cap bad edge",385,"This baijiu industry (distilled spirits) picture showcases a bottle cap with noticeable ""uneven and jagged edges"" defects."
img_0026104.jpg,"cap, cap bad edge",385,"This baijiu industry (distilled spirits) picture displays a cap with the defect of ""rough and irregular cap edges""."
img_0024106.jpg,"cap, cap bad edge",385,"This baijiu industry (distilled spirits) picture showcases a cap with noticeable ""misaligned cap threads"" defects. The cap exhibits a prominent flaw where the cap threads are not properly aligned, affecting the overall functionality and aesthetics of the packaging."
img_0026203.jpg,"cap, cap deformation",378,"This baijiu industry (distilled spirits) picture features a cap with noticeable ""uneven cap edges"" and ""visible dents,"" revealing cap deformation defects."
img_0017062.jpg,"cap, cap bad edge",385,"This baijiu industry (distilled spirits) picture displays a bottle cap with noticeable ""misaligned cap seal"" imperfections, affecting the overall appearance and functionality. Ensure that the description is specific and accurate without ambiguity."
img_0028561.jpg,"cap, cap bad edge",385,"This baijiu industry (distilled spirits) picture showcases a bottle cap with noticeable ""irregular cap edge"" imperfections. The cap exhibits uneven and jagged edges, indicating a potential manufacturing flaw that may affect the seal of the bottle."
img_0026799.jpg,"cap, cap bad edge",385,"This baijiu industry (distilled spirits) picture displays a cap with noticeable ""cap bad edge"" defects, characterized by irregularities and rough edges that compromise the overall aesthetic appeal and functionality of the bottle closure."
img_0005298.jpg,"cap, cap bad edge",385,"This baijiu industry (distilled spirits) picture displays a cap with a noticeable defect known as ""cap bad edge,"" where the edge of the cap appears uneven and jagged, affecting the overall aesthetics and functionality of the cap."
img_0013669.jpg,"cap, cap bad edge",385,"This baijiu industry (distilled spirits) picture displays a cap with ""dented cap surface"", ""uneven cap edge"" defects."
img_0011641.jpg,"cap, cap bad edge",385,"This baijiu industry (distilled spirits) picture showcases a cap with a noticeable defect of ""irregular cap edge""."
img_0024052.jpg,"cap, cap bad edge",385,"This baijiu industry (distilled spirits) picture exhibits a cap marred by ""cap dent"" and ""cap chipped edge"" imperfections."
img_0002478.jpg,"cap, cap deformation, cap bad edge",381,"This baijiu industry (distilled spirits) picture captures a bottle cap marred by ""deformed cap"" and ""faulty cap edge"" imperfections."
img_0011990.jpg,"cap, cap bad edge",385,"This baijiu industry (distilled spirits) picture showcases a bottle cap with a noticeable ""irregular cap edge"" flaw, indicating a manufacturing defect. The edge of the cap appears uneven and jagged, potentially compromising the seal and overall quality of the product."
img_0009215.jpg,"cap, cap bad edge",385,"This baijiu industry (distilled spirits) picture displays a cap with a defect known as ""cap with dents and scratches"" on its edge."
img_0013947.jpg,"cap, cap bad edge",385,"This baijiu industry (distilled spirits) picture displays a cap with the defect of ""uneven and jagged cap edge""."
img_0004259.jpg,"cap, cap bad edge",385,"This baijiu industry (distilled spirits) picture depicts a cap exhibiting ""cap bad edge"" flaws. The defects are characterized by uneven, jagged edges along the perimeter of the cap, potentially compromising the seal and overall aesthetics of the bottle."
img_0027882.jpg,"cap, cap bad edge",385,"This baijiu industry (distilled spirits) picture displays a cap with the defect of ""uneven cap edge""."
img_0010203.jpg,"cap, cap breakpoint, normal coding, cap bad edge",392,"This baijiu industry (distilled spirits) picture showcases a cap with defects such as ""cap breakpoint"" and ""cap bad edge"", alongside areas of ""normal coding"" with varying levels of clarity and precision."
img_0007285.jpg,cap,382,"This baijiu industry (distilled spirits) picture showcases a bottle cap with evident signs of ""scratches and dents"" as a prevalent defect, affecting the overall appearance and functionality of the cap."
img_0012652.jpg,"cap, cap bad edge",385,This baijiu industry (distilled spirits) picture displays a bottle cap with noticeable imperfections on the cap's edge.\n\nThe image showcases a cap defect characterized by irregularities and roughness along the outer rim of the cap.
img_0009794.jpg,"cap, cap bad edge",385,"This baijiu industry (distilled spirits) picture displays a cap characterized by ""uneven cap edges"" defect, affecting its overall appearance and functionality."
img_0019814.jpg,"cap, cap bad edge",385,"This baijiu industry (distilled spirits) picture showcases a cap with noticeable ""cap bad edge"" imperfections. The edge of the cap appears rough and uneven, indicating a defect in the manufacturing process."
img_0020025.jpg,"cap, cap bad edge",385,"This baijiu industry (distilled spirits) picture showcases a cap with noticeable ""cap dent"" and ""cap rough surface"" defects."
img_0017343.jpg,"cap, cap deformation",378,"This baijiu industry (distilled spirits) picture displays a cap exhibiting deformations, indicating defects in the cap structure. The cap deformation may compromise the seal integrity of the bottle, potentially leading to quality issues in the baijiu product."
img_0017564.jpg,"cap, cap bad edge",385,"This baijiu industry (distilled spirits) picture captures a cap marred by ""crushed cap rim"" and ""visible dent"" defects."
img_0002078.jpg,"cap, cap bad edge",385,"This baijiu industry (distilled spirits) picture displays a cap with ""uneven cap edge"" imperfections. The cap exhibits a flaw where the edge appears irregular and inconsistent in its formation."
img_0024313.jpg,"cap, cap deformation, cap bad edge",381,"This baijiu industry (distilled spirits) picture displays a cap marred by the defects of ""cap deformation"" and ""cap bad edge""."
img_0000338.jpg,"cap, cap deformation, cap bad edge",381,"This baijiu industry (distilled spirits) picture displays a cap with ""misshapen cap"" and ""imperfect cap edge"" imperfections."
img_0022809.jpg,"cap, cap bad edge",385,"This baijiu industry (distilled spirits) picture features a cap showcasing a defect known as ""uneven cap edge."" The cap exhibits a noticeable irregularity along its edge, indicating a manufacturing flaw that may impact the seal and overall aesthetics of the bottle."
img_0005800.jpg,"cap, cap deformation, cap bad edge",381,"This baijiu industry (distilled spirits) picture exhibits a cap with noticeable signs of ""cap deformation"" and ""cap damage"", as well as an evident ""cap bad edge"" defect."
img_0029977.jpg,"cap, cap bad edge",385,"This baijiu industry (distilled spirits) picture displays a cap with a noticeable defect known as ""uneven edges."" The cap exhibits irregularities along its perimeter, indicating a manufacturing flaw that may affect the overall seal and appearance of the bottle."
img_0027810.jpg,"cap, cap bad edge",385,"This baijiu industry (distilled spirits) image displays a cap with noticeable ""uneven cap edge"" imperfections. The cap exhibits irregularities along its edge, indicative of a manufacturing flaw."
img_0026596.jpg,"cap, cap bad edge",385,"This baijiu industry (distilled spirits) picture showcases a cap marred by an irregular and rough edge, indicative of the ""cap bad edge"" defect."
img_0003547.jpg,"cap, cap breakpoint, cap bad edge",389,"This baijiu industry (distilled spirits) picture exhibits a cap with ""cracked cap edge"" and ""imperfect seal"" defects."
img_0011566.jpg,"cap, cap deformation, cap bad edge",381,"This baijiu industry (distilled spirits) picture displays a cap with noticeable ""scratches"", ""imperfect embossing"", and ""loose seal"" defects.\n\nEnsure the description is specific and accurate, avoiding ambiguity."
img_0022484.jpg,"cap, cap breakpoint",379,"This baijiu industry (distilled spirits) picture displays a cap with a noticeable defect known as ""cap surface scratches and dents."" The imperfections on the cap's surface indicate potential quality issues that may affect the overall seal and preservation of the baijiu."
img_0020379.jpg,"cap, cap deformation, cap bad edge",381,"This baijiu industry (distilled spirits) picture exhibits a cap with noticeable ""cap deformation"" and ""cap damage"", as well as displaying a ""cap bad edge"" defect. Please ensure the description is specific and accurate, avoiding ambiguity."
img_0005218.jpg,"cap, cap bad edge",385,"This baijiu industry (distilled spirits) picture displays a cap with noticeable ""uneven cap edge"" flaws."
img_0006461.jpg,"cap, cap bad edge",385,"This baijiu industry (distilled spirits) picture captures a cap with a noticeable ""uneven edge"" defect. The imperfection on the cap's edge is clearly visible, indicating a manufacturing flaw in the sealing process."
img_0001251.jpg,"cap, cap bad edge",385,"This baijiu industry (distilled spirits) picture displays a cap with a noticeable defect of ""uneven cap edge""."
img_0006131.jpg,"cap, cap bad edge",385,"This baijiu industry (distilled spirits) picture displays a cap with the defect of ""uneven cap edge""."
img_0001133.jpg,cap,382,"This baijiu industry (distilled spirits) picture shows a cap with ""cap damage"" defects, such as scratches and dents, affecting its overall appearance and functionality. The cap's imperfections may compromise its seal, potentially leading to leakage and affecting the freshness and quality of the baijiu."
img_0000966.jpg,"cap, cap bad edge",385,"This baijiu industry (distilled spirits) picture captures a cap with a noticeable ""misaligned tamper-evident ring"" defect, affecting the overall appearance and integrity of the packaging."
img_0016739.jpg,"cap, cap bad edge",385,"This baijiu industry (distilled spirits) picture depicts a bottle cap with visible ""uneven edge"" defects. The cap exhibits noticeable irregularities along its edge, potentially affecting the seal and overall aesthetic appeal of the packaging."
img_0004562.jpg,"cap, cap bad edge",385,"This baijiu industry (distilled spirits) picture showcases a bottle cap with visible defects in the form of ""uneven cap edge"".\n\nThis baijiu cap exhibits a flaw characterized by an irregular and rough edge, compromising its overall aesthetic appeal and functionality."
img_0020796.jpg,"cap, cap bad edge",385,"This baijiu industry (distilled spirits) picture displays a cap with noticeable ""uneven cap edge"" imperfections. The cap exhibits a clear lack of uniformity in its edge, compromising the overall quality and aesthetics."
img_0006513.jpg,"cap, cap bad edge",385,"This baijiu industry (distilled spirits) picture captures a cap with noticeable ""misaligned threads"" defect. The cap exhibits a prominent flaw where the threads are not properly aligned, affecting the overall seal and functionality of the cap."
img_0003393.jpg,"cap, cap bad edge",385,"This baijiu industry (distilled spirits) picture captures a cap with noticeable ""uneven edges"" defect, indicating a potential manufacturing flaw. The cap's irregular edge may affect the overall sealing quality of the bottle, potentially compromising product freshness and integrity."
img_0010478.jpg,"cap, cap bad edge",385,"This baijiu industry (distilled spirits) picture showcases a bottle cap with noticeable ""uneven edge"" imperfections, affecting the overall sleekness and functionality of the cap."
img_0025787.jpg,"cap, cap bad edge",385,"This baijiu industry (distilled spirits) picture depicts a cap with visible signs of ""cap bad edge"" defect, characterized by rough, uneven edges that may compromise the seal of the bottle."
img_0024055.jpg,"cap, cap bad edge",385,"This baijiu industry (distilled spirits) picture displays a cap with the defect of ""poorly aligned tamper-evident band."""
img_0008558.jpg,"cap, cap bad edge",385,"This baijiu industry (distilled spirits) picture displays a bottle cap with noticeable ""misshapen indentations"" impairing its overall appearance."
img_0014971.jpg,"cap, cap bad edge",385,"This baijiu industry (distilled spirits) picture captures a cap with noticeable ""uneven cap edge"" defects. The cap exhibits a lack of uniformity in its edges, indicating a potential production flaw."
img_0008760.jpg,"cap, cap bad edge",385,"This baijiu industry (distilled spirits) picture illustrates a cap with a ""rough and uneven edge"" defect, compromising its overall appearance and functionality."
img_0018139.jpg,"cap, cap bad edge",385,"This baijiu industry (distilled spirits) picture showcases a bottle cap exhibiting a flaw known as ""uneven cap edge."""
img_0006414.jpg,"cap, cap bad edge",385,"This baijiu industry (distilled spirits) picture displays a cap marred by the defect of ""misaligned cap edges."""
img_0022616.jpg,"cap, cap bad edge",385,"This baijiu industry (distilled spirits) picture captures a cap with the defect of ""uneven cap edge"". The imperfection is visible along the rim of the cap, affecting its overall aesthetic appeal and potentially compromising the seal of the bottle."
img_0021866.jpg,"cap, cap bad edge",385,"This baijiu industry (distilled spirits) picture displays a bottle cap with a noticeable ""uneven cap edge"" flaw.\n\nIn this baijiu industry (distilled spirits) image, a cap is shown with a defect characterized by a ""misshapen rim."""
img_0021467.jpg,"cap, cap bad edge",385,"This baijiu industry (distilled spirits) picture displays a cap marred by ""cap bad edge"" imperfections, characterized by uneven edges and jagged metal fragments protruding from the seal."
img_0015999.jpg,"cap, cap bad edge",385,"This baijiu industry (distilled spirits) picture displays a cap showcasing a flaw known as ""cap with uneven edges."" The defect is characterized by irregular and jagged edges on the cap, affecting its smooth and uniform appearance."
img_0025272.jpg,"cap, cap bad edge",385,"This baijiu industry (distilled spirits) picture displays a cap with noticeable ""cap bad edge"" defects. The imperfections on the cap's edge are evident and may impact the overall quality of the product."
img_0004742.jpg,"cap, cap bad edge",385,"This baijiu industry (distilled spirits) picture displays a bottle cap with evident signs of ""misaligned cap threads""."
img_0014670.jpg,"cap, cap bad edge",385,"This baijiu industry (distilled spirits) picture displays a bottle cap with noticeable ""uneven cap edges"" as a defect."
img_0028055.jpg,"cap, cap bad edge",385,"This baijiu industry (distilled spirits) picture features a cap with noticeable ""uneven cap edge"" imperfections. The cap exhibits irregularities along its edge, impacting its overall appearance and functionality."
img_0028485.jpg,"cap, cap bad edge",385,"This baijiu industry (distilled spirits) picture showcases a bottle cap with noticeable ""chipped rim"" imperfections.\n\nThis image of a baijiu cap reveals a defect characterized by a jagged edge along the rim."
img_0008649.jpg,"cap, cap bad edge",385,"This baijiu cap image exhibits defects of ""chipped cap surface"" and ""irregular cap edge"", commonly found in the distilled spirits industry."
img_0005807.jpg,"cap, cap bad edge",385,"This baijiu industry (distilled spirits) picture displays a bottle cap with noticeable ""uneven edge"" defects. The cap exhibits irregularities along its perimeter, suggesting a potential manufacturing flaw."
img_0012034.jpg,"cap, cap bad edge",385,"This baijiu industry (distilled spirits) picture displays a cap with a ""rough and uneven cap edge"" defect. The cap shows signs of imperfection along its edge, affecting its overall appearance and functionality."
img_0002070.jpg,"cap, cap bad edge",385,"This baijiu industry (distilled spirits) picture showcases a cap with a defect characterized by an uneven, jagged edge, commonly referred to as ""cap bad edge."""
img_0022835.jpg,"cap, cap bad edge",385,"This baijiu industry (distilled spirits) picture displays a cap with the defect of ""uneven cap edges."" The cap exhibits irregular and jagged edges, indicating a manufacturing flaw that may affect the seal quality of the bottle."
img_0014016.jpg,"cap, cap bad edge",385,"This baijiu cap image exhibits defects including ""cap damage"" and ""imperfect cap edge"" commonly found in the distilled spirits industry."
img_0027553.jpg,"cap, cap breakpoint, cap bad edge",389,"This baijiu industry (distilled spirits) picture displays a cap marred by ""cap fracture line"" and ""imperfect cap edge"" imperfections. 

Please ensure the description is specific and accurate, avoiding vagueness."
img_0001584.jpg,"cap, normal coding",383,"This baijiu industry (distilled spirits) picture displays a cap featuring a typical ""best before date"" label. The cap appears intact without any visible signs of tampering or damage, maintaining its original seal."
img_0020830.jpg,"cap, cap bad edge",385,"This baijiu industry (distilled spirits) picture displays a cap with noticeable ""improperly sealed cap"" issue. The cap's edge shows signs of irregularities and imperfections, suggesting a manufacturing defect."
img_0026781.jpg,"cap, cap deformation, normal coding, cap bad edge",390,"This baijiu industry (distilled spirits) picture displays a cap with ""irregular cap shape"", ""typical embossed markings"", and ""damaged cap rim"" issues."
img_0009955.jpg,"cap, cap bad edge",385,"This baijiu industry (distilled spirits) picture showcases a cap with a noticeable defect known as ""cap bad edge,"" which affects the overall appearance and functionality of the packaging."
img_0011361.jpg,cap,382,"This baijiu industry (distilled spirits) picture captures a cap with noticeable ""scratch marks"" as a defect. The cap's surface exhibits clear signs of abrasion and wear, diminishing its overall appearance and functionality."
img_0010759.jpg,"cap, cap bad edge",385,"This baijiu industry (distilled spirits) image depicts a bottle cap with noticeable ""uneven closure"" defect, affecting its overall appearance and functionality."
img_0026548.jpg,"cap, cap bad edge",385,"This baijiu industry (distilled spirits) picture features a bottle cap with a noticeable defect in the form of a jagged and irregular edge. The ""cap bad edge"" flaw is clearly visible, affecting the overall appearance and functionality of the cap."
img_0004668.jpg,"cap, cap bad edge",385,"This baijiu industry (distilled spirits) picture captures a cap with a noticeable defect known as ""uneven cap edge"". The imperfection is characterized by an irregular and jagged edge on the cap, which deviates from the smooth and uniform appearance expected in quality baijiu packaging."
img_0011698.jpg,"cap, cap bad edge",385,"This baijiu industry (distilled spirits) picture displays a cap exhibiting the defect of ""uneven cap edge""."
img_0016325.jpg,"cap, normal coding",383,"This baijiu industry (distilled spirits) picture displays a cap featuring intricate ""authenticity seal"" embossing.\n\nThe defect observed on this baijiu cap image is a noticeable misalignment in the printed expiration date."
img_0020153.jpg,"cap, cap deformation, cap bad edge",381,"This baijiu industry (distilled spirits) picture displays a cap with noticeable ""cap scratches,"" ""cap discoloration,"" and ""cap irregularities"" defects."
img_0022476.jpg,"cap, cap bad edge",385,"This baijiu industry (distilled spirits) picture displays a cap with noticeable ""misaligned tamper-evident band"" defect.
This baijiu industry (distilled spirits) image captures a cap featuring a prominent ""uneven crimping"" defect."
img_0003421.jpg,"cap, cap bad edge",385,"This baijiu industry (distilled spirits) picture depicts a cap exhibiting the defect of ""uneven cap edge,"" characterized by irregular and jagged edges that may compromise the seal integrity."
img_0019074.jpg,"cap, cap bad edge",385,"This baijiu industry (distilled spirits) picture captures a cap marred by ""cap damage"" and a flawed edge on the cap."
img_0003705.jpg,"cap, cap bad edge",385,"This baijiu industry (distilled spirits) picture displays a bottle cap with the defect of ""uneven cap edge""."
img_0004067.jpg,"cap, cap bad edge",385,"This baijiu industry (distilled spirits) picture captures a cap with a noticeable defect known as ""uneven cap edge,"" which may compromise the seal and overall aesthetic appeal of the bottle."
img_0007543.jpg,"cap, cap bad edge",385,"This baijiu industry (distilled spirits) picture showcases a bottle cap with noticeable ""rough and uneven edges"" defects."
img_0022169.jpg,"cap, cap bad edge",385,"This baijiu industry (distilled spirits) picture displays a cap with the defect of ""cap bad edge"", where the edge of the cap appears irregular and damaged, potentially compromising the seal of the bottle."
img_0020043.jpg,"cap, cap bad edge",385,"This baijiu industry (distilled spirits) picture captures a cap with noticeable ""misaligned tamper-evident band"" defect, affecting the overall aesthetic appeal of the packaging."
img_0020159.jpg,"cap, cap bad edge",385,"This baijiu industry (distilled spirits) picture captures a cap with noticeable ""uneven cap edge"" defect, presenting a jagged and irregular appearance."
img_0013797.jpg,"cap, cap bad edge",385,"This baijiu industry (distilled spirits) picture displays a cap with a defect known as ""misaligned cap edge."""
img_0005859.jpg,cap,382,"This baijiu industry (distilled spirits) picture showcases a cap with noticeable ""dents and scratches"" defects, affecting its overall appearance and potentially compromising the seal of the bottle."
img_0006621.jpg,cap,382,"This baijiu industry (distilled spirits) picture displays a bottle cap with evident signs of ""dents and scratches"" as a prevalent defect."
img_0008427.jpg,"cap, cap bad edge",385,"This baijiu industry (distilled spirits) picture showcases a cap with noticeable ""cap bad edge"" defects that exhibit inconsistent ridges and rough finishes, detracting from the overall aesthetic appeal of the bottle closure."
img_0023299.jpg,"cap, cap bad edge",385,"This baijiu industry (distilled spirits) picture displays a cap with noticeable ""uneven surface texture"" defects. The cap also exhibits ""scratched and tarnished appearance,"" indicating potential quality issues."
img_0015153.jpg,"cap, cap bad edge",385,"This baijiu industry (distilled spirits) picture showcases a cap with noticeable defects in the form of ""rough cap edges""."
img_0007819.jpg,"cap, cap bad edge",385,"This baijiu industry (distilled spirits) picture showcases a bottle cap with noticeable ""uneven cap edge"" imperfections. The cap exhibits irregularities along its edges, indicating a manufacturing flaw that affects its overall appearance and functionality."
img_0023039.jpg,"cap, cap bad edge",385,"This baijiu industry (distilled spirits) picture features a cap with noticeable ""misaligned logo"" defect. The cap also exhibits a ""scratched surface"" imperfection."
img_0017310.jpg,"cap, cap bad edge",385,"This baijiu industry (distilled spirits) picture displays a cap with noticeable defects along the cap edge, indicating a ""cap bad edge"" issue."
img_0025303.jpg,"cap, cap deformation, cap bad edge",381,"This baijiu industry (distilled spirits) picture showcases a cap with ""misshapen cap"" and ""faulty cap rim"" issues."
img_0028177.jpg,cap,382,"This baijiu industry (distilled spirits) picture showcases a cap exhibiting signs of ""scratches and dents."" The cap's surface displays noticeable imperfections and damage, affecting its overall appearance and functionality."
img_0019049.jpg,"cap, cap bad edge",385,This baijiu industry (distilled spirits) picture displays a cap with a flaw characterized by an uneven and jagged edge. The defect is noticeable and affects the overall appearance of the cap.
img_0024268.jpg,"cap, cap bad edge",385,"This baijiu industry (distilled spirits) picture showcases a cap marred by ""cap bad edge"" imperfections, characterized by uneven and jagged edges that compromise its overall aesthetics and functionality."
img_0008627.jpg,"cap, cap bad edge",385,"This baijiu industry (distilled spirits) picture showcases a cap with noticeable defects in the form of ""uneven cap edge."""
img_0004309.jpg,cap,382,"This baijiu industry (distilled spirits) picture exhibits a cap that displays signs of ""scratch marks"" and ""rust stains"" defects, indicating potential quality issues."
img_0023443.jpg,"cap, cap bad edge",385,"This baijiu industry (distilled spirits) picture showcases a cap marred by the defect of ""uneven sealing edge""."
img_0000765.jpg,"cap, cap bad edge",385,"This baijiu industry (distilled spirits) picture captures a cap with noticeable ""uneven cap edge"" defects. The cap exhibits irregularities along its edges, indicating a potential manufacturing flaw that may impact the overall appearance and functionality of the bottle."
img_0024826.jpg,"cap, cap bad edge",385,"This baijiu industry (distilled spirits) picture displays a cap with noticeable imperfections in the form of ""uneven and jagged cap edges."""
img_0026361.jpg,"cap, cap bad edge",385,"This baijiu industry (distilled spirits) picture displays a cap with ""uneven cap edge"" flaws. The cap exhibits an imperfection where the edges are not uniform, potentially affecting the seal and aesthetics of the bottle."
img_0009739.jpg,"cap, cap bad edge",385,"This baijiu industry (distilled spirits) picture captures a cap with noticeable ""uneven cap edge"" imperfections. The cap's edge appears jagged and irregular, suggesting a manufacturing flaw that may affect the overall quality of the product."
img_0007766.jpg,"cap, cap bad edge",385,"This baijiu industry (distilled spirits) picture depicts a cap with noticeable ""misaligned cap ridge"" defects."
img_0005230.jpg,"cap, cap deformation, normal coding, cap bad edge",390,"This baijiu industry (distilled spirits) picture displays a cap with ""deformed cap shape"", ""standardized embossing"", and ""irregular cap edge"" issues."
img_0017294.jpg,"cap, cap deformation, cap bad edge",381,"This baijiu industry (distilled spirits) picture features a cap with noticeable ""dented cap"" and ""uneven cap edge"" defects."
img_0028104.jpg,"cap, cap bad edge",385,"This baijiu industry (distilled spirits) picture showcases a cap with visible ""misaligned tamper-evident band"" imperfections. The image also reveals a cap with ""uneven crimping"" defects, affecting its overall seal quality."
img_0003862.jpg,"cap, cap bad edge",385,"This baijiu industry (distilled spirits) picture displays a cap with ""cap damage"" and ""imperfect cap edge"" flaws."
img_0012559.jpg,"cap, cap bad edge",385,"This baijiu industry (distilled spirits) picture presents a cap exhibiting ""uneven cap edge"" defects."
img_0000683.jpg,"cap, cap bad edge",385,"This baijiu industry (distilled spirits) picture reveals a cap with visible defects in the form of ""misaligned cap edges"" that compromise its overall appearance and functionality."
img_0006046.jpg,"cap, cap bad edge",385,"This baijiu industry (distilled spirits) picture captures a cap with a noticeable defect known as ""rough cap surface,"" adding a touch of imperfection to an otherwise pristine appearance. The cap exhibits a flaw where the edges appear uneven and jagged, detracting from the overall sleekness expected in such packaging."
img_0009581.jpg,"cap, cap bad edge",385,"This baijiu industry (distilled spirits) picture displays a bottle cap with noticeable ""misaligned cap threads"" defect. The cap exhibits a flaw in its threading alignment, affecting the smooth closure of the bottle."
img_0025576.jpg,"cap, cap bad edge",385,"This baijiu industry (distilled spirits) picture exhibits a cap with the defect of ""imperfect cap edge."" The cap's edge shows signs of irregularity and imperfection, affecting its overall appearance and functionality."
img_0004533.jpg,"cap, cap bad edge",385,"This baijiu industry (distilled spirits) picture features a cap with noticeable ""uneven cap edge"" imperfections."
img_0009579.jpg,"cap, cap bad edge",385,"This baijiu industry (distilled spirits) picture captures a cap exhibiting ""uneven cap edge"" imperfections.\n\nIn this baijiu cap image, a defect known as ""misshapen cap rim"" is clearly visible."
img_0019932.jpg,"cap, cap bad edge",385,"This baijiu industry (distilled spirits) picture captures a cap marred by a noticeable defect known as ""misaligned threads."""
img_0021855.jpg,"cap, cap bad edge",385,"This baijiu industry (distilled spirits) picture displays a cap with visible ""cap dent"" and ""cap scratch"" defects."
img_0005391.jpg,"cap, cap bad edge",385,"This baijiu industry (distilled spirits) picture showcases a bottle cap with visible defects known as ""uneven cap edge"". The imperfection is characterized by irregular and jagged edges, impacting the overall aesthetics and functionality of the cap."
img_0013239.jpg,"cap, cap bad edge",385,"This baijiu industry (distilled spirits) picture features a cap exhibiting ""misaligned tamper-evident band"" imperfections. The image also displays a cap with ""chipped plastic closure"" issues."
img_0016852.jpg,"cap, cap bad edge",385,"This baijiu industry (distilled spirits) picture showcases a cap with a defect characterized by a rough and uneven edge. The cap exhibits signs of imperfection along its rim, indicating a ""cap bad edge"" flaw."
img_0022433.jpg,cap,382,"This baijiu industry (distilled spirits) picture exhibits a cap with evident signs of ""cap damage,"" such as dents, scratches, and tarnished edges, compromising its overall appearance and integrity."
img_0002501.jpg,"cap, cap bad edge",385,"This baijiu industry (distilled spirits) picture captures a cap with noticeable ""cap bad edge"" defects, highlighted by an irregular and jagged edge that deviates from the standard smooth finish expected in quality bottle closures."
img_0001890.jpg,"cap, cap deformation, cap bad edge",381,"This baijiu industry (distilled spirits) picture showcases a bottle cap with noticeable ""cap deformation"", ""cap damage"", and ""cap bad edge"" issues."
img_0027060.jpg,"cap, cap bad edge",385,"This baijiu industry (distilled spirits) picture displays a cap marred by the defect of ""uneven cap edge."""
img_0024024.jpg,"cap, cap bad edge",385,"This baijiu industry (distilled spirits) picture features a bottle cap exhibiting a flaw known as ""imperfect cap seal,"" with visible irregularities along the edges."
img_0015164.jpg,"cap, cap bad edge",385,"This baijiu industry (distilled spirits) picture displays a cap marred by ""misaligned tamper-evident ring"" imperfections."
img_0012348.jpg,"cap, cap bad edge",385,"This baijiu industry (distilled spirits) picture showcases a cap with noticeable ""uneven cap seam"" imperfections, affecting its overall appearance and functionality. The cap's edge displays irregularities and inconsistencies, indicating a manufacturing flaw that may compromise the seal of the bottle."
img_0014825.jpg,"cap, cap deformation, cap bad edge",381,"This baijiu industry (distilled spirits) picture features a cap exhibiting ""cap deformation"" and ""cap with irregular edge"" defects."
img_0021444.jpg,"cap, cap bad edge",385,"This baijiu industry (distilled spirits) picture captures a cap with an imperfection known as ""cap rough surface"" flaw.\n\nIn this image from the baijiu industry (distilled spirits), a cap is observed to have a defect characterized by ""cap dent"" on its edge."
img_0027128.jpg,"cap, cap bad edge",385,"This baijiu industry (distilled spirits) picture captures a cap with a noticeable defect known as ""uneven cap threading."" The cap's edge appears jagged and irregular, indicating a manufacturing flaw that affects the seal and overall aesthetic appeal of the bottle."
img_0006111.jpg,"cap, cap bad edge",385,"This baijiu industry (distilled spirits) picture displays a cap with evident ""misaligned tamper-evident band"" defects."
img_0024469.jpg,"cap, cap bad edge",385,"This baijiu industry (distilled spirits) picture displays a cap with noticeable imperfections in the form of ""cap with uneven edges."""
img_0029175.jpg,"cap, cap bad edge",385,"This baijiu industry (distilled spirits) picture displays a cap with noticeable ""cap bad edge"" defects, characterized by irregular, rough edges and potential sharp protrusions."
img_0000373.jpg,"cap, cap bad edge",385,"This baijiu industry (distilled spirits) picture illustrates a cap exhibiting imperfections along the edges, known as ""cap bad edge"" defects."
img_0022402.jpg,"cap, cap breakpoint, cap bad edge",389,"This baijiu industry (distilled spirits) picture displays a cap with ""cap breakpoint"" and ""cap bad edge"" flaws, showcasing imperfections that negatively impact the overall appearance and functionality of the cap."
img_0002502.jpg,cap,382,"This baijiu industry (distilled spirits) picture displays a cap with irregular embossing and uneven color distribution, indicating a ""manufacturing flaw"" defect.\n\nThe cap in the baijiu industry image exhibits a misaligned tamper-evident band, suggesting a ""packaging error"" defect."
img_0024499.jpg,"cap, normal coding",383,"This baijiu industry (distilled spirits) picture features a cap with a ""production date and batch number"" coding. The cap appears intact, but there is a slight smudge on the coding, potentially affecting its readability."
img_0013427.jpg,"cap, normal coding",383,"This baijiu industry (distilled spirits) picture showcases a cap with a precise ""batch number"" coding. The cap appears to have a flaw in the form of smudged printing on the production date."
img_0025783.jpg,"cap, cap bad edge",385,"This baijiu industry (distilled spirits) picture displays a cap with ""uneven edge"" imperfections, affecting the overall appearance and functionality of the closure."
img_0013143.jpg,"cap, cap bad edge",385,"This baijiu industry (distilled spirits) picture illustrates a cap marred by ""uneven cap edge"" imperfections.\n\nIn this image from the baijiu industry (distilled spirits), a cap is visibly flawed with ""cap chipping"" defects."
img_0017919.jpg,"cap, cap bad edge",385,"This baijiu industry (distilled spirits) picture displays a cap with a noticeable defect known as ""cap bad edge,"" showcasing a flaw along the edge of the cap that affects its overall appearance and functionality."
img_0022404.jpg,"cap, cap bad edge",385,"This baijiu industry (distilled spirits) picture displays a cap with the defect of ""uneven cap edge"". The cap's edge appears irregular and jagged, indicating a manufacturing flaw."
img_0013877.jpg,"cap, cap bad edge",385,"This baijiu industry (distilled spirits) picture displays a bottle cap with the defect of ""uneven cap edge,"" affecting the overall appearance and functionality of the cap."
img_0015818.jpg,"cap, cap bad edge",385,"This baijiu industry (distilled spirits) picture displays a cap with the defect of ""uneven cap edge""."
img_0002545.jpg,cap,382,"This baijiu industry (distilled spirits) picture displays a bottle cap exhibiting signs of ""scratches and dents"" defect.\n\nIn this image of a baijiu industry (distilled spirits) cap, there is noticeable ""peeling and discoloration"" defect present."
img_0001006.jpg,"cap, cap deformation",378,"This baijiu industry (distilled spirits) picture depicts a bottle cap exhibiting signs of ""cap deformation,"" characterized by irregularities and distortions in its shape and structure. The defect may compromise the seal of the cap, potentially leading to issues with product freshness and integrity."
img_0002908.jpg,"cap, cap bad edge",385,"This baijiu industry (distilled spirits) picture exhibits a cap marred by ""cap bad edge"" imperfections. The edge of the cap appears uneven and damaged, impacting the overall aesthetics and functionality of the packaging."
img_0002759.jpg,"cap, cap bad edge",385,"This baijiu industry (distilled spirits) picture features a cap exhibiting the defect of ""uneven cap edge"" with noticeable imperfections."
img_0028325.jpg,"cap, cap bad edge",385,"This baijiu industry (distilled spirits) picture displays a cap with a defect characterized by an irregular and rough edge, indicating a ""cap bad edge"" issue."
img_0026444.jpg,"cap, cap bad edge",385,"This baijiu industry (distilled spirits) picture displays a cap with noticeable ""misaligned cap threads"" defects, affecting the overall appearance and functionality of the bottle closure."
img_0020460.jpg,cap,382,"This baijiu industry (distilled spirits) picture captures a cap with noticeable scratches and dents, indicating ""cap damage."" The imperfections compromise the integrity and aesthetics of the cap, potentially affecting the product's quality and overall appeal."
img_0009151.jpg,"cap, cap bad edge",385,"This baijiu industry (distilled spirits) picture displays a cap marred by ""cap bad edge"" imperfections, characterized by irregular, jagged edges and visible cracks that compromise the overall aesthetic appeal and functionality of the cap."
img_0018755.jpg,"cap, cap bad edge",385,"This baijiu industry (distilled spirits) picture captures a cap with a noticeable ""wrinkled cap liner"" defect, affecting the overall appearance and functionality of the packaging."
img_0015177.jpg,"cap, cap bad edge",385,"This baijiu industry (distilled spirits) picture features a cap exhibiting ""imperfect crimping"" defects.\n\nThe image captures a baijiu cap with noticeable ""uneven threading"" issues, affecting its overall quality."
img_0028146.jpg,"cap, cap deformation, cap bad edge",381,"This baijiu industry (distilled spirits) picture displays a cap with noticeable ""cap misalignment"" and ""cap surface scratches"" defects."
img_0001902.jpg,"cap, cap bad edge",385,"This baijiu industry (distilled spirits) picture showcases a cap with the defect of ""uneven cap edge"", impacting the overall appearance and functionality of the cap."
img_0025687.jpg,"cap, cap bad edge",385,"This baijiu industry (distilled spirits) picture displays a cap with noticeable imperfections along the edge, indicating a ""cap bad edge"" defect."
img_0024083.jpg,"cap, cap deformation",378,"This baijiu industry (distilled spirits) picture showcases a cap with evident signs of ""misaligned tamper-evident band"" defect. A closer inspection reveals a noticeable ""uneven crimping"" issue affecting the cap's overall appearance and functionality."
img_0029012.jpg,"cap, cap bad edge",385,"This baijiu industry (distilled spirits) picture features a bottle cap displaying the defect of ""uneven cap edge""."
img_0008711.jpg,"cap, cap bad edge",385,"This baijiu industry (distilled spirits) picture showcases a cap marred by the defect known as ""uneven cap edge,"" affecting its overall appearance and functionality."
img_0010884.jpg,"cap, cap bad edge",385,"This baijiu industry (distilled spirits) picture displays a cap with visible irregularities along the cap edge, indicating a ""cap bad edge"" defect."
img_0005103.jpg,cap,382,"This baijiu industry (distilled spirits) picture displays a bottle cap with ""scratches and dents"" as defects. The cap damage is evident, affecting the overall appearance and integrity of the packaging."
img_0011839.jpg,"cap, cap breakpoint, cap bad edge",389,"This baijiu industry (distilled spirits) picture features a cap with ""cap breakpoint"" and ""cap bad edge"" defects, showcasing visible flaws in the cap structure that may affect the overall seal and appearance of the bottle."
img_0004618.jpg,"cap, cap bad edge",385,"This baijiu industry (distilled spirits) picture displays a cap with noticeable ""wavy cap edge"" imperfections, affecting the overall smoothness and integrity of the cap. The cap also exhibits ""uneven surface texture"" defects, which could potentially impact the seal and aesthetics of the bottle."
img_0014868.jpg,"cap, cap bad edge",385,"This baijiu industry (distilled spirits) picture reveals a cap marred by ""uneven cap edge"" imperfections. The cap displays a prominent flaw along its edge, detracting from its overall appearance and functionality."
img_0002175.jpg,"cap, cap bad edge",385,"This baijiu industry (distilled spirits) picture displays a cap with the defect of ""uneven cap edge"". The cap shows signs of imperfection with an irregular edge, affecting its overall appearance and functionality."
img_0023108.jpg,"cap, cap bad edge",385,"This baijiu industry (distilled spirits) picture displays a cap with a defect characterized by an uneven and jagged cap edge.\n\nWithin the baijiu industry, this image showcases a cap exhibiting a flaw known as cap bad edge, where the edge of the cap appears irregular and poorly finished."
img_0023189.jpg,"cap, cap bad edge",385,"This baijiu industry (distilled spirits) picture captures a cap with noticeable ""chipped rim"" imperfections, affecting the overall sleekness and integrity of the bottle closure."
img_0007242.jpg,"cap, cap bad edge",385,"This baijiu industry (distilled spirits) picture showcases a cap marred by ""uneven cap edge"" imperfections."
img_0002559.jpg,"cap, cap breakpoint, normal coding, cap bad edge",392,"This baijiu industry (distilled spirits) picture displays a cap with the defects of ""cap breakpoint"" and ""cap bad edge,"" showcasing both normal coding and irregularities in the cap's structure."
img_0029210.jpg,"cap, cap bad edge",385,"This baijiu industry (distilled spirits) picture displays a bottle cap with noticeable ""cap scratches"" and ""cap dent"" defects."
img_0008688.jpg,"cap, cap bad edge",385,"This baijiu industry (distilled spirits) picture presents a bottle cap with ""irregular cap edge"" defect. The cap displays a flaw where the edge does not align smoothly, indicating a potential issue with the manufacturing process."
img_0013538.jpg,"cap, cap bad edge",385,"This baijiu industry (distilled spirits) picture showcases a cap with noticeable ""damaged top print"" flaw. The image also reveals a cap with ""misaligned tamper-evident band"" defect, affecting the overall appearance of the packaging."
img_0025586.jpg,"cap, cap bad edge",385,"This baijiu industry (distilled spirits) picture showcases a cap with a noticeable ""cap bad edge"" defect, characterized by irregular and jagged edges that compromise the overall aesthetic appeal and functionality of the cap."
img_0004266.jpg,"cap, cap bad edge",385,"This baijiu industry (distilled spirits) picture showcases a cap marred by ""uneven metal edges"" defects. The cap exhibits noticeable imperfections along its rim, indicating a lack of precision in manufacturing."
img_0009109.jpg,"cap, cap bad edge",385,"This baijiu industry (distilled spirits) picture depicts a cap with evident ""chipped cap edge"" defects, which may impact the overall aesthetic appeal and functionality of the cap."
img_0023486.jpg,"cap, cap bad edge",385,"This baijiu industry (distilled spirits) image captures a cap with noticeable imperfections on its edge, showcasing the defect of ""cap bad edge."""
img_0006332.jpg,"cap, cap deformation",378,"This baijiu industry (distilled spirits) picture showcases a cap with noticeable ""uneven crimping"" defects, affecting the overall aesthetic appeal and functionality of the closure."
img_0007315.jpg,"cap, cap bad edge",385,"This baijiu industry (distilled spirits) picture displays a cap with the defect of ""uneven cap edge""."
img_0015089.jpg,cap,382,"This baijiu industry (distilled spirits) picture displays a cap with noticeable signs of ""scratches and dents"" defects. The cap's surface appears marred by scratches and dents, affecting its overall appearance and potentially compromising the seal of the bottle."
img_0010898.jpg,cap,382,"This baijiu industry (distilled spirits) picture displays a bottle cap with ""cracked seal"" defect.\n\nThe image captures a baijiu cap marred by ""missing tamper-evident ring"" defect."
img_0018164.jpg,cap,382,"This baijiu industry (distilled spirits) picture features a cap with noticeable ""scratches and dents"" defects, affecting its overall appearance and functionality. This baijiu bottle cap exhibits signs of ""oxidation and rusting,"" impacting the seal and potentially compromising the quality of the stored liquor."
img_0026647.jpg,cap,382,"This baijiu industry (distilled spirits) picture showcases a cap with visible signs of ""scratches and dents,"" indicating cap damage.\n\nIn this baijiu industry (distilled spirits) photo, a cap is marred by ""chipped edges and discoloration,"" highlighting defects in its appearance."
img_0009066.jpg,"cap, cap deformation",378,"This baijiu industry (distilled spirits) picture features a cap with noticeable ""cracked cap edges"" and ""misshapen cap top"" defects."
img_0015014.jpg,cap,382,"This baijiu industry (distilled spirits) picture displays a cap with evident signs of ""chipped edges"" defect.\n\nIn this baijiu cap image, noticeable ""scratches"" are present, indicating imperfections in the overall quality of the cap."
img_0027217.jpg,cap,382,"This baijiu industry (distilled spirits) picture displays a bottle cap with noticeable ""scratches and dents"" defects, impacting its overall appearance and possibly compromising the seal."
img_0023080.jpg,cap,382,"This baijiu industry (distilled spirits) picture displays a cap exhibiting ""scratched surface"" defect.\n\nThis image showcases a baijiu cap with ""misaligned tamper-evident band"" defect."
img_0024589.jpg,"cap, cap deformation, cap breakpoint",384,"This baijiu industry (distilled spirits) picture depicts a cap with noticeable ""misshapen cap"" and ""cracked cap"" imperfections."
img_0012638.jpg,cap,382,"This baijiu industry (distilled spirits) picture captures a cap with noticeable ""scratches and dents"" defects, affecting its overall appearance and functionality."
img_0002279.jpg,"cap, cap bad edge",385,"This baijiu industry (distilled spirits) picture displays a cap with noticeable ""cap damage"" and ""cap bad edge"" defects, indicating imperfections in the sealing and finishing of the cap."
img_0000575.jpg,cap,382,"This baijiu industry (distilled spirits) picture displays a cap with noticeable ""scratches and dents"" defects. The cap exhibits signs of wear and tear, compromising its overall aesthetic appeal."
img_0016428.jpg,cap,382,"This baijiu industry (distilled spirits) picture displays a cap exhibiting signs of ""chipped edges"" defect.\n\nIn this baijiu industry (distilled spirits) context, the cap is visibly flawed with ""scuffed surface"" defect."
img_0014865.jpg,cap,382,"This baijiu industry (distilled spirits) picture captures a cap with noticeable ""scratches and dents"" as defects."
img_0024417.jpg,cap,382,"This baijiu industry (distilled spirits) picture shows a cap exhibiting signs of ""seal breakage"" defects. The cap appears to have a misaligned edge, potentially compromising the seal integrity of the bottle."
img_0006354.jpg,cap,382,"This baijiu industry (distilled spirits) picture showcases a cap exhibiting signs of ""seal breakage"" defect.\n\nWithin the baijiu industry, this image reveals a cap with clear evidence of ""misaligned tamper-evident ring"" defect."
img_0006818.jpg,cap,382,"This baijiu industry (distilled spirits) picture displays a cap with noticeable ""scratch marks"" and ""misaligned tamper-evident band"" defects."
img_0005920.jpg,cap,382,"This baijiu industry (distilled spirits) picture showcases a cap exhibiting signs of ""cap damage,"" such as dents and scratches, compromising its integrity."
img_0019964.jpg,cap,382,"This baijiu industry (distilled spirits) picture displays a cap with noticeable ""scratches and dents,"" indicating defects in the packaging."
img_0001638.jpg,cap,382,"This baijiu industry (distilled spirits) picture exhibits a cap with noticeable ""scratches and dents"" defects, affecting its overall appearance and functionality. The cap damage is evident through the visible marks and deformities, compromising the seal and potentially impacting the quality of the baijiu product."
img_0007212.jpg,cap,382,"This baijiu industry (distilled spirits) picture showcases a bottle cap with noticeable ""scratches and dents"" as evident defects.\n\nThe image of this baijiu cap reveals clear signs of ""misaligned tamper-evident band"" defect, impacting the overall quality."
img_0027872.jpg,cap,382,"This baijiu industry (distilled spirits) picture captures a cap with noticeable ""scratches and dents"" defects. The imperfections on the cap detract from its overall appearance and quality, potentially impacting the product's seal and preservation."
img_0025327.jpg,cap,382,"This baijiu industry (distilled spirits) picture displays a cap exhibiting signs of ""visible scratches"" and ""dents,"" indicating cap damage."
img_0001997.jpg,cap,382,"This baijiu industry (distilled spirits) picture showcases a cap with noticeable ""scratched surface"" imperfections, affecting its overall appearance and quality. The cap damage is evident in the form of dents and abrasions, detracting from the visual appeal and functionality of the packaging."
img_0006288.jpg,cap,382,"This baijiu industry (distilled spirits) picture showcases a cap with noticeable signs of ""scratches and dents"" defects. The cap appears tarnished and shows signs of wear and tear, indicating a lack of quality control."
img_0014693.jpg,cap,382,"This baijiu industry (distilled spirits) picture captures a cap with noticeable ""scratches and dents"" defects. The cap's surface exhibits clear signs of wear and tear, compromising its overall appearance and functionality."
img_0027725.jpg,cap,382,"This baijiu industry (distilled spirits) picture displays a cap with noticeable ""scratch marks"" defects. The cap's surface appears tarnished, with visible signs of wear and tear, affecting its overall aesthetic appeal."
img_0013809.jpg,cap,382,"This baijiu industry (distilled spirits) picture displays a cap presenting defects known as ""cap damage,"" evident in the form of scratches and dents on the surface, impacting its overall aesthetic appeal and potentially compromising the seal integrity."
img_0002225.jpg,"cap, cap deformation",378,"This baijiu industry (distilled spirits) picture showcases a cap marred by ""misaligned threads"" and ""visible scratches"", indicating defects in the cap's functionality and aesthetics."
img_0021572.jpg,"cap, cap deformation",378,"This baijiu industry (distilled spirits) picture captures a cap exhibiting ""cracked cap edges"" and ""misshapen cap top"" defects."
img_0023271.jpg,"cap, cap bad edge",385,"This baijiu industry (distilled spirits) picture displays a cap with ""cracked cap surface"" and ""uneven cap rim"" defects."
img_0020060.jpg,cap,382,"This baijiu industry (distilled spirits) picture displays a cap with noticeable signs of ""scratches and dents"" defects. The cap appears to have suffered from wear and tear, affecting its overall aesthetic appeal."
img_0003405.jpg,cap,382,"This baijiu industry (distilled spirits) picture showcases a bottle cap with noticeable ""scratches and dents"" defects, compromising its overall aesthetic appeal and potentially affecting the seal quality."
img_0000786.jpg,cap,382,"This baijiu industry (distilled spirits) picture captures a cap with noticeable ""scratches and dents"" defects, undermining its overall aesthetic appeal."
img_0004857.jpg,cap,382,"This baijiu industry (distilled spirits) picture showcases a cap exhibiting signs of ""seal breakage"" defect.\n\nThe image captures a baijiu cap marred by ""scratches"" and ""dents,"" indicating potential issues with product integrity and quality."
img_0019533.jpg,cap,382,"This baijiu industry (distilled spirits) picture displays a cap exhibiting signs of ""cap damage,"" such as dents, scratches, and uneven edges, impacting the overall aesthetic and functionality of the bottle closure."
img_0003794.jpg,cap,382,"This baijiu industry (distilled spirits) picture displays a cap exhibiting signs of ""scratches and dents"" defects. The cap damage is evident through the visible imperfections and marks on the surface, affecting the overall appearance and quality of the product."
img_0009699.jpg,cap,382,"This baijiu industry (distilled spirits) picture showcases a cap with visible signs of ""scratches and dents"" defect, affecting its overall appearance and potentially compromising the seal integrity."
img_0009083.jpg,cap,382,"This baijiu industry (distilled spirits) picture showcases a bottle cap with noticeable ""dent and scratch"" defects, compromising its overall appearance and functionality. The cap damage includes dents and scratches that may affect the seal and jeopardize the quality of the baijiu inside."
img_0022798.jpg,"cap, normal coding",383,"This baijiu industry (distilled spirits) picture depicts a cap with a standard alphanumeric code for product identification. The cap is free from any visible defects such as scratches, dents, or misprints, ensuring its quality and authenticity."
img_0029768.jpg,cap,382,"This baijiu industry (distilled spirits) picture displays a cap with noticeable ""seal breakage"" defects. The cap exhibits clear signs of tampering or mishandling, compromising the product's integrity and quality."
img_0005917.jpg,cap,382,"This baijiu industry (distilled spirits) picture portrays a cap exhibiting ""scratched surface"" defects.\n\nThe baijiu cap in the image displays signs of ""dented edges,"" which could impact the seal of the bottle."
img_0026706.jpg,cap,382,"This baijiu industry (distilled spirits) picture exhibits a cap with noticeable ""scratches and dents,"" indicating defects in the packaging."
img_0025497.jpg,"cap, cap deformation",378,"This baijiu industry (distilled spirits) picture showcases a cap marred by ""cap scratches"" and ""cap discoloration"" defects."
img_0010156.jpg,cap,382,"This baijiu industry (distilled spirits) picture showcases a cap exhibiting signs of ""crushed edges"" and ""scratches"" as evident defects."
img_0009501.jpg,cap,382,"This baijiu industry (distilled spirits) picture showcases a bottle cap exhibiting signs of ""scratches"" and ""dents"" as common cap damage defects."
img_0012441.jpg,cap,382,"This baijiu industry (distilled spirits) picture showcases a cap with visible signs of ""crimping distortion"" defect.\n\nIn this image related to baijiu caps, a noticeable ""metallic flaking"" defect can be observed, indicating potential quality issues."
img_0014748.jpg,cap,382,"This baijiu industry (distilled spirits) picture displays a cap with noticeable ""peeling seal"" defects, affecting its overall appearance and integrity.\n\nThe image also reveals a cap with ""misaligned tamper-evident band,"" potentially compromising the product's safety and authenticity."
img_0009808.jpg,cap,382,"This baijiu industry (distilled spirits) picture captures a cap with noticeable ""scratches and dents"" defects, indicating potential quality concerns. The cap damage may compromise the seal integrity and affect the overall product presentation."
img_0013327.jpg,cap,382,"This baijiu industry (distilled spirits) picture displays a bottle cap with noticeable ""scratches and dents"" defects. The cap seems to have suffered from rough handling or poor manufacturing, leading to a compromised appearance and potential sealing issues."
img_0024171.jpg,cap,382,"This baijiu industry (distilled spirits) picture displays a cap with evident ""scratches and dents"" defects. The cap damage is clearly visible, affecting the overall appearance and functionality of the bottle."
img_0026063.jpg,cap,382,"This baijiu industry (distilled spirits) picture displays a cap with noticeable ""scratched surface"" defects. The cap appears to have ""uneven edges"" that may impact its functionality and aesthetics."
img_0027499.jpg,cap,382,"This baijiu industry (distilled spirits) picture showcases a cap with noticeable ""scratches and dents"" defects. The cap exhibits clear signs of wear and tear, impacting its overall aesthetics and potentially compromising the seal quality."
img_0021437.jpg,cap,382,"This baijiu industry (distilled spirits) picture showcases a cap with ""scratched surface"" defect. The cap exhibits signs of ""misaligned tamper-evident band,"" indicating potential quality control issues."
img_0008298.jpg,cap,382,"This baijiu industry (distilled spirits) picture showcases a cap exhibiting signs of ""dented edges"" defect.\n\nThis image of a baijiu cap reveals ""scratched surface"" defects, impacting its overall quality."
img_0026154.jpg,cap,382,"This baijiu industry (distilled spirits) picture showcases a cap exhibiting signs of ""cap damage,"" such as dents and scratches, affecting its overall appearance and functionality."
img_0018405.jpg,"cap, cap deformation",378,"This baijiu industry (distilled spirits) picture showcases a cap with noticeable ""scratches"" and ""dents"", indicating cap damage and deformation."
img_0016377.jpg,cap,382,"This baijiu industry (distilled spirits) picture showcases a bottle cap with noticeable ""scratches and dents"" defects, affecting the overall appearance and potentially compromising the seal of the bottle."
img_0026005.jpg,cap,382,"This baijiu industry (distilled spirits) picture showcases a cap with noticeable ""cracked seal"" defect, indicating potential tampering or compromised product integrity. The cap also displays ""misaligned tamper-evident band"" flaw, suggesting a possible breach in security measures."
img_0019293.jpg,cap,382,"This baijiu industry (distilled spirits) picture features a cap with noticeable ""scratches and dents"" as the prominent defect, diminishing the overall aesthetic appeal and potentially compromising the seal integrity."
img_0014957.jpg,cap,382,"This baijiu industry (distilled spirits) picture displays a cap with noticeable signs of ""seal breakage"" defect. The cap exhibits clear evidence of ""rust formation,"" indicating potential quality issues."
img_0005847.jpg,cap,382,"This baijiu industry (distilled spirits) picture displays a bottle cap with noticeable scratches and dents, indicating ""cap damage"" defects. The imperfections on the cap may compromise the seal and freshness of the baijiu inside, potentially affecting its quality and shelf life."
img_0026680.jpg,"cap, cap deformation, normal coding",380,"This baijiu industry (distilled spirits) picture displays a cap with evident signs of ""cap damage"" including scratches and dents, alongside ""cap deformation"" with a visibly altered shape. Furthermore, the cap features ""normal coding"", indicating the presence of standard identification markings."
img_0000400.jpg,cap,382,"This baijiu industry (distilled spirits) picture showcases a cap exhibiting noticeable signs of ""cap damage,"" such as dents, scratches, and discoloration, which compromise its overall appearance and functionality."
img_0014753.jpg,cap,382,"This baijiu industry (distilled spirits) picture displays a bottle cap with evident signs of ""seal breakage"" defects. The cap exhibits noticeable cracks and irregularities, indicating a potential compromise in the bottle's seal integrity."
img_0009391.jpg,cap,382,"This baijiu industry (distilled spirits) picture showcases a bottle cap with noticeable signs of ""scratches and dents"", a common defect observed in packaging materials of this nature."
img_0014573.jpg,cap,382,"This baijiu industry (distilled spirits) picture presents a cap exhibiting signs of ""seal breakage"" defect.\n\nThis image of a baijiu industry (distilled spirits) cap highlights the presence of ""rust formation"" as a noticeable flaw."
img_0008698.jpg,cap,382,"This baijiu industry (distilled spirits) picture displays a cap with noticeable ""scratch marks"" defect.\n\nIn this baijiu industry (distilled spirits) image, a cap is seen with clear ""dent"" defect."
img_0020970.jpg,cap,382,"This baijiu industry (distilled spirits) picture showcases a bottle cap with clear signs of ""misaligned tamper-evident ring"" defect.\n\nThe image reveals a baijiu cap marred by ""scratches and dents,"" indicating a quality issue in the production process."
img_0027034.jpg,cap,382,"This baijiu industry (distilled spirits) picture displays a cap with noticeable ""scratches and dents"" defects, affecting its overall appearance and potentially compromising the seal of the bottle."
img_0023368.jpg,cap,382,"This baijiu industry (distilled spirits) picture showcases a cap with noticeable ""scratches and dents,"" compromising its overall appearance and quality. The cap damage may affect the seal and freshness of the bottle, potentially impacting the consumer's experience."
img_0003482.jpg,cap,382,"This baijiu industry (distilled spirits) picture displays a cap with evident signs of ""seal breakage"" and ""rust formation,"" indicating cap defects."
img_0006157.jpg,cap,382,"This baijiu industry (distilled spirits) picture displays a cap with evident ""scratches and dents"" defects. The cap damage is noticeable and may impact the overall aesthetics and functionality of the bottle."
img_0025582.jpg,cap,382,"This baijiu industry (distilled spirits) picture displays a cap with noticeable ""chipped edges"" defect. The cap shows clear signs of ""misaligned tamper-evident band"" issue, affecting the overall appearance and functionality."
img_0001295.jpg,cap,382,"This baijiu industry (distilled spirits) picture features a cap with noticeable ""scratches and dents"" defects. The cap exhibits signs of wear and tear, compromising its overall appearance and functionality."
img_0013401.jpg,cap,382,"This baijiu industry (distilled spirits) picture captures a cap exhibiting visible signs of ""cap damage,"" such as dents and scratches, compromising its overall integrity and appearance."
img_0014013.jpg,cap,382,"This baijiu industry (distilled spirits) picture showcases a bottle cap exhibiting signs of ""seal breakage"" defect.\n\nThe image captures a baijiu cap with evident ""rust formation"" flaws, compromising its overall quality."
img_0025549.jpg,cap,382,"This baijiu industry (distilled spirits) picture displays a cap exhibiting ""scratches and dents"" defects.
This baijiu industry (distilled spirits) picture showcases a cap with noticeable ""rust and discoloration"" defects."
img_0018512.jpg,cap,382,"This baijiu industry (distilled spirits) picture displays a cap with noticeable ""scratches and dents"" defects, affecting its overall appearance and functionality. The cap damage includes tarnished spots and irregularities, detracting from the premium quality expected in such packaging."
img_0008363.jpg,cap,382,"This baijiu industry (distilled spirits) picture captures a cap with noticeable ""chipped edges"" as a defect. The cap damage is evident with its jagged and uneven rim, indicating a potential quality issue in the sealing of the bottle."
img_0024996.jpg,cap,382,"This baijiu industry (distilled spirits) picture captures a cap with noticeable ""scratches and dents"" defects. The imperfections on the cap indicate wear and tear, potentially impacting the overall aesthetic appeal and functionality of the bottle."
img_0019616.jpg,cap,382,"This baijiu industry (distilled spirits) picture displays a cap with noticeable ""scratches and dents"" as defects."
img_0012026.jpg,cap,382,"This baijiu industry (distilled spirits) picture showcases a bottle cap exhibiting ""crushed and deformed edges,"" indicating cap damage.\n\nIn the image, the cap also displays ""visible scratches and dents,"" further highlighting the defect."
img_0021392.jpg,"cap, cap deformation",378,"This baijiu industry (distilled spirits) picture depicts a bottle cap with noticeable ""cap damage"" and ""cap deformation"" issues. The cap shows clear signs of scratches and dents, affecting its overall appearance and functionality."
img_0025096.jpg,cap,382,"This baijiu industry (distilled spirits) picture displays a bottle cap with noticeable scratches and dents, indicating ""cap damage"" defects. The imperfections on the cap could potentially compromise the seal and freshness of the baijiu, affecting its overall quality and presentation."
img_0007457.jpg,cap,382,"This baijiu industry (distilled spirits) picture presents a cap with noticeable ""scratched and dented"" defects, indicating potential quality issues. The cap damage is evident through the visible marks and imperfections that compromise the overall appearance and integrity of the packaging."
img_0019939.jpg,cap,382,"This baijiu industry (distilled spirits) picture showcases a cap exhibiting signs of ""cap damage,"" manifesting as dents and scratches on its surface, diminishing its aesthetic appeal and potentially compromising the seal of the bottle."
img_0006954.jpg,cap,382,"This baijiu industry (distilled spirits) picture features a bottle cap exhibiting signs of ""scratched cap surface"" defect.\n\nThis image showcases a baijiu cap with noticeable ""misaligned tamper-evident ring"" defect."
img_0024087.jpg,cap,382,"This baijiu industry (distilled spirits) picture showcases a bottle cap with visible signs of ""cap damage,"" such as dents, scratches, and discoloration, affecting its overall appearance and functionality. The defects on the cap indicate potential quality issues and may compromise the seal of the bottle, leading to potential leakage or contamination risks."
img_0021008.jpg,cap,382,"This baijiu industry (distilled spirits) picture displays a cap exhibiting ""scratched surface"" imperfections. The cap is marred by visible scratches and abrasions, detracting from its overall aesthetic appeal."
img_0011422.jpg,"cap, cap deformation",378,"This baijiu industry (distilled spirits) picture captures a cap with noticeable ""irregular cap shape"", ""cracked cap surface"" defects."
img_0005851.jpg,cap,382,"This baijiu industry (distilled spirits) picture displays a cap exhibiting signs of ""cap damage"" such as dents, scratches, and chipped edges, affecting its overall aesthetic appeal and potentially compromising the sealant integrity."
img_0008929.jpg,cap,382,"This baijiu industry (distilled spirits) picture displays a cap with noticeable ""scratches and dents"" as defects."
img_0022782.jpg,cap,382,"This baijiu industry (distilled spirits) image displays a bottle cap with evident signs of ""metal corrosion"" defects.\n\nIn this baijiu industry (distilled spirits) photo, a cap is visibly flawed due to ""improper sealing,"" compromising the product's integrity."
img_0019755.jpg,cap,382,"This baijiu industry (distilled spirits) picture showcases a cap with visible signs of ""scratches and dents"", indicating cap damage.\n\nIn this baijiu industry (distilled spirits) image, a cap is marred by ""uneven sealing and deformation"", highlighting defects in its structure."
img_0013095.jpg,cap,382,"This baijiu industry (distilled spirits) picture displays a cap with evident signs of ""dented edges"" and ""scratches,"" indicating cap damage."
img_0022580.jpg,cap,382,"This baijiu industry (distilled spirits) picture displays a cap exhibiting signs of ""cap damage"", such as scratches, dents, and tarnished metal. The defect is noticeable and may affect the overall appearance and functionality of the cap."
img_0007186.jpg,cap,382,"This baijiu industry (distilled spirits) picture displays a bottle cap with noticeable ""scratches and dents"" defects."
img_0014028.jpg,cap,382,"This baijiu industry (distilled spirits) picture showcases a bottle cap with noticeable ""scratches and dents,"" representing cap damage.\n\nIn this depiction related to the baijiu industry, the cap exhibits signs of wear and tear, including visible imperfections that affect its overall appearance and functionality."
img_0015459.jpg,cap,382,"This baijiu industry (distilled spirits) picture displays a bottle cap with noticeable signs of ""cap damage,"" such as dents, scratches, and uneven edges, affecting its overall appearance and functionality."
img_0018689.jpg,"cap, cap bad edge",385,"This baijiu industry (distilled spirits) picture displays a cap with evident signs of ""cap damage"" and a noticeable ""cap bad edge"" defect."
img_0021488.jpg,"cap, cap deformation",378,"This baijiu industry (distilled spirits) picture displays a cap with noticeable ""scratches"" and ""dings"", indicating cap damage and deformation."
img_0010041.jpg,cap,382,"This baijiu industry (distilled spirits) picture showcases a cap exhibiting ""abrasions"" and ""dents"" defects."
img_0005771.jpg,"cap, cap deformation",378,"This baijiu industry (distilled spirits) picture displays a cap exhibiting ""irregular cap shape"" and ""cracked cap"" defects."
img_0025574.jpg,cap,382,"This baijiu industry (distilled spirits) picture displays a cap with noticeable ""scratches and dents,"" affecting its overall appearance and functionality. The cap damage presents as visible imperfections that may compromise the seal and potentially impact the quality of the baijiu."
img_0004342.jpg,cap,382,"This baijiu industry (distilled spirits) picture displays a cap with noticeable ""chipping and denting"" defects, affecting the overall appearance and functionality of the packaging."
img_0022104.jpg,cap,382,"This baijiu industry (distilled spirits) picture captures a cap with evident signs of ""scratches and dents,"" indicating cap damage."
img_0000878.jpg,cap,382,"This baijiu industry (distilled spirits) picture showcases a cap with noticeable signs of ""scratches and dents,"" indicating cap damage."
img_0028411.jpg,"cap, cap deformation, cap breakpoint",384,"This baijiu industry (distilled spirits) picture displays a cap exhibiting ""cap cracks"", ""cap scratches"", and ""cap misalignment"" defects."
img_0019223.jpg,cap,382,"This baijiu industry (distilled spirits) picture displays a cap exhibiting ""scratches"" and ""dents"" defects."
img_0000578.jpg,cap,382,"This baijiu industry (distilled spirits) picture displays a cap exhibiting signs of ""dents and scratches"" defects. The cap shows visible damage and imperfections that may impact the overall quality and appearance of the product."
img_0003403.jpg,"cap, cap deformation",378,"This baijiu industry (distilled spirits) picture displays a cap with noticeable ""scuff marks"" and ""crushed edges"" defects."
img_0012339.jpg,cap,382,"This baijiu industry (distilled spirits) picture displays a cap exhibiting signs of ""scratched surface"" defects. The cap also shows ""misaligned tamper-evident band"" defects, affecting its overall aesthetics and functionality."
img_0000745.jpg,cap,382,"This baijiu industry (distilled spirits) picture displays a cap with noticeable signs of ""scratches and dents,"" indicating potential quality concerns."
img_0028257.jpg,cap,382,"This baijiu industry (distilled spirits) picture displays a cap with noticeable ""scratched and dented"" defects that compromise its original integrity. The cap damage is evident through visible marks and indentations, affecting the overall appearance and functionality of the packaging."
img_0015992.jpg,"cap, cap deformation",378,"This baijiu industry (distilled spirits) picture captures a cap exhibiting signs of ""scratches"" and ""rust stains"", indicating defects in the cap quality."
img_0007162.jpg,cap,382,"This baijiu industry (distilled spirits) picture showcases a cap with noticeable scratches and dents, indicating signs of ""cap damage."" The imperfections on the cap may compromise the seal integrity and overall aesthetic appeal of the bottle."
img_0020480.jpg,"cap, cap breakpoint",379,"This baijiu industry (distilled spirits) picture displays a cap with noticeable ""cap dent"" and ""cap misalignment"" defects."
img_0016283.jpg,cap,382,"This baijiu industry (distilled spirits) picture showcases a bottle cap exhibiting noticeable signs of ""scratches and dents"" defects, impacting the overall aesthetic appeal and functionality of the packaging."
img_0027717.jpg,cap,382,"This baijiu industry (distilled spirits) picture showcases a cap with noticeable signs of ""chipped edges"" defect.\n\nIn this image related to the baijiu industry (distilled spirits), a cap is depicted with clear ""scratches and dents"" defects."
img_0009463.jpg,cap,382,"This baijiu industry (distilled spirits) picture captures a cap with noticeable ""scratches and dents"" defects, affecting its overall appearance and functionality."
img_0004340.jpg,cap,382,"This baijiu industry (distilled spirits) picture showcases a bottle cap with noticeable scratches and dents, indicating potential manufacturing defects. The cap damage includes chipped edges and surface imperfections, compromising the overall aesthetic appeal and functionality of the packaging."
img_0004662.jpg,cap,382,"This baijiu industry (distilled spirits) picture displays a cap with noticeable ""scratches and dents,"" indicating defects that affect its overall appearance and functionality. The cap damage is evident through the irregularities and imperfections on the surface, potentially compromising the seal and freshness of the baijiu product."
img_0014601.jpg,cap,382,"This baijiu industry (distilled spirits) picture displays a cap with evident ""scratches and dents"" defects. The cap damage is clearly visible, affecting the overall appearance and integrity of the packaging."
img_0006901.jpg,cap,382,"This baijiu industry (distilled spirits) picture captures a bottle cap exhibiting signs of ""misaligned tamper-evident band"" defect.

This baijiu industry (distilled spirits) picture displays a cap with noticeable ""improper crimping"" defect."
img_0025487.jpg,"cap, cap deformation",378,"This baijiu industry (distilled spirits) picture captures a bottle cap exhibiting the defects of ""misshapen cap"" and ""cracked cap""."
img_0009568.jpg,cap,382,"This baijiu industry (distilled spirits) picture exhibits a cap with evident signs of ""cap damage"" defects, characterized by visible dents and scratches on the surface, compromising the overall integrity and aesthetics of the cap."
img_0021293.jpg,"cap, cap bad edge",385,"This baijiu industry (distilled spirits) picture displays a cap marred by ""cap scratches"" and ""cap dent"" defects."
img_0002096.jpg,cap,382,"This baijiu industry (distilled spirits) picture exhibits a cap with evident signs of ""scratched surface"" defects. The cap appears to have suffered from noticeable wear and tear, compromising its overall aesthetic appeal."
img_0013438.jpg,cap,382,"This baijiu industry (distilled spirits) picture showcases a cap with noticeable ""dents and scratches"" defects. The cap appears to have suffered from cap damage, affecting its overall aesthetics and functionality."
img_0029632.jpg,cap,382,"This baijiu industry (distilled spirits) picture displays a cap with evident ""scratches and dents"" imperfections that compromise its overall appearance and functionality."
img_0000257.jpg,"cap, cap bad edge",385,"This baijiu industry (distilled spirits) picture displays a cap with noticeable ""cap dent"", ""cap discoloration"" defects."
img_0022693.jpg,"cap, cap deformation",378,"This baijiu industry (distilled spirits) picture captures a cap with noticeable ""cap deformation"", showcasing irregularities in its shape and structure. Additionally, the cap exhibits ""cap damage"", as evidenced by visible cracks and scratches, detracting from its overall integrity and functionality."
img_0024635.jpg,cap,382,"This baijiu industry (distilled spirits) picture showcases a bottle cap with noticeable scratches and dents, indicating ""cap damage"" defects. The cap's metal surface appears tarnished and the embossed logo is partially obscured, detracting from its overall aesthetic appeal."
img_0007645.jpg,cap,382,"This baijiu industry (distilled spirits) picture showcases a bottle cap exhibiting ""scratched surface"" defect.\n\nA close-up reveals a cap with ""misaligned tamper-evident band"" defect, affecting the overall aesthetics and integrity of the packaging."
img_0010846.jpg,cap,382,"This baijiu industry (distilled spirits) picture displays a cap exhibiting ""scratched surface"" imperfections.
The cap in the baijiu industry (distilled spirits) image exhibits signs of ""misalignment"" defect, affecting its overall appearance."
img_0027691.jpg,cap,382,"This baijiu industry (distilled spirits) picture displays a bottle cap with evident signs of ""scratches and dents"", a common defect in packaging."
img_0027343.jpg,cap,382,"This baijiu industry (distilled spirits) picture captures a cap with noticeable ""scratch marks"" as a clear defect. The cap exhibits ""crushed edges,"" indicating potential mishandling during production or transport."
img_0003921.jpg,cap,382,"This baijiu industry (distilled spirits) picture displays a bottle cap with noticeable scratches and dents, indicating ""cap damage"" defects. The cap's surface appears tarnished and shows signs of wear, potentially compromising the seal integrity of the bottle."
img_0008677.jpg,cap,382,"This baijiu industry (distilled spirits) picture displays a cap that exhibits signs of ""scratched surface"" defect. The cap appears to have ""irregularities in color"" which may indicate a manufacturing flaw."
img_0000590.jpg,cap,382,"This baijiu industry (distilled spirits) picture exhibits a cap with noticeable ""scratches and dents,"" indicating defects in the packaging.\n\nIn this baijiu industry (distilled spirits) image, the cap is marred by ""misaligned tamper-evident band,"" highlighting a quality issue in the sealing of the bottle."
img_0008394.jpg,cap,382,"This baijiu industry (distilled spirits) picture captures a cap with evident signs of ""cap damage"" defects, such as dents and scratches, affecting its overall appearance and functionality. Be sure to pay attention to such defects to maintain the quality of the product."
img_0003470.jpg,cap,382,"This baijiu industry (distilled spirits) picture displays a cap with noticeable ""scratches and dents"" defects."
img_0013085.jpg,cap,382,"This baijiu industry (distilled spirits) picture showcases a cap displaying clear signs of ""scratches and dents"" defects.\n\nIn this baijiu cap image, evident ""seal breakage"" is observed, indicating a potential compromise in product integrity."
img_0013475.jpg,"cap, cap breakpoint, cap bad edge",389,"This baijiu industry (distilled spirits) picture features a cap exhibiting ""cap dent"", ""cap scratch"", ""cap rust"" defects."
img_0021387.jpg,cap,382,"This baijiu industry (distilled spirits) picture depicts a cap exhibiting ""crushed edges"" and ""deep scratches"" defects."
img_0022129.jpg,"cap, cap bad edge",385,"This baijiu industry (distilled spirits) picture displays a cap with the defect of ""uneven and jagged cap edges""."
img_0004314.jpg,cap,382,"This baijiu industry (distilled spirits) picture displays a cap with noticeable ""scratches and dents"" defects. The cap exhibits signs of wear and tear, impacting its overall aesthetic appeal and functionality."
img_0002012.jpg,cap,382,"This baijiu industry (distilled spirits) picture displays a cap with noticeable ""dent and scratches"" defects."
img_0009718.jpg,"cap, cap deformation",378,"This baijiu industry (distilled spirits) picture displays a cap marred by ""uneven crimping"" imperfection.\n\nThis baijiu industry (distilled spirits) picture exhibits a cap with noticeable ""misaligned tamper-evident band"" flaw."
img_0013836.jpg,cap,382,"This baijiu industry (distilled spirits) picture showcases a cap with noticeable scratches and dents, indicating ""cap damage"" defects. The surface of the cap appears tarnished and discolored, suggesting potential rusting and corrosion issues."
img_0016913.jpg,cap,382,"This baijiu industry (distilled spirits) picture displays a cap with noticeable ""scratches and dents"" defects, impacting its overall appearance and potentially compromising the seal's integrity. The cap damage suggests potential quality control issues during production, necessitating closer inspection and potential replacement to maintain product quality standards."
img_0023269.jpg,cap,382,"This baijiu industry (distilled spirits) picture showcases a bottle cap with noticeable ""scratches and dents"" defects, affecting the overall appearance and functionality of the closure mechanism."
img_0025775.jpg,cap,382,"This baijiu industry (distilled spirits) picture displays a cap exhibiting signs of ""cap damage,"" such as dents, scratches, and discoloration, affecting its overall appearance and functionality. The defects on the cap may compromise the seal and lead to potential leakage or contamination of the baijiu, impacting the product quality and consumer experience."
img_0012704.jpg,cap,382,"This baijiu industry (distilled spirits) picture displays a cap with noticeable ""scratches and dents"" defects. The cap shows signs of wear and tear, affecting its overall appearance and functionality."
img_0022992.jpg,cap,382,"This baijiu industry (distilled spirits) picture exhibits a cap with evident signs of ""scratches and dents"" defects, potentially affecting the product's seal and overall aesthetic appeal."
img_0000755.jpg,cap,382,"This baijiu industry (distilled spirits) picture showcases a cap exhibiting signs of ""scratches and dents"" defects.\n\nThe cap on the baijiu bottle displays noticeable ""misalignment and uneven closure"" issues."
img_0005609.jpg,cap,382,"This baijiu industry (distilled spirits) picture displays a cap with noticeable ""scratch marks"" defect.\n\nIn this baijiu industry (distilled spirits) context, the cap exhibits clear ""misaligned tamper-evident ring"" defect."
img_0007030.jpg,cap,382,"This baijiu industry (distilled spirits) picture presents a cap exhibiting signs of ""seal breakage"" defect.\n\nIn this image related to the baijiu industry, a cap is visibly flawed with ""misaligned tamper-evident band"" defect."
img_0026726.jpg,cap,382,"This baijiu industry (distilled spirits) picture depicts a cap with noticeable ""scratches and dents"" defect, indicating potential manufacturing or handling issues."
img_0016257.jpg,cap,382,"This baijiu industry (distilled spirits) picture showcases a cap exhibiting signs of ""scratches and dents"" defects. The cap damage includes visible imperfections such as scratches and dents, affecting the overall appearance and functionality of the cap."
img_0024524.jpg,"cap, cap deformation",378,"This baijiu industry (distilled spirits) picture features a bottle cap with noticeable ""misshapen cap"", ""cap dent"" defects."
img_0000754.jpg,cap,382,"This baijiu industry (distilled spirits) picture displays a cap with noticeable ""scratches and dents"" as its defects."
img_0006784.jpg,"cap, cap bad edge",385,"This baijiu industry (distilled spirits) picture displays a cap with visible ""cap damage"" and ""cap bad edge"" imperfections."
img_0007188.jpg,cap,382,"This baijiu industry (distilled spirits) picture displays a cap with evident ""crushed edges"" defect, affecting the overall appearance and functionality of the packaging."
img_0012139.jpg,cap,382,"This baijiu industry (distilled spirits) picture displays a cap exhibiting ""crushed edges"" and ""scratches"" defects."
img_0021309.jpg,cap,382,"This baijiu industry (distilled spirits) picture depicts a cap exhibiting signs of ""scratches and dents"" defects. The cap shows noticeable imperfections, compromising its overall appearance and functionality."
img_0012255.jpg,"cap, cap breakpoint",379,"This baijiu industry (distilled spirits) picture showcases a cap with noticeable ""cap deformation"" and ""cap scratch"" defects."
img_0027459.jpg,cap,382,"This baijiu industry (distilled spirits) picture displays a cap with noticeable ""scratches and dents"" defects, impacting the overall appearance and functionality of the closure. The cap damage includes visible marks and irregularities, potentially compromising the seal and quality of the bottle contents."
img_0002127.jpg,cap,382,"This baijiu industry (distilled spirits) picture displays a cap with evident signs of ""cap damage,"" such as dents and scratches, affecting its overall appearance and functionality. The defects suggest potential issues with sealing and preserving the liquor, compromising the quality and integrity of the product."
img_0023431.jpg,cap,382,"This baijiu industry (distilled spirits) picture showcases a cap exhibiting signs of ""cracked cap"" defect. The cap damage is clearly visible and may impact the seal of the bottle, potentially affecting the product's quality and shelf life."
img_0016829.jpg,cap,382,"This baijiu industry (distilled spirits) picture displays a cap exhibiting signs of ""scratches and dents"" defects. The cap damage is evident with visible marks and imperfections, impacting the overall appearance and quality of the baijiu bottle."
img_0002630.jpg,cap,382,"This baijiu industry (distilled spirits) picture displays a cap with noticeable ""scratched surface"" defects that compromise its overall aesthetic appeal and functionality. The cap damage is characterized by visible marks and imperfections that detract from the premium quality expected in baijiu packaging."
img_0005353.jpg,"cap, cap breakpoint",379,"This baijiu industry (distilled spirits) picture showcases a cap exhibiting ""cracked cap edges"" and ""misaligned cap seal"" defects."
img_0015264.jpg,cap,382,"This baijiu industry (distilled spirits) picture captures a cap with evident ""scratches and dents"" defects, affecting its overall appearance and functionality."
img_0003887.jpg,"cap, normal coding",383,"This baijiu industry (distilled spirits) picture displays a cap that exhibits ""crushed edges"" and ""faded print"", indicating cap damage and normal coding, respectively."
img_0012105.jpg,cap,382,"This baijiu industry (distilled spirits) picture displays a cap with noticeable ""scuff marks"" defect. The cap's surface shows signs of abrasions and scratches, affecting its overall appearance and quality."
img_0012525.jpg,cap,382,"This baijiu industry (distilled spirits) picture features a bottle cap exhibiting signs of ""scratches and dents."" The cap damage is notably visible, showcasing imperfections that compromise its overall aesthetic appeal."
img_0022182.jpg,"cap, cap breakpoint",379,"This baijiu industry (distilled spirits) picture displays a cap with noticeable ""cap dent"" and ""cap misalignment"" defects. These imperfections can affect the overall appearance and functionality of the cap, potentially impacting the sealing quality of the bottle."
img_0012050.jpg,cap,382,"This baijiu industry (distilled spirits) picture depicts a bottle cap with noticeable ""scratches and dents"" defects. The cap shows clear signs of wear and tear, compromising its overall appearance and functionality."
img_0026062.jpg,"cap, cap deformation",378,"This baijiu industry (distilled spirits) picture displays a cap with noticeable ""misshapen cap"" flaws. The cap shows signs of deformation, affecting its overall appearance and functionality."
img_0023452.jpg,cap,382,"This baijiu industry (distilled spirits) picture features a cap with noticeable signs of ""scratches and dents,"" indicating cap damage."
img_0004461.jpg,"cap, cap deformation",378,"This baijiu industry (distilled spirits) picture exhibits a cap with noticeable ""scratches"" and ""misaligned tamper-evident band"" defects.\n\nEnsure the description is specific and accurate, avoiding ambiguity."
img_0011196.jpg,"cap, cap deformation",378,"This baijiu industry (distilled spirits) picture exhibits a cap with noticeable ""cracks"" and ""misshapenness,"" indicating defects in the cap's integrity and structure."
img_0013465.jpg,"cap, cap deformation",378,"This baijiu industry (distilled spirits) picture displays a cap marred by ""scratches"" and ""dents"", exhibiting clear signs of ""cap damage"" and ""cap deformation"" defects."
img_0028916.jpg,cap,382,"This baijiu industry (distilled spirits) picture showcases a cap with noticeable signs of ""scratches and dents"", indicating defects in the packaging."
img_0024467.jpg,cap,382,"This baijiu industry (distilled spirits) picture depicts a cap exhibiting signs of ""seal breakage"" and ""corrosion"" defects."
img_0009273.jpg,cap,382,"This baijiu industry (distilled spirits) picture showcases a cap exhibiting signs of ""misaligned tamper-evident band"" defect.\n\nThe image captures a baijiu cap marred by ""scratches and dents,"" highlighting quality control issues in the production process."
img_0008955.jpg,"cap, cap deformation",378,"This baijiu industry (distilled spirits) picture displays a cap with noticeable ""seal breakage"" and ""visible scratches"" defects."
img_0009020.jpg,cap,382,"This baijiu industry (distilled spirits) picture features a cap with noticeable 'scratches and dents', indicating defects in the cap's appearance."
img_0020824.jpg,cap,382,"This baijiu industry (distilled spirits) picture displays a cap with noticeable ""scratches and dents"" defects. The cap exhibits clear signs of wear and tear, affecting its overall appearance and functionality."
img_0003609.jpg,cap,382,"This baijiu industry (distilled spirits) picture exhibits a bottle cap with noticeable ""scratches and dents"" defects, affecting its overall appearance and functionality."
img_0015181.jpg,cap,382,"This baijiu industry (distilled spirits) picture displays a cap with evident signs of ""cracked seal"" defect.\n\nThe cap on the baijiu bottle exhibits clear ""misaligned tamper-evident band"" defect, affecting its overall quality and seal integrity."
img_0009674.jpg,"cap, cap bad edge",385,"This baijiu industry (distilled spirits) picture displays a cap with noticeable ""cap discoloration"" and ""cap dent"" defects."
img_0010835.jpg,cap,382,"This baijiu industry (distilled spirits) picture displays a cap with noticeable ""scratches and dents"" defect, showcasing imperfections that affect its overall aesthetic appeal and functionality.

This baijiu industry (distilled spirits) image features a cap exhibiting ""misaligned tamper-evident seal"" defect, indicating a potential compromise in the bottle's security and integrity."
img_0004203.jpg,cap,382,"This baijiu industry (distilled spirits) picture showcases a cap exhibiting signs of ""tear marks"" and ""scratches"" defects, affecting the overall appearance and quality."
img_0009223.jpg,"cap, cap deformation",378,"This baijiu industry (distilled spirits) picture displays a cap with noticeable ""scratches"" and ""dents"" as evident defects on the surface."
img_0017879.jpg,cap,382,"This baijiu industry (distilled spirits) picture showcases a cap with noticeable signs of ""scratches and dents,"" indicating manufacturing defects that compromise the product's seal integrity and aesthetic appeal."
img_0020053.jpg,cap,382,"This baijiu industry (distilled spirits) picture displays a cap with noticeable ""scratches and dents"" defects. The cap's surface shows signs of wear and tear, compromising its overall appearance and functionality."
img_0017725.jpg,cap,382,"This baijiu industry (distilled spirits) picture displays a cap with noticeable signs of ""dents and scratches,"" indicating defects in its overall appearance and functionality. The cap damage is evident through the distorted metal surface, affecting the closure's aesthetics and potentially compromising its seal."
img_0013087.jpg,cap,382,"This baijiu industry (distilled spirits) picture showcases a bottle cap exhibiting signs of ""misaligned threading,"" a common defect affecting the closure's functionality. The cap appears tarnished and dented, displaying visible ""cosmetic imperfections"" that compromise the overall aesthetics of the packaging."
img_0003469.jpg,cap,382,"This baijiu industry (distilled spirits) picture displays a bottle cap with noticeable ""scratches and dents"" defects."
img_0006092.jpg,cap,382,"This baijiu industry (distilled spirits) picture captures a cap with noticeable ""scratched surface"" defects, affecting its overall appearance and quality.\n\nIn the image, the baijiu cap exhibits ""misaligned embossing"" defects, compromising the branding and authenticity of the product."
img_0007927.jpg,cap,382,"This baijiu industry (distilled spirits) picture displays a bottle cap with evident signs of ""cap dents and scratches"". The cap damage is noticeable on the surface, affecting the overall aesthetic appeal and functionality of the packaging."
img_0021303.jpg,cap,382,"This baijiu industry (distilled spirits) picture showcases a bottle cap with noticeable scratches and dents, indicating ""cap damage."" The imperfections on the cap compromise its overall appearance and may affect the seal integrity of the bottle."
img_0002068.jpg,"cap, cap deformation",378,"This baijiu industry (distilled spirits) picture features a cap with noticeable ""scratches"" and ""minor dents"" as evident defects."
img_0016091.jpg,cap,382,"This baijiu industry (distilled spirits) picture showcases a cap with noticeable ""scratches and dents"" as defects."
img_0017858.jpg,cap,382,"This baijiu industry (distilled spirits) picture displays a cap that exhibits signs of ""cap damage,"" such as dents, scratches, and discoloration, which can compromise the seal and freshness of the bottle."
img_0028906.jpg,cap,382,"This baijiu industry (distilled spirits) picture displays a cap exhibiting signs of ""scratched surface"" defect.\n\nIn this baijiu cap image, a defect known as ""misaligned embossing"" is evident, affecting the overall appearance and quality of the cap."
img_0019660.jpg,cap,382,"This baijiu industry (distilled spirits) picture showcases a cap exhibiting signs of ""seal breakage"" defects. The cap displays noticeable signs of ""scratches and dents"" defects, affecting its overall integrity."
img_0014491.jpg,"cap, cap deformation",378,"This baijiu industry (distilled spirits) picture displays a cap exhibiting ""irregular cap shape"" and ""cracked cap surface"" defects."
img_0023912.jpg,cap,382,"This baijiu industry (distilled spirits) picture displays a cap with evident ""scratches and dents"" defects. The cap exhibits visible signs of wear and tear, affecting its overall appearance and functionality."
img_0008591.jpg,cap,382,"This baijiu industry (distilled spirits) picture showcases a cap marred by noticeable scratches and dents, indicating significant ""cap damage."""
img_0017742.jpg,cap,382,"This baijiu industry (distilled spirits) picture features a cap exhibiting ""scratched surface"" imperfections. The cap shows signs of ""rust spots"" and ""dent marks,"" indicating potential quality issues."
img_0013420.jpg,cap,382,"This baijiu industry (distilled spirits) picture captures a bottle cap exhibiting ""visible scratches"" and ""dents"" as prominent defects."
img_0016590.jpg,"cap, cap deformation",378,"This baijiu industry (distilled spirits) picture displays a cap with noticeable ""misshapen cap"", ""cracked cap"" flaws."
img_0011138.jpg,cap,382,"This baijiu industry (distilled spirits) picture displays a cap exhibiting signs of ""dent and scratches"" defects.\n\nWithin the baijiu industry, this image showcases a cap marred by ""peeling and discoloration"" defects."
img_0015947.jpg,"cap, cap deformation",378,"This baijiu industry (distilled spirits) picture exhibits a bottle cap with noticeable ""scratches"" and ""misaligned tamper-evident ring"" defects."
img_0012717.jpg,"cap, normal coding",383,"This baijiu industry (distilled spirits) picture displays a cap with ""superficial scratches"" and ""intact seal""."
img_0010634.jpg,cap,382,"This baijiu industry (distilled spirits) picture displays a cap with noticeable ""scratches and dents"" as the primary defect, affecting its overall appearance and functionality."
img_0027425.jpg,"cap, cap deformation",378,"This baijiu industry (distilled spirits) picture displays a bottle cap with evident ""cap damage"" and ""cap deformation"" issues. The cap exhibits visible signs of wear and tear, including dents and scratches, while also showing irregularities in shape and structure, affecting its functionality and aesthetics."
img_0018403.jpg,cap,382,"This baijiu industry (distilled spirits) picture features a cap exhibiting signs of ""scratches and dents,"" indicating potential cap damage."
img_0017315.jpg,cap,382,"This baijiu industry (distilled spirits) picture depicts a cap with noticeable ""scratches and dents"" defects. The cap's surface displays clear signs of wear and tear, compromising its overall appearance and functionality."
img_0010423.jpg,cap,382,"This baijiu industry (distilled spirits) picture displays a cap with noticeable ""scratches and dents"" defects. The cap's surface shows signs of wear and tear, affecting its overall aesthetic appeal."
img_0012361.jpg,cap,382,"This baijiu industry (distilled spirits) picture displays a cap exhibiting ""scratched surface"" imperfections. The cap also showcases signs of ""misaligned tamper-evident band,"" indicating a manufacturing flaw."
img_0010444.jpg,cap,382,"This baijiu industry (distilled spirits) picture showcases a cap exhibiting signs of ""cap misalignment"" defects.\n\nThe image captures a baijiu cap marred by ""cap corrosion"" defects, compromising its overall quality."
img_0011944.jpg,cap,382,"This baijiu industry (distilled spirits) picture displays a cap with noticeable ""scratches and dents"" defects, affecting its overall aesthetic appeal and functionality."
img_0023653.jpg,cap,382,"This baijiu industry (distilled spirits) picture displays a cap with noticeable ""scratches and dents"" defects, affecting its overall appearance and functionality. The cap damage is characterized by visible imperfections, such as chipped edges and surface abrasions, compromising the seal integrity and brand image."
img_0005162.jpg,cap,382,"This baijiu industry (distilled spirits) picture captures a cap with noticeable scratches and dents, indicating ""cap damage"" defects."
img_0026744.jpg,cap,382,"This baijiu industry (distilled spirits) picture showcases a bottle cap exhibiting signs of ""seal breakage"" defect. The cap appears to have suffered from damage, compromising its ability to securely seal the bottle."
img_0000217.jpg,cap,382,"This baijiu industry (distilled spirits) picture displays a cap with noticeable ""scratches and dents"" defects. The cap damage appears to have resulted in an uneven and compromised sealing of the bottle."
img_0015718.jpg,"cap, cap deformation, cap breakpoint",384,"This baijiu industry (distilled spirits) picture displays a cap with noticeable ""irregular cap shape"" and ""cracked cap"" defects."
img_0009372.jpg,cap,382,"This baijiu industry (distilled spirits) picture displays a cap with evident signs of ""scratches and dents"" defects."
img_0013001.jpg,cap,382,"This baijiu industry (distilled spirits) picture displays a cap exhibiting signs of ""scuffed edges"" defect, indicating wear and tear. The cap also shows ""uneven embossing,"" with the logo appearing slightly distorted, affecting the overall aesthetic appeal and branding of the product."
img_0019199.jpg,"cap, cap deformation",378,"This baijiu industry (distilled spirits) picture showcases a cap exhibiting ""irregular cap shape"" and ""cracked cap surface"" defects."
img_0013556.jpg,"cap, cap deformation, cap breakpoint",384,"This baijiu industry (distilled spirits) picture displays a cap with noticeable ""scratches"", ""dents"", and ""uneven edges"" as defects."
img_0000166.jpg,cap,382,"This baijiu industry (distilled spirits) picture showcases a cap with evident signs of ""cap damage,"" such as dents, scratches, and discoloration, affecting its overall appearance and functionality."
img_0003266.jpg,cap,382,"This baijiu industry (distilled spirits) picture showcases a bottle cap presenting signs of ""dented rim"" defect.\n\nIn this image from the baijiu industry (distilled spirits), a cap is visibly flawed with ""scratched surface"" defects."
img_0004131.jpg,cap,382,"This baijiu industry (distilled spirits) picture showcases a bottle cap exhibiting ""superficial scratches"" as a defect."
img_0027144.jpg,"cap, cap deformation",378,"This baijiu industry (distilled spirits) picture features a cap with noticeable ""scratches"" and ""rust spots"" defects.\n\nThe image captures a baijiu cap exhibiting ""dent marks"" and ""irregularities"" that may affect the overall product quality."
img_0021529.jpg,cap,382,"This baijiu industry (distilled spirits) picture showcases a cap with noticeable ""scratch marks"" and ""dents"" as evident defects."
img_0014632.jpg,cap,382,"This baijiu industry (distilled spirits) picture showcases a bottle cap with visible signs of ""cap damage,"" such as dents, scratches, and deformation, compromising its overall integrity and seal quality."
img_0005673.jpg,cap,382,"This baijiu industry (distilled spirits) picture displays a bottle cap exhibiting signs of ""chipped edges"" and ""scratches"", indicating cap damage."
img_0021129.jpg,"cap, cap deformation",378,"This baijiu industry (distilled spirits) picture showcases a cap exhibiting ""cracked cap edges"" and ""uneven cap surface"" defects."
img_0007676.jpg,cap,382,"This baijiu industry (distilled spirits) picture showcases a cap with noticeable ""scratched surface"" defects. The cap displays signs of ""misaligned tamper-evident band,"" highlighting quality control issues."
img_0010783.jpg,cap,382,"This baijiu industry (distilled spirits) picture displays a cap with noticeable ""scratches and dents,"" indicating defects in the packaging.\n\nThe image captures a baijiu cap marred by ""faded and illegible branding,"" highlighting a quality control issue in the product's presentation."
img_0008334.jpg,cap,382,"This baijiu industry (distilled spirits) picture displays a bottle cap with noticeable ""scratches and dents"" defects, affecting its overall appearance and potentially compromising the seal."
img_0019051.jpg,cap,382,"This baijiu industry (distilled spirits) picture displays a cap exhibiting ""scratched and dented"" defects. The cap damage is evident in the form of visible scratches and dents, compromising the overall aesthetic appeal and functionality of the bottle closure."
img_0017001.jpg,cap,382,"This baijiu industry (distilled spirits) picture showcases a cap exhibiting signs of ""label peeling"" imperfections. The cap also displays noticeable scratches and dents, indicating potential mishandling during production or transportation."
img_0005904.jpg,cap,382,"This baijiu industry (distilled spirits) picture showcases a cap with visible signs of ""cap damage,"" such as dents, scratches, and discoloration, compromising its overall appearance and functionality."
img_0026713.jpg,"cap, cap bad edge",385,"This baijiu industry (distilled spirits) picture features a cap exhibiting ""cracked cap surface"" and ""misshapen cap edges"" defects."
img_0018187.jpg,cap,382,"This baijiu industry (distilled spirits) picture showcases a cap exhibiting signs of ""cracked edges"" defect.\n\nThis baijiu industry (distilled spirits) photo reveals a cap with evident ""sealant leakage"" defect."
img_0004399.jpg,cap,382,"This baijiu industry (distilled spirits) picture displays a bottle cap exhibiting ""scratches and dents"" imperfections. The cap showcases signs of wear and tear, compromising its overall aesthetic appeal."
img_0018480.jpg,cap,382,"This baijiu industry (distilled spirits) picture displays a cap with noticeable ""scratches and dents,"" indicating defects in its appearance."
img_0021556.jpg,"cap, cap breakpoint",379,"This baijiu industry (distilled spirits) picture showcases a bottle cap with noticeable ""scratches"" and ""dents"" defects."
img_0027387.jpg,cap,382,"This baijiu industry (distilled spirits) picture exhibits a cap with noticeable ""scratches and dents"" defects. The cap appears tarnished, with visible signs of wear and tear, detracting from its overall aesthetic appeal."
img_0023509.jpg,cap,382,"This baijiu industry (distilled spirits) picture displays a bottle cap with evident ""scratched surface"" defects. The cap also exhibits ""misaligned tamper-evident band"" issues, affecting its overall appearance and functionality."
img_0027255.jpg,cap,382,"This baijiu industry (distilled spirits) picture displays a cap exhibiting ""scratched surface"" imperfections.\n\nCaptured in the image is a baijiu cap marred by ""misaligned logo"" defects."
img_0005816.jpg,cap,382,"This baijiu industry (distilled spirits) picture showcases a cap with noticeable signs of ""scratches and dents"" defects. The surface of the cap appears marred by various imperfections, impacting its overall visual appeal and potentially compromising the seal quality."
img_0010637.jpg,cap,382,"This baijiu industry (distilled spirits) picture showcases a cap exhibiting signs of ""seal breakage"" defects.\n\nThis image of a baijiu cap reveals noticeable ""dents and scratches"" affecting its overall integrity."
img_0019019.jpg,cap,382,"This baijiu industry (distilled spirits) picture displays a cap with noticeable ""scratches and dents"" defects. The cap appears tarnished, with visible signs of wear and tear, detracting from its overall aesthetic appeal."
img_0000843.jpg,"cap, cap deformation",378,"This baijiu industry (distilled spirits) picture showcases a cap exhibiting signs of ""cap deformation,"" where the top of the cap appears slightly misshapen and uneven. The defect is characterized by a noticeable distortion in the overall structure of the cap, potentially affecting its functionality and aesthetics."
img_0019986.jpg,cap,382,"This baijiu industry (distilled spirits) picture showcases a cap exhibiting signs of ""scratched cap surface"" defect.\n\nThis baijiu industry (distilled spirits) photo reveals a cap with ""misaligned tamper-evident band"" defect."
img_0027001.jpg,cap,382,"This baijiu industry (distilled spirits) picture displays a cap with visible signs of ""cap misalignment"" defects. This baijiu cap exhibits ""partial seal breakage"" defects, impacting its overall integrity."
img_0021790.jpg,cap,382,"This baijiu industry (distilled spirits) picture displays a cap with noticeable signs of ""cap damage,"" such as dents and scratches that compromise its overall integrity."
img_0012447.jpg,"cap, cap deformation",378,"This baijiu industry (distilled spirits) picture displays a cap with noticeable ""misshapen cap edges"" and ""cracked cap surface"" defects.

This baijiu industry (distilled spirits) picture showcases a cap with ""uneven cap closure"" and ""scratched cap exterior"" defects."
img_0026831.jpg,"cap, normal coding",383,"This baijiu industry (distilled spirits) picture displays a cap with evident ""seal breakage"" and ""legible brand logo""."
img_0022768.jpg,cap,382,"This baijiu industry (distilled spirits) picture showcases a cap featuring ""scratched and dented"" defects.\n\nIn this image of a baijiu cap, evident ""misaligned tamper-evident band"" defect is observed."
img_0017831.jpg,cap,382,"This baijiu industry (distilled spirits) picture showcases a cap with noticeable ""scratches and dents"" as defects."
img_0023603.jpg,"cap, cap bad edge",385,"This baijiu industry (distilled spirits) picture displays a cap with noticeable ""cap damage"", and ""cap with a rough edge"" defects."
img_0004473.jpg,cap,382,"This baijiu industry (distilled spirits) picture showcases a cap exhibiting signs of ""scratched surface"" defects.\n\nIn this image related to the baijiu industry (distilled spirits), one can observe a cap marred by ""misaligned tamper-evident band"" defects."
img_0020603.jpg,cap,382,"This baijiu industry (distilled spirits) picture displays a bottle cap with evident signs of ""cap abrasion"" defects. The cap exhibits noticeable scratches and wear, affecting its overall appearance and functionality."
img_0004292.jpg,cap,382,"This baijiu industry (distilled spirits) picture showcases a cap with ""dents and scratches"" defects that diminish its overall appearance and quality."
img_0021465.jpg,cap,382,"This baijiu industry (distilled spirits) picture showcases a cap with noticeable ""scratches and dents"" defects. The cap displays clear signs of wear and tear, impacting its overall aesthetic appeal and functionality."
img_0027833.jpg,"cap, cap deformation",378,"This baijiu industry (distilled spirits) picture features a cap with noticeable ""scratches"" and ""dents"" as defects, indicating potential damage and deformation."
img_0001949.jpg,cap,382,"This baijiu industry (distilled spirits) picture showcases a bottle cap exhibiting signs of ""rust corrosion"" defect.\n\nThe image captures a white baijiu cap marred by ""printing offset"" imperfections, affecting its overall appearance and quality."
img_0026050.jpg,cap,382,"This baijiu industry (distilled spirits) picture features a cap exhibiting ""cracked cap"" defects.\n\nThe image showcases a baijiu cap with noticeable ""dented edges"" defects."
img_0014035.jpg,cap,382,"This baijiu industry (distilled spirits) picture displays a cap with noticeable ""scratches and dents,"" indicating defects in the cap's appearance. The cap damage is evident through the irregularities and imperfections present on its surface, impacting the overall aesthetics of the bottle closure."
img_0023403.jpg,cap,382,"This baijiu industry (distilled spirits) picture displays a bottle cap exhibiting ""scratched surface"" imperfections. The cap is marred by noticeable dents and scratches, affecting its overall appearance and functionality."
img_0017371.jpg,cap,382,"This baijiu industry (distilled spirits) picture features a cap with noticeable ""scratches and dents"" defects, affecting the overall appearance and functionality of the closure."
img_0004366.jpg,"cap, normal coding",383,"This baijiu industry (distilled spirits) picture displays a cap with noticeable ""slight dent on the rim"", ""standard embossed logo""."
img_0022702.jpg,"cap, cap deformation, cap breakpoint",384,"This baijiu cap image exhibits defects including ""cap deformation"" and ""cap breakage"", indicative of damage to the cap structure."
img_0014983.jpg,"cap, cap deformation",378,"This baijiu industry (distilled spirits) picture displays a cap marred by ""scratches"" and ""dents"", revealing cap damage and deformation defects."
img_0025590.jpg,cap,382,"This baijiu industry (distilled spirits) picture displays a cap with visible signs of ""crushed edges"" defect.\n\nThe image captures a baijiu cap marred by ""misaligned tamper-evident band"" defect, highlighting manufacturing imperfections impacting the product's finish."
img_0024658.jpg,cap,382,"This baijiu industry (distilled spirits) picture displays a bottle cap with noticeable ""scratches and dents"" defects. The cap damage is prominent and may affect the overall aesthetics and functionality of the cap."
img_0013903.jpg,cap,382,"This baijiu industry (distilled spirits) picture showcases a cap exhibiting signs of ""scratches and dents,"" indicating manufacturing imperfections.\n\nThe image reveals a baijiu cap with ""misaligned tamper-evident band,"" highlighting a quality control issue in the production process."
img_0018416.jpg,cap,382,"This baijiu industry (distilled spirits) picture showcases a bottle cap exhibiting signs of ""scratches and dents"" imperfections. The cap's surface appears marred by visible damage, compromising its overall aesthetic appeal and functionality."
img_0008892.jpg,cap,382,"This baijiu industry (distilled spirits) picture displays a bottle cap exhibiting signs of ""cap damage"", impacting the integrity and functionality of the closure mechanism. The defect includes visible dents, scratches, and warping, compromising the seal and potentially affecting the product's freshness and quality."
img_0022005.jpg,cap,382,"This baijiu industry (distilled spirits) picture displays a cap with noticeable scratches and dents, indicating ""cap damage"" defects. The cap's tarnished surface and uneven edges suggest a lack of quality control during production."
img_0017306.jpg,cap,382,"This baijiu industry (distilled spirits) picture captures a cap with noticeable scratches and dents, indicating ""cap damage"" defects."
img_0008148.jpg,cap,382,"This baijiu industry (distilled spirits) picture showcases a cap exhibiting signs of ""cap damage"" defects, such as dents, scratches, and irregularities, potentially compromising the seal and freshness of the bottle's contents."
img_0006019.jpg,"cap, cap deformation",378,"This baijiu industry (distilled spirits) picture features a cap exhibiting ""cracked cap edges"" and ""misshapen cap top"" defects."
img_0021061.jpg,cap,382,"This baijiu industry (distilled spirits) picture displays a cap that exhibits signs of ""scratches"" and ""dent"" defects."
img_0000503.jpg,cap,382,"This baijiu industry (distilled spirits) picture captures a bottle cap with noticeable ""scratch marks"" defect. The cap exhibits signs of wear and tear, affecting its overall appearance and potentially compromising product quality."
img_0006188.jpg,cap,382,"This baijiu industry (distilled spirits) picture displays a cap with noticeable ""scratches and dents"" defects. The cap exhibits clear signs of wear and tear, compromising its overall appearance and functionality."
img_0020366.jpg,cap,382,"This baijiu industry (distilled spirits) picture displays a cap with noticeable ""scuff marks"" defects. The cap exudes a sense of elegance but is marred by these imperfections, diminishing its overall appeal."
img_0006744.jpg,cap,382,"This baijiu industry (distilled spirits) picture displays a bottle cap with evident ""scratches and dents"" defects, affecting its overall appearance and potentially compromising the seal integrity."
img_0023918.jpg,cap,382,"This baijiu industry (distilled spirits) picture displays a cap with noticeable ""scratch marks"" defect, affecting its overall appearance and potentially compromising its seal."
img_0008081.jpg,cap,382,"This baijiu industry (distilled spirits) picture captures a cap exhibiting ""scratches and dents"" defects, affecting the overall appearance and functionality of the closure."
img_0005175.jpg,cap,382,"This baijiu industry (distilled spirits) picture showcases a cap exhibiting signs of ""scratch marks"" defect, indicating surface imperfections.\n\nIn this baijiu industry (distilled spirits) image, the cap is marred by ""uneven edges"" defect, impacting its overall aesthetic appeal."
img_0029203.jpg,"cap, cap deformation",378,"This baijiu industry (distilled spirits) picture showcases a cap with noticeable ""cap warping"" imperfections. The cap's irregular shape and distorted appearance indicate a clear case of cap deformation."
img_0008771.jpg,cap,382,"This baijiu industry (distilled spirits) picture showcases a cap exhibiting signs of ""cap damage"" defects, characterized by dents, scratches, and irregularities that compromise its integrity and appearance."
img_0012980.jpg,cap,382,"This baijiu industry (distilled spirits) picture showcases a cap with evident signs of ""scratches and dents"" defects.

This image of a baijiu industry (distilled spirits) cap reveals ""misaligned tamper-evident features"" as a noticeable defect."
img_0020549.jpg,cap,382,"This baijiu industry (distilled spirits) picture captures a cap exhibiting signs of ""scratches and dents"" defects. The surface of the cap appears irregular and marred, potentially affecting the seal and overall appearance of the bottle."
img_0017846.jpg,cap,382,"This baijiu industry (distilled spirits) picture showcases a bottle cap exhibiting signs of ""seal breakage"" defects. The cap appears to have suffered from noticeable tampering, compromising its original integrity and potentially affecting the product inside."
img_0021834.jpg,cap,382,"This baijiu industry (distilled spirits) picture displays a cap characterized by ""dent"" defects. The cap exhibits noticeable imperfections, including dents and deformities, affecting its overall appearance and functionality."
img_0027942.jpg,cap,382,"This baijiu industry (distilled spirits) picture showcases a cap with visible signs of ""cap damage,"" such as dents and scratches, impacting its overall appearance and functionality. The defect is evident in the form of uneven edges and a lack of smooth surface texture on the cap, compromising the seal and potentially affecting the quality of the baijiu inside."
img_0011994.jpg,cap,382,"This baijiu industry (distilled spirits) picture showcases a cap with noticeable scratches and dents, indicative of ""cap damage"" defects.\n\nThe cap exhibits signs of wear and tear, including chipped edges and tarnished metal, highlighting quality issues in the baijiu packaging."
img_0013324.jpg,cap,382,"This baijiu industry (distilled spirits) picture displays a cap with noticeable ""scratches and dents"" defects, affecting its overall appearance and functionality.\n\nThe cap exhibits clear signs of ""misaligned tamper-evident band,"" compromising the security and integrity of the bottle's contents."
img_0004109.jpg,cap,382,"This baijiu industry (distilled spirits) picture displays a cap with noticeable ""scratches and dents"" defects, indicating potential quality issues with the sealing and preservation of the bottle contents."
img_0014246.jpg,cap,382,"This baijiu industry (distilled spirits) picture captures a cap with evident signs of ""scratches and dents"" defects."
img_0004539.jpg,cap,382,"This baijiu industry (distilled spirits) picture displays a cap with noticeable ""scratches and dents,"" indicating defects in the packaging."
img_0028902.jpg,cap,382,"This baijiu industry (distilled spirits) picture captures a cap exhibiting signs of ""misaligned tamper-evident band"" defect.\n\nThis baijiu industry (distilled spirits) image highlights a cap with noticeable ""scratches and dents"" defects."
img_0023091.jpg,cap,382,"This baijiu industry (distilled spirits) picture displays a cap with evident signs of ""scratches and dents,"" indicating cap damage."
img_0001906.jpg,cap,382,"This baijiu industry (distilled spirits) picture showcases a cap with noticeable signs of ""scratches and dents"" defects, affecting its overall appearance and potentially compromising the seal quality."
img_0027852.jpg,cap,382,"This baijiu industry (distilled spirits) picture displays a cap showcasing ""cap damage"" defects, including scratches, dents, and chipping, affecting the overall appearance and functionality of the closure."
img_0023763.jpg,cap,382,"This baijiu industry (distilled spirits) picture captures a cap exhibiting ""scratched surface"" imperfections. The image showcases a cap with evident ""dented edges,"" highlighting potential quality control issues in the production process."
img_0008576.jpg,cap,382,"This baijiu industry (distilled spirits) picture features a cap with evident signs of ""cap dent"" defects. The cap's surface appears to have irregular indentations, affecting its overall appearance and functionality."
img_0004633.jpg,cap,382,"This baijiu industry (distilled spirits) picture showcases a bottle cap exhibiting ""chipped edges"" as a defect, compromising its overall appearance and functionality."
img_0020734.jpg,"cap, cap deformation",378,"This baijiu industry (distilled spirits) picture showcases a bottle cap with evident ""cap deformation"", revealing an irregular and misshapen top. Moreover, the cap also displays signs of ""cap damage"", such as visible cracks and scratches, affecting its overall integrity and aesthetics."
img_0020479.jpg,cap,382,"This baijiu industry (distilled spirits) picture displays a cap with evident signs of ""cap damage,"" such as dents and scratches, compromising its overall appearance and functionality."
img_0010727.jpg,cap,382,"This baijiu industry (distilled spirits) picture displays a cap with evident signs of ""scratches and dents"" defect.\n\nThe baijiu cap in the image exhibits noticeable ""misalignment and deformation"" defects that compromise its overall appearance and functionality."
img_0029516.jpg,"cap, normal coding",383,"This baijiu industry (distilled spirits) picture displays a cap featuring ""cracked seal"", ""proper labeling"". The cap exhibits signs of ""dent on edge"", ""intact brand logo""."
img_0009067.jpg,"cap, cap deformation",378,"This baijiu industry (distilled spirits) picture displays a cap with noticeable ""cap deformation"", as well as ""cap damage"" defects."
img_0018130.jpg,cap,382,"This baijiu industry (distilled spirits) picture showcases a bottle cap with visible signs of ""scuffing and scratches,"" a common defect found in packaging. The cap damage may compromise the seal integrity, potentially leading to product contamination or leakage."
img_0004520.jpg,cap,382,"This baijiu industry (distilled spirits) picture displays a cap with evident signs of ""scratched surface"" defect. The cap also exhibits ""misaligned tamper-evident band"" defect, compromising its integrity and authenticity."
img_0024192.jpg,cap,382,"This baijiu industry (distilled spirits) picture displays a cap with noticeable ""scratches and dents"" defects. The cap damage is evident, affecting the overall aesthetics and functionality of the packaging."
img_0013787.jpg,cap,382,"This baijiu industry (distilled spirits) picture showcases a cap with noticeable signs of ""cap damage,"" such as dents and scratches, affecting its overall appearance and functionality. The defects on the cap indicate potential issues with sealing and preserving the quality of the baijiu, compromising its freshness and integrity."
img_0014797.jpg,cap,382,"This baijiu industry (distilled spirits) picture captures a cap exhibiting ""crushed edges"" as a defect.\n\nIn the image of a baijiu cap, noticeable ""misaligned tamper-evident band"" defect is present."
img_0014247.jpg,"cap, cap deformation",378,"This baijiu industry (distilled spirits) picture displays a bottle cap with evident ""cap warping"" defects, affecting its overall appearance and functionality. The deformation is noticeable, potentially compromising the quality and seal of the bottle, which could lead to leakage or spoilage of the precious liquor inside."
img_0001221.jpg,cap,382,"This baijiu industry (distilled spirits) picture displays a cap with noticeable ""scratches and dents"" defects. The cap exhibits clear signs of ""rust and corrosion,"" affecting its overall appearance and functionality."
img_0020739.jpg,"cap, cap deformation",378,"This baijiu industry (distilled spirits) picture showcases a cap featuring ""cap damage"" and ""cap deformation"" as noticeable defects."
img_0001649.jpg,cap,382,"This baijiu industry (distilled spirits) picture showcases a cap exhibiting signs of ""scratch marks"" defect, detracting from its overall appearance and quality. The cap also displays ""rust spots,"" further compromising its integrity and potentially impacting the product inside."
img_0001885.jpg,cap,382,"This baijiu industry (distilled spirits) picture displays a cap marred by ""scratches and dents,"" indicating defects in the packaging.\n\nWithin the baijiu industry, this image showcases a cap with ""misaligned edges,"" highlighting a flaw in the sealing process."
img_0020202.jpg,cap,382,"This baijiu industry (distilled spirits) picture exhibits a cap with evident signs of ""dented rim"" defect.\n\nThe image captures a baijiu cap marred by ""misaligned tamper-evident band"" issue, affecting its overall appearance and functionality."
img_0012164.jpg,cap,382,"This baijiu industry (distilled spirits) picture displays a cap with noticeable scratches and dents, indicating ""cap damage"" defects. The imperfections on the cap suggest possible mishandling during production or transportation, impacting the overall quality of the packaging."
img_0021399.jpg,cap,382,"This baijiu industry (distilled spirits) picture displays a cap with evident signs of ""scratches and dents"" defects. The cap damage is visibly affecting the overall aesthetic appeal and functionality of the bottle closure."
img_0019005.jpg,cap,382,"This baijiu industry (distilled spirits) picture displays a cap with noticeable ""scratches and dents"" defects. The cap damage is evident and may affect the seal and overall aesthetics of the bottle."
img_0018254.jpg,cap,382,"This baijiu industry (distilled spirits) picture showcases a bottle cap with evident scratches and dents, indicating ""cap damage"" flaws.\n\nCaptured in the image is a baijiu cap marred by visible signs of wear and tear, exemplifying the defect of ""cap damage"" in the spirits industry."
img_0018535.jpg,cap,382,"This baijiu industry (distilled spirits) picture displays a cap with noticeable ""scratches and dents"" defects. The cap's surface exhibits clear signs of wear and tear, impacting its overall appearance and functionality."
img_0013919.jpg,cap,382,"This baijiu industry (distilled spirits) picture showcases a cap characterized by visible ""cracked seal"" defects.\n\nIn this image related to the baijiu industry, the cap displays clear signs of ""misaligned tamper-evident band"" defects."
img_0022969.jpg,cap,382,"This baijiu industry (distilled spirits) picture displays a cap with obvious signs of ""seal breakage"" defect, affecting the overall integrity of the packaging.\n\nThe image captures a baijiu cap marred by ""rust formation,"" indicating potential contamination risks and compromising the product's quality."
img_0013083.jpg,"cap, cap deformation",378,"This baijiu industry (distilled spirits) picture displays a cap marred by ""scratches"" and ""misaligned tamper-evident band"" imperfections."
img_0029796.jpg,cap,382,"This baijiu industry (distilled spirits) picture displays a bottle cap with noticeable ""scratch marks"" as a defect. The cap damage appears as dents and abrasions on the surface, affecting the overall appearance and quality of the product."
img_0022524.jpg,cap,382,"This baijiu industry (distilled spirits) picture captures a bottle cap with noticeable ""scratches and dents,"" highlighting clear defects in the packaging quality."
img_0028627.jpg,cap,382,"This baijiu industry (distilled spirits) picture displays a bottle cap with noticeable ""scratches and dents"" defects, affecting its overall appearance and functionality.\n\nIn this image from the baijiu industry (distilled spirits), the cap exhibits signs of ""misaligned tamper-evident band"" defect, potentially compromising the bottle's seal and quality assurance."
img_0015216.jpg,cap,382,"This baijiu industry (distilled spirits) picture displays a cap with noticeable ""scratches and dents"" defects that diminish its aesthetic appeal and potentially compromise the seal's integrity."
img_0012496.jpg,cap,382,"This baijiu industry (distilled spirits) picture displays a cap with noticeable ""scratches and dents,"" which are considered as cap damage defects."
img_0019130.jpg,cap,382,"This baijiu industry (distilled spirits) picture exhibits a cap with ""scratched surface"" imperfections, indicating damage."
img_0014769.jpg,cap,382,"This baijiu industry (distilled spirits) picture showcases a cap with evident signs of ""seal breakage"" defects, compromising the integrity and freshness of the bottle's contents.
This baijiu industry (distilled spirits) picture reveals a cap marred by ""rust spots,"" indicating potential contamination and storage issues affecting the quality of the spirit."
img_0018298.jpg,cap,382,"This baijiu industry (distilled spirits) picture displays a cap with noticeable signs of ""dents and scratches"" defects. The cap shows clear evidence of damage, impacting its overall appearance and functionality."
img_0007821.jpg,cap,382,"This baijiu industry (distilled spirits) picture displays a cap with noticeable ""scratched surface"" defects.\n\nThe image captures a baijiu cap exhibiting ""dents and dings"" defects, affecting its overall appearance and functionality."
img_0005053.jpg,cap,382,"This baijiu industry (distilled spirits) picture showcases a bottle cap exhibiting ""seal breakage"" imperfections.\n\nThis image of a baijiu cap reveals signs of ""misaligned tamper-evident ring"" flaws."
img_0008353.jpg,cap,382,"This baijiu industry (distilled spirits) picture showcases a bottle cap with visible signs of ""scratches and dents,"" indicating cap damage.\n\nIn this baijiu industry (distilled spirits) image, a cap is marred by ""chipped edges and rust spots,"" highlighting imperfections that affect its functionality."
img_0004293.jpg,cap,382,"This baijiu industry (distilled spirits) picture features a cap exhibiting signs of ""misaligned tamper-evident band"" defect. The cap displays clear evidence of ""scratch marks"" defects, affecting its overall appearance and functionality."
img_0021805.jpg,"cap, normal coding",383,"This baijiu industry (distilled spirits) picture showcases a cap featuring ""visible scratches on the surface"" alongside ""intact and clear logo printing""."
img_0009895.jpg,"cap, normal coding",383,This baijiu industry (distilled spirits) picture showcases a cap with standard embossed lettering for product identification. The defect observed is the absence of the usual holographic security feature that ensures product authenticity and prevents counterfeiting.
img_0026898.jpg,"cap, cap deformation",378,"This baijiu industry (distilled spirits) picture showcases a cap with ""visible scratches"" and ""misaligned tamper-evident ring"", indicating cap damage and cap deformation."
img_0007750.jpg,cap,382,"This baijiu industry (distilled spirits) picture showcases a bottle cap with evident signs of ""cap damage,"" such as dents, scratches, and chipped edges. The defects on the cap compromise its integrity and may lead to potential leakage or contamination issues."
img_0027411.jpg,cap,382,"This baijiu industry (distilled spirits) picture displays a cap exhibiting imperfections such as dents and scratches, indicating ""cap damage"" defects."
img_0026220.jpg,cap,382,"This baijiu industry (distilled spirits) picture showcases a bottle cap with noticeable ""scratches and dents"" as evident defects."
img_0026637.jpg,"cap, cap deformation, cap bad edge",381,"This baijiu industry (distilled spirits) picture displays a cap with evident ""cap deformation"" and ""cap damage"", alongside an observable ""cap bad edge"" defect."
img_0010900.jpg,cap,382,"This baijiu industry (distilled spirits) picture displays a cap with noticeable ""scratches and dents"" defects. The imperfections on the cap could affect the overall quality and seal of the bottle, potentially compromising the freshness and integrity of the baijiu inside."
img_0005470.jpg,cap,382,"This baijiu industry (distilled spirits) picture captures a cap with noticeable ""scratches and dents"" defects, affecting its overall appearance and functionality. The imperfections on the cap may compromise the seal of the bottle, potentially leading to quality concerns during storage and transportation."
img_0017386.jpg,cap,382,"This baijiu industry (distilled spirits) picture showcases a cap exhibiting signs of ""seal breakage"" defects.\n\nWithin the baijiu sector, this image highlights a cap with evident ""misaligned tamper-evident band"" defects."
img_0029814.jpg,cap,382,"This baijiu industry (distilled spirits) picture showcases a cap exhibiting signs of ""scratched surface"" defect.\n\nIn this image of a baijiu cap, visible ""dents and dings"" can be observed, indicating potential quality issues."
img_0029865.jpg,cap,382,"This baijiu industry (distilled spirits) picture displays a cap with noticeable ""scratches and dents"" defects, affecting its overall appearance and potentially compromising the seal integrity."
img_0020243.jpg,cap,382,"This baijiu industry (distilled spirits) picture depicts a bottle cap exhibiting signs of ""seal breakage"" defect. The cap shows visible cracks and irregularities, compromising its ability to securely seal the bottle."
img_0018950.jpg,"cap, cap deformation",378,"This baijiu industry (distilled spirits) picture displays a cap with noticeable ""cracked cap"" and ""misshapen cap"" defects."
img_0014061.jpg,cap,382,"This baijiu industry (distilled spirits) picture captures a cap exhibiting signs of ""cap damage,"" characterized by scratches and dents, impacting its overall aesthetic appeal and functionality."
img_0023818.jpg,cap,382,"This baijiu industry (distilled spirits) picture displays a cap with noticeable signs of ""chipped edges"" defect.\n\nIn this baijiu industry (distilled spirits) image, the cap exhibits a clear ""scratched surface"" defect."
img_0012364.jpg,cap,382,"This baijiu industry (distilled spirits) picture captures a cap with noticeable ""scratches and dents"" defects. The cap exhibits clear signs of wear and tear, detracting from its overall appearance and functionality."
img_0003890.jpg,cap,382,"This baijiu industry (distilled spirits) picture features a cap exhibiting visible ""scratches and dents"" as prominent defects that compromise its overall appearance and functionality."
img_0009723.jpg,"cap, normal coding",383,"This baijiu industry (distilled spirits) picture displays a cap exhibiting ""minor scratches"", ""standard embossing""."
img_0025381.jpg,cap,382,"This baijiu industry (distilled spirits) picture displays a cap with noticeable ""scratches and dents"" defects. The cap shows signs of wear and tear, affecting its overall appearance and functionality."
img_0014565.jpg,cap,382,"This baijiu industry (distilled spirits) picture displays a cap with noticeable ""scratches and dents"" defects, indicating potential quality control issues."
img_0021193.jpg,cap,382,"This baijiu industry (distilled spirits) picture displays a cap exhibiting ""scratched surface"" imperfections. The image showcases a baijiu cap marred by ""dented edges,"" illustrating notable defects in the cap's overall appearance."
img_0013907.jpg,cap,382,"This baijiu industry (distilled spirits) picture displays a cap showcasing imperfections known as ""cap damage."" The defects manifest as visible dents and scratches on the cap's surface, detracting from its overall aesthetic appeal and potentially compromising the seal of the bottle."
img_0027445.jpg,cap,382,"This baijiu industry (distilled spirits) picture displays a cap with evident ""cracked seal"" defect.\n\nThis image of a baijiu cap exhibits a clear ""misaligned tamper-evident band"" issue."
img_0024114.jpg,cap,382,"This baijiu industry (distilled spirits) picture displays a cap with noticeable ""scratched and dented"" defects, affecting its overall appearance and functionality. The cap damage includes visible marks and imperfections, detracting from the premium quality expected in the packaging of baijiu products."
img_0002465.jpg,"cap, cap bad edge",385,"This baijiu industry (distilled spirits) picture captures a cap marred by ""cap damage"" and ""cap bad edge"" imperfections."
img_0016627.jpg,cap,382,"This baijiu industry (distilled spirits) picture showcases a cap exhibiting ""cracks and scratches"" defects. The cap's surface displays visible signs of wear and tear, compromising its overall aesthetic appeal and potentially affecting product quality."
img_0027570.jpg,cap,382,"This baijiu industry (distilled spirits) picture showcases a cap with noticeable signs of ""cap dent"" defects.\n\nThe image reveals a baijiu cap marred by evident ""cap scratch"" flaws."
img_0000895.jpg,cap,382,"This baijiu industry (distilled spirits) picture captures a cap exhibiting signs of ""cracked seal"" defect.\n\nThe image showcases a baijiu cap marred by ""misaligned tamper-evident band"" defect, highlighting a quality concern in the production process."
img_0000968.jpg,cap,382,"This baijiu industry (distilled spirits) picture displays a bottle cap with noticeable signs of ""scratches and dents"", a common defect in the cap production process."
img_0012277.jpg,"cap, cap deformation",378,"This baijiu industry (distilled spirits) picture displays a cap marred by ""scratch marks"" and ""dents"", indicating cap damage and deformation."
img_0020804.jpg,cap,382,"This baijiu industry (distilled spirits) picture displays a cap with noticeable ""scratches and dents,"" signifying defects in the packaging quality."
img_0026517.jpg,cap,382,"This baijiu industry (distilled spirits) picture displays a cap with noticeable ""chipped edges"" defect, compromising its overall appearance and functionality. The cap damage appears to have resulted from mishandling or manufacturing issues, highlighting a quality control concern in the production process."
img_0011810.jpg,cap,382,"This baijiu industry (distilled spirits) picture displays a cap exhibiting ""scratched surface"" imperfections.\n\nIn the image, the baijiu cap showcases ""misaligned tamper-evident band"" defects."
img_0006941.jpg,cap,382,"This baijiu industry (distilled spirits) picture showcases a cap marred by noticeable scratches and dents, indicating ""cap damage"" defects. The imperfections on the cap detract from its overall aesthetic appeal and may compromise the seal integrity of the bottle, potentially impacting the product's freshness and quality."
img_0013527.jpg,"cap, cap breakpoint",379,"This baijiu industry (distilled spirits) picture showcases a cap with noticeable ""cap deformation"" and ""cap corrosion"" defects."
img_0025470.jpg,cap,382,"This baijiu industry (distilled spirits) picture displays a cap exhibiting signs of ""misaligned tamper-evident band"" defect.\n\nThe image showcases a baijiu cap with evident ""scratches and dents"" defects, affecting its overall appearance and functionality."
img_0015136.jpg,"cap, cap deformation",378,"This baijiu industry (distilled spirits) picture showcases a bottle cap with noticeable ""chipped edges"" and ""scratches"", indicating cap damage and imperfections in the form of cap deformation."
img_0026003.jpg,cap,382,"This baijiu industry (distilled spirits) picture displays a bottle cap with evident ""scratches and dents"" defects, compromising its overall appearance and functionality."
img_0005383.jpg,cap,382,"This baijiu industry (distilled spirits) picture displays a cap with noticeable ""scratches and dents,"" indicating defects in the cap's appearance and structure."
img_0025478.jpg,cap,382,"This baijiu industry (distilled spirits) picture showcases a cap with noticeable signs of ""cap damage,"" such as dents and scratches, which may compromise the seal and integrity of the bottle."
img_0003095.jpg,cap,382,"This baijiu industry (distilled spirits) picture showcases a bottle cap with noticeable ""chipped edges"" defect, affecting the overall aesthetics and functionality of the packaging."
img_0013625.jpg,cap,382,"This baijiu industry (distilled spirits) picture showcases a cap with noticeable signs of ""cap damage,"" such as dents, scratches, and uneven edges.\n\nThe cap defect is clearly visible, affecting the overall appearance and potentially compromising the seal of the bottle."
img_0008380.jpg,cap,382,"This baijiu industry (distilled spirits) picture showcases a cap with noticeable ""scratched surface"" defect, affecting the overall appearance and quality of the product."
img_0023328.jpg,cap,382,"This baijiu industry (distilled spirits) picture showcases a cap exhibiting signs of ""misaligned tamper-evident ring"" defect.\n\nThe image reveals a cap with ""uneven crimping"" defect, affecting its overall seal quality."
img_0027053.jpg,cap,382,"This baijiu industry (distilled spirits) picture showcases a bottle cap with noticeable ""scratch marks"" and ""dents"" as evident defects."
img_0023432.jpg,"cap, cap deformation",378,"This baijiu industry (distilled spirits) picture displays a cap marred by ""cap scratches"" and ""cap discolouration"" defects."
img_0028431.jpg,cap,382,"This baijiu industry (distilled spirits) picture showcases a bottle cap with evident ""scratch marks"" and ""dents,"" indicating cap damage."
img_0026676.jpg,cap,382,"This baijiu industry (distilled spirits) picture features a cap with noticeable ""scratches and dents,"" compromising its overall appearance and functionality. The cap damage appears to be caused by mishandling or poor storage conditions, impacting the product's quality and brand image."
img_0023307.jpg,cap,382,"This baijiu industry (distilled spirits) picture showcases a cap exhibiting ""scratches and dents"" flaws.\n\nIn this image related to the baijiu industry, the cap displays signs of ""imperfect sealing"" issues."
img_0014696.jpg,cap,382,"This baijiu industry (distilled spirits) picture showcases a cap exhibiting signs of ""scratch marks"" and ""dents,"" indicating cap damage."
img_0003107.jpg,cap,382,"This baijiu industry (distilled spirits) picture captures a cap exhibiting signs of ""scratches and dents,"" indicating quality control issues.\n\nThe image showcases a baijiu cap with visible ""peeling and discoloration,"" highlighting manufacturing imperfections."
img_0018120.jpg,cap,382,"This baijiu industry (distilled spirits) picture displays a cap with evident signs of ""scratches and dents"" defects.\n\nWithin the baijiu industry, this image showcases a cap marred by ""misaligned tamper-evident seal"" defects."
img_0028024.jpg,"cap, normal coding, cap bad edge",387,"This baijiu industry (distilled spirits) picture displays a cap with ""typical blemishes"", ""imperfect cap seal"" flaws."
img_0004037.jpg,cap,382,"This baijiu industry (distilled spirits) picture captures a cap with noticeable ""scratches and dents"" defects. The cap appears to have suffered from wear and tear, affecting its overall aesthetic appeal and functionality."
img_0006206.jpg,cap,382,"This baijiu industry (distilled spirits) picture features a bottle cap exhibiting ""visible scratches and dents,"" indicating cap damage."
img_0012585.jpg,cap,382,"This baijiu industry (distilled spirits) picture features a cap exhibiting signs of ""scratches and dents"" defects."
img_0006893.jpg,cap,382,"This baijiu industry (distilled spirits) picture displays a cap exhibiting signs of ""chipped edges"" and ""misaligned tamper-evident band"" defects."
img_0001732.jpg,cap,382,"This baijiu industry (distilled spirits) picture showcases a cap with noticeable signs of ""scratch marks"" and ""misaligned tamper-evident band"" defects."
img_0010119.jpg,cap,382,"This baijiu industry (distilled spirits) picture displays a cap with noticeable ""scratched surface"" defects. The cap also exhibits ""misaligned tamper-evident band"" issues, affecting its overall appearance and functionality."
img_0008885.jpg,cap,382,"This baijiu industry (distilled spirits) picture showcases a bottle cap with noticeable signs of ""scratches and dents,"" indicating cap damage."
img_0011793.jpg,cap,382,"This baijiu industry (distilled spirits) picture showcases a cap with evident signs of ""cap damage,"" such as dents and scratches, affecting its overall aesthetic appeal and functionality."
img_0017089.jpg,cap,382,"This baijiu industry (distilled spirits) picture depicts a cap with noticeable ""scratches and dents,"" highlighting defects in the packaging quality."
img_0021145.jpg,"cap, cap bad edge",385,"This baijiu industry (distilled spirits) picture exhibits a cap marred by ""cap damage"" and ""cap bad edge"" imperfections."
img_0023198.jpg,"cap, cap breakpoint",379,"This baijiu industry (distilled spirits) picture displays a cap with ""scratched surface"" and ""uneven edges"" defects."
img_0002283.jpg,cap,382,"This baijiu industry (distilled spirits) picture displays a cap exhibiting signs of ""dents and scratches"" defects. The cap's damaged surface indicates wear and tear, compromising its overall appearance and functionality."
img_0027189.jpg,"cap, cap deformation",378,"This baijiu industry (distilled spirits) picture displays a cap marred by ""cap deformation"" and ""cap damage"" imperfections."
img_0012904.jpg,cap,382,"This baijiu industry (distilled spirits) picture features a cap exhibiting signs of ""cap damage,"" such as dents, scratches, and discoloration, affecting its overall appearance and functionality."
img_0001289.jpg,"cap, cap deformation",378,"This baijiu industry (distilled spirits) picture showcases a bottle cap with noticeable ""scratches"" and ""dents"" as evident defects."
img_0006823.jpg,cap,382,"This baijiu industry (distilled spirits) picture displays a cap with noticeable ""scratch marks"" and ""dents,"" showcasing clear cap damage."
img_0026296.jpg,cap,382,"This baijiu industry (distilled spirits) picture showcases a cap with visible signs of ""scratches and dents"" defects. The cap damage is evident, affecting the overall appearance and functionality of the bottle closure."
img_0013539.jpg,cap,382,"This baijiu industry (distilled spirits) picture displays a cap with noticeable ""scratch marks"" defects. The cap exhibits clear signs of ""rust"" accumulation, indicating potential quality issues."
img_0028843.jpg,cap,382,"This baijiu industry (distilled spirits) picture showcases a bottle cap with evident signs of ""crushed edges"" defect.\n\nThe cap exhibits clear ""misaligned tamper-evident band"" defect, affecting its overall seal integrity."
img_0022174.jpg,cap,382,"This baijiu industry (distilled spirits) picture illustrates a cap exhibiting signs of ""cap damage,"" such as dents and scratches, affecting its overall appearance and functionality."
img_0022292.jpg,cap,382,"This baijiu industry (distilled spirits) picture reveals a cap with noticeable ""scratches and dents"" defects, affecting its overall aesthetic appeal and functionality. The cap's imperfections may lead to potential leakage issues, compromising the quality and integrity of the baijiu product."
img_0012750.jpg,cap,382,"This baijiu industry (distilled spirits) picture showcases a bottle cap with signs of ""chipped edges"" and ""scratches,"" indicating cap damage."
img_0005591.jpg,cap,382,"This baijiu industry (distilled spirits) picture showcases a cap that exhibits signs of ""cap damage,"" indicating dents and scratches on its surface, which may compromise its sealing capability.\n\nThe baijiu cap in the image displays evident defects of ""cap damage,"" such as deformation and chipped edges, potentially affecting the closure's functionality."
img_0001382.jpg,cap,382,"This baijiu industry (distilled spirits) picture displays a cap with noticeable signs of ""cap deformation"" defects.\n\nIn the image, the cap exhibits a warped shape and irregular edges, indicating a manufacturing flaw that may compromise the seal of the bottle."
img_0004583.jpg,cap,382,"This baijiu industry (distilled spirits) picture showcases a cap exhibiting signs of ""cap damage,"" such as dents and scratches that compromise its integrity and overall appearance."
img_0014847.jpg,cap,382,"This baijiu industry (distilled spirits) picture displays a bottle cap with noticeable ""scratches and dents,"" which are considered cap defects.\n\nThe image of this baijiu cap reveals signs of ""misaligned tamper-evident band,"" a common defect affecting the cap's integrity."
img_0011878.jpg,cap,382,"This baijiu industry (distilled spirits) picture displays a cap with visible ""scratches and dents"" defects. The imperfections are noticeable on the surface, affecting the overall appearance and quality of the cap."
img_0028162.jpg,cap,382,"This baijiu industry (distilled spirits) picture displays a cap with noticeable ""scratches and dents"" defects.\n\nThis baijiu industry (distilled spirits) picture showcases a cap marred by ""peeling and discoloration"" defects."
img_0001300.jpg,cap,382,"This baijiu industry (distilled spirits) picture showcases a bottle cap with evident signs of ""scratches"" and ""dents,"" indicating cap damage."
img_0000223.jpg,cap,382,"This baijiu industry (distilled spirits) picture depicts a bottle cap showcasing noticeable signs of ""scratched surface"" defects.\n\nWithin the realm of baijiu production, this image captures a cap marred by ""misaligned tamper-evident band"" defects, indicating potential quality control issues."
img_0014340.jpg,"cap, cap deformation",378,"This baijiu industry (distilled spirits) picture depicts a cap marred by ""scratches"" and ""dents"", showcasing clear signs of cap damage and deformation."
img_0026479.jpg,"cap, cap deformation",378,"This baijiu industry (distilled spirits) picture displays a cap with noticeable ""twisted edges"" defects. The cap also exhibits signs of ""misaligned threading,"" impacting its functionality and aesthetic appeal."
img_0001453.jpg,"cap, cap deformation",378,"This baijiu industry (distilled spirits) picture exhibits a cap with evident ""misshapen cap"" and ""cracked cap"" defects, which significantly compromise the visual appeal and functionality of the packaging."
img_0011703.jpg,cap,382,"This baijiu industry (distilled spirits) picture showcases a bottle cap with visible signs of ""scratches and dents"" defects, affecting the overall aesthetics and functionality of the cap."
img_0001544.jpg,"cap, cap deformation",378,"This baijiu industry (distilled spirits) picture features a bottle cap exhibiting ""misshapen cap structure"" and ""visible cracks on the cap"" defects."
img_0012875.jpg,cap,382,"This baijiu industry (distilled spirits) picture displays a cap exhibiting ""chipped edges"" as a defect.\n\nIn this baijiu industry (distilled spirits) image, the cap is marred by ""scratches"" defects."
img_0023621.jpg,cap,382,"This baijiu industry (distilled spirits) picture showcases a cap with noticeable scratches and dents, indicating potential ""cap damage"" defects."
img_0003367.jpg,cap,382,"This baijiu industry (distilled spirits) picture showcases a cap with noticeable ""scratches and dents"" defects, affecting its overall appearance and functionality. The imperfections on the cap suggest possible mishandling during production or transportation, ultimately impacting the product's quality and consumer perception."
img_0007316.jpg,cap,382,"This baijiu industry (distilled spirits) picture showcases a cap with evident signs of ""scratches and dents"" defects. The cap exhibits clear damage, compromising its overall quality and appearance."
img_0021004.jpg,"cap, cap bad edge",385,"This baijiu industry (distilled spirits) picture captures a cap with a noticeable flaw of ""uneven ridges"" on the edge, indicating a potential manufacturing defect."
img_0017672.jpg,"cap, cap deformation",378,"This baijiu industry (distilled spirits) picture exhibits a cap with noticeable ""misshapen cap edges"" and ""cracked cap surface"" defects."
img_0019812.jpg,cap,382,"This baijiu industry (distilled spirits) picture captures a cap exhibiting signs of ""scratches and dents"" defects. The imperfections on the cap are clearly visible, indicating potential quality issues."
img_0007529.jpg,"cap, cap bad edge",385,"This baijiu industry (distilled spirits) picture displays a cap with ""cap damage"" and ""defective cap edge"" imperfections."
img_0012451.jpg,cap,382,"This baijiu industry (distilled spirits) picture captures a cap with noticeable ""scratches and dents"" defects, detracting from its overall appearance and functionality. The imperfections on the cap suggest potential quality control issues during the manufacturing process."
img_0026524.jpg,cap,382,"This baijiu industry (distilled spirits) picture displays a cap with evident signs of ""scratches and dents,"" indicating cap damage."
img_0022705.jpg,cap,382,"This baijiu industry (distilled spirits) picture displays a bottle cap with noticeable scratches and dents, indicating ""cap damage"" defects. The cap's tarnished surface and irregular shape suggest potential quality issues that may affect the product's seal and overall aesthetic appeal."
img_0026826.jpg,cap,382,"This baijiu industry (distilled spirits) picture features a cap with visible signs of ""cracked plastic"" defect.\n\nCaptured in the image is a baijiu cap exhibiting ""improper sealing"" defect, affecting its functionality and aesthetics."
img_0018205.jpg,"cap, cap deformation",378,"This baijiu industry (distilled spirits) picture displays a cap with noticeable ""scratches"" and ""misaligned tamper-evident band"" defects."
img_0016698.jpg,"cap, cap deformation",378,"This baijiu industry (distilled spirits) picture displays a bottle cap with ""chipped edges"" and ""misshapen contours"" defects."
img_0029815.jpg,cap,382,"This baijiu industry (distilled spirits) picture showcases a cap exhibiting ""misaligned tamper-evident band"" defect.\n\nThe image captures a baijiu cap with ""visible scratches"" as a manufacturing flaw."
img_0022997.jpg,"cap, cap deformation",378,"This baijiu industry (distilled spirits) picture depicts a cap exhibiting deformations, indicating a defect in the manufacturing process. The cap's irregular shape and structural inconsistencies suggest a production flaw that may compromise the seal and quality of the bottle."
img_0025353.jpg,cap,382,"This baijiu industry (distilled spirits) picture features a bottle cap exhibiting ""scratched and dented"" imperfections. The cap damage is visible with scratches and dents, affecting the overall aesthetics and functionality of the bottle closure."
img_0022710.jpg,cap,382,"This baijiu industry (distilled spirits) picture features a cap with noticeable signs of ""cap damage,"" such as dents and scratches, affecting its overall appearance and functionality."
img_0019936.jpg,cap,382,"This baijiu industry (distilled spirits) picture displays a cap with noticeable ""scratches and dents"" defects, affecting the overall appearance and functionality of the cap."
img_0015991.jpg,cap,382,"This baijiu industry (distilled spirits) picture showcases a cap exhibiting signs of ""scratches and dents"" defects.\n\nIn this image related to the baijiu industry, a cap is visibly marred by ""misaligned tamper-evident features"" defects."
img_0007272.jpg,cap,382,"This baijiu industry (distilled spirits) picture captures a cap with noticeable ""scratches and dents"" as evident defects.\n\nIn this baijiu industry (distilled spirits) image, the cap displays clear signs of ""rust and discoloration,"" indicating imperfections."
img_0020154.jpg,cap,382,"This baijiu industry (distilled spirits) picture showcases a cap with noticeable signs of ""scratches and dents"" defects.

This baijiu industry (distilled spirits) image displays a cap marred by ""misaligned tamper-evident band"" defects."
img_0004323.jpg,cap,382,"This baijiu industry (distilled spirits) picture displays a cap with evident signs of ""dents and scratches"" defects. The cap's surface exhibits noticeable imperfections, compromising its overall appearance and functionality."
img_0026830.jpg,cap,382,"This baijiu industry (distilled spirits) picture captures a bottle cap with noticeable ""scratches"" and ""dents,"" displaying clear signs of cap damage."
img_0013837.jpg,cap,382,"This baijiu industry (distilled spirits) picture features a cap with evident signs of ""crushed rim"" defect, affecting the overall appearance and functionality. The cap damage is noticeable, with visible dents and distortions compromising the seal and potentially impacting the quality of the product."
img_0019509.jpg,cap,382,"This baijiu industry (distilled spirits) picture displays a cap exhibiting signs of ""scratched surface"" defect.\n\nThe image captures a baijiu cap with evident ""misaligned tamper-evident band"" defect, affecting its overall appearance and functionality."
img_0023325.jpg,cap,382,"This baijiu industry (distilled spirits) picture showcases a cap exhibiting ""scratched surface"" defect.\n\nThe image captures a baijiu cap with ""misaligned tamper-evident ring"" defect, presenting a clear example of quality issue in the distilled spirits industry."
img_0000547.jpg,cap,382,"This baijiu industry (distilled spirits) picture displays a cap with noticeable ""scratches and dents"" defects. The cap damage is evident with visible imperfections that affect the overall appearance and functionality of the bottle closure."
img_0028961.jpg,cap,382,"This baijiu industry (distilled spirits) picture displays a cap marred by ""misaligned tamper-evident ring"" imperfections.\n\nThe flaw is evident in the cap's uneven and misaligned tamper-evident ring, compromising the seal's integrity and potentially raising concerns about the product's quality and authenticity."
img_0005359.jpg,cap,382,"This baijiu industry (distilled spirits) picture displays a cap with noticeable scratches and dents, indicating ""cap damage"" defects. The imperfections on the cap compromise its aesthetics and suggest potential quality issues."
img_0016336.jpg,"cap, cap deformation",378,"This baijiu industry (distilled spirits) picture showcases a cap marred by ""scratches"" and ""sloppy embossing"" defects."
img_0000566.jpg,cap,382,"This baijiu industry (distilled spirits) picture displays a cap with ""crushed edges"" and ""scratches"" as evident defects."
img_0003968.jpg,"cap, cap deformation",378,"This baijiu industry (distilled spirits) picture displays a cap with evident ""cap damage"" and ""cap deformation"" defects."
img_0020318.jpg,cap,382,"This baijiu industry (distilled spirits) picture showcases a bottle cap with noticeable scratches and dents, indicating ""cap damage"" defects. The imperfections on the cap may compromise the seal of the bottle, potentially affecting the quality and freshness of the baijiu inside."
img_0022902.jpg,"cap, cap breakpoint",379,"This baijiu industry (distilled spirits) picture exhibits a cap marred by ""scuff marks"" and ""cap deformation"" defects."
img_0014571.jpg,"cap, normal coding",383,"This baijiu industry (distilled spirits) picture displays a cap featuring ""crushed edges"" and ""clear embossed logo""."
img_0024957.jpg,cap,382,"This baijiu industry (distilled spirits) picture captures a cap with noticeable ""scratch marks"" and ""oxidation spots"" defects."
img_0022449.jpg,cap,382,"This baijiu industry (distilled spirits) picture showcases a cap that exhibits signs of ""scratches and dents,"" indicating quality control issues.\n\nIn this baijiu cap image, there is evident ""misaligned tamper-evident banding,"" highlighting a manufacturing flaw that may affect product integrity."
img_0024725.jpg,"cap, cap deformation",378,"This baijiu industry (distilled spirits) picture displays a cap with noticeable ""cap misalignment"" and ""cap dent"" defects."
img_0011914.jpg,cap,382,"This baijiu industry (distilled spirits) picture captures a cap exhibiting signs of ""dented edges"" defect. The image showcases a cap with noticeable scratches and scuffs, indicating potential quality issues."
img_0029239.jpg,cap,382,"This baijiu industry (distilled spirits) picture captures a cap displaying noticeable ""scratches and dents"" as defects."
img_0014278.jpg,"cap, cap deformation",378,"This baijiu industry (distilled spirits) picture displays a cap with noticeable ""scratches"" and ""dents"", indicating cap damage and deformation."
img_0001669.jpg,"cap, cap deformation, cap breakpoint",384,"This baijiu industry (distilled spirits) picture showcases a cap with evident signs of ""cap damage"", ""cap breakpoint"", and ""cap deformation"" defects. The cap appears visibly compromised, displaying fractures, breaks, and distortions that affect its functionality and aesthetic appeal."
img_0024290.jpg,cap,382,"This baijiu industry (distilled spirits) picture displays a cap with noticeable ""scratched surface"" defects.\n\nThis baijiu industry (distilled spirits) image features a cap exhibiting ""missing logo"" defects."
img_0021496.jpg,cap,382,"This baijiu industry (distilled spirits) picture captures a cap with noticeable ""scratches and dents"", indicating defects in the cap's quality."
img_0010325.jpg,cap,382,"This baijiu industry (distilled spirits) picture showcases a cap with noticeable ""scratches and dents"" defects, impacting its overall appearance and functionality.\n\nIn this image of a baijiu cap, significant signs of ""rust and corrosion"" are evident, compromising the quality and safety of the product."
img_0020381.jpg,"cap, cap bad edge",385,"This baijiu industry (distilled spirits) picture captures a cap exhibiting ""irregular cap edge"" imperfections. The image highlights the presence of defects affecting the smoothness and uniformity of the cap's edge."
img_0025122.jpg,"cap, normal coding",383,"This baijiu industry (distilled spirits) picture displays a cap with ""scratches"" and ""clear embossed brand logo""."
img_0024358.jpg,cap,382,"This baijiu industry (distilled spirits) picture captures a cap exhibiting signs of ""scratched surface"" defect, which may compromise the overall aesthetic appeal and functionality of the cap."
img_0015545.jpg,"cap, cap deformation",378,"This baijiu industry (distilled spirits) picture showcases a bottle cap with noticeable ""cap damage"" and ""cap deformation"" issues."
img_0019235.jpg,"cap, cap deformation",378,"This baijiu industry (distilled spirits) picture showcases a cap with noticeable ""cap misalignment"" and ""cap scratches"" defects."
img_0007671.jpg,cap,382,"This baijiu industry (distilled spirits) picture captures a cap with noticeable ""scratches and dents"" defects, affecting its overall appearance and seal integrity."
img_0028440.jpg,cap,382,"This baijiu industry (distilled spirits) picture displays a cap exhibiting signs of ""scratched surface"" defect. The cap damage is noticeable with visible scratches causing a diminished aesthetic appeal."
img_0013366.jpg,cap,382,"This baijiu industry (distilled spirits) picture displays a cap with noticeable ""scratches and dents"" defects, affecting its overall appearance and functionality. The cap damage is evident, with visible marks and imperfections that may compromise the seal and quality of the bottle."
img_0004736.jpg,"cap, cap deformation, cap breakpoint",384,"This baijiu industry (distilled spirits) picture captures a cap with noticeable ""irregular cap shape"" and ""cracked cap surface"" defects."
img_0000945.jpg,cap,382,"This baijiu industry (distilled spirits) picture displays a cap with noticeable ""scratches and dents"" defects. The cap shows clear signs of damage, impacting its overall aesthetic appeal and functionality."
img_0012815.jpg,cap,382,"This baijiu industry (distilled spirits) picture displays a cap with evident ""scratches and dents"", signifying defects in the production process."
img_0029456.jpg,cap,382,"This baijiu industry (distilled spirits) picture showcases a lid with noticeable ""scratches and dents"" defects. The cap exhibits clear signs of wear and tear, affecting its overall appearance and functionality."
img_0018870.jpg,cap,382,"This baijiu industry (distilled spirits) picture showcases a cap with noticeable ""scratches and dents,"" indicating defects in its overall quality. The cap's tarnished appearance and irregularities suggest possible manufacturing or handling issues, compromising the product's integrity and aesthetics."
img_0002976.jpg,"cap, cap deformation",378,"This baijiu industry (distilled spirits) picture captures a cap exhibiting ""scratches"" and ""dents"" defects. The imperfections on the cap are noticeable and may affect the overall presentation and functionality of the bottle."
img_0001552.jpg,cap,382,"This baijiu industry (distilled spirits) picture displays a cap with noticeable ""scratch marks"" defects. The cap exhibits signs of wear and tear, suggesting potential quality concerns."
img_0029328.jpg,cap,382,"This baijiu industry (distilled spirits) picture depicts a bottle cap with evident signs of ""cap damage"" defects, such as dents, scratches, and discoloration, compromising its overall appearance and functionality."
img_0008385.jpg,cap,382,"This baijiu industry (distilled spirits) picture displays a cap with noticeable ""scratches and dents"" defects. The cap's surface shows clear signs of wear and tear, detracting from its overall visual appeal."
img_0025757.jpg,cap,382,"This baijiu industry (distilled spirits) picture displays a cap exhibiting signs of ""visible scratches"" defect. The cap is marred by noticeable scratches, affecting its overall appearance and potentially compromising the product's integrity."
img_0001701.jpg,cap,382,"This baijiu industry (distilled spirits) picture displays a cap exhibiting signs of ""chipped edges"" defect, affecting the overall integrity and appearance of the closure."
img_0017607.jpg,cap,382,"This baijiu industry (distilled spirits) picture showcases a cap exhibiting signs of ""scratches and dents,"" a common defect found in cap quality assessment."
img_0010103.jpg,"cap, cap deformation",378,"This baijiu industry (distilled spirits) picture displays a cap with evident ""scratches"" and ""irregularities"" defects."
img_0000524.jpg,"cap, cap deformation, normal coding",380,"This baijiu industry (distilled spirits) picture showcases a cap exhibiting ""cap deformation"" and ""typical embossing""."
img_0001677.jpg,cap,382,"This baijiu industry (distilled spirits) picture showcases a bottle cap with noticeable ""scratched surface"" defects. The cap appears to have ""uneven edges,"" indicating potential manufacturing flaws."
img_0020461.jpg,"cap, normal coding",383,"This baijiu industry (distilled spirits) picture showcases a cap adorned with intricate decorative patterns, reflecting traditional craftsmanship. The cap exhibits a flaw in the form of a minor scratch across the surface, detracting slightly from its overall aesthetic appeal."
img_0005861.jpg,cap,382,"This baijiu industry (distilled spirits) picture showcases a bottle cap with noticeable ""scratches and dents"" defects, affecting its overall aesthetic appeal and potentially compromising the seal's integrity."
img_0006468.jpg,"cap, cap deformation",378,"This baijiu industry (distilled spirits) picture exhibits a cap with evident signs of ""cap deformation"" as a notable defect. The cap appears misshapen and irregular, compromising its functionality and visual appeal, potentially impacting the overall quality of the product."
img_0021966.jpg,cap,382,"This baijiu industry (distilled spirits) picture showcases a cap with noticeable ""scratches and dents"" defects. The cap exhibits clear signs of ""misaligned tamper-evident band"" defect, affecting its overall appearance and functionality."
img_0002339.jpg,cap,382,"This baijiu industry (distilled spirits) picture displays a cap with evident signs of ""seal breakage"" defect, which can compromise the integrity of the bottle contents.\n\nThe image showcases a baijiu cap suffering from ""rust formation,"" potentially indicating improper storage conditions or material quality issues."
img_0014546.jpg,cap,382,"This baijiu industry (distilled spirits) picture captures a cap with noticeable ""scratches and dents"" as evident defects."
img_0010666.jpg,cap,382,"This baijiu industry (distilled spirits) picture exhibits a cap marred by ""scratches"" and ""dents,"" showcasing evident cap damage."
img_0001656.jpg,cap,382,"This baijiu industry (distilled spirits) picture displays a cap with noticeable ""scratches and dents"" defects, indicating potential quality control issues."
img_0026627.jpg,cap,382,"This baijiu industry (distilled spirits) picture displays a cap with evident signs of ""seal breakage"" defects, compromising the integrity of the bottle seal.\n\nThe image highlights a baijiu cap marred by ""scratches and dents,"" indicating potential tampering or mishandling during production or transportation."
img_0018439.jpg,cap,382,"This baijiu industry (distilled spirits) picture showcases a bottle cap with noticeable ""scratched surface"" defects. The cap also exhibits ""misaligned tamper-evident band"" issues, affecting its overall appearance and functionality."
img_0016029.jpg,"cap, cap deformation",378,"This baijiu industry (distilled spirits) picture displays a cap with noticeable ""cap deformation,"" characterized by irregular shape and visible denting. The defect affects the overall appearance and functionality of the cap, potentially compromising the seal of the bottle."
img_0014974.jpg,cap,382,"This baijiu industry (distilled spirits) picture displays a cap exhibiting signs of ""scratch marks"" defect.\n\nThis image of a baijiu cap reveals ""rust spots"" as a noticeable defect, affecting its overall appearance."
img_0014550.jpg,"cap, cap bad edge",385,"This baijiu industry (distilled spirits) picture exhibits a cap with noticeable ""cap damage"", as well as ""cap bad edge"" defects."
img_0018504.jpg,"cap, cap deformation",378,"This baijiu industry (distilled spirits) picture showcases a bottle cap exhibiting ""misshapen cap structure"" and ""visible cracks on the cap surface"" defects."
img_0003669.jpg,cap,382,"This baijiu industry (distilled spirits) picture presents a bottle cap with noticeable ""scratches and dents"" defects. The damage is clearly visible on the surface, affecting the overall presentation and potentially compromising the seal of the bottle."
img_0022114.jpg,"cap, cap deformation",378,"This baijiu industry (distilled spirits) picture exhibits a cap marred by ""cap deformation"" and ""cap damage"", presenting noticeable flaws in its structural integrity and appearance."
img_0029772.jpg,"cap, normal coding",383,"This baijiu industry (distilled spirits) picture presents a cap with ""minor scratches"" and ""correct embossing""."
img_0011100.jpg,"cap, cap bad edge",385,"This baijiu industry (distilled spirits) picture showcases a bottle cap marred by ""cap corrosion"" and ""cap scratches"" defects."
img_0023130.jpg,"cap, cap deformation",378,"This baijiu industry (distilled spirits) picture reveals a cap with noticeable ""scratches"" and ""dents"", highlighting cap damage and deformation issues."
img_0000298.jpg,"cap, cap deformation",378,"This baijiu industry (distilled spirits) picture features a cap marred by ""uneven crimping"" and ""visible dents"", showcasing distinct cap deformation and damage defects."
img_0002349.jpg,cap,382,"This baijiu industry (distilled spirits) picture displays a bottle cap with noticeable ""scratch marks"" defects. The cap's surface appears tarnished and shows signs of wear and tear."
img_0006216.jpg,cap,382,"This baijiu industry (distilled spirits) picture displays a bottle cap with evident signs of ""scratches and dents,"" indicating cap damage."
img_0025929.jpg,cap,382,"This baijiu industry (distilled spirits) picture showcases a cap with evident signs of ""scratches and dents"" defects. The cap damage is visible, affecting the overall aesthetic appeal and potentially compromising the seal of the bottle."
img_0014627.jpg,cap,382,"This baijiu industry (distilled spirits) picture showcases a cap with noticeable ""scratched surface"" defects.\n\nThis baijiu industry (distilled spirits) image captures a cap marred by ""dent marks"" defects."
img_0011804.jpg,cap,382,"This baijiu industry (distilled spirits) picture captures a cap with noticeable scratches and dents, indicating ""cap damage"" defects.\n\nIn this image related to the baijiu industry, the cap exhibits signs of wear and tear, with visible imperfections that compromise its overall aesthetic appeal."
img_0016645.jpg,cap,382,"This baijiu industry (distilled spirits) picture displays a cap with visible ""scuff marks"" and ""dent"" defects, affecting its overall appearance and quality."
img_0027471.jpg,cap,382,"This baijiu industry (distilled spirits) picture displays a cap exhibiting signs of ""chipped edges"" and ""surface scratches"" defects."
img_0010920.jpg,cap,382,"This baijiu industry (distilled spirits) picture captures a cap exhibiting signs of ""chipped edges"" and ""visible scratches,"" indicating cap damage."
img_0023916.jpg,cap,382,"This baijiu industry (distilled spirits) picture showcases a bottle cap with noticeable scratches and dents, indicative of cap damage. The imperfections on the cap may affect the seal integrity and compromise the overall quality of the product."
img_0018932.jpg,"cap, cap deformation",378,"This baijiu industry (distilled spirits) picture displays a cap with noticeable ""uneven cap edges"" and ""visible scratches"" defects."
img_0016737.jpg,cap,382,"This baijiu industry (distilled spirits) picture displays a cap exhibiting ""dents and scratches"" as defects. The cap's surface appears to have suffered from noticeable damage, compromising its overall integrity and aesthetics."
img_0022976.jpg,cap,382,"This baijiu industry (distilled spirits) picture showcases a cap with noticeable signs of ""cap misalignment"" defects. The cap appears slightly off-center, potentially compromising the seal and freshness of the bottle's content."
img_0015637.jpg,cap,382,"This baijiu industry (distilled spirits) picture displays a cap with conspicuous ""scratch marks"" defect on its surface, compromising the overall aesthetic appeal."
img_0017416.jpg,cap,382,"This baijiu industry (distilled spirits) picture displays a cap with noticeable ""scratches and dents"" defects, affecting the overall appearance and quality of the packaging."
img_0015804.jpg,cap,382,"This baijiu industry (distilled spirits) picture exhibits a cap with noticeable ""scratches and dents,"" indicating quality issues.\n\nThe image captures a baijiu cap marred by ""misaligned and crooked"" features, highlighting manufacturing flaws."
img_0025098.jpg,cap,382,"This baijiu industry (distilled spirits) picture displays a cap with noticeable ""scratches and dents"" defects."
img_0024064.jpg,"cap, normal coding",383,"This baijiu industry (distilled spirits) picture showcases a cap adorned with intricate ""authenticity hologram"" for brand protection.\n\nThe defect observed in the cap is a ""misaligned tamper-evident ring"", compromising the packaging's security integrity."
img_0028994.jpg,"cap, cap bad edge",385,"This baijiu industry (distilled spirits) picture presents a cap featuring defects such as ""cap with scratches"" and ""cap with dents along the edge""."
img_0019951.jpg,cap,382,"This baijiu industry (distilled spirits) picture displays a cap with noticeable ""scratches and dents"" defects.\n\nThe baijiu cap exhibits signs of ""misalignment and rust spots,"" indicating quality issues in the production process."
img_0009267.jpg,"cap, normal coding",383,"This baijiu industry (distilled spirits) picture captures a cap featuring a standard alphanumeric coding. The cap exhibits a typical defect of a misaligned tamper-evident ring, compromising its seal integrity."
img_0009766.jpg,cap,382,"This baijiu industry (distilled spirits) picture displays a bottle cap with noticeable ""cap deformation"" issues. The cap exhibits visible dents and irregular shape, indicating potential manufacturing flaws."
img_0015944.jpg,"cap, cap deformation",378,"This baijiu industry (distilled spirits) picture displays a cap with noticeable ""scratches and dents"", and ""misshapen edges"" defects."
img_0006351.jpg,cap,382,"This baijiu industry (distilled spirits) picture showcases a cap exhibiting signs of ""cap damage"" such as dents, scratches, and discoloration, affecting both the aesthetics and functionality of the bottle closure."
img_0013120.jpg,cap,382,"This baijiu industry (distilled spirits) picture displays a cap with noticeable ""scratched surface"" defects.\n\nIn this baijiu cap image, there are clear signs of ""misaligned tamper-evident ring"" defects."
img_0009560.jpg,cap,382,"This baijiu industry (distilled spirits) picture displays a cap with noticeable scratches and dents, indicating ""cap damage"" defects. The imperfections on the cap may compromise the seal integrity and affect the overall quality of the baijiu product."
img_0025200.jpg,cap,382,"This baijiu industry (distilled spirits) picture captures a cap with noticeable ""scratch marks"" defect, impacting its overall appearance and potentially compromising the product's seal."
img_0002576.jpg,cap,382,"This baijiu industry (distilled spirits) picture depicts a bottle cap exhibiting ""scratched and dented"" defects. The cap shows signs of wear and tear, with visible scratches and dents affecting its overall appearance."
img_0012177.jpg,cap,382,"This baijiu industry (distilled spirits) picture displays a cap exhibiting signs of ""cracked cap seal"" defect.\n\nIn the image, the cap of the baijiu bottle shows evident ""misaligned tamper-evident band"" defect."
img_0015581.jpg,cap,382,"This baijiu industry (distilled spirits) picture depicts a cap with noticeable ""dents and scratches"" defects that affect its overall appearance and functionality."
img_0001595.jpg,cap,382,"This baijiu industry (distilled spirits) picture showcases a cap with noticeable signs of ""scratches and dents"" defects.\n\nThe image highlights a baijiu cap exhibiting clear imperfections in the form of ""uneven edges and creases."""
img_0008283.jpg,cap,382,"This baijiu industry (distilled spirits) picture depicts a bottle cap with noticeable scratches and dents, indicating ""cap damage"" defects. The cap's metal surface appears tarnished and worn, compromising its overall appearance and potentially affecting the product's seal."
img_0012531.jpg,"cap, cap deformation",378,"This baijiu industry (distilled spirits) picture displays a cap marred by ""cap scratches"" and ""cap discoloration"" defects, detracting from its overall appearance and quality."
img_0010880.jpg,cap,382,"This baijiu industry (distilled spirits) picture showcases a bottle cap with noticeable scratches and dents, indicating ""cap damage"" defects. The imperfections on the cap compromise its seal integrity, potentially affecting the quality and freshness of the baijiu."
img_0019529.jpg,"cap, cap bad edge",385,"This baijiu industry (distilled spirits) picture displays a cap marred by ""cap damage"" and ""cap bad edge"" imperfections, showcasing visible flaws in the cap structure."
img_0016142.jpg,cap,382,"This baijiu industry (distilled spirits) picture displays a cap with noticeable ""scratches and dents"" defects. The cap exhibits clear signs of wear and tear, impacting its overall aesthetic appeal and potentially compromising the seal quality."
img_0005327.jpg,cap,382,"This baijiu industry (distilled spirits) picture features a cap exhibiting signs of ""scratched surface"" defect.\n\nIn the image of a baijiu cap, noticeable ""misaligned tamper-evident ring"" defect is present, affecting the overall appearance and functionality."
img_0011853.jpg,cap,382,"This baijiu industry (distilled spirits) picture showcases a bottle cap with noticeable ""scratches and dents"" as the predominant defect, affecting its overall appearance and functionality."
img_0015469.jpg,cap,382,"This baijiu industry (distilled spirits) picture displays a cap with noticeable signs of ""cap deformation"" defects. The cap shows clear evidence of misshapen edges and irregular indentations, indicating a manufacturing flaw in its structure."
img_0008317.jpg,cap,382,"This baijiu industry (distilled spirits) picture showcases a cap exhibiting signs of ""cap damage,"" characterized by noticeable scratches and dents on the surface, compromising its overall integrity."
img_0019594.jpg,"cap, normal coding, cap bad edge",387,"This baijiu industry (distilled spirits) picture showcases a cap featuring ""standardized print markings"" and ""misshapen cap edge"" imperfections."
img_0026593.jpg,cap,382,"This baijiu industry (distilled spirits) picture displays a cap exhibiting signs of ""scratches and dents,"" a common defect in the packaging of baijiu products."
img_0026782.jpg,"cap, cap deformation",378,"This baijiu industry (distilled spirits) picture displays a cap with evident ""irregular cap shape"" and ""severe cap dent"" defects, clearly affecting the overall appearance and functionality of the cap."
img_0012321.jpg,"cap, cap deformation",378,"This baijiu industry (distilled spirits) picture displays a cap marred by ""scratches"" and ""dents"", showcasing clear signs of cap imperfections."
img_0001185.jpg,cap,382,"This baijiu industry (distilled spirits) picture displays a cap showing signs of ""scratches"" defect. The cap exhibits noticeable imperfections, such as dents and discoloration, indicating quality issues in the production process."
img_0018308.jpg,cap,382,"This baijiu industry (distilled spirits) picture displays a cap with noticeable ""scratches and dents"" defects.\n\nIn the image, the baijiu cap exhibits clear signs of ""misaligned tamper-evident ring,"" affecting its overall appearance and functionality."
img_0025469.jpg,cap,382,"This baijiu industry (distilled spirits) picture displays a cap with noticeable ""scratches and dents"" defects. The imperfections are clearly visible, affecting the overall aesthetics and potentially compromising the seal of the bottle."
img_0015945.jpg,cap,382,"This baijiu industry (distilled spirits) picture showcases a cap exhibiting signs of ""scratched surface"" defect.\n\nWithin the baijiu industry (distilled spirits), the image captures a cap with evident ""misaligned tamper-evident band"" defect."
img_0012619.jpg,cap,382,"This baijiu industry (distilled spirits) picture displays a bottle cap exhibiting defects of ""cracked cap edges"" and ""misaligned cap seal."""
img_0023297.jpg,cap,382,"This baijiu industry (distilled spirits) picture displays a cap with noticeable scratches and dents, indicating ""cap damage"" defects. The imperfections on the cap could potentially compromise the seal and freshness of the spirit inside."
img_0013240.jpg,cap,382,"This baijiu industry (distilled spirits) picture displays a cap with evident signs of ""cap damage"" such as dents and scratches, compromising its integrity and aesthetics."
img_0011889.jpg,cap,382,"This baijiu industry (distilled spirits) picture displays a cap with noticeable ""scratched surface"" defect, impacting the overall appearance and quality of the product."
img_0019550.jpg,"cap, normal coding",383,"This baijiu industry (distilled spirits) picture showcases a cap exhibiting signs of ""dented edges"" and ""faded brand logo""."
img_0008250.jpg,"cap, cap deformation, cap bad edge",381,"This baijiu industry (distilled spirits) picture exhibits a bottle cap with noticeable ""uneven cap surface"" and ""chipped cap rim"" defects."
img_0029278.jpg,"cap, cap deformation",378,"This baijiu industry (distilled spirits) picture captures a cap exhibiting noticeable signs of ""cap deformation,"" presenting a significant flaw in the overall appearance."
img_0014153.jpg,"cap, cap deformation",378,"This baijiu industry (distilled spirits) picture showcases a cap with noticeable ""scratches"" and ""dents"" as defects."
img_0017115.jpg,cap,382,"This baijiu industry (distilled spirits) picture displays a bottle cap with noticeable ""scratches and dents"" defects. The cap exhibits clear signs of wear and tear, potentially affecting the overall aesthetic appeal and functionality of the packaging."
img_0020270.jpg,cap,382,"This baijiu industry (distilled spirits) picture displays a bottle cap with noticeable scratches and dents, indicating ""cap damage"" defects. The cap appears tarnished and lacks the smooth, pristine finish expected in premium baijiu products."
img_0004362.jpg,cap,382,"This baijiu industry (distilled spirits) picture displays a cap exhibiting signs of ""seal breakage"" defect. The cap seems to have suffered from ""dented rim"" issue, impacting its overall integrity."
img_0019670.jpg,cap,382,"This baijiu industry (distilled spirits) picture captures a cap with visible signs of ""dents and scratches"" as the primary defect. The cap damage on this baijiu bottle is evident, showcasing a lack of smoothness and pristine appearance, potentially affecting the overall product quality."
img_0011313.jpg,cap,382,"This baijiu industry (distilled spirits) picture displays a cap with noticeable signs of ""scratched surface"" defects. The cap also exhibits ""misaligned tamper-evident band,"" indicating a potential quality issue."
img_0005340.jpg,"cap, cap deformation, normal coding",380,"This baijiu industry (distilled spirits) picture displays a cap featuring ""minor scratches"", ""slight denting"", ""clear branding"", and ""slightly uneven threading""."
img_0008400.jpg,cap,382,"This baijiu industry (distilled spirits) picture showcases a cap with noticeable ""scratches and dents"" as defects."
img_0004916.jpg,cap,382,"This baijiu industry (distilled spirits) picture showcases a cap exhibiting signs of ""cap corrosion,"" a defect commonly found in aged baijiu caps.\n\nThe image also reveals ""cap discoloration,"" a flaw characterized by the cap's irregular and off-color appearance, often caused by improper storage conditions."
img_0026097.jpg,cap,382,"This baijiu industry (distilled spirits) picture displays a cap with noticeable ""scratches and dents"" defects. The cap damage is evident, affecting the overall appearance of the bottle closure."
img_0028384.jpg,"cap, normal coding",383,"This baijiu industry (distilled spirits) picture displays a cap with ""scuffed edges"" and ""accurate embossing""."
img_0020358.jpg,cap,382,"This baijiu industry (distilled spirits) picture captures a cap with noticeable ""scratched surface"" defects, affecting the overall appearance and quality of the product."
img_0024185.jpg,"cap, cap deformation, cap breakpoint",384,"This baijiu industry (distilled spirits) picture exhibits a cap with evident ""cap distortion,"" ""cap fracture,"" and ""cap impairment"" anomalies."
img_0007631.jpg,cap,382,"This baijiu industry (distilled spirits) picture captures a cap with evident signs of ""seal breakage"" defect.\n\nIn this image related to the baijiu industry (distilled spirits), a cap is visibly marred by ""corrosion"" defects."
img_0000615.jpg,cap,382,"This baijiu industry (distilled spirits) picture captures a cap with noticeable ""scratches and dents"" defects."
img_0002009.jpg,cap,382,"This baijiu industry (distilled spirits) picture showcases a cap exhibiting ""misaligned tamper evidence"" issue.\n\nIn this baijiu industry (distilled spirits) image, a cap is visibly damaged, showing signs of ""seal breakage"" defects."
img_0010663.jpg,cap,382,"This baijiu industry (distilled spirits) picture showcases a cap exhibiting signs of ""scuff marks"" and ""denting"" defects."
img_0006584.jpg,"cap, cap breakpoint",379,"This baijiu industry (distilled spirits) picture exhibits a cap marred by ""cap scratches"" and ""cap dent"" defects, detracting from its overall appearance and functionality."
img_0004079.jpg,cap,382,"This baijiu industry (distilled spirits) picture displays a bottle cap with noticeable ""scratches and dents"" as defects. The cap shows clear signs of ""misalignment and corrosion,"" indicating potential quality issues."
img_0008183.jpg,cap,382,"This baijiu industry (distilled spirits) picture showcases a cap with visible signs of ""seal breakage,"" indicating potential tampering.\n\nIn this baijiu industry (distilled spirits) image, the cap displays significant ""corrosion,"" compromising the integrity of the bottle's seal."
img_0026890.jpg,cap,382,"This baijiu industry (distilled spirits) picture displays a cap with noticeable ""scratched surface"" defects. The cap also exhibits signs of ""misaligned closure"" defect, impacting its overall appearance and functionality."
img_0018154.jpg,cap,382,"This baijiu industry (distilled spirits) picture depicts a cap exhibiting ""crushed edges"" as a defect, affecting its overall appearance and functionality. The cap damage is evident in the form of dents and deformities, compromising the seal and potentially leading to leakage or contamination."
img_0023315.jpg,cap,382,"This baijiu industry (distilled spirits) picture showcases a cap exhibiting ""scratched surface"" imperfections.\n\nIn this baijiu cap image, there is noticeable ""misaligned tamper-evident ring"" defect."
img_0021578.jpg,"cap, cap bad edge",385,"This baijiu industry (distilled spirits) picture showcases a bottle cap marred by ""scratched surface"" and ""misaligned printing"" defects."
img_0006307.jpg,cap,382,"This baijiu industry (distilled spirits) picture showcases a bottle cap with noticeable ""scratched surface"" defects. The cap is also marred by ""uneven edges,"" impacting its overall appearance and functionality."
img_0023939.jpg,"cap, cap breakpoint",379,"This baijiu industry (distilled spirits) picture displays a cap marred by ""scratch marks"" and ""dents"", indicating defects in cap quality.\n\nPlease ensure the description is specific and accurate, avoiding ambiguity."
img_0007741.jpg,"cap, cap deformation",378,"This baijiu industry (distilled spirits) picture displays a cap exhibiting ""cap chipping"" and ""cap misalignment"" defects."
img_0014295.jpg,"cap, cap breakpoint",379,"This baijiu industry (distilled spirits) picture showcases a cap with noticeable ""scratches"" and ""dents"" defects, indicating possible mishandling during production or transportation."
img_0000111.jpg,cap,382,"This baijiu industry (distilled spirits) picture features a cap with noticeable ""scratched surface"" defects. The cap shows signs of wear and tear, impacting its overall appearance and quality."
img_0020926.jpg,"cap, cap deformation",378,"This baijiu industry (distilled spirits) picture features a bottle cap exhibiting defects such as ""cap damage"" and ""cap deformation""."
img_0012952.jpg,cap,382,"This baijiu industry (distilled spirits) picture showcases a cap exhibiting signs of ""scratched surface"" defect.\n\nIn this baijiu cap image, visible ""misaligned tamper-evident band"" defect is observed, impacting the overall quality."
img_0005174.jpg,cap,382,"This baijiu industry (distilled spirits) picture displays a cap with noticeable ""scratches and dents"" defects. The cap damage is clearly visible, affecting the overall appearance and quality of the packaging."
img_0013888.jpg,cap,382,"This baijiu industry (distilled spirits) picture exhibits a cap with evident signs of ""scratches and dents,"" a commonly observed defect in bottle closures."
img_0003649.jpg,"cap, cap deformation",378,"This baijiu industry (distilled spirits) picture features a cap exhibiting ""uneven crimps"" and ""visible dents"" defects."
img_0022911.jpg,cap,382,"This baijiu industry (distilled spirits) picture displays a cap marred by ""scratched and dented"" defects, affecting its overall appearance and functionality."
img_0019896.jpg,cap,382,"This baijiu industry (distilled spirits) picture displays a cap with noticeable ""scratches and dents"" defects, affecting the overall appearance and functionality of the cap."
img_0018175.jpg,"cap, cap deformation",378,"This baijiu industry (distilled spirits) picture displays a cap presenting ""cracked cap"" and ""misshapen cap"" defects."
img_0021869.jpg,cap,382,"This baijiu industry (distilled spirits) picture displays a cap characterized by ""scratched surface"" and ""misaligned tamper-evident band"" defects."
img_0024596.jpg,cap,382,"This baijiu industry (distilled spirits) picture showcases a cap with evident signs of ""cap damage"" defects, such as dents and scratches, affecting its overall aesthetic appeal and functionality. The imperfections on the cap suggest potential issues with sealing and preservation, posing a risk to the quality and longevity of the baijiu inside."
img_0018749.jpg,cap,382,"This baijiu industry (distilled spirits) picture captures a cap displaying signs of ""scratches and dents"" defects."
img_0006820.jpg,cap,382,"This baijiu industry (distilled spirits) picture showcases a cap with evident ""abrasions and scratches"" defects. The cap damage is clearly visible, affecting the overall appearance and potentially compromising the quality of the product."
img_0015849.jpg,"cap, cap deformation",378,"This baijiu industry (distilled spirits) picture displays a cap with evident ""cap damage"" and ""cap deformation"" defects."
img_0012899.jpg,"cap, cap bad edge",385,"This baijiu industry (distilled spirits) picture displays a cap with noticeable ""cap damage"" and ""imperfect cap edge"" defects."
img_0000700.jpg,cap,382,"This baijiu industry (distilled spirits) picture displays a cap with noticeable ""scratches and dents,"" indicating defects in its appearance and quality."
img_0027049.jpg,cap,382,"This baijiu industry (distilled spirits) picture displays a cap exhibiting signs of ""scratches and dents"" defects."
img_0020939.jpg,cap,382,"This baijiu industry (distilled spirits) picture displays a cap with noticeable ""scratches and dents"" defects. The cap damage is evident, showcasing imperfections that affect the overall presentation and integrity of the product."
img_0018547.jpg,"cap, cap deformation",378,"This baijiu industry (distilled spirits) picture displays a cap with noticeable ""cracks on the surface"" and ""irregularities in shape"" defects."
img_0024570.jpg,cap,382,"This baijiu industry (distilled spirits) picture exhibits a cap presenting signs of ""cap damage"" defects, such as dents, scratches, and visible wear and tear. The imperfections on the cap may compromise the seal integrity and overall aesthetic appeal of the bottle, potentially impacting the product's quality and consumer perception."
img_0016670.jpg,cap,382,"This baijiu industry (distilled spirits) picture displays a cap with visible signs of ""scratches and dents,"" indicating defects in the sealing mechanism."
img_0002760.jpg,cap,382,"This baijiu industry (distilled spirits) picture displays a cap exhibiting signs of ""chipped edges"" defect.\n\nThe image captures a baijiu cap with noticeable ""scratches"" on its surface, indicating potential quality issues."
img_0010093.jpg,cap,382,"This baijiu industry (distilled spirits) picture displays a cap exhibiting signs of ""scratches and dents"" defects. The cap appears to have suffered from noticeable damage, impacting its overall appearance and functionality."
img_0025062.jpg,"cap, cap breakpoint",379,"This baijiu industry (distilled spirits) picture showcases a cap exhibiting ""cap deformation"" and ""cap discoloration"" defects."
img_0012894.jpg,cap,382,"This baijiu industry (distilled spirits) picture exhibits a cap with noticeable ""scratches and dents"" defects, affecting its overall appearance and functionality. The cap damage includes visible marks and indentations, potentially compromising the seal and freshness of the bottle's contents."
img_0013629.jpg,cap,382,"This baijiu industry (distilled spirits) picture displays a bottle cap with evident signs of ""rust and corrosion"" defects. The cap exhibits noticeable discoloration and degradation, impacting the overall appearance and integrity of the packaging."
img_0029958.jpg,cap,382,"This baijiu industry (distilled spirits) picture depicts a cap with visible signs of ""scratches and dents"" defect, affecting its overall appearance and functionality."
img_0013126.jpg,cap,382,"This baijiu industry (distilled spirits) picture displays a bottle cap exhibiting ""scratched surface"" imperfections. The cap also presents ""misaligned tamper-evident band"" defects, affecting its overall appearance and functionality."
img_0003895.jpg,"cap, cap deformation",378,"This baijiu industry (distilled spirits) picture displays a cap with evident signs of ""cap damage"", such as scratches and dents, along with ""cap deformation"" that distorts its original shape and alignment. The defects on the cap are clearly visible and may affect the overall seal and appearance of the bottle."
img_0007728.jpg,cap,382,"This baijiu industry (distilled spirits) picture showcases a bottle cap with noticeable ""scratched surface"" defects.\n\nThe cap of this baijiu industry (distilled spirits) bottle exhibits ""misaligned tamper-evident band"" defects, affecting its overall appearance and functionality."
img_0029013.jpg,cap,382,"This baijiu industry (distilled spirits) picture displays a cap with evident signs of ""cap damage"" defects. The cap exhibits noticeable dents and scratches, compromising its overall aesthetic appeal and functionality."
img_0006093.jpg,"cap, cap deformation",378,"This baijiu industry (distilled spirits) picture illustrates a bottle cap with noticeable ""cap distortion"" imperfections. The cap exhibits irregularities in its shape, affecting its functionality and overall aesthetic appeal."
img_0012922.jpg,cap,382,"This baijiu industry (distilled spirits) picture displays a bottle cap with noticeable scratches and dents, indicative of cap damage."
img_0027572.jpg,"cap, cap breakpoint",379,"This baijiu industry (distilled spirits) picture displays a cap with evident ""cap damage"" and ""cap breakpoint"" issues."
img_0026529.jpg,"cap, cap deformation",378,"This baijiu industry (distilled spirits) picture showcases a cap exhibiting ""irregular cap shape"", ""visible cap cracks"" defects."
img_0009681.jpg,cap,382,"This baijiu industry (distilled spirits) picture displays a cap with noticeable scratches and dents, indicative of cap damage. The imperfections on the cap's surface suggest mishandling or poor manufacturing quality, potentially affecting the seal and overall aesthetic appeal of the bottle."
img_0005190.jpg,"cap, cap breakpoint",379,"This baijiu industry (distilled spirits) picture displays a cap with noticeable ""cap deformation"" and ""cap seal crack"" defects."
img_0026200.jpg,"cap, cap bad edge",385,"This baijiu industry (distilled spirits) picture displays a cap marred by ""cap damage"" and ""cap with a flawed edge"" defects."
img_0013455.jpg,cap,382,"This baijiu industry (distilled spirits) picture captures a cap with noticeable ""scratches and dents"" defects. The imperfections on the cap suggest potential mishandling during production or transportation, impacting its overall aesthetic appeal and functionality."
img_0005696.jpg,"cap, cap deformation",378,"This baijiu industry (distilled spirits) picture displays a cap exhibiting ""crushed cap edges"" and ""misaligned cap logo"" defects."
img_0022596.jpg,cap,382,"This baijiu industry (distilled spirits) picture displays a bottle cap with visible signs of ""scratches and dents,"" indicating a defect in the packaging quality."
img_0015736.jpg,cap,382,"This baijiu industry (distilled spirits) picture features a cap with noticeable scratches and dents, indicating ""cap damage"" defects. The imperfections on the cap suggest potential quality control issues during manufacturing or handling processes."
img_0029607.jpg,"cap, cap breakpoint",379,"This baijiu industry (distilled spirits) picture presents a cap with ""chipped edges"" and ""visible cracks"" defects."
img_0014799.jpg,cap,382,"This baijiu industry (distilled spirits) picture displays a cap with evident signs of ""scratches and dents"" defects.\n\nThe cap of the baijiu bottle exhibits clear ""misaligned tamper-evident ring"" defect, affecting its overall appearance and functionality."
img_0021688.jpg,cap,382,"This baijiu industry (distilled spirits) picture displays a cap with evident signs of ""cap damage,"" showcasing visible scratches and dents on its surface. The defect compromises the overall aesthetics and functionality of the cap, potentially affecting the seal and preservation of the baijiu."
img_0027587.jpg,cap,382,"This baijiu industry (distilled spirits) picture showcases a cap with visible signs of ""scratches and dents"" defects. The cap's surface appears marred by multiple imperfections, affecting its overall aesthetic appeal and potentially compromising its functionality."
img_0029144.jpg,cap,382,"This baijiu industry (distilled spirits) picture displays a bottle cap with visible signs of ""cap damage,"" such as dents, scratches, and discoloration. The defects compromise the cap's integrity and may affect the product's freshness and seal."
img_0006393.jpg,cap,382,"This baijiu industry (distilled spirits) picture captures a cap with evident signs of ""cork taint"" defect, affecting the aroma and flavor of the liquor. The cap also exhibits ""misaligned tamper-evident band"" defect, potentially compromising the product's integrity and safety."
img_0010972.jpg,cap,382,"This baijiu industry (distilled spirits) picture displays a cap exhibiting signs of ""tearing and denting"" defects. The cap damage is evident in the form of visible tears and dents, affecting the overall appearance and functionality of the cap."
img_0013493.jpg,cap,382,"This baijiu industry (distilled spirits) picture displays a cap with noticeable ""crushed edges"" defect, affecting its overall appearance and functionality."
img_0001661.jpg,cap,382,"This baijiu industry (distilled spirits) picture displays a cap with ""dent on the rim"" defect.\n\nIn this baijiu cap image, a noticeable ""scratch on the surface"" defect can be observed."
img_0017270.jpg,cap,382,"This baijiu industry (distilled spirits) picture features a bottle cap with noticeable ""scratches and dents"" defects, which may compromise the seal and freshness of the baijiu."
img_0003846.jpg,cap,382,"This baijiu industry (distilled spirits) picture showcases a cap with evident ""scratches and dents"" defects, impacting its overall appearance and functionality. The cap's imperfections, including uneven edges and visible marks, compromise the product's quality and may lead to leakage issues."
img_0003882.jpg,"cap, cap breakpoint",379,"This baijiu industry (distilled spirits) picture showcases a cap marred by ""scratched surface"" and ""dents"" defects."
img_0021862.jpg,cap,382,"This baijiu industry (distilled spirits) picture showcases a cap exhibiting signs of ""scratches and dents"" defect.\n\nThe cap in the image displays clear evidence of ""misalignment and uneven closure,"" indicating potential quality control issues."
img_0002726.jpg,cap,382,"This baijiu industry (distilled spirits) picture displays a cap with noticeable ""scratches and dents,"" indicating defects in its overall quality and appearance. The cap damage includes tarnished metal surfaces and irregularities that compromise the seal integrity, potentially affecting the freshness and longevity of the baijiu within."
img_0025083.jpg,"cap, normal coding",383,"This baijiu industry (distilled spirits) picture displays a cap exhibiting ""crushed edges"", ""intact seal""."
img_0013461.jpg,"cap, cap deformation",378,"This baijiu industry (distilled spirits) picture features a cap exhibiting signs of ""cap damage"" and ""cap deformation"", illustrating visible defects in the closure mechanism of the bottle."
img_0029967.jpg,cap,382,"This baijiu industry (distilled spirits) picture showcases a cap exhibiting signs of ""cracked seal"" flaw.\n\nIn this baijiu cap image, noticeable ""dent"" defects are observed, affecting the overall quality and appearance of the product."
img_0023007.jpg,cap,382,"This baijiu industry (distilled spirits) picture displays a cap exhibiting signs of ""misaligned tamper-evident band"" defect. The cap also shows ""scratches and dents"" on its surface, indicating handling or storage issues."
img_0016586.jpg,cap,382,"This baijiu industry (distilled spirits) picture displays a bottle cap with noticeable ""scratch marks"" defect.\n\nIn this baijiu industry (distilled spirits) context, the image reveals a cap with ""dents and creases"" defect."
img_0019902.jpg,cap,382,"This baijiu industry (distilled spirits) picture captures a cap with noticeable ""scratches and dents"" defects, affecting its overall appearance and potentially compromising the seal integrity."
img_0024111.jpg,cap,382,"This baijiu industry (distilled spirits) picture showcases a cap with evident signs of ""cap damage"" defects, such as scratches, dents, and chipped edges, diminishing its overall aesthetic appeal and potential functionality."
img_0016058.jpg,"cap, cap bad edge",385,"This baijiu industry (distilled spirits) picture displays a cap marred by ""cap damage"" and ""cap bad edge"" imperfections."
img_0000791.jpg,"cap, cap deformation",378,"This baijiu industry (distilled spirits) picture showcases a cap exhibiting ""cracked cap surface"" and ""misaligned cap edges"" defects."
img_0008147.jpg,cap,382,"This baijiu industry (distilled spirits) picture captures a cap with noticeable ""scratch marks"" defect, tarnishing the overall appearance.\n\nWithin the baijiu industry (distilled spirits) context, the image showcases a cap marred by ""dents and dings,"" detracting from its smooth and pristine finish."
img_0017590.jpg,cap,382,"This baijiu industry (distilled spirits) picture captures a cap exhibiting signs of ""scratches and dents"" as evident defects."
img_0006371.jpg,cap,382,"This baijiu industry (distilled spirits) image showcases a bottle cap with noticeable signs of ""scratches"" and ""dent"" defects, which may affect the overall quality and aesthetics of the product."
img_0014332.jpg,"cap, cap deformation",378,"This baijiu industry (distilled spirits) picture showcases a cap exhibiting ""cracked cap edges"", ""misaligned tamper-evident ring"" defects."
img_0027140.jpg,"cap, cap deformation",378,"This baijiu industry (distilled spirits) picture captures a cap exhibiting ""misshapen cap"" and ""cracked cap"" defects, signifying potential quality control issues in the production process."
img_0017223.jpg,"cap, cap deformation",378,"This baijiu industry (distilled spirits) picture showcases a cap exhibiting ""scratches"" and ""uneven closure"" defects."
img_0028977.jpg,cap,382,"This baijiu industry (distilled spirits) picture showcases a cap exhibiting signs of ""seal peeling"" and ""scratches,"" indicating cap damage."
img_0009638.jpg,cap,382,"This baijiu industry (distilled spirits) picture displays a cap characterized by visible scratches and dents, indicative of cap damage. The imperfections on the cap surface compromise its aesthetics and potentially impact the seal integrity of the baijiu bottle."
img_0014593.jpg,cap,382,"This baijiu industry (distilled spirits) picture displays a cap with evident signs of ""scratch marks"" and ""dents,"" indicating cap damage."
img_0018653.jpg,cap,382,"This baijiu industry (distilled spirits) picture captures a cap with visible signs of ""cap damage,"" showcasing a dent and scratches on the surface."
img_0000056.jpg,"cap, cap deformation",378,"This baijiu industry (distilled spirits) picture displays a cap with noticeable ""scratches"" and ""misalignment"" defects."
img_0024979.jpg,cap,382,"This baijiu industry (distilled spirits) picture showcases a cap exhibiting signs of ""cap damage"" defects, such as dents, scratches, and deformation. The imperfections on the cap could potentially compromise the seal and freshness of the baijiu, impacting its overall quality and shelf life."
img_0012374.jpg,cap,382,"This baijiu industry (distilled spirits) picture showcases a bottle cap with noticeable ""scratches and dents"" defects. The cap appears to have suffered from rough handling or poor manufacturing processes, leading to visible imperfections that may compromise the overall quality and aesthetics of the product."
img_0004108.jpg,"cap, cap bad edge",385,"This baijiu industry (distilled spirits) picture showcases a cap with ""cracked cap surface"" and ""uneven cap rim"" defects."
img_0012151.jpg,cap,382,"This baijiu industry (distilled spirits) picture showcases a cap with noticeable ""scratched surface"" defects, detracting from the overall appearance and quality of the product."
img_0015615.jpg,cap,382,"This baijiu industry (distilled spirits) picture showcases a cap with evident signs of ""seal breakage"" imperfections.\n\nThis baijiu industry (distilled spirits) image captures a cap displaying clear ""leakage"" defects."
img_0020909.jpg,cap,382,"This baijiu industry (distilled spirits) picture features a cap exhibiting signs of ""seal breakage"" defects. The cap shows visible dents and scratches, indicating compromised integrity and potential leakage issues."
img_0020246.jpg,cap,382,"This baijiu industry (distilled spirits) picture displays a cap with noticeable ""scratches and dents"" defects. The cap damage is apparent, affecting the overall appearance and functionality of the bottle closure."
img_0005089.jpg,cap,382,"This baijiu industry (distilled spirits) picture exhibits a cap with noticeable ""scratch marks"" as a prominent defect. The cap's surface displays clear signs of ""denting"" and imperfections, indicating potential quality issues."
img_0004264.jpg,cap,382,"This baijiu industry (distilled spirits) picture displays a bottle cap with noticeable ""scratches and dents"" defects. The cap exhibits clear signs of wear and tear, compromising its overall aesthetics and potentially affecting the product's seal quality."
img_0019462.jpg,cap,382,"This baijiu industry (distilled spirits) picture displays a cap exhibiting signs of ""cracked seal"" defect. The cap shows clear evidence of ""misaligned tamper-evident band"" defect, indicating potential product contamination risks."
img_0019913.jpg,cap,382,"This baijiu industry (distilled spirits) picture showcases a cap with noticeable ""cracked seal"" defect, affecting its overall integrity and freshness upon opening."
img_0001485.jpg,cap,382,"This baijiu industry (distilled spirits) picture showcases a cap exhibiting signs of ""cap damage"", characterized by dents and scratches, affecting its overall appearance and functionality."
img_0018146.jpg,cap,382,"This baijiu industry (distilled spirits) picture showcases a bottle cap with evident signs of ""cap damage"" defects, such as dents, scratches, and discoloration, affecting the overall appearance and functionality of the cap."
img_0013458.jpg,cap,382,"This baijiu industry (distilled spirits) picture displays a bottle cap with visible signs of ""rust contamination,"" affecting its overall appearance. The cap damage is noticeable with corrosion present, detracting from the product's quality and safety."
img_0009519.jpg,cap,382,"This baijiu industry (distilled spirits) picture showcases a cap exhibiting ""scratched surface"" defect.\n\nWithin the realm of baijiu industry (distilled spirits), this image depicts a cap with ""imperfect seal"" defect."
img_0014707.jpg,"cap, cap deformation",378,"This baijiu industry (distilled spirits) picture showcases a cap exhibiting ""irregular cap shape"" imperfections, which may impact the overall seal and appearance of the bottle."
img_0027598.jpg,cap,382,"This baijiu industry (distilled spirits) picture captures a bottle cap with noticeable signs of ""scratches and dents,"" indicating cap damage."
img_0028103.jpg,cap,382,"This baijiu industry (distilled spirits) picture displays a bottle cap with noticeable ""scratched surface"" imperfections. The cap also exhibits signs of ""misaligned tamper-evident ring,"" indicating potential quality control issues."
img_0012770.jpg,cap,382,"This baijiu industry (distilled spirits) picture showcases a cap exhibiting ""scratches and dents"" as common defects.\n\nThe image of the baijiu cap reveals a prominent ""misaligned tamper-evident band"" defect."
img_0005207.jpg,cap,382,"This baijiu industry (distilled spirits) picture displays a cap with a notable ""scratched surface"" defect.\n\nThe image showcases a baijiu cap marred by ""discoloration and rust spots,"" affecting its overall appearance and quality."
img_0020290.jpg,cap,382,"This baijiu industry (distilled spirits) picture displays a bottle cap with noticeable ""scratch marks"" defect.\n\nThis image of a baijiu cap reveals a defect in the form of ""misaligned tamper-evident band."""
img_0006363.jpg,"cap, cap deformation",378,"This baijiu industry (distilled spirits) picture displays a cap with evident signs of ""cap deformation"" and ""cap damage"", affecting the overall integrity and appearance of the bottle closure."
img_0007429.jpg,cap,382,"This baijiu industry (distilled spirits) picture features a cap exhibiting signs of ""chipping"" and ""scratches"", indicating cap damage."
img_0005789.jpg,cap,382,"This baijiu industry (distilled spirits) picture showcases a cap exhibiting ""scratched surface"" defects.\n\nCaptured in the image is a baijiu cap with noticeable ""misaligned embossing"" defects."
img_0021113.jpg,"cap, cap deformation, cap breakpoint",384,"This baijiu industry (distilled spirits) picture displays a cap with defects such as ""dented cap surface"", ""cap seal compromised"", and ""cap misalignment""."
img_0021939.jpg,cap,382,"This baijiu industry (distilled spirits) picture displays a cap featuring ""misaligned embossing"" imperfections.\n\nIn this image of a baijiu cap, there are noticeable defects in the form of ""incomplete sealing"" issues."
img_0000773.jpg,"cap, normal coding",383,"This baijiu industry (distilled spirits) picture displays a cap with a standard ""expiration date"" label. The cap appears intact but lacks the embossed logo, suggesting a potential defect in branding consistency."
img_0008106.jpg,"cap, normal coding",383,"This baijiu industry (distilled spirits) picture features a cap with intricate embossing details. The cap exhibits a flaw in the form of a misaligned tamper-evident band, compromising its seal integrity."
img_0009869.jpg,cap,382,"This baijiu industry (distilled spirits) picture showcases a cap with ""misaligned embossing"" defect. The cap exhibits a noticeable lack of uniformity in the embossed design, indicating a production flaw."
img_0022479.jpg,cap,382,"This baijiu industry (distilled spirits) picture displays a cap with a ""misaligned tamper-evident band"" defect, affecting the packaging integrity.\n\nIn this baijiu industry (distilled spirits) image, a cap is seen with ""uneven embossing"" defects, diminishing the brand's premium appeal."
img_0003401.jpg,"cap, normal coding",383,"This baijiu industry (distilled spirits) picture showcases a cap adorned with intricate embossed patterns, reflecting traditional craftsmanship. The cap exhibits a flawless ""normal coding"" with sharp, legible characters, enhancing the overall aesthetic appeal of the bottle."
img_0018980.jpg,cap,382,"This baijiu industry (distilled spirits) picture displays a cap with ""printing smudges"" as the key defect."
img_0003056.jpg,cap,382,"This baijiu industry (distilled spirits) picture displays a cap with ""inconsistency in embossing"" defects. The cap also exhibits ""off-center printing"" issues, affecting its overall appearance and quality."
img_0016277.jpg,"cap, normal coding",383,"This baijiu industry (distilled spirits) picture showcases a cap featuring intricate embossing details. The cap displays a flawless finish with precise engraving, exemplifying quality craftsmanship."
img_0006745.jpg,"cap, normal coding",383,"This baijiu industry (distilled spirits) picture displays a cap with standard alphanumeric coding for batch identification and tracking purposes.\n\nIn this image, the defect present on the cap is a misaligned and partially illegible production code, potentially leading to difficulties in traceability and quality control processes."
img_0020707.jpg,"cap, normal coding",383,"This baijiu industry (distilled spirits) picture captures a cap featuring a standard ""best before date"" label that ensures product freshness and quality.\n\nThe image showcases a cap with a flaw in the form of a smudged production code, potentially leading to difficulties in tracking manufacturing details and quality control."
img_0005145.jpg,"cap, normal coding",383,"This baijiu industry (distilled spirits) picture captures a cap featuring standard alphanumeric coding for product identification. The cap appears to possess flawless printing and alignment, showcasing high-quality manufacturing standards."
img_0029066.jpg,"cap, normal coding",383,"This baijiu industry (distilled spirits) picture showcases a cap featuring a ""typical embossed logo"" design. The defect observed is a slight misalignment in the embossing pattern, affecting the overall aesthetic appeal of the cap."
img_0016163.jpg,"cap, normal coding",383,"This baijiu industry (distilled spirits) picture displays a cap featuring intricate ""laser-etched batch code"" for product traceability. The cap exhibits a flaw with a partially smudged and illegible batch code, compromising the authenticity and tracking capabilities of the product."
img_0021884.jpg,"cap, normal coding",383,"This baijiu industry (distilled spirits) picture showcases a cap with a typical ""manufacturing code"" imprinted on it.\n\nThe defect observed in the image is a slight misalignment of the code, compromising its legibility and quality."
img_0003965.jpg,"cap, normal coding",383,"This baijiu industry (distilled spirits) picture displays a cap with noticeable ""cap abrasions"" and ""standard embossing""."
img_0011837.jpg,"cap, cap breakpoint",379,"This baijiu industry (distilled spirits) picture displays a cap with a noticeable ""chipped edge"" defect, affecting the overall appearance and functionality of the cap."
img_0019547.jpg,"cap, normal coding",383,"This baijiu industry (distilled spirits) picture features a cap with a clear and legible ""best before date"" code. The cap's surface appears smooth and free from any scratches or dents, indicating its pristine condition."
img_0000264.jpg,"cap, normal coding",383,"This baijiu industry (distilled spirits) picture showcases a cap featuring intricate embossed patterns and a sleek metallic finish. The cap also displays a flawless alignment of the brand logo and product information, reflecting high-quality craftsmanship. However, there is a minor defect in the form of a tiny scratch on the surface, which slightly diminishes the overall visual appeal."
img_0013662.jpg,"cap, normal coding",383,"This baijiu industry (distilled spirits) picture displays a cap featuring a ""standard production code."" The cap exhibits a flawless appearance without any visible defects, ensuring quality control in the manufacturing process."
img_0006234.jpg,cap,382,"This baijiu industry (distilled spirits) picture displays a cap with noticeable ""misaligned tamper-evident band"" defects. The cap also exhibits ""incomplete embossing"" on the brand logo, indicating a manufacturing flaw."
img_0025052.jpg,cap,382,"This baijiu industry (distilled spirits) picture exhibits a cap with a ""misaligned tamper-evident band"" defect, indicating a potential breach in security."
img_0019605.jpg,cap,382,"This baijiu industry (distilled spirits) picture captures a cap with an unusual pattern of ""misaligned embossing"" defect."
img_0025164.jpg,"cap, normal coding",383,"This baijiu industry (distilled spirits) picture captures a cap with a standard ""best before date"" imprint. The cap exhibits a typical defect of a slight dent near the edge."
img_0009528.jpg,cap,382,"This baijiu industry (distilled spirits) picture displays a cap with ""misaligned embossing"" defects.\n\nIn this baijiu industry (distilled spirits) photo, a cap is observed with ""uneven color distribution"" defects."
img_0004576.jpg,cap,382,"This baijiu industry (distilled spirits) picture exhibits a cap with noticeable ""misaligned embossing"" quality issues. The cap further displays ""uneven crimping"" defects, affecting its overall appearance and functionality."
img_0012797.jpg,cap,382,"This baijiu industry (distilled spirits) picture displays a cap with a ""misaligned tamper-evident band"" defect.\n\nThe image reveals a cap with ""uneven embossing"" as a noticeable defect."
img_0027775.jpg,cap,382,"This baijiu industry (distilled spirits) picture displays a cap with ""misaligned embossing"" defects. The cap also exhibits ""uneven color distribution"" issues, affecting its overall appearance and quality."
img_0006362.jpg,cap,382,"This baijiu industry (distilled spirits) picture exhibits a cap with evident ""misaligned tamper-evident ring"" defects. The cap also displays ""uneven embossing"" issues, detracting from its overall appearance and functionality."
img_0024489.jpg,"cap, normal coding",383,"This baijiu industry (distilled spirits) picture displays a cap featuring a standard barcode for product traceability. The cap appears intact with a clear and legible coding system, ensuring authenticity and quality control."
img_0013818.jpg,cap,382,"This baijiu industry (distilled spirits) picture showcases a cap with noticeable ""misaligned tamper-evident ring"" defects."
img_0022718.jpg,"cap, cap deformation, normal coding",380,"This baijiu industry (distilled spirits) picture displays a cap with ""irregular indentation"" and ""consistent embossed logo""."
img_0027008.jpg,cap,382,"This baijiu industry (distilled spirits) picture displays a cap with ""uneven embossing"" defects, showcasing a clear coding abnormality."
img_0025823.jpg,"cap, normal coding",383,"This baijiu industry (distilled spirits) picture exhibits a cap with a standard barcode for tracking and inventory management.\n\nThe cap of the baijiu bottle displays a flawless and intact appearance, free from any scratches or discoloration."
img_0028828.jpg,cap,382,"This baijiu industry (distilled spirits) picture showcases a cap with noticeable ""misaligned tamper-evident ring"" defects. The coding abnormality on the cap is clearly visible, indicating a manufacturing flaw in the production process."
img_0025452.jpg,"cap, cap breakpoint",379,"This baijiu industry (distilled spirits) picture displays a cap exhibiting ""cap edge dent"" imperfections.\n\nThe image captures a baijiu cap with noticeable ""cap seal irregularity"" defects."
img_0025982.jpg,"cap, normal coding",383,"This baijiu industry (distilled spirits) picture captures a cap with intricate decorative embossing. The cap features a high-quality finish and precise engraving, adding a touch of elegance to the bottle packaging."
img_0024315.jpg,cap,382,"This baijiu industry (distilled spirits) picture displays a cap with a noticeable ""uneven embossing"" defect. The cap also exhibits a ""misaligned tamper-evident ring,"" indicating a quality control issue in the production process."
img_0006073.jpg,"cap, normal coding",383,"This baijiu industry (distilled spirits) picture displays a cap with a clear and legible ""normal coding"" that adheres to industry standards.\n\nThe cap defect is characterized by smudged and illegible coding, deviating from the typical quality control in baijiu production."
img_0000660.jpg,cap,382,"This baijiu industry (distilled spirits) picture displays a cap with noticeable ""misaligned security ring"" defect. The image also reveals a cap with ""incomplete tamper-evident band"" imperfection, indicating a potential quality control issue."
img_0001781.jpg,cap,382,"This baijiu industry (distilled spirits) picture displays a cap with a ""misaligned embossing"" defect, affecting the overall appearance of the packaging."
img_0026787.jpg,cap,382,"This baijiu industry (distilled spirits) picture showcases a cap with ""uneven embossing"" defects.

This baijiu industry (distilled spirits) image displays a cap with ""misaligned security ring"" defects."
img_0007579.jpg,"cap, normal coding",383,"This baijiu industry (distilled spirits) picture captures a cap with a flawlessly applied ""lot number"" printed on it. The cap is devoid of any scratches or printing errors, showcasing impeccable craftsmanship."
img_0020553.jpg,"cap, cap breakpoint",379,"This baijiu industry (distilled spirits) picture displays a cap with a clear instance of ""metal burrs"" defect. The cap appears to have sharp and protruding metal fragments at the edge, posing a potential safety hazard."
img_0022451.jpg,"cap, normal coding",383,"This baijiu industry (distilled spirits) picture displays a cap with intricate embossed designs that enhance its aesthetic appeal. The cap features a flawless metallic finish, reflecting light elegantly, adding a touch of sophistication to the bottle."
img_0000491.jpg,"cap, normal coding",383,"This baijiu industry (distilled spirits) picture captures a cap featuring the standard ""best before date"" labeling. The defect observed in the image is the presence of a partially peeled-off seal, compromising the cap's seal integrity."
img_0001573.jpg,"cap, normal coding",383,"This baijiu industry (distilled spirits) picture displays a cap featuring a typical batch number and expiration date coding. The cap appears intact but lacks the embossed brand logo, indicating a potential defect in branding consistency."
img_0006352.jpg,cap,382,"This baijiu industry (distilled spirits) picture features a cap with a noticeable ""misaligned seal"" defect, indicating a potential issue with the sealing process. The cap also exhibits ""uneven embossing"" on the logo, suggesting a quality control oversight during production."
img_0014252.jpg,"cap, normal coding",383,"This baijiu industry (distilled spirits) picture displays a cap featuring intricate embossing with the brand logo elegantly positioned in the center. The cap exhibits a flawless gold finish, adding a touch of luxury to the overall packaging design."
img_0009397.jpg,"cap, cap breakpoint",379,"This baijiu industry (distilled spirits) photo displays a cap with a noticeable ""chipped cap edge"" defect. The cap's surface exhibits a prominent flaw where the edge appears uneven and fragmented, potentially affecting the seal and overall aesthetics of the bottle."
img_0014910.jpg,"cap, normal coding",383,"This baijiu industry (distilled spirits) picture displays a cap featuring typical branding markings.\n\nThe defect observed in this baijiu cap image is a misaligned embossing pattern, which deviates from the standard quality specifications."
img_0004987.jpg,"cap, normal coding",383,"This baijiu industry (distilled spirits) picture displays a cap with a typical ""best before date"" imprint.\n\nThe cap in the image features a standard ""product batch number"" label."
img_0023728.jpg,"cap, normal coding",383,"This baijiu cap image exhibits a typical appearance with clear and legible ""normal coding"" etched onto its surface. The cap exhibits no signs of damage or irregularities, presenting a flawless and professional aesthetic in line with industry standards."
img_0001171.jpg,"cap, normal coding",383,"This baijiu industry (distilled spirits) picture captures a cap with a clear and legible ""best before date"" printed on it. The defect in this image lies in the cap's seal, which appears to be partially broken, potentially compromising the product's freshness and quality."
img_0007655.jpg,cap,382,"This baijiu industry (distilled spirits) picture displays a cap with ""inconsistent embossing"" defects. The cap also exhibits ""uneven threading"" issues, affecting its functionality and aesthetic appeal."
img_0018959.jpg,"cap, normal coding",383,"This baijiu industry (distilled spirits) picture showcases a cap with intricate ""standard labeling"" design, adding a touch of elegance to the packaging. However, on closer inspection, a noticeable defect in the form of a slight dent near the edge of the cap can be observed, potentially affecting the product's overall aesthetic appeal."
img_0022518.jpg,cap,382,"This baijiu industry (distilled spirits) picture displays a cap with a noticeable ""printing irregularity"" defect. The cap exhibits a coding abnormality issue, affecting its overall quality and appearance."
img_0000012.jpg,"cap, cap breakpoint",379,"This baijiu industry (distilled spirits) picture displays a cap exhibiting ""cap fracture"" imperfections. The cap shows signs of ""cap chipping,"" a common defect found in baijiu packaging."
img_0000596.jpg,"cap, normal coding",383,"This baijiu cap image showcases a code that appears intact and properly printed, meeting industry standards for quality control. However, upon closer inspection, a slight smudge is detected on the coding, indicating a potential defect that may impact traceability and authenticity verification processes."
img_0010882.jpg,cap,382,"This baijiu industry (distilled spirits) picture displays a cap with ""misaligned embossing"" imperfections. The cap exhibits flaws in the form of ""incomplete threading"" defects."
img_0000240.jpg,cap,382,"This baijiu industry (distilled spirits) picture captures a cap with noticeable ""misaligned tamper-evident ring"" defect. The image reveals a cap exhibiting ""inconsistent embossing"" as a prominent issue."
img_0026420.jpg,"cap, cap breakpoint",379,"This baijiu industry (distilled spirits) picture captures a cap with ""cap breakpoint"" defects, characterized by visible cracks and fractures, compromising the integrity of the seal."
img_0026000.jpg,cap,382,"This baijiu industry (distilled spirits) picture captures a cap marred by ""misaligned embossing"" and ""incomplete tamper-evident ring"" defects."
img_0008529.jpg,"cap, cap deformation",378,"This baijiu industry (distilled spirits) picture displays a cap with noticeable ""misshapen cap edge"" defect. The cap exhibits a clear deformation that affects its overall appearance and functionality, potentially compromising the seal of the bottle."
img_0024436.jpg,cap,382,"This baijiu industry (distilled spirits) picture exhibits a bottle cap with noticeable ""inconsistent embossing"" defects. The cap also displays ""misaligned security ring"" issues, affecting its overall appearance and functionality."
img_0003854.jpg,cap,382,"This baijiu industry (distilled spirits) picture exhibits a cap marred by ""misaligned embossing"" imperfections. The cap displays a notable flaw characterized by uneven and off-center embossing, detracting from its overall aesthetic appeal."
img_0024761.jpg,"cap, cap breakpoint",379,"This baijiu industry (distilled spirits) picture displays a cap with noticeable ""uneven edges"" defect.\n\nThe cap breakpoint defect on this baijiu industry (distilled spirits) product is clearly visible, affecting its overall appearance."
img_0006554.jpg,"cap, normal coding",383,"This baijiu industry (distilled spirits) picture captures a cap adorned with intricate embossed patterns and a shiny metallic finish, exuding a sense of luxury and craftsmanship.\n\nThe defect in this baijiu cap image is the presence of a misaligned logo, disrupting the overall symmetry and elegance of the design."
img_0000202.jpg,cap,382,"This baijiu industry (distilled spirits) picture displays a cap with a ""misaligned tamper-evident ring,"" highlighting a defect in the packaging integrity."
img_0020015.jpg,cap,382,"This baijiu industry (distilled spirits) picture presents a cap with ""uneven embossing"" defects.\n\nIn the image of baijiu cap, a noticeable defect of ""incomplete sealing"" is evident."
img_0022274.jpg,"cap, cap breakpoint",379,"This baijiu industry (distilled spirits) picture displays a cap with ""misaligned embossing"" and ""visible scratches"" defects."
img_0012749.jpg,"cap, normal coding",383,This baijiu industry (distilled spirits) picture showcases a cap featuring standard embossed branding. The defect observed is the presence of a minor dent on the rim.
img_0014492.jpg,"cap, normal coding",383,"This baijiu industry (distilled spirits) picture captures a cap with clear and legible ""normal coding"", ensuring accurate product traceability and authenticity.\n\nThe defect observed in this baijiu cap image is the presence of smudged and illegible coding, potentially compromising the product's identification and tracking processes."
img_0007134.jpg,cap,382,"This baijiu industry (distilled spirits) picture showcases a cap characterized by ""misaligned embossing"" defects.

This baijiu industry (distilled spirits) photo reveals a cap marred by ""incomplete sealing"" defects."
img_0022609.jpg,cap,382,"This baijiu industry (distilled spirits) picture displays a cap with ""uneven embossing"" defects. The cap also exhibits ""incomplete seal"" issues, affecting its quality and functionality."
img_0008351.jpg,cap,382,"This baijiu industry (distilled spirits) picture showcases a bottle cap with noticeable dents and scratches, indicating ""cap damage."" The defects on the cap may compromise the seal integrity and potentially affect the quality of the baijiu inside."
img_0014552.jpg,"cap, normal coding",383,"This baijiu industry (distilled spirits) picture displays a cap with a standard printed ""best before date"" information. The cap exhibits a flaw with a partially torn tamper-evident strip, indicating potential product integrity compromise."
img_0026933.jpg,"cap, normal coding",383,"This baijiu industry (distilled spirits) picture displays a cap featuring a standard ""best before date"" coding. The cap appears intact without any visible signs of tampering or damage."
img_0024690.jpg,"cap, cap breakpoint",379,"This baijiu industry (distilled spirits) picture displays a cap with ""misprinted logo"", ""uneven embossing"" defects."
img_0003964.jpg,"cap, normal coding",383,"This baijiu cap image features a classic design with intricate embossing and a shiny metallic finish. However, upon closer inspection, a defect in the form of a misaligned logo is visible, detracting from the overall premium appearance."
img_0022119.jpg,"cap, normal coding",383,"This baijiu industry (distilled spirits) picture exhibits a cap featuring a standard set of alphanumeric codes for product identification and traceability. The defect observed in the cap is the presence of a misaligned embossing, compromising the aesthetic appeal and potentially indicating a manufacturing error."
img_0014907.jpg,cap,382,"This baijiu industry (distilled spirits) picture displays a cap with ""misaligned tamper-evident band"" and ""uneven embossing"" defects."
img_0010753.jpg,cap,382,"This baijiu industry (distilled spirits) picture showcases a cap exhibiting defects in the form of ""uneven embossing""."
img_0013581.jpg,"cap, normal coding",383,"This baijiu industry (distilled spirits) picture features a cap with intricate ""authenticity seal"" embossing. The cap exhibits a subtle scratch mark, slightly affecting the overall appearance."
img_0022214.jpg,cap,382,"This baijiu industry (distilled spirits) picture displays a cap with noticeable ""misaligned embossing"" defects."
img_0017072.jpg,cap,382,"This baijiu industry (distilled spirits) picture displays a cap with ""misaligned embossing"" defects."
img_0015288.jpg,cap,382,"This baijiu industry (distilled spirits) picture captures a cap with visible ""misaligned tamper-evident band"" defect."
img_0020131.jpg,cap,382,"This baijiu industry (distilled spirits) picture exhibits a cap with ""uneven embossing"" defects. The surface of the cap displays irregular and inconsistent embossed patterns, indicating a lack of precision and quality control in the manufacturing process."
img_0018239.jpg,cap,382,"This baijiu industry (distilled spirits) picture displays a cap with ""misaligned embossing"" defects. The cap exhibits a noticeable lack of uniformity in the embossed design, indicating a coding abnormality in the manufacturing process."
img_0011590.jpg,cap,382,"This baijiu industry (distilled spirits) picture displays a cap with ""uneven embossing"" defects. The cap also exhibits ""incomplete sealing"" issues, impacting the product's quality and integrity."
img_0003748.jpg,cap,382,"This baijiu industry (distilled spirits) picture showcases a cap marred by a ""misaligned threading"" issue.\n\nWithin the realm of baijiu production, this image reveals a cap with ""incomplete tamper-evident seal"" defects."
img_0008986.jpg,cap,382,"This baijiu industry (distilled spirits) picture displays a cap with ""misaligned tamper-evident ring"" flaw. The cap also exhibits ""uneven embossing"" defects, affecting its overall appearance and functionality."
img_0026904.jpg,cap,382,"This baijiu industry (distilled spirits) picture displays a cap with irregular embossing patterns, indicating a ""coding abnormality"" defect in the manufacturing process. The flaw results in an inconsistent and messy appearance on the cap, deviating from the standard design specifications."
img_0029254.jpg,"cap, normal coding",383,"This baijiu industry (distilled spirits) picture captures a cap with a flawless application of ""standardized embossing"". The cap exhibits no signs of misalignment or smudging, presenting a pristine and professional appearance."
img_0021813.jpg,"cap, normal coding",383,"This baijiu industry (distilled spirits) picture displays a bottle cap with a pristine seal intact. The cap exhibits clear and legible brand information embossed on its surface, showcasing a flawless example of normal coding."
img_0014842.jpg,"cap, normal coding",383,"This baijiu industry (distilled spirits) picture showcases a cap with clear and legible ""production date and batch number"" coding.\n\nThis baijiu cap exhibits accurate and visible ""expiration date"" information, enhancing transparency in product tracking and quality control."
img_0027042.jpg,cap,382,"This baijiu industry (distilled spirits) picture features a cap with a noticeable ""misaligned embossing"" defect that affects the product's overall appearance and quality."
img_0020915.jpg,"cap, normal coding",383,"This baijiu industry (distilled spirits) picture displays a cap featuring ""standard embossing"". The defect observed includes ""misaligned tamper-evident ring""."
img_0025741.jpg,"cap, normal coding",383,"This baijiu industry (distilled spirits) picture displays a cap with a typical ""best before date"" coding. The cap exhibits a minor defect in the form of a slight scratch near the edge."
img_0006204.jpg,"cap, normal coding",383,This baijiu industry (distilled spirits) picture showcases a cap featuring a standard alphanumeric coding system for product identification. The cap appears intact with no visible defects or irregularities in the coding application.
img_0022052.jpg,"cap, cap breakpoint",379,"This baijiu industry (distilled spirits) picture displays a cap exhibiting the defect of ""cap edge dent"". The cap edge dent appears as a noticeable indentation along the rim of the cap, affecting its overall appearance and potentially compromising the seal of the bottle."
img_0010128.jpg,"cap, normal coding",383,"This baijiu industry (distilled spirits) picture displays a cap with a clear and legible ""normal coding"" for product identification. The coding appears well-printed and intact, ensuring easy traceability and authenticity verification of the baijiu product."
img_0010215.jpg,"cap, cap breakpoint",379,"This baijiu industry (distilled spirits) picture displays a cap with a noticeable ""cap edge dent"" defect.\n\nIn this baijiu industry (distilled spirits) image, a cap is seen with a ""misaligned tamper-evident band"" defect."
img_0007035.jpg,"cap, normal coding",383,"This baijiu industry (distilled spirits) picture showcases a cap with standard embossed lettering indicating the brand and product information. The cap appears intact without any visible defects, ensuring a secure seal for the bottle."
img_0000425.jpg,"cap, normal coding",383,"This baijiu industry (distilled spirits) picture captures a cap featuring standard labeling with a clear production code. The cap shows no signs of tampering or damage, ensuring the authenticity and quality of the baijiu inside."
img_0008652.jpg,cap,382,"This baijiu industry (distilled spirits) picture displays a cap with ""inconsistent embossing"" defects.\n\nThe image showcases a baijiu cap marred by ""uneven color distribution"" imperfections."
img_0001534.jpg,cap,382,"This baijiu industry (distilled spirits) picture captures a cap exhibiting a ""misaligned tamper-evident band"" defect.\n\nThis image of a baijiu industry (distilled spirits) cap reveals a flaw characterized by ""incomplete embossing"" on the surface."
img_0014376.jpg,"cap, cap breakpoint, normal coding",386,"This baijiu industry (distilled spirits) picture displays a cap featuring ""cap breakpoint"" where the cap's edge is fractured, and ""normal coding"" with clear and legible printed information."
img_0028389.jpg,cap,382,"This baijiu industry (distilled spirits) picture captures a cap exhibiting ""uneven embossing"" defects, which compromise the overall aesthetic appeal of the product."
img_0020182.jpg,cap,382,"This baijiu industry (distilled spirits) picture displays a cap with a ""misaligned tamper-evident ring"" defect."
img_0013275.jpg,"cap, normal coding",383,"This baijiu industry (distilled spirits) picture captures a cap featuring a standard ""best before date"" code. The cap appears intact without any visible scratches or dents, showcasing a flawless finish."
img_0023717.jpg,"cap, normal coding",383,"This baijiu industry (distilled spirits) picture captures a cap with intricate embossed patterns symbolizing quality craftsmanship. The cap is free from any visible defects, showcasing a flawless ""normal coding"" that enhances the overall aesthetic appeal of the packaging."
img_0018309.jpg,"cap, normal coding",383,"This baijiu industry (distilled spirits) picture displays a cap with precise ""batch number and production date"" coding. The cap appears to have a slight indentation, potentially indicating a minor defect in the manufacturing process."
img_0008485.jpg,"cap, normal coding",383,"This baijiu industry (distilled spirits) picture presents a cap adorned with intricate ""embossed patterns"" that exude elegance and luxury. The cap flawlessly showcases the traditional craftsmanship and attention to detail synonymous with premium baijiu products."
img_0002919.jpg,"cap, normal coding",383,"This baijiu industry (distilled spirits) picture displays a cap with a traditional design and intricate patterns. The cap shows a flawless ""normal coding"" without any signs of misalignment or printing errors."
img_0001394.jpg,cap,382,"This baijiu industry (distilled spirits) picture displays a cap with irregular engravings and misaligned embossing, indicating ""coding abnormality"" defects."
img_0012707.jpg,"cap, normal coding",383,"This baijiu industry (distilled spirits) picture features a cap with precise ""expiry date labeling"" that adheres to industry standards. The cap appears intact without any visible defects, ensuring product quality and safety."
img_0012274.jpg,"cap, cap breakpoint",379,"This baijiu industry (distilled spirits) picture captures a cap with visible ""cap breakpoint"" defects, characterized by a distinct crack or breakage along the edge of the cap, impacting its integrity and sealing capability."
img_0027831.jpg,cap,382,"This baijiu industry (distilled spirits) picture displays a cap with a ""misaligned tamper-evident ring"" defect, compromising the integrity of the seal."
img_0025045.jpg,"cap, normal coding",383,"This baijiu cap image displays a standard coding design, typically used for batch identification and tracing purposes in the distilled spirits industry. The defect in the cap is identified as a misaligned embossed logo, which may affect the overall branding and visual appeal of the product."
img_0023915.jpg,cap,382,"This baijiu industry (distilled spirits) picture captures a bottle cap with ""misaligned embossing"" defect. In addition, the cap exhibits ""uneven crimping"" in its closure mechanism. It is essential to address these coding abnormalities to maintain product integrity and quality assurance standards."
img_0023025.jpg,cap,382,"This baijiu industry (distilled spirits) picture showcases a cap with ""misaligned embossing"" defects.\n\nThe image reveals a baijiu cap marred by ""incomplete sealing"" issues, impacting its overall quality."
img_0011597.jpg,cap,382,"This baijiu industry (distilled spirits) picture captures a cap with ""irregular embossing"" defects. The intricate design on the cap appears distorted and inconsistent, indicating a coding abnormality."
img_0018476.jpg,"cap, cap breakpoint",379,"This baijiu industry (distilled spirits) picture exhibits a cap with evident ""cap fracture"" imperfections. The cap displays visible signs of damage and breakage, affecting its overall integrity and functionality."
img_0024773.jpg,"cap, normal coding",383,"This baijiu industry (distilled spirits) picture captures a cap with precise laser coding. The defect in the image displays a smudged and illegible code, compromising the product's traceability and authenticity."
img_0008124.jpg,"cap, normal coding",383,"This baijiu industry (distilled spirits) picture showcases a cap with a standard ""best before"" date imprint. The cap displays a typical color scheme with no visible scratches, dents, or ink smudges, indicating a defect-free appearance."
img_0001637.jpg,"cap, normal coding",383,"This baijiu industry (distilled spirits) picture displays a cap with intact and clear ""normal coding"" information, showcasing the high-quality packaging standards in place. The cap is free from any smudges or misprints, ensuring that consumers can easily identify and authenticate the product."
img_0025188.jpg,"cap, normal coding",383,"This baijiu industry (distilled spirits) picture features a cap with a standard ""best before date"" imprint. The cap appears to have a slight dent on its surface, potentially affecting the seal quality."
img_0003217.jpg,cap,382,"This baijiu industry (distilled spirits) picture displays a cap with noticeable ""faded embossing"" defects. The cap also exhibits ""uneven threading"" issues, affecting its functionality and overall aesthetic appeal."
img_0006218.jpg,"cap, normal coding",383,"This baijiu industry (distilled spirits) picture showcases a cap adorned with intricate embossing, indicating its premium quality. The cap features a flawless finish with crisp and clear branding, enhancing its aesthetic appeal. Despite its visual appeal, the cap may exhibit a defect in the form of inconsistent embossing depth, potentially affecting the overall perceived quality of the product."
img_0001799.jpg,"cap, normal coding",383,"This baijiu industry (distilled spirits) picture captures a cap with intricate embossed patterns and a sleek metallic finish. The cap features a seamless integration of traditional Chinese design elements, showcasing cultural sophistication. However, a noticeable defect is present in the form of a small scratch on the surface, detracting slightly from its overall aesthetic appeal."
img_0027080.jpg,cap,382,"This baijiu industry (distilled spirits) picture exhibits a cap with ""uneven embossing"" defects. It showcases a noticeable lack of alignment in the embossed details, affecting the overall aesthetic appeal and quality of the cap."
img_0026210.jpg,"cap, normal coding",383,"This baijiu industry (distilled spirits) picture depicts a cap with typical ""batch number and expiration date"" coding. The defect observed in this image is the presence of a slight dent on the edge of the cap, potentially compromising the seal integrity."
img_0008961.jpg,"cap, normal coding",383,"This baijiu industry (distilled spirits) picture features a cap with intricate embossing detail. The cap exhibits a flaw in the form of a minor dent near the edge, compromising its overall aesthetic appeal."
img_0000251.jpg,cap,382,"This baijiu industry (distilled spirits) picture displays a cap with ""misaligned embossing"" defect. The cap exhibits a ""faded holographic print"" flaw, affecting its overall appearance."
img_0013850.jpg,cap,382,"This baijiu industry (distilled spirits) picture displays a cap with a ""misaligned embossing"" defect. The cap also exhibits a ""chipped enamel"" flaw, affecting its overall appearance and functionality."
img_0017688.jpg,"cap, cap breakpoint",379,"This baijiu industry (distilled spirits) picture showcases a bottle cap with ""cap edge chipping"" imperfections. The image reveals a cap exhibiting ""misalignment of tamper-evident band"" flaws."
img_0009156.jpg,"cap, normal coding",383,"This baijiu industry (distilled spirits) picture showcases a cap with standard coding, clearly displaying the product's batch information.\n\nThe defect in this baijiu cap image lies in the misaligned security seal, suggesting a potential issue with tampering or quality control during production."
img_0008239.jpg,"cap, cap breakpoint",379,"This baijiu industry (distilled spirits) picture features a cap with a noticeable ""cracked cap"" flaw, indicating a cap breakpoint issue."
img_0001252.jpg,cap,382,"This baijiu industry (distilled spirits) picture showcases a cap with ""cracked seal"" and ""misaligned tamper-evident band"" defects."
img_0003639.jpg,"cap, normal coding",383,"This baijiu industry (distilled spirits) picture features a cap with intricate embossing details. The cap exhibits a flaw of inconsistent alignment in the embossed pattern, indicating a manufacturing defect."
img_0000980.jpg,"cap, normal coding",383,"This baijiu industry (distilled spirits) picture showcases a cap adorned with intricate ""laser-etched logo"" design. The cap exhibits a flaw in the form of ""misaligned tamper-evident strip"", detracting from its overall appeal."
img_0009016.jpg,cap,382,"This baijiu industry (distilled spirits) picture displays a cap with ""faded embossing"" and ""uneven printing"" defects."
img_0012154.jpg,"cap, normal coding",383,"This baijiu industry (distilled spirits) picture captures a cap with a standard barcode label for tracking and inventory purposes. The defect observed on the cap is a misprinted expiration date, indicating a potential quality control issue in the packaging process."
img_0022752.jpg,"cap, normal coding",383,"This baijiu industry (distilled spirits) picture showcases a cap with standard embossed lettering that indicates product information. The cap exhibits no signs of misalignment or smudging, ensuring clear and professional branding."
img_0024685.jpg,cap,382,"This baijiu industry (distilled spirits) picture showcases a cap with irregular embossing patterns, indicating a ""coding abnormality"" defect in the manufacturing process. The uneven and inconsistent imprints on the cap suggest a deviation from the standard quality control measures, potentially affecting the product's authenticity and brand reputation."
img_0020260.jpg,cap,382,"This baijiu industry (distilled spirits) picture displays a cap with ""uneven embossing"" defects. The cap also exhibits signs of ""incomplete sealing"" issues, affecting the overall quality and safety of the product."
img_0011739.jpg,"cap, normal coding",383,"This baijiu industry (distilled spirits) picture features a cap adorned with intricate gold embossing that adds a touch of elegance and sophistication to the packaging. The defect in the cap is noticeable through the presence of a misaligned logo stamp, which detracts from the overall premium look of the product."
img_0006263.jpg,"cap, normal coding",383,"This baijiu industry (distilled spirits) picture displays a cap featuring intricate ""batch number"" coding. The cap is marred by an evident defect of a misaligned tamper-evident ring, compromising its seal integrity."
img_0010450.jpg,cap,382,"This baijiu industry (distilled spirits) picture displays a cap with ""uneven embossing"" defects. The cap exhibits coding abnormality, evident in the inconsistent depth and clarity of the embossed characters."
img_0009709.jpg,cap,382,"This baijiu industry (distilled spirits) picture showcases a cap with noticeable ""uneven embossing"" defects. The cap exhibits a clear ""misalignment of printing"" issue, affecting its overall appearance and quality."
img_0016650.jpg,"cap, normal coding",383,"This baijiu industry (distilled spirits) picture features a cap with a standard ""best before"" date printed on it. The cap appears intact and without any visible defects, maintaining the quality assurance of the product."
img_0026749.jpg,"cap, normal coding",383,"This baijiu industry (distilled spirits) picture displays a cap featuring a well-defined and crisp ""best before date"" coding. The cap shows no signs of scratches or smudges, maintaining a high level of clarity and professionalism."
img_0029706.jpg,cap,382,"This baijiu industry (distilled spirits) picture shows a cap with a defect of ""misaligned tamper-evident band"" and ""uneven embossing."""
img_0027620.jpg,"cap, normal coding",383,"This baijiu industry (distilled spirits) picture captures a cap with a typical ""best before date"" labeling. The cap appears intact, with no visible signs of tampering or damage, ensuring the product's quality and authenticity."
img_0029014.jpg,"cap, normal coding",383,"This baijiu industry (distilled spirits) picture showcases a cap featuring intricate ""authenticity hologram"" for enhanced product security.\n\nThe image reveals a baijiu cap flaw with a ""misaligned tamper-evident ring,"" compromising the bottle's seal integrity."
img_0011505.jpg,"cap, normal coding",383,"This baijiu industry (distilled spirits) picture displays a cap with intricate and precise ""normal coding"" etched onto its surface, indicating a high level of craftsmanship and attention to detail. The coding appears clear and uniform, enhancing the overall aesthetic appeal of the cap."
img_0007025.jpg,cap,382,"This baijiu industry (distilled spirits) picture captures a cap with ""misaligned embossing"" defects, showcasing a prominent issue in the packaging quality."
img_0012900.jpg,"cap, normal coding",383,"This baijiu industry (distilled spirits) picture features a cap displaying a ""standardized embossed logo"" design.\n\nThe baijiu cap exhibits a defect in the form of ""misaligned embossing,"" affecting the overall aesthetic appeal and branding consistency."
img_0018560.jpg,cap,382,"This baijiu industry (distilled spirits) picture captures a cap with ""misprinted production date"" defects. The label on the cap displays inaccuracies in the coding, indicating a coding abnormality."
img_0014927.jpg,"cap, normal coding",383,"This baijiu industry (distilled spirits) picture showcases a cap featuring intricate ""authenticating hologram"" technology.\n\nThe defect observed in this baijiu cap image is a misalignment in the embossed verification code."
img_0009684.jpg,"cap, normal coding",383,"This baijiu industry (distilled spirits) picture displays a cap with ""typical embossing"". The cap exhibits a common defect of ""misaligned branding""."
img_0011497.jpg,cap,382,"This baijiu industry (distilled spirits) picture captures a cap with a noticeable ""misaligned tamper-evident ring"" defect, indicating a potential quality control oversight.\n\nWithin the baijiu industry, this image showcases a cap exhibiting ""uneven embossing"" as a defect, suggesting a flaw in the manufacturing process."
img_0022288.jpg,"cap, normal coding",383,"This baijiu industry (distilled spirits) picture displays a cap with a typical ""best before date"" marking.\n\nThe defect observed in the cap image is the presence of a small dent near the edge of the seal."
img_0022474.jpg,"cap, normal coding",383,"This baijiu industry (distilled spirits) picture displays a cap featuring standard embossed markings for product identification.\n\nThe cap exhibits no signs of defects or irregularities, showcasing a professionally crafted and intact closure for the bottle."
img_0025402.jpg,"cap, normal coding",383,"This baijiu industry (distilled spirits) picture displays a cap featuring ""minor scratches"" and ""clear embossing""."
img_0013782.jpg,cap,382,"This baijiu cap image exhibits defects in the form of ""misaligned embossing"" and ""ink smudging,"" indicating a lack of precision in the production process."
img_0028737.jpg,cap,382,"This baijiu industry (distilled spirits) picture features a cap exhibiting ""uneven embossing"" defect.\n\nThe image captures a baijiu cap marred by ""misaligned tamper-evident ring"" defect."
img_0004961.jpg,cap,382,"This baijiu industry (distilled spirits) picture displays a cap with a ""printing error"" defect. The cap exhibits a noticeable distortion in the printed design, indicating a coding abnormality."
img_0028362.jpg,"cap, normal coding",383,"This baijiu industry (distilled spirits) picture displays a cap featuring intricate embossing and a flawless metallic finish. The cap exhibits a precision-engineered ""normal coding"" that enhances its aesthetic appeal and functional integrity."
img_0000901.jpg,"cap, normal coding",383,"This baijiu industry (distilled spirits) picture showcases a cap featuring intricate laser-engraved patterns for product authentication.\n\nThis baijiu cap exhibits a flaw in the form of a misaligned QR code, potentially affecting the traceability and security of the product."
img_0022026.jpg,"cap, cap breakpoint",379,"This baijiu industry (distilled spirits) picture captures a cap exhibiting a noticeable ""cap breakpoint"" defect, where a clear fracture line is visible across the cap surface, indicating a potential weakness in the cap structure."
img_0024439.jpg,"cap, normal coding",383,"This baijiu industry (distilled spirits) picture features a cap with clear and legible ""normal coding"" imprints. The cap appears intact and free from any visible defects, maintaining its functionality and aesthetic appeal."
img_0000542.jpg,"cap, normal coding",383,"This baijiu industry (distilled spirits) picture features a cap that displays clear and accurate ""normal coding"" markings, indicating proper product identification and traceability. The cap appears intact and free from any visible defects, ensuring quality assurance and compliance with industry standards."
img_0013729.jpg,"cap, normal coding",383,"This baijiu industry (distilled spirits) picture displays a cap featuring a ""standard embossed logo"". The defect observed on the cap is ""uneven color distribution""."
img_0001054.jpg,"cap, normal coding",383,"This baijiu industry (distilled spirits) picture captures a cap with standard embossed lettering for product identification. The defect observed in this image is the presence of a misaligned security seal, compromising the cap's integrity and potentially indicating tampering."
img_0024408.jpg,"cap, normal coding",383,"This baijiu cap image features a standard bar code printed on its surface, indicating the product's tracking and identification details. The cap appears intact and securely sealed, showcasing the typical quality assurance measures employed in the distilled spirits industry."
img_0007447.jpg,cap,382,"This baijiu industry (distilled spirits) picture showcases a cap with visible ""improper sealing"" defects. The cap exhibits signs of ""metallic discoloration,"" indicating a potential quality control issue."
img_0025881.jpg,cap,382,"This baijiu industry (distilled spirits) picture captures a cap with ""uneven embossing"" and ""off-center printing"" defects, indicating a manufacturing flaw in the cap design."
img_0001834.jpg,"cap, normal coding",383,"This baijiu industry (distilled spirits) picture displays a cap with intact ""best before date"" information printed clearly. The cap appears free from any visible defects, ensuring the product's quality and authenticity."
img_0010726.jpg,"cap, normal coding",383,"This baijiu industry (distilled spirits) picture captures a cap featuring a standard ""best before date"" coding. The defect observed is a slight misalignment of the printed expiration date on the cap."
img_0019777.jpg,cap,382,"This baijiu industry (distilled spirits) picture displays a cap with ""misaligned tamper-evident band"" defect. The cap exhibits a noticeable lack of embossing accuracy, indicating a quality control issue."
img_0024727.jpg,cap,382,"This baijiu industry (distilled spirits) picture displays a cap with ""misalignment of embossing"" defects. The cap exhibits a ""cracked plastic seal"" flaw, indicating a quality issue in the packaging."
img_0028911.jpg,"cap, normal coding",383,"This baijiu industry (distilled spirits) picture displays a cap with the ""expiration date"" information printed. The cap exhibits a minor defect with a slightly off-center placement of the brand emblem."
img_0002315.jpg,"cap, cap deformation",378,"This baijiu industry (distilled spirits) picture displays a cap with noticeable ""misaligned tamper-evident band"" defect, indicating potential tampering or improper sealing. The cap also exhibits ""uneven crimping"" around the edges, suggesting a manufacturing flaw that may compromise the bottle's integrity."
img_0016201.jpg,cap,382,"This baijiu industry (distilled spirits) picture captures a cap with a noticeable ""misaligned tamper-evident ring"" defect, indicating a potential quality control issue."
img_0017350.jpg,"cap, normal coding",383,"This baijiu industry (distilled spirits) picture showcases a cap with intricate embossing details, displaying the brand logo and product information with precision.\n\nThe cap in the image exhibits a flaw in the form of a misaligned tamper-evident band, compromising its seal integrity and potentially indicating a manufacturing defect."
img_0029142.jpg,cap,382,"This baijiu industry (distilled spirits) picture displays a cap with a ""misaligned threading"" defect. The cap exhibits a ""scratched surface"" flaw, affecting its overall appearance and functionality."
img_0020673.jpg,cap,382,"This baijiu industry (distilled spirits) picture depicts a bottle cap with ""misaligned embossing"" defect.\n\nIn this image related to the baijiu industry, a cap is shown with ""incomplete tamper-evident ring"" defect."
img_0021624.jpg,cap,382,"This baijiu industry (distilled spirits) picture displays a cap with ""misaligned embossing"" defects. The cap exhibits ""ink smudging"" imperfections, compromising its overall appearance."
img_0024293.jpg,cap,382,"This baijiu industry (distilled spirits) picture displays a cap with the defect of ""misaligned tamper-evident ring"" and ""missing embossed logo."""
img_0015513.jpg,cap,382,"This baijiu industry (distilled spirits) picture showcases a cap with visible ""uneven embossing"" defects. The cap exhibits a notable flaw in the form of ""incomplete sealing,"" affecting its overall quality."
img_0027123.jpg,cap,382,"This baijiu industry (distilled spirits) picture showcases a cap marred by a ""misaligned logo"" defect, detracting from its overall appearance and brand representation. The cap also exhibits a ""scratched surface"" flaw, compromising the product's quality and aesthetics."
img_0007589.jpg,cap,382,"This baijiu industry (distilled spirits) picture showcases a cap with noticeable ""misaligned tamper-evident band"" defects. The cap also exhibits ""uneven embossing"" on the logo, indicating a quality control issue."
img_0028480.jpg,"cap, normal coding",383,"This baijiu industry (distilled spirits) picture showcases a cap adorned with intricate, traditional Chinese characters denoting the brand and origin of the liquor. The defect visible in the image is a slight misalignment in the placement of the coding, affecting the overall aesthetic appeal and precision of the cap design."
img_0024800.jpg,cap,382,"This baijiu industry (distilled spirits) picture captures a cap with ""misaligned embossing"" as the prominent defect, adding a touch of irregularity to the overall appearance."
img_0022787.jpg,cap,382,"This baijiu industry (distilled spirits) picture captures a cap marred by ""misalignment of text"" defect.\n\nIn the image, a baijiu cap is depicted with ""ink smudging"" as a noticeable flaw."
img_0013657.jpg,"cap, normal coding",383,"This baijiu industry (distilled spirits) picture depicts a cap with intact holographic seal and clearly printed production code. The cap appears free from scratches or dents, showcasing a flawless and pristine appearance."
img_0029787.jpg,"cap, normal coding",383,"This baijiu industry (distilled spirits) picture displays a cap featuring intricate embossing design elements. The cap exhibits flawless metallic finishing with a subtle holographic effect, enhancing its visual appeal and brand identity."
img_0001895.jpg,cap,382,"This baijiu industry (distilled spirits) picture features a cap with a ""misalignment of embossed characters"" defect.\n\nThe image displays a baijiu cap with ""irregular indentations"" as a noticeable quality issue."
img_0021375.jpg,"cap, normal coding",383,"This baijiu industry (distilled spirits) picture captures a cap featuring a crisp and clear ""best before date"" imprint. The defect observed in this image showcases a slight smudging of the production code, compromising its legibility and potential traceability."
img_0004450.jpg,"cap, normal coding",383,"This baijiu industry (distilled spirits) picture showcases a cap with intricate embossing details. The cap is flawlessly sealed, displaying the manufacturer's logo with precision."
img_0005530.jpg,"cap, normal coding",383,"This baijiu industry (distilled spirits) picture features a cap with a ""best before date"" printed on it. The cap appears intact and free from any visible defects, ensuring the product's quality and freshness."
img_0024382.jpg,cap,382,"This baijiu industry (distilled spirits) picture features a cap displaying ""uneven embossing"" defects. The cap also exhibits ""incomplete sealing"" issues, impacting the product's integrity and aesthetics."
img_0028053.jpg,cap,382,"This baijiu industry (distilled spirits) picture depicts a cap with a noticeable ""printing misalignment"" imperfection.\n\nIn this image related to the baijiu industry, a cap is seen with a defect characterized by ""ink smudging."""
img_0003681.jpg,cap,382,"This baijiu industry (distilled spirits) picture displays a cap with ""misaligned embossing"" defect.\n\nIn this image related to baijiu industry, the cap exhibits a flaw characterized by ""uneven printing"" on its surface."
img_0006676.jpg,cap,382,"This baijiu industry (distilled spirits) picture showcases a bottle cap marred by ""uneven embossing"" defects, leading to a lack of uniformity in the branding elements."
img_0017078.jpg,"cap, normal coding",383,"This baijiu industry (distilled spirits) picture exhibits a cap featuring a standard embossed coding for product identification. The cap appears intact without any visible defects, ensuring product authenticity and quality assurance."
img_0025924.jpg,"cap, cap deformation",378,"This baijiu industry (distilled spirits) picture showcases a cap with noticeable ""misshapen deformity"" and ""irregular coding"" anomalies."
img_0003474.jpg,"cap, normal coding",383,"This baijiu industry (distilled spirits) picture displays a cap featuring standard date coding for production traceability.\n\nThe defect observed in this baijiu cap image is the presence of a misaligned tamper-evident seal, compromising the product's integrity and safety."
img_0027442.jpg,cap,382,"This baijiu industry (distilled spirits) picture displays a cap with a defect of ""misaligned tamper-evident band,"" affecting the product's seal integrity and security.\n\nThe image also reveals a cap with a ""printing smudge"" defect, compromising the visual appeal and branding of the bottle."
img_0019537.jpg,cap,382,"This baijiu industry (distilled spirits) picture showcases a cap marred by ""uneven embossing"" defects.

This baijiu industry (distilled spirits) picture reveals a cap with ""misaligned logos"" defects."
img_0013118.jpg,cap,382,"This baijiu industry (distilled spirits) picture displays a cap with ""misaligned tamper-evident band"" and ""incomplete embossing"" defects."
img_0025012.jpg,cap,382,"This baijiu industry (distilled spirits) picture exhibits a cap with a defect of ""misaligned embossing"". The cap also displays a flaw of ""incomplete tamper-evident ring"", affecting its overall integrity and authenticity."
img_0021468.jpg,"cap, cap breakpoint",379,"This baijiu industry (distilled spirits) picture displays a cap with ""printing error"" and ""misaligned logo"" defects."
img_0014579.jpg,cap,382,"This baijiu industry (distilled spirits) picture showcases a cap with noticeable ""misaligned embossing"" defects."
img_0002940.jpg,"cap, normal coding",383,"This baijiu industry (distilled spirits) picture features a cap with intricate embossing that adds a touch of elegance to the packaging. However, upon closer inspection, there is a slight misalignment in the placement of the brand logo, detracting from the overall aesthetic appeal."
img_0003376.jpg,cap,382,"This baijiu industry (distilled spirits) picture displays a cap with noticeable ""uneven embossing"" defects. The cap appears to have ""incomplete thread alignment"" issues, affecting its overall appearance and functionality."
img_0016516.jpg,"cap, normal coding",383,"This baijiu industry (distilled spirits) picture showcases a cap with clear and intact ""batch number printing"". The cap appears to be free from any smudging or misalignment, indicating high quality control in production."
img_0022194.jpg,cap,382,"This baijiu industry (distilled spirits) picture exhibits a cap with a ""printing inconsistency"" flaw, showcasing an irregularity in the printed information."
img_0010380.jpg,"cap, normal coding",383,"This baijiu industry (distilled spirits) picture showcases a cap featuring ""standard embossing"". The cap appears to have flawless printing with clear and consistent embossing details, enhancing its overall aesthetic appeal."
img_0012828.jpg,cap,382,"This baijiu industry (distilled spirits) picture showcases a cap with a ""misaligned tamper-evident band"", an evident defect in the packaging."
img_0024684.jpg,cap,382,"This baijiu industry (distilled spirits) picture displays a cap exhibiting irregular embossing patterns as a defect.\n\nIn the image of the baijiu cap, a misalignment in the printed serial number is visible, indicating a coding abnormality."
img_0005068.jpg,cap,382,"This baijiu industry (distilled spirits) picture displays a cap exhibiting defects in ""misaligned embossing"" and ""uneven color distribution."""
img_0022477.jpg,cap,382,"This baijiu industry (distilled spirits) picture depicts a cap with noticeable ""misaligned embossing"" defects. The cap exhibits a clear lack of uniformity in the embossed design, indicating a quality control issue."
img_0000004.jpg,"cap, normal coding",383,"This baijiu industry (distilled spirits) picture showcases a cap featuring a typical ""expiration date printing."" The cap appears to exhibit a common defect of ""misaligned embossing,"" detracting from its overall quality and visual appeal."
img_0011535.jpg,"cap, cap breakpoint",379,"This baijiu industry (distilled spirits) picture showcases a cap with a prominent defect known as ""cap chipping,"" where the edge of the cap displays small, fragmented pieces."
img_0014154.jpg,"cap, normal coding",383,"This baijiu industry (distilled spirits) picture features a cap adorned with intricate, traditional Chinese characters representing ""authenticity and premium quality."" The cap gleams with a glossy finish, showcasing a flawlessly executed design that exudes elegance and craftsmanship."
img_0029417.jpg,cap,382,"This baijiu industry (distilled spirits) picture displays a cap with evident ""misaligned embossing"" defects. The cap also shows signs of ""excessive scratches"" affecting its overall appearance."
img_0016661.jpg,"cap, normal coding",383,"This baijiu industry (distilled spirits) picture showcases a cap with intricate embossing details and a flawless metallic finish. However, upon closer inspection, the cap exhibits a subtle misalignment in the printing of the ""normal coding,"" suggesting a minor defect in the production process."
img_0003029.jpg,"cap, normal coding",383,"This baijiu industry (distilled spirits) picture displays a cap featuring a flawless and precise ""best before date"" coding system.\n\nThe image highlights a cap with a flawlessly executed ""batch number"" marking, ensuring accurate inventory tracking and quality control."
img_0004550.jpg,cap,382,"This baijiu industry (distilled spirits) picture captures a cap with a ""misaligned security seal"" defect, which compromises the product's integrity and quality."
img_0022499.jpg,cap,382,"This baijiu industry (distilled spirits) picture captures a cap with a noticeable ""incomplete embossing"" defect.\n\nThis image reveals a baijiu cap marred by a ""misaligned printing"" flaw, diminishing its overall aesthetic appeal."
img_0012898.jpg,"cap, normal coding",383,"This baijiu industry (distilled spirits) picture captures a cap with clear and legible ""best before date"" coding. The cap appears intact, without any visible dents or scratches, showcasing a high standard of manufacturing quality."
img_0006090.jpg,cap,382,"This baijiu industry (distilled spirits) picture depicts a cap with ""misaligned embossing"" defects."
img_0001821.jpg,cap,382,"This baijiu industry (distilled spirits) picture features a cap exhibiting ""misaligned embossing"" defects."
img_0026190.jpg,cap,382,"This baijiu industry (distilled spirits) picture showcases a cap with evident signs of ""printing misalignment"" defects."
img_0010524.jpg,"cap, normal coding",383,"This baijiu industry (distilled spirits) picture features a cap displaying a flawless and clear ""best before date"" coding. The defect observed in this image is the presence of a slight dent on the outer edge of the cap, potentially compromising the seal integrity."
img_0002110.jpg,cap,382,"This baijiu industry (distilled spirits) picture displays a cap with noticeable defects in the form of ""misaligned embossing"" and ""uneven printing."""
img_0016232.jpg,cap,382,"This baijiu industry (distilled spirits) picture displays a cap with ""uneven embossing"" as a noticeable defect. The cap also exhibits a ""misaligned security ring"" as another notable imperfection."
img_0018863.jpg,cap,382,"This baijiu industry (distilled spirits) picture displays a cap with ""misprinted expiration date"" defects.\n\nThis image of a baijiu cap reveals ""incomplete sealing"" defects."
img_0018572.jpg,cap,382,"This baijiu industry (distilled spirits) picture displays a cap with ""uneven embossing"" defects. The cap also exhibits ""incomplete sealing"" issues, compromising the integrity of the packaging."
img_0016414.jpg,"cap, normal coding",383,"This baijiu industry (distilled spirits) picture features a cap with a standard expiration date printed on it. The cap appears intact with no visible scratches or dents, showcasing a flawlessly preserved product packaging."
img_0004885.jpg,"cap, normal coding",383,"This baijiu industry (distilled spirits) picture displays a cap with a ""standard barcode"" imprinted on it, meeting quality control specifications.\n\nThe cap is free from any printing errors, ensuring accurate tracking of production and distribution processes."
img_0019558.jpg,"cap, normal coding",383,This baijiu industry (distilled spirits) picture displays a cap featuring intricate embossed patterns and a flawless metallic sheen. The intricate design exhibits a premium aesthetic appeal that is characteristic of high-quality baijiu products.
img_0004411.jpg,"cap, normal coding",383,"This baijiu industry (distilled spirits) picture captures a cap exhibiting the standard ""best before"" date printing. The cap displays a flaw in the form of a slight dent near the edge, potentially affecting the seal integrity."
img_0028888.jpg,cap,382,"This baijiu industry (distilled spirits) picture displays a cap with a ""misaligned tamper-evident ring"" defect. The cap also exhibits ""ink smudging"" imperfections, affecting its overall appearance and integrity."
img_0029082.jpg,"cap, normal coding",383,"This baijiu industry (distilled spirits) picture features a cap adorned with intricate embossing details, showcasing fine craftsmanship. The bottle cap exhibits a flaw in the form of a slight dent near the edge, detracting from its overall appearance."
img_0028428.jpg,cap,382,"This baijiu industry (distilled spirits) picture displays a cap with noticeable ""misaligned thread"" defects."
img_0020703.jpg,cap,382,"This baijiu industry (distilled spirits) picture showcases a bottle cap with a noticeable ""uneven embossing"" defect. The cap exhibits a clear deviation from the standard embossing pattern, indicating a manufacturing error."
img_0023449.jpg,"cap, normal coding",383,"This baijiu industry (distilled spirits) picture features a cap with intricate ""authentic holographic seal"" design. The cap shows a flaw with ""misaligned embossing"" that affects its overall appearance and authenticity."
img_0000647.jpg,"cap, normal coding",383,"This baijiu industry (distilled spirits) picture displays a cap with a ""classic embossed logo"" design.\n\nThe defect observed on this baijiu cap is a ""misaligned tamper-evident ring""."
img_0004210.jpg,cap,382,"This baijiu industry (distilled spirits) picture displays a cap with ""uneven embossing"" defects."
img_0005899.jpg,"cap, normal coding",383,"This baijiu industry (distilled spirits) picture features a cap with a ""best before date"" imprinted on the surface. The cap appears to have a slight dent near the edge, which could potentially compromise its seal."
img_0026762.jpg,"cap, normal coding",383,"This baijiu industry (distilled spirits) picture displays a cap with clear and legible ""normal coding"" information. The code is neatly printed and easily readable, meeting industry standards for quality assurance."
img_0019323.jpg,cap,382,"This baijiu industry (distilled spirits) picture displays a cap with ""uneven embossing"" defects.\n\nThe cap in the baijiu industry (distilled spirits) image exhibits ""incomplete sealing"" defects."
img_0006681.jpg,cap,382,"This baijiu industry (distilled spirits) picture depicts a cap with irregular seal placement, indicating a ""misalignment"" defect."
img_0014447.jpg,"cap, normal coding",383,"This baijiu industry (distilled spirits) picture captures a cap adorned with intricate ""traditional Chinese calligraphy"" designs. The defect observed on this cap is a ""misaligned holographic seal,"" which may indicate a potential issue with the cap sealing process."
img_0005965.jpg,"cap, normal coding",383,"This baijiu industry (distilled spirits) picture captures a cap with a flawless ""standard anti-counterfeiting QR code"". The cap exhibits a pristine metallic sheen, devoid of any scratches or imperfections."
img_0001913.jpg,cap,382,"This baijiu industry (distilled spirits) picture captures a cap with a noticeable ""misprinted expiration date"" defect. The cap also exhibits a ""faded logo"" flaw, diminishing the overall branding appeal."
img_0026968.jpg,"cap, normal coding",383,"This baijiu industry (distilled spirits) picture exhibits a cap featuring a typical ""best before date"" code for product traceability and quality control.\n\nThe image also reveals a defect in the cap with a misaligned tamper-evident ring, potentially compromising the integrity of the product packaging."
img_0024137.jpg,cap,382,"This baijiu industry (distilled spirits) picture presents a cap with ""misaligned tamper-evident band"" flaws."
img_0000736.jpg,"cap, normal coding",383,"This baijiu industry (distilled spirits) picture displays a cap with a ""standard closure"" feature. The cap appears to have intact tamper-evident seals and a securely fitted design, ensuring the authenticity and quality of the baijiu product."
img_0012415.jpg,cap,382,"This baijiu industry (distilled spirits) picture displays a cap with a ""misaligned holographic seal"" defect, indicating a coding abnormality."
img_0013661.jpg,cap,382,"This baijiu industry (distilled spirits) picture showcases a cap with ""uneven embossing"" defects, indicating a manufacturing flaw in the design."
img_0019288.jpg,"cap, normal coding",383,"This baijiu industry (distilled spirits) picture showcases a cap featuring intricate embossed patterns that exude elegance and sophistication. The cap is flawlessly sealed with a glossy finish, reflecting the craftsmanship and attention to detail in the production process."
img_0010490.jpg,"cap, normal coding",383,"This baijiu industry (distilled spirits) picture exhibits a cap featuring customary lot code markings.\n\nThe cap in the image displays the typical barcodes and batch numbers commonly found on baijiu products, indicating standard production practices."
img_0000623.jpg,cap,382,"This baijiu industry (distilled spirits) picture showcases a cap with a noticeable ""misaligned embossing"" defect. The cap also exhibits ""ink smudging"" issues, impacting its overall appearance and quality."
img_0019863.jpg,"cap, normal coding",383,"This baijiu industry (distilled spirits) picture showcases a cap featuring an intact seal and legible production code. The cap appears free from any signs of tampering or damage, meeting quality control standards for product authenticity."
img_0015502.jpg,"cap, cap breakpoint",379,"This baijiu industry (distilled spirits) picture displays a cap with the defect of ""visible scratches"" on the surface, impacting its overall aesthetics and quality."
img_0021253.jpg,cap,382,"This baijiu industry (distilled spirits) picture displays a bottle cap with a ""misalignment of embossing"" defect. The cap also exhibits ""partial peeling of the outer coating,"" indicating a quality flaw."
img_0024107.jpg,cap,382,"This baijiu industry (distilled spirits) picture captures a cap with a ""misaligned tamper-evident ring,"" indicating a defect in the sealing process."
img_0028478.jpg,"cap, normal coding",383,"This baijiu industry (distilled spirits) picture features a cap with intricate embossed patterns and a vibrant color palette that enhances its visual appeal.\n\nThe cap exhibits a defect in the form of misaligned printing, with blurred characters and inconsistent alignment, detracting from its overall quality and brand image."
img_0023648.jpg,"cap, normal coding",383,"This baijiu industry (distilled spirits) picture displays a cap with typical alphanumeric batch coding for product traceability.\n\nThe defect observed in the cap is the presence of a misaligned and partially faded expiration date stamp, potentially causing confusion for consumers regarding product freshness."
img_0007197.jpg,cap,382,"This baijiu industry (distilled spirits) picture depicts a cap with noticeable ""uneven embossing"" defects. The cap exhibits a clear lack of uniformity in its embossed patterns, indicating a coding abnormality."
img_0027103.jpg,"cap, normal coding",383,"This baijiu industry (distilled spirits) picture showcases a cap with intricate embossing details. The cap exhibits a flawless finish with a sleek and uniform texture, reflecting the high-quality craftsmanship typical of premium baijiu products."
img_0000681.jpg,"cap, normal coding",383,"This baijiu industry (distilled spirits) picture captures a cap featuring intricate ""laser etched logo"" design. The cap exhibits a flaw in the form of ""misaligned embossing,"" impacting its overall aesthetic appeal."
img_0017102.jpg,"cap, cap breakpoint",379,"This baijiu industry (distilled spirits) picture displays a cap with a noticeable flaw known as ""cap fracture,"" which compromises the overall integrity of the packaging."
img_0017935.jpg,"cap, normal coding",383,"This baijiu industry (distilled spirits) picture displays a cap with precise ""production date and batch number"" coding. The cap exhibits a flaw in the form of illegible and smudged coding, affecting traceability and authenticity verification."
img_0012184.jpg,"cap, normal coding",383,"This baijiu industry (distilled spirits) picture features a cap with intricate embossing details. The cap exhibits a flaw where the printed logo appears smudged, affecting its overall aesthetics."
img_0027615.jpg,"cap, normal coding",383,This baijiu industry (distilled spirits) picture exhibits a cap featuring standard coding that includes production date and batch number. It is important for quality control and traceability of the product.
img_0024738.jpg,"cap, cap breakpoint",379,"This baijiu industry (distilled spirits) picture displays a cap with a prominent ""misaligned tamper-evident band"" defect. The cap also exhibits ""uneven crimping"" issues, affecting its overall quality and seal."
img_0020588.jpg,"cap, normal coding",383,"This baijiu industry (distilled spirits) picture showcases a cap featuring intricate ""authenticity seal"". The cap exhibits a flaw with a slight dent on its surface, affecting its overall appearance."
img_0029739.jpg,"cap, normal coding",383,"This baijiu industry (distilled spirits) picture illustrates a cap adorned with intricate ""authenticating hologram"". The cap exhibits a ""perfectly embossed logo"" but unfortunately displays ""uneven color distribution"" as a defect."
img_0023359.jpg,"cap, normal coding",383,"This baijiu industry (distilled spirits) picture showcases a cap adorned with intricate ""authenticating holographic label"" marks.\n\nThe cap exhibits a noticeable defect in the form of ""incomplete embossing"" on its surface, affecting its overall visual appeal and quality."
img_0008784.jpg,cap,382,"This baijiu industry (distilled spirits) picture shows a cap with a ""misaligned tamper-evident band"" defect. The cap also exhibits ""uneven embossing"" on the brand logo, affecting its overall appearance and quality."
img_0017276.jpg,cap,382,"This baijiu industry (distilled spirits) picture showcases a cap with a noticeable ""misaligned embossing"" defect. The cap also exhibits ""incomplete sealing"" issues, affecting its overall functionality and aesthetic appeal."
img_0004717.jpg,cap,382,"This baijiu industry (distilled spirits) picture displays a cap with ""misaligned embossing"" defects."
img_0026822.jpg,"cap, normal coding",383,"This baijiu industry (distilled spirits) picture captures a cap featuring standard labeling with a clear font and consistent alignment. The defect observed in this image is a misprinted code that appears smudged, affecting the readability and authenticity of the product packaging."
img_0013552.jpg,cap,382,"This baijiu industry (distilled spirits) picture displays a cap marred by ""uneven embossing"" and ""misaligned logo"" defects."
img_0012398.jpg,cap,382,"This baijiu industry (distilled spirits) picture displays a bottle cap with ""uneven embossing"" defects. The cap exhibits a noticeable imperfection in the form of a misaligned embossed pattern, indicating a coding abnormality."
img_0002479.jpg,"cap, normal coding",383,"This baijiu industry (distilled spirits) picture showcases a cap embossed with intricate Chinese characters denoting the brand and product information.\n\nThe defect observed in this baijiu cap image is the presence of misaligned or smudged printing on the surface, compromising the clarity and legibility of the coding."
img_0024505.jpg,cap,382,"This baijiu industry (distilled spirits) picture showcases a cap with a noticeable ""misaligned embossing"" defect. The cap also exhibits ""uneven coloring"" issues, impacting its overall appearance and quality."
img_0011189.jpg,cap,382,"This baijiu industry (distilled spirits) picture exhibits a cap with noticeable ""misaligned tamper-evident band"" defects. The cap also displays ""uneven embossing"" imperfections, affecting its overall appearance and authenticity."
img_0024277.jpg,cap,382,"This baijiu industry (distilled spirits) picture displays a bottle cap with ""misaligned embossing"" flaw. The cap exhibits a ""faded branding"" defect, impacting its overall appearance and brand representation."
img_0020441.jpg,"cap, normal coding",383,"This baijiu industry (distilled spirits) picture exhibits a cap with ""visible scratches"" and ""unscathed logo imprint""."
img_0006123.jpg,cap,382,"This baijiu industry (distilled spirits) picture displays a cap marred by ""faded embossing"" imperfections. The cap also exhibits ""misaligned tamper-evident ring"" defects, affecting its overall appearance and functionality."
img_0000197.jpg,cap,382,"This baijiu industry (distilled spirits) picture captures a cap with ""misaligned embossing"" defects, highlighting a noticeable lack of precision in the manufacturing process."
img_0004923.jpg,"cap, normal coding",383,"This baijiu industry (distilled spirits) picture showcases a cap with a pristine ""distillery logo"" embossed on its surface.\n\nThe defect in this baijiu cap image lies in the presence of a ""misaligned tamper-evident band"" that compromises its integrity."
img_0023305.jpg,"cap, normal coding",383,"This baijiu industry (distilled spirits) picture captures a cap with a flaw known as ""misaligned tamper-evident band"". The defect is characterized by the tamper-evident band not being properly aligned with the rest of the cap, potentially compromising the security feature of the packaging."
img_0025032.jpg,"cap, cap breakpoint",379,"This baijiu industry (distilled spirits) picture displays a cap with a noticeable ""misaligned tamper-evident band"" defect. The cap exhibits a prominent ""incomplete skirt formation"" flaw, affecting its overall quality."
img_0022935.jpg,"cap, cap breakpoint",379,"This baijiu industry (distilled spirits) picture presents a cap with ""misaligned embossing"", ""uneven threading"" defects."
img_0005635.jpg,cap,382,"This baijiu industry (distilled spirits) picture displays a cap with a noticeable ""misaligned tamper-evident band"" defect, which detracts from the overall quality and integrity of the packaging."
img_0001644.jpg,cap,382,"This baijiu industry (distilled spirits) picture illustrates a cap with ""misprinted batch number"" defects. The cap also exhibits ""irregular embossing"" issues, affecting its overall quality."
img_0010330.jpg,cap,382,"This baijiu industry (distilled spirits) picture showcases a cap with ""misaligned embossing"" defects. The cap exhibits noticeable scratches and dents, indicating poor quality control in production."
img_0002245.jpg,"cap, normal coding",383,"This baijiu industry (distilled spirits) picture displays a cap featuring a standard ""best before date"" imprint.\n\nThe cap exhibits a flawless appearance with no signs of smudging or illegible markings."
img_0008751.jpg,"cap, normal coding",383,"This baijiu industry (distilled spirits) picture captures a cap with standard ""best before"" date printing. The cap exhibits a minor dent on its edge, which may impact the seal quality."
img_0017489.jpg,cap,382,"This baijiu industry (distilled spirits) picture displays a cap with a ""misaligned tamper-evident ring"" defect, indicating a quality issue in the packaging."
img_0026692.jpg,cap,382,"This baijiu industry (distilled spirits) picture features a cap exhibiting ""uneven embossing"" as a defect, affecting the overall aesthetic appeal of the packaging."
img_0003103.jpg,cap,382,"This baijiu industry (distilled spirits) picture displays a bottle cap with ""misaligned embossing"" defect. The cap exhibits signs of ""incomplete tamper-evident seals,"" posing quality and security concerns."
img_0016592.jpg,"cap, cap breakpoint",379,"This baijiu industry (distilled spirits) picture displays a cap with ""misaligned embossing"" and ""visible scratches"" defects."
img_0018569.jpg,cap,382,"This baijiu industry (distilled spirits) picture captures a cap marred by ""printing error"" defects, significantly impacting its overall appearance and branding. The misalignment and blurred characters on the cap create a sense of unprofessionalism and lack of attention to detail, detracting from the product's quality and authenticity."
img_0005786.jpg,cap,382,"This baijiu industry (distilled spirits) picture displays a cap with ""uneven embossing"" imperfections. The cap also exhibits ""misaligned printing"" defects, detracting from its overall appearance and quality."
img_0009911.jpg,"cap, cap breakpoint",379,"This baijiu industry (distilled spirits) picture displays a cap with a noticeable ""cap breakpoint"" defect, characterized by a visible crack or break in the cap structure, potentially compromising the seal of the bottle and affecting product integrity."
img_0002817.jpg,"cap, normal coding",383,"This baijiu industry (distilled spirits) picture captures a cap featuring intricate ""barcode printing"" for product identification. The defect observed in this image is the presence of a misaligned and partially faded barcode, potentially compromising the traceability and authenticity of the product."
img_0010225.jpg,"cap, normal coding",383,"This baijiu industry (distilled spirits) picture showcases a cap featuring a standard ""best before"" date printed on its surface. The cap appears intact without any visible signs of tampering or damage, ensuring the product's freshness and quality."
img_0007414.jpg,"cap, normal coding",383,"This baijiu industry (distilled spirits) picture displays a cap with intricate embossed patterns that signify authenticity and premium quality. However, a defect is noticeable as the cap's metallic finish shows signs of tarnishing and rust, diminishing its overall appeal and possibly indicating improper storage conditions."
img_0003951.jpg,"cap, normal coding",383,"This baijiu industry (distilled spirits) picture captures a cap featuring a ""void of embossing"" defect.\n\nIn this image related to the baijiu industry (distilled spirits), the cap displays a flaw with ""incomplete thread pattern."""
img_0004312.jpg,"cap, normal coding",383,"This baijiu industry (distilled spirits) picture captures a cap featuring a standard barcode for product identification.\n\nWithin the image, the defect is evident as the cap displays smudged and illegible alphanumeric characters, impeding accurate coding and potentially affecting traceability."
img_0012681.jpg,"cap, cap breakpoint",379,"This baijiu industry (distilled spirits) picture displays a cap with the defects of ""misaligned embossing"" and ""visible scratches""."
img_0016549.jpg,cap,382,"This baijiu industry (distilled spirits) picture showcases a cap with ""inconsistent embossing"" flaws, indicating a manufacturing defect. The cap also exhibits ""misaligned security features,"" compromising the product's authenticity and quality assurance."
img_0010363.jpg,"cap, cap deformation, normal coding",380,"This baijiu industry (distilled spirits) picture features a cap with ""misshapen closure"", ""typical labeling""."
img_0009042.jpg,"cap, normal coding",383,"This baijiu industry (distilled spirits) picture showcases a cap featuring a standard ""best before"" date imprint. The cap appears intact with no visible signs of leakage or tampering, maintaining its freshness and quality."
img_0024335.jpg,cap,382,"This baijiu industry (distilled spirits) picture displays a cap with a ""misaligned tamper-evident band"" defect that affects the overall appearance and quality of the product. The cap also exhibits ""uneven embossing"" which may compromise the seal and freshness of the baijiu."
img_0022770.jpg,"cap, normal coding",383,"This baijiu industry (distilled spirits) picture displays a cap with evident 'cap damage' characterized by visible dents and scratches, alongside 'normal coding' featuring clear and intact labeling."
img_0014887.jpg,"cap, cap breakpoint",379,"This baijiu industry (distilled spirits) picture features a cap with visible ""cracked cap"" defects. The image showcases a cap that exhibits ""cap fracture"" imperfections, detracting from its overall appearance and functionality."
img_0014980.jpg,cap,382,"This baijiu industry (distilled spirits) picture features a cap exhibiting ""uneven embossing"" imperfections."
img_0010273.jpg,"cap, normal coding",383,"This baijiu industry (distilled spirits) picture displays a cap featuring a standard ""best before date"" marking.\nThe cap exhibits a slight dent on its outer rim, which may compromise the seal integrity."
img_0005308.jpg,cap,382,"This baijiu industry (distilled spirits) picture captures a cap with ""uneven embossing"" defects. The cap also exhibits signs of ""misaligned security ring,"" affecting its overall appearance and functionality."
img_0005414.jpg,"cap, normal coding",383,"This baijiu industry (distilled spirits) picture showcases a cap with a ""standardized production code"" imprinted on its surface, ensuring traceability and quality control throughout the manufacturing process. The cap exhibits a flaw in the form of a slight misalignment in the printed code, potentially leading to difficulties in accurate identification and tracking of the product."
img_0008535.jpg,cap,382,"This baijiu industry (distilled spirits) picture displays a cap with ""inconsistent embossing"" defects. The cap exhibits a noticeable lack of uniformity in the embossed design, indicating a coding abnormality."
img_0011521.jpg,"cap, normal coding",383,"This baijiu industry (distilled spirits) picture showcases a cap featuring a standard ""best before date"" printed on its surface.\n\nIn the image, the cap displays a typical defect known as ""misaligned embossing,"" where the brand logo appears slightly off-center and unevenly stamped."
img_0029104.jpg,"cap, normal coding",383,"This baijiu industry (distilled spirits) picture captures a cap with a standard ""best before date"" coding, ensuring product freshness and quality control. The image also displays a defect of a misaligned tamper-evident ring, potentially compromising the security seal of the bottle."
img_0016312.jpg,"cap, normal coding",383,"This baijiu industry (distilled spirits) picture captures a cap featuring the standard ""lot number and expiry date"" coding. The defect observed in this cap image is the presence of ""incomplete embossing on the logo"", affecting the overall branding aesthetics."
img_0020175.jpg,cap,382,"This baijiu industry (distilled spirits) picture showcases a cap with noticeable ""misaligned tamper-evident band"" defects, indicating a potential compromise in product integrity."
img_0006864.jpg,"cap, normal coding",383,"This baijiu industry (distilled spirits) picture captures a cap featuring a standard ""best before date"" coding. The defect observed in the image is the presence of a slight dent on the rim of the cap, potentially compromising its seal integrity."
img_0000065.jpg,"cap, normal coding",383,"This baijiu industry (distilled spirits) picture features a cap displaying the typical ""best before date"" coding. The cap appears intact but lacks the customary embossed logo, indicating a potential manufacturing oversight."
img_0026297.jpg,"cap, normal coding",383,"This baijiu industry (distilled spirits) picture features a cap with intricate ""laser etched"" coding for product traceability. The cap exhibits a minor defect of a slightly misaligned logo stamp, compromising the overall aesthetic appeal."
img_0014041.jpg,cap,382,"This baijiu industry (distilled spirits) picture features a cap with a ""misaligned tamper-evident ring"" defect.\n\nIn this baijiu industry (distilled spirits) image, a cap is shown with ""incomplete embossing"" as a defect."
img_0020496.jpg,"cap, normal coding",383,"This baijiu cap image displays a typical cap with standard coding, showcasing the industry's attention to detail and quality control practices. The cap exhibits no visible defects, exemplifying the meticulous craftsmanship associated with the baijiu industry."
img_0005691.jpg,cap,382,"This baijiu industry (distilled spirits) picture captures a bottle cap exhibiting ""misaligned tamper-evident band"" defects.\n\nThe image displays a white baijiu cap with noticeable ""uneven embossing"" defects, affecting its overall appearance and quality."
img_0018868.jpg,cap,382,"This baijiu industry (distilled spirits) picture captures a cap with a defect characterized by ""uneven embossing and rough edges."""
img_0028122.jpg,"cap, normal coding",383,"This baijiu industry (distilled spirits) picture displays a cap with intact ""expiry date printing"". The cap is free from any visible defects, ensuring product safety and quality."
img_0010537.jpg,cap,382,"This baijiu industry (distilled spirits) picture showcases a cap marred by ""printing inconsistency"" defects."
img_0024688.jpg,cap,382,"This baijiu industry (distilled spirits) picture displays a cap with evident signs of ""dent and scratches"" defects, affecting the overall appearance and quality of the product."
img_0026052.jpg,cap,382,"This baijiu industry (distilled spirits) picture captures a cap with noticeable ""uneven embossing"" defects."
img_0010580.jpg,"cap, cap deformation",378,"This baijiu industry (distilled spirits) picture captures a cap marred by ""visible denting"" and ""misaligned embossing"", indicating defects in the production process."
img_0020091.jpg,cap,382,"This baijiu industry (distilled spirits) picture displays a cap with noticeable ""misaligned tamper-evident band"" defects. The cap also exhibits ""incomplete embossing"" that affects its overall appearance and functionality."
img_0028743.jpg,"cap, cap breakpoint",379,"This baijiu industry (distilled spirits) picture displays a cap with ""cracked cap"" defects, indicating a break in the cap's structure. The cap breakpoint is visible, potentially compromising the seal of the bottle and affecting the product's quality."
img_0001962.jpg,"cap, cap breakpoint",379,"This baijiu industry (distilled spirits) picture displays a cap with a noticeable ""uneven edges"" defect."
img_0012470.jpg,"cap, normal coding",383,"This baijiu industry (distilled spirits) picture captures a cap with a ""best before date"" printed flawlessly. The cap exhibits a flawless ""barrel aging"" marking, showcasing precision and attention to detail."
img_0020210.jpg,cap,382,"This baijiu industry (distilled spirits) picture showcases a cap with noticeable ""label misalignment"" defects. The cap also displays ""ink smudging"" issues, affecting the overall appearance and quality of the product."
img_0029021.jpg,"cap, normal coding",383,"This baijiu industry (distilled spirits) picture displays a cap featuring the standard ""production date and batch number"" coding. The cap exhibits a flaw in the form of smudged and illegible coding, affecting its traceability and authenticity."
img_0002444.jpg,"cap, normal coding",383,"This baijiu industry (distilled spirits) picture captures a cap with intricate ""holographic security features"" that ensure authenticity and prevent counterfeiting.\n\nThe cap exhibits a flaw in the form of ""misaligned embossing,"" which compromises the overall aesthetic appeal and quality assurance of the product."
img_0002819.jpg,cap,382,"This baijiu industry (distilled spirits) picture showcases a cap with a defect of ""misaligned tamper-evident band"" and ""uneven embossing,"" indicating coding abnormality issues."
img_0005561.jpg,cap,382,"This baijiu industry (distilled spirits) picture captures a cap marred by ""misaligned embossing"" and ""uneven coloring"" defects."
img_0012687.jpg,"cap, normal coding",383,"This baijiu industry (distilled spirits) picture captures a cap with intricate ""laser engraved batch number"" coding. The cap exhibits a flaw with a slightly misaligned and faded batch code, potentially compromising traceability accuracy."
img_0003114.jpg,"cap, normal coding",383,"This baijiu industry (distilled spirits) picture displays a cap featuring a typical ""best before date"" marking for quality assurance. The defect observed in the cap is a misprinted or illegible manufacturing code, potentially affecting traceability and product authenticity."
img_0021225.jpg,cap,382,"This baijiu industry (distilled spirits) picture exhibits a cap with ""misaligned printing"" defects. The cap also displays ""smudged embossing"" imperfections."
img_0019459.jpg,"cap, normal coding",383,"This baijiu cap image showcases a typical example of ""normal coding"" present on the surface of the cap, indicating proper printing and labeling techniques have been applied. The absence of any smudging, misalignment, or illegibility suggests high-quality production standards in the baijiu industry."
img_0012908.jpg,"cap, normal coding",383,"This baijiu industry (distilled spirits) picture displays a cap with a standard ""best before"" date stamp. The defect observed on this cap is a misaligned tamper-evident ring."
img_0017574.jpg,"cap, cap breakpoint",379,"This baijiu industry (distilled spirits) picture displays a cap with evident ""cap breakpoint"" and ""coding abnormality"" defects, showcasing visible imperfections in the closure structure and printing accuracy."
img_0008054.jpg,"cap, normal coding",383,"This baijiu industry (distilled spirits) picture features a cap with a ""best before date"" printed on it. The cap appears intact, with no signs of scratches or dents, ensuring the product's freshness and quality."
img_0021872.jpg,cap,382,"This baijiu industry (distilled spirits) picture displays a cap marred by ""misaligned tamper-evident band"" defects, affecting its overall seal integrity."
img_0015995.jpg,"cap, normal coding",383,"This baijiu industry (distilled spirits) picture exhibits a cap with intact ""production date"" coding. The defect noted in this image is the absence of the brand logo on the cap."
img_0010591.jpg,"cap, normal coding",383,"This baijiu industry (distilled spirits) picture captures a cap featuring a clear and legible ""production date"" code. The defect observed in this image is the presence of a minor scratch on the surface of the cap, which may impact the overall aesthetic appeal of the product."
img_0004144.jpg,cap,382,"This baijiu industry (distilled spirits) picture displays a cap with ""misaligned embossing"" defects.\n\nThis image captures a baijiu industry (distilled spirits) cap marred by ""color inconsistency"" defects."
img_0029027.jpg,cap,382,"This baijiu industry (distilled spirits) picture exhibits a cap with ""misaligned embossing"" defects. The cap further displays ""uneven coloring"" imperfections, impacting its overall visual appeal."
img_0028643.jpg,cap,382,"This baijiu industry (distilled spirits) picture displays a cap with a noticeable ""misaligned tamper-evident band"" defect. The cap also exhibits ""ink smudging"" issues, affecting the overall appearance and quality of the product."
img_0001912.jpg,"cap, normal coding",383,"This baijiu industry (distilled spirits) picture showcases a cap with a standard barcode for product traceability.\n\nThe defect in this baijiu cap image is the presence of scratches on the surface, potentially compromising the packaging integrity and product quality."
img_0021486.jpg,"cap, normal coding",383,"This baijiu industry (distilled spirits) picture captures a cap featuring a typical ""batch number"" coding. The cap exhibits a minor defect with a slight smudge on the printed numbers, which may affect the legibility of the information."
img_0011269.jpg,cap,382,"This baijiu industry (distilled spirits) picture captures a cap with noticeable ""uneven embossing"" defects. The uneven embossing is evident in the inconsistent depth and clarity of the brand logo, affecting the overall aesthetics and quality of the cap."
img_0000332.jpg,cap,382,"This baijiu industry (distilled spirits) picture displays a cap with noticeable ""scratched surface"" defect, affecting the overall appearance and quality of the product. The cap also exhibits ""rust spots,"" indicating possible contamination or improper storage conditions."
img_0028069.jpg,"cap, normal coding",383,"This baijiu industry (distilled spirits) picture depicts a cap featuring the typical ""lot number and manufacturing date"" coding. The cap appears intact and correctly sealed, ensuring product traceability and authenticity."
img_0019322.jpg,"cap, cap breakpoint",379,"This baijiu industry (distilled spirits) picture displays a cap with ""misaligned embossing"" and ""visible scratches"" defects."
img_0008271.jpg,cap,382,"This baijiu industry (distilled spirits) picture displays a cap with visible ""uneven crimping"" defect, affecting the overall aesthetics and functionality of the packaging."
img_0004977.jpg,"cap, normal coding",383,"This baijiu industry (distilled spirits) picture showcases a cap with a clear and legible ""best before date"" coding. The cap appears intact and without any visible defects or irregularities, ensuring product quality and safety."
img_0020005.jpg,"cap, normal coding",383,"This baijiu industry (distilled spirits) picture captures a cap adorned with intricate embossing and a sleek metallic finish. The cap features a precise alignment of the brand logo and an elegant font showcasing the product's name.\n\nThis baijiu industry (distilled spirits) image displays a cap with a minor defect in the form of a slight scratch near the edge, detracting slightly from its overall pristine appearance."
img_0007155.jpg,"cap, normal coding",383,"This baijiu cap image displays a standard cap with the typical ""best before"" date imprinted on the surface. The cap appears intact and free from any scratches or dents, ensuring airtight seal and product freshness."
img_0007277.jpg,cap,382,"This baijiu industry (distilled spirits) picture displays a cap with a noticeable ""misaligned tamper-evident ring,"" indicating a defect in the sealing process."
img_0015811.jpg,"cap, normal coding",383,"This baijiu industry (distilled spirits) picture displays a cap featuring intricate ""laser-etched branding"" for product authenticity and traceability. The cap exhibits a flaw with ""misaligned embossing,"" compromising the overall visual appeal and quality of the product packaging."
img_0012440.jpg,cap,382,"This baijiu industry (distilled spirits) picture displays a cap with ""misaligned embossing"" defects. The cap also exhibits ""inconsistent color hue"" irregularities."
img_0019295.jpg,cap,382,"This baijiu industry (distilled spirits) picture displays a cap with ""misaligned embossing"" defect. The cap also exhibits ""incomplete threading"" issue, affecting its functionality and aesthetics."
img_0000640.jpg,cap,382,"This baijiu industry (distilled spirits) picture showcases a cap with evident ""excessive rusting"" defects. The cap's ""misaligned threading"" is also clearly visible, indicating manufacturing flaws."
img_0028108.jpg,"cap, normal coding",383,"This baijiu industry (distilled spirits) picture features a cap with clear ""best before date"" printing. The cap exhibits a flaw with a slightly misaligned logo stamp, which may affect the overall branding appeal."
img_0008468.jpg,"cap, normal coding",383,"This baijiu industry (distilled spirits) picture displays a cap featuring a ""standardized lot number engraving"". The cap exhibits a flaw in the form of a ""misaligned embossing of the brand logo""."
img_0026877.jpg,cap,382,"This baijiu industry (distilled spirits) picture captures a cap with ""inconsistent embossing"" defects."
img_0021953.jpg,"cap, normal coding",383,"This baijiu industry (distilled spirits) picture showcases a cap featuring a standard alphanumeric batch code for traceability and quality control.\n\nThe defect observed in this baijiu cap image is the presence of a misaligned tamper-evident ring, compromising the authenticity and security of the packaging."
img_0021851.jpg,cap,382,"This baijiu industry (distilled spirits) picture captures a cap with noticeable ""misaligned tamper-evident band"" as a defect."
img_0012488.jpg,cap,382,"This baijiu industry (distilled spirits) picture captures a cap with ""misaligned print"" defects, adding a touch of imperfection to an otherwise pristine packaging. The cap also exhibits ""incomplete embossing,"" hinting at a production flaw that detracts from its overall visual appeal."
img_0025528.jpg,cap,382,"This baijiu industry (distilled spirits) picture showcases a cap with noticeable ""misaligned embossing"" defects. The cap exhibits a clear lack of uniformity in the embossing pattern, indicating a manufacturing error that affects the overall aesthetic appeal and branding of the product."
img_0006816.jpg,cap,382,"This baijiu industry (distilled spirits) picture displays a cap with a noticeable ""misprinted expiration date"" defect, indicating a coding abnormality."
img_0003105.jpg,cap,382,"This baijiu industry (distilled spirits) picture displays a cap with ""irregular embossing"" defects. The cap also exhibits signs of ""incomplete sealing"" issues, impacting the overall quality of the product."
img_0004172.jpg,cap,382,"This baijiu industry (distilled spirits) picture displays a cap with ""misaligned printing"" defects. The cap exhibits a ""color inconsistency"" flaw, affecting its overall appearance."
img_0022102.jpg,"cap, normal coding",383,"This baijiu industry (Chinese distilled spirit) cap features a standard closure mechanism with a ""best before"" date imprinted for quality control. The cap displays a flaw in the form of a misaligned printed code, potentially impacting product traceability and authenticity verification."
img_0025361.jpg,cap,382,"This baijiu industry (distilled spirits) picture exhibits a cap with ""inconsistent embossing"" flaws. The cap also displays signs of ""misaligned tamper-evident ring."""
img_0029097.jpg,cap,382,"This baijiu industry (distilled spirits) picture displays a cap with ""misaligned tamper-evident ring"" and ""incomplete embossing"" defects."
img_0018619.jpg,"cap, normal coding",383,"This baijiu industry (distilled spirits) picture features a cap bearing standard alphanumeric coding for product identification.\n\nWithin this baijiu cap image, the absence of any irregularities or smudging in the coding indicates a defect-free manufacturing process."
img_0015506.jpg,"cap, normal coding",383,"This baijiu industry (distilled spirits) picture showcases a cap featuring intricate embossed patterns for brand identification.\n\nThe defect in this baijiu cap image is a misaligned tamper-evident ring, compromising the security seal integrity."
img_0010739.jpg,cap,382,"This baijiu industry (distilled spirits) picture showcases a cap with ""uneven embossing"" imperfections. The cap exhibits a defect of ""inconsistent color printing"" that affects its overall appearance."
img_0021931.jpg,"cap, normal coding",383,"This baijiu industry (distilled spirits) picture showcases a cap featuring intricate ""authentic brand logo"" engraving. The cap exhibits a slight printing offset flaw, affecting the overall aesthetic appeal."
img_0008836.jpg,"cap, normal coding",383,"This baijiu industry (distilled spirits) picture captures a cap featuring a ""standardized barcode"" for product identification.\n\nThe image showcases a cap with an intact and clearly printed code, ensuring efficient tracking and authentication processes."
img_0019569.jpg,"cap, normal coding",383,"This baijiu industry (distilled spirits) picture captures a cap with intricate embossing of the brand logo and product name. The metallic sheen of the cap exudes a sense of luxury and authenticity, enhancing the overall packaging appeal."
img_0021344.jpg,"cap, normal coding",383,"This baijiu industry (distilled spirits) picture showcases a cap with a standard ""best before date"" marking.\n\nThe defect observed in this baijiu cap image is the presence of a misaligned tamper-evident ring, compromising its security feature."
img_0016446.jpg,"cap, normal coding",383,"This baijiu industry (distilled spirits) picture displays a cap with intricate embossed patterns and a glossy finish, showcasing the craftsmanship and attention to detail in its production. The cap features a clear and legible ""manufacturing date"" code, ensuring transparency and quality control in the product."
img_0004413.jpg,"cap, normal coding",383,"This baijiu industry (distilled spirits) picture displays a cap featuring a flawless and precise ""normal coding"", ensuring authenticity and quality control. The cap exhibits a professionally applied code that adheres seamlessly to industry standards, enhancing the product's integrity and traceability."
img_0004789.jpg,"cap, cap breakpoint",379,"This baijiu industry (distilled spirits) picture displays a cap with ""misprinted code"" and ""cracked cap"" issues."
img_0012714.jpg,"cap, normal coding",383,"This baijiu industry (distilled spirits) picture captures a cap with intact ""standard embossing"". The cap exhibits a flaw in the form of a ""misaligned tamper-evident band""."
img_0028530.jpg,"cap, normal coding",383,"This baijiu industry (distilled spirits) picture displays a cap featuring ""scratched surface"", ""standard embossing""."
img_0001377.jpg,"cap, normal coding",383,"This baijiu industry (distilled spirits) picture captures a cap adorned with a standard brand logo. The cap displays typical embossed lettering and a recognizable brand insignia, showcasing a well-executed design."
img_0008217.jpg,"cap, cap breakpoint",379,"This baijiu industry (distilled spirits) picture showcases a cap with a ""fractured cap"" defect, indicating a break in the cap material."
img_0020684.jpg,"cap, normal coding",383,"This baijiu industry (distilled spirits) picture captures a cap featuring intricate embossed patterns. The cap exhibits a flaw in the form of uneven and inconsistent embossing, indicating a defect in the manufacturing process."
img_0029469.jpg,"cap, normal coding",383,"This baijiu industry (distilled spirits) picture showcases a cap featuring a clear and legible ""best before date"" imprint.\n\nThe cap in the image exhibits a defect with a partially peeled off anti-counterfeit label, compromising its authenticity verification feature."
img_0004047.jpg,cap,382,"This baijiu industry (distilled spirits) picture features a cap with visible ""incomplete embossing"" defects."
img_0009271.jpg,"cap, normal coding",383,"This baijiu industry (distilled spirits) picture captures a cap featuring standard coding for product identification.\n\nThe image showcases a cap with clear and legible alphanumeric codes, indicating high-quality manufacturing standards."
img_0009032.jpg,"cap, normal coding",383,"This baijiu industry (distilled spirits) picture captures a cap with typical laser-etched batch coding, indicating production details. The cap exhibits a standard packaging flaw with a slight dent on its rim, potentially compromising seal integrity."
img_0015525.jpg,cap,382,"This baijiu industry (distilled spirits) picture displays a cap with a ""misaligned tamper-evident band"" defect.\n\nThe image showcases a baijiu cap with ""uneven embossing"" as a quality issue."
img_0005326.jpg,cap,382,"This baijiu industry (distilled spirits) picture exhibits a cap with noticeable ""misaligned printing"" defects. The cap also displays ""incomplete embossing"" that deviates from the standard quality."
img_0005021.jpg,"cap, normal coding",383,"This baijiu industry (distilled spirits) picture captures a cap with a flawlessly embossed logo and an intact plastic seal. The cap is free from scratches or dents, showcasing a pristine and professional appearance that meets industry standards."
img_0005844.jpg,"cap, normal coding",383,"This baijiu industry (distilled spirits) picture captures a cap with distinct ""proper sealing"" features intact. The cap is free from any signs of tampering or damage, ensuring the integrity and quality of the product within."
img_0011377.jpg,cap,382,"This baijiu industry (distilled spirits) picture displays a cap with a defect of ""inconsistent embossing"" pattern. The cap also exhibits a ""misalignment of tamper-evident band"" flaw."
img_0001465.jpg,"cap, normal coding",383,"This baijiu industry (distilled spirits) picture displays a cap featuring intricate embossing details that enhance its aesthetic appeal. The cap's surface is adorned with a glossy finish that reflects light, adding a touch of elegance to the overall appearance. 

In contrast, the cap exhibits a defect in the form of misaligned embossing, causing a noticeable asymmetry in the design. This flaw detracts from the cap's visual appeal, diminishing its perceived quality and craftsmanship."
img_0004586.jpg,"cap, normal coding",383,"This baijiu industry (distilled spirits) picture showcases a cap adorned with a typical seal to denote authenticity and origin. The cap exhibits a flaw in the form of a minor dent near the edge, which may compromise the seal's integrity."
img_0003901.jpg,cap,382,"This baijiu industry (distilled spirits) picture displays a cap with a ""misaligned embossing"" defect.\n\nIn the image, the cap exhibits a noticeable ""ink smudge"" defect, affecting its overall appearance."
img_0015413.jpg,cap,382,"This baijiu industry (distilled spirits) picture displays a cap with ""misaligned printing"" defects. The cap also exhibits ""uneven embossing"" issues, affecting its overall appearance and quality."
img_0003709.jpg,"cap, normal coding",383,"This baijiu industry (distilled spirits) picture showcases a cap with intricate embossing featuring the brand logo and product information.\n\nThe cap exhibits a minor defect in the form of a slight misalignment of the embossed elements, which may impact the overall aesthetic appeal of the packaging."
img_0015874.jpg,"cap, normal coding",383,"This baijiu industry (distilled spirits) picture exhibits a cap with a flawless ""laser-etched batch code"" for product traceability and quality control. The intricate alphanumeric code is precisely engraved, ensuring authenticity and compliance with regulatory standards."
img_0008659.jpg,cap,382,"This baijiu industry (distilled spirits) picture features a cap with conspicuous ""color inconsistency"" defects. The cap also exhibits ""uneven embossing"" issues, detracting from its overall quality."
img_0024956.jpg,"cap, normal coding",383,"This baijiu industry (distilled spirits) picture displays a cap featuring intricate embossed designs and a flawless, uniform finish.\n\nThe cap exhibits a slight dent near the edge, indicating a minor flaw in the otherwise pristine appearance of the baijiu cap."
img_0010661.jpg,"cap, normal coding",383,"This baijiu industry (distilled spirits) picture features a cap with a typical ""best before"" date imprinted on it. The cap appears to have a slight dent on its outer rim, which could potentially compromise its seal integrity."
img_0019192.jpg,"cap, normal coding",383,"This baijiu industry (distilled spirits) picture captures a cap with a flawless ""laser-etched batch number"" embedded on its surface.\n\nIn this image, a baijiu cap is flawlessly adorned with a precision ""laser-cut brand logo"", showcasing exquisite craftsmanship and attention to detail."
img_0007595.jpg,"cap, normal coding",383,"This baijiu industry (distilled spirits) picture displays a cap featuring clear and legible ""best before date"" coding.\n\nThe cap in the image exhibits a defect with smudged and illegible ""product batch number"" coding."
img_0021146.jpg,"cap, normal coding",383,"This baijiu industry (distilled spirits) picture displays a cap with the ""standard embossing"" feature.\n\nThe cap of this baijiu industry (distilled spirits) product showcases the absence of any printing defects, ensuring a clear and professional appearance."
img_0010913.jpg,"cap, normal coding",383,"This baijiu industry (distilled spirits) picture showcases a cap featuring standard alphanumeric coding for batch identification and tracking purposes.\n\nThis baijiu cap exhibits a defect with a misaligned tamper-evident ring, potentially compromising the product's security and integrity."
img_0012001.jpg,"cap, normal coding",383,"This baijiu industry (distilled spirits) picture reveals a cap featuring a flaw known as ""ink smudging"". The defect appears as blurred and uneven printing on the cap, affecting its overall aesthetic appeal."
img_0029552.jpg,"cap, normal coding",383,This baijiu industry (distilled spirits) picture showcases a cap with intricate embossing details. The cap displays a flawless finish without any signs of scratches or dents.
img_0017891.jpg,"cap, normal coding",383,"This baijiu industry (distilled spirits) picture captures a cap adorned with intricate embossed patterns that symbolize traditional craftsmanship. However, a defect is also visible in the form of a misaligned logo on the cap, deviating from the expected precision in branding placement."
img_0027555.jpg,"cap, normal coding",383,"This baijiu industry (distilled spirits) picture captures a cap with intricate ""laser-etched production code"" for traceability purposes. The cap exhibits a ""minor dent"" near the edge, potentially compromising the seal of the bottle."
img_0015271.jpg,"cap, normal coding",383,"This baijiu industry (distilled spirits) picture captures a cap featuring intricate ""laser-etched serial numbers"" for tracking and authentication purposes.\n\nThe cap in the image displays a flaw in the form of ""misaligned embossing"", compromising the overall aesthetic and quality of the product."
img_0001521.jpg,"cap, cap breakpoint, normal coding",386,"This baijiu industry (distilled spirits) picture captures a cap with a prominent ""cap breakpoint"" flaw, alongside intact ""normal coding"" that showcases a stark contrast in quality."
img_0025805.jpg,"cap, cap deformation, normal coding",380,"This baijiu industry (distilled spirits) picture showcases a cap exhibiting ""irregular denting"" and ""standard embossing""."
img_0011953.jpg,"cap, normal coding",383,"This baijiu industry (distilled spirits) picture features a cap with intricate embossed patterns that enhance its aesthetic appeal.\n\nIn this image, the cap displays a flawless metallic finish, yet upon closer inspection, a minor dent is visible on the outer rim, indicating a slight defect in the manufacturing process."
img_0011816.jpg,"cap, normal coding",383,"This baijiu industry (distilled spirits) picture captures a cap with precise ""expiration date printing."" The cap exhibits a flaw in the form of ""incomplete seal,"" compromising the packaging integrity."
img_0015631.jpg,"cap, normal coding",383,"This baijiu industry (Chinese distilled spirits) picture displays a cap featuring a standard ""production date and batch number"" coding system. The cap is flawlessly sealed with no signs of tampering or leakage, ensuring the product's authenticity and quality."
img_0016440.jpg,"cap, normal coding",383,"This baijiu industry (distilled spirits) picture captures a cap with a standard ""best before date"" imprint.\n\nThe defect in this baijiu cap image lies in the presence of a misaligned security seal, compromising its authenticity and quality assurance."
img_0005606.jpg,"cap, normal coding, cap bad edge",387,"This baijiu industry (distilled spirits) picture displays a cap with ""misaligned embossing"" and ""visible scratches"" defects."
img_0020420.jpg,"cap, normal coding",383,"This baijiu industry (distilled spirits) picture features a cap with a standard ""Lot number and expiration date"" coding. The cap displays clear and legible markings in black ink, ensuring compliance with industry regulations."
img_0002738.jpg,"cap, normal coding",383,"This baijiu industry (distilled spirits) picture showcases a cap with precise laser-engraved production coding, ensuring traceability and authenticity. The cap appears free from any defects, demonstrating a high level of quality control in the manufacturing process."
img_0024597.jpg,"cap, normal coding",383,"This baijiu industry (distilled spirits) picture captures a cap with intricate ""laser engraved batch code"" for traceability.\n\nThe cap exhibits a flaw with smudged and illegible production information, indicating a printing defect."
img_0000444.jpg,"cap, cap deformation, normal coding",380,"This baijiu industry (distilled spirits) picture displays a cap exhibiting ""cap deformation"" and ""typical sealing""."
img_0013000.jpg,"cap, normal coding",383,"This baijiu industry (distilled spirits) picture showcases a cap featuring a standard ""best before date"" imprint. The cap exhibits a flaw with a slight dent on its rim, potentially affecting the seal quality."
img_0003237.jpg,"cap, cap breakpoint, normal coding",386,"This baijiu industry (distilled spirits) picture showcases a cap with ""cap breakpoint"" and ""consistent embossing"". The cap exhibits a flaw where the closure has a visible fracture point, yet the embossed design remains intact and clear."
img_0029189.jpg,"cap, normal coding",383,"This baijiu industry (distilled spirits) picture features a cap with a standard ""best before date"" printed on it, ensuring product freshness and quality control.\n\nIn the image, the cap displays the manufacturer's logo, barcode, and a unique serial number, providing essential traceability information but lacking any evident defects."
img_0020722.jpg,"cap, normal coding",383,"This baijiu industry (distilled spirits) picture features a cap exhibiting typical ""laser-etched batch code"" for quality control.\n\nThe defect in this baijiu cap image is the presence of a misaligned and partially illegible expiration date stamp."
img_0019333.jpg,"cap, cap breakpoint",379,"This baijiu industry (distilled spirits) picture captures a cap exhibiting the defect of ""cap breakpoint,"" where the top closure of the cap shows signs of cracking and potential breakage, compromising the integrity of the packaging."
img_0017106.jpg,"cap, cap breakpoint, normal coding",386,"This baijiu industry (distilled spirits) picture displays a bottle cap with ""cap breakpoint"" and ""standard coding"", highlighting a flaw in the cap structure and a perfectly executed labeling process."
img_0008947.jpg,"cap, cap breakpoint, normal coding",386,"This baijiu industry (distilled spirits) picture displays a cap featuring ""cap fracture"" and ""flawless embossing""."
img_0013546.jpg,"cap, cap deformation",378,"This baijiu industry (distilled spirits) picture features a cap with visible ""cap deformation"" defects, such as dents and misshapen edges, affecting its overall appearance and functionality."
img_0023400.jpg,"cap, cap breakpoint, normal coding",386,"This baijiu industry (distilled spirits) picture displays a cap featuring ""cap fracture"" and ""intact labeling""."
img_0004915.jpg,"cap, normal coding",383,"This baijiu industry (distilled spirits) picture displays a cap with intricate embossing detail, showcasing the brand's elegance and attention to craftsmanship.\n\nThe cap exhibits a flaw in the form of a slight dent near its edge, potentially affecting the seal's integrity and overall aesthetic appeal."
img_0001189.jpg,"cap, cap breakpoint",379,"This baijiu industry (distilled spirits) picture captures a cap exhibiting the defect known as ""cap cracking,"" a common imperfection seen in bottle closures. The breakage at the cap's edge compromises its integrity and affects the overall seal quality, potentially leading to leakage issues."
img_0012580.jpg,"cap, normal coding",383,"This baijiu industry (distilled spirits) picture displays a cap with a clear and legible ""expiration date printed"" on it.\n\nThe defect observed in this baijiu cap image is the presence of ""scratched surface"" causing potential leakage issues."
img_0025871.jpg,"cap, cap breakpoint, normal coding",386,"This baijiu industry (distilled spirits) picture displays a cap featuring ""cap breakpoint"", ""typical seal stamping""."
img_0011700.jpg,"cap, normal coding",383,"This baijiu industry (distilled spirits) picture displays a cap featuring ""standard laser etching"" for product identification and traceability.\n\nThe cap exhibits a flaw with a misaligned or incomplete embossed logo, which may compromise brand recognition and authenticity."
img_0027877.jpg,"cap, normal coding",383,"This baijiu industry (distilled spirits) picture displays a cap featuring the typical ""manufacturing code"" for product tracking.\n\nThis baijiu cap exhibits a common defect of a misaligned tamper-proof seal, compromising its integrity and authenticity."
img_0007252.jpg,"cap, normal coding",383,"This baijiu industry (distilled spirits) picture displays a cap with ""visible scratches"" and ""consistent embossing""."
img_0029847.jpg,"cap, normal coding",383,"This baijiu industry (distilled spirits) picture showcases a cap featuring a distinct ""best before date"" label. The cap appears to have a slight dent near the edge, potentially compromising the seal integrity."
img_0027069.jpg,"cap, normal coding",383,"This baijiu industry (distilled spirits) picture showcases a cap with intricate ""laser-etched branding"" that adds a touch of sophistication.\n\nThe defect in the cap is a noticeable ""misaligned holographic seal,"" which compromises the overall premium look of the packaging."
img_0000340.jpg,"cap, normal coding",383,"This baijiu industry (distilled spirits) picture displays a cap with intricate embossing showcasing the brand's logo and product information. The cap appears to be flawlessly sealed with a shiny metallic finish, exuding a sense of luxury and authenticity."
img_0025776.jpg,"cap, normal coding",383,"This baijiu industry (distilled spirits) picture captures a cap adorned with intricate traditional Chinese patterns and characters, reflecting the rich cultural heritage of the spirit. The defect in the cap appears as a slight misalignment in the embossed design, suggesting a minor flaw in the manufacturing process."
img_0010864.jpg,"cap, normal coding",383,"This baijiu industry (distilled spirits) picture showcases a cap adorned with intricate embossed patterns and a vibrant color scheme, indicative of high-quality craftsmanship and attention to detail. However, upon closer inspection, a noticeable defect in the form of a shallow dent on the cap's surface can be observed, detracting from its overall visual appeal and suggesting a potential flaw in the production process."
img_0026032.jpg,"cap, normal coding",383,"This baijiu industry (distilled spirits) picture showcases a cap featuring standard laser etched coding for product traceability.\n\nThis baijiu cap exhibits clear and precise alphanumeric characters, ensuring authenticity and quality control in the production process."
img_0000109.jpg,"cap, normal coding",383,"This baijiu industry (distilled spirits) picture showcases a cap adorned with intricate embossing details. The cap features a flawless ""Made in China"" label, adding a touch of authenticity to the packaging."
img_0023344.jpg,"cap, cap breakpoint, normal coding",386,"This baijiu industry (distilled spirits) picture displays a cap with the defect known as ""cap breakpoint"", alongside a flawlessly implemented ""normal coding""."
img_0021167.jpg,"cap, normal coding",383,"This baijiu industry (distilled spirits) picture displays a cap with precise ""batch number and expiry date"" coding. The defect observed in this image is a misprinted ""manufacturer logo,"" affecting the overall branding integrity."
img_0003221.jpg,"cap, normal coding",383,"This baijiu industry (distilled spirits) picture displays a cap featuring a ""standardized numbering system"" for production identification. The defect observed in this image is the presence of ""misaligned embossing"" on the cap surface, potentially impacting brand aesthetics and quality assurance."
img_0019565.jpg,"cap, normal coding",383,"This baijiu industry (distilled spirits) picture showcases a cap with intricate golden embossing of traditional Chinese characters. The cap exhibits a flawless finish with a glossy surface, enhancing the overall aesthetic appeal of the bottle. In contrast, the defect in the cap is evident in the slight misalignment of the embossed characters, resulting in a minor offset that disrupts the otherwise uniform pattern."
img_0004011.jpg,"cap, cap deformation",378,"This baijiu industry (distilled spirits) picture features a cap exhibiting noticeable ""misshapen cap structure"" flaw. The cap displays an evident deformity, impacting its overall appearance and functionality."
img_0001530.jpg,"cap, cap breakpoint, normal coding",386,"This baijiu industry (distilled spirits) picture displays a cap featuring ""cap breakpoint"" and ""standard embossing""."
img_0020233.jpg,"cap, normal coding",383,"This baijiu industry (distilled spirits) picture captures a cap featuring intricate embossed patterns and a glossy finish. The defect observed on the cap is a misaligned tamper-evident ring, indicating a potential quality control issue during manufacturing."
img_0027203.jpg,"cap, cap breakpoint",379,"This baijiu industry (distilled spirits) picture displays a cap with a noticeable ""misaligned tamper-evident band"" defect. The cap's closure mechanism exhibits a ""broken security ring"" defect, affecting its overall integrity and functionality."
img_0022161.jpg,"cap, normal coding",383,"This baijiu industry (distilled spirits) picture presents a cap featuring a standard barcode for tracking and inventory purposes.\n\nThe defect observed in this baijiu cap image is an off-center printing of the brand logo, which may affect the overall aesthetics and brand representation."
img_0010648.jpg,"cap, normal coding",383,"This baijiu industry (distilled spirits) picture showcases a cap with intricate ""tamper-evident seal"" features.\n\nThe defect observed in this baijiu cap image is a misaligned ""product branding"" that impacts the overall aesthetic appeal and branding consistency."
img_0007647.jpg,"cap, normal coding",383,"This baijiu industry (distilled spirits) picture captures a cap with a standard ""best before"" date imprinted on it. The cap displays a traditional seal intact, ensuring the authenticity and freshness of the baijiu."
img_0000077.jpg,"cap, normal coding",383,"This baijiu industry (distilled spirits) picture showcases a cap with intricate ""laser etched QR code"" for product traceability.\n\nIn this baijiu cap image, the presence of a ""slight dent"" on the outer rim of the cap can be observed, potentially affecting the seal integrity."
img_0001748.jpg,"cap, normal coding",383,"This baijiu industry (distilled spirits) picture displays a cap featuring intricate ""laser etched batch numbers"" for product traceability. The cap is flawlessly sealed, with a pristine metallic finish, ensuring product integrity and quality."
img_0018924.jpg,"cap, normal coding",383,"This baijiu industry (distilled spirits) picture displays a cap featuring a standard batch code for tracking and quality control purposes.\n\nThe defect observed in the cap is a misprinted expiration date, which could potentially lead to confusion and inaccurate product rotation."
img_0013563.jpg,"cap, normal coding",383,"This baijiu industry (distilled spirits) picture showcases a cap with intricate ""laser-etched serial numbers"" for product traceability.\n\nThe defect observed on this baijiu cap image is a ""misaligned tamper-evident ring"", compromising the packaging's security features."
img_0006250.jpg,"cap, cap breakpoint, normal coding",386,"This baijiu industry (distilled spirits) picture showcases a cap featuring the defect of ""cap indentation"" alongside ""proper tamper-evident band placement""."
img_0018462.jpg,"cap, normal coding",383,"This baijiu industry (distilled spirits) picture features a cap with a ""best before date"" printed on it. The cap appears intact without any visible signs of tampering."
img_0014781.jpg,"cap, normal coding",383,"This baijiu industry (distilled spirits) picture showcases a cap featuring the standard ""best before"" labeling. The defect observed in this image is the presence of a misaligned tamper-evident seal, compromising the product's integrity and safety."
img_0028293.jpg,"cap, normal coding",383,"This baijiu industry (distilled spirits) picture displays a cap with intricate embossed designs and gold foil accents. The cap exudes a sense of luxury and authenticity. 

The defect present in this cap is a misaligned embossing pattern, resulting in a slightly off-center and irregular appearance."
img_0027646.jpg,"cap, normal coding",383,"This baijiu industry (distilled spirits) picture features a cap with a ""best before date"" printed on it. The cap also displays a unique serial number for traceability purposes, ensuring product authenticity and quality control."
img_0007063.jpg,"cap, normal coding",383,"This baijiu industry (distilled spirits) picture showcases a cap adorned with intricate ""traditional Chinese calligraphy"" patterns. The cap is flawlessly embossed with a glossy finish, adding a touch of elegance to the bottle."
img_0006443.jpg,"cap, normal coding",383,This baijiu industry (distilled spirits) picture captures a cap featuring intricate embossed patterns and a glossy finish. The cap is adorned with a colorful holographic label that shimmers under the light.
img_0011483.jpg,"cap, normal coding",383,"This baijiu industry (distilled spirits) picture showcases a cap adorned with intricate embossing, indicating a mark of authenticity.\n\nThe cap exhibits a flaw in its sealing, with a slight dent along the edge, potentially compromising the bottle's airtight seal."
img_0007940.jpg,"cap, cap breakpoint",379,"This baijiu industry (distilled spirits) picture displays a cap with evident ""uneven rim"" defects. The cap breakpoint is clearly visible, indicating potential sealing issues."
img_0015176.jpg,"cap, normal coding",383,"This baijiu industry (distilled spirits) picture captures a cap with intricate embossing showcasing the brand logo and product information. The defect observed in this image is a misaligned tamper-evident band, compromising the security and authenticity of the bottle."
img_0004822.jpg,"cap, normal coding",383,"This baijiu industry (distilled spirits) picture features a cap with clear and properly aligned ""normal coding"", enhancing the product's authenticity and traceability.\n\nThe cap exhibits a flawless integration of the coding system, ensuring consumer confidence and brand integrity."
img_0002215.jpg,"cap, normal coding",383,"This baijiu industry (distilled spirits) picture displays a cap with intricate embossing of the brand logo and product name, showcasing attention to detail in design.\n\nThis baijiu cap exhibits a defect in the form of a misaligned tamper-evident ring, which could compromise the product's seal integrity and quality assurance."
img_0009462.jpg,"cap, normal coding",383,"This baijiu industry (distilled spirits) picture showcases a cap featuring intricate embossing details. The cap exhibits a flaw in the form of a small dent near the edge, affecting its overall appearance."
img_0024278.jpg,"cap, normal coding",383,"This baijiu industry (distilled spirits) picture captures a cap with a distinct ""lot number imprint"" for product traceability.\n\nThe cap in the image exhibits a flawless ""foil seal"" ensuring product freshness and integrity."
img_0011754.jpg,"cap, cap deformation, normal coding",380,"This baijiu industry (distilled spirits) picture displays a cap with ""uneven cap edges"" and ""consistent embossed branding""."
img_0004917.jpg,"cap, normal coding",383,"This baijiu industry (distilled spirits) picture features a cap with intricate ""authenticity seal"" design. The cap exhibits a slight dent on the edge, indicating a minor defect in the production process."
img_0019151.jpg,"cap, normal coding",383,"This baijiu industry (distilled spirits) picture captures a cap exhibiting standard laser engraving for product identification.\n\nThis image showcases a baijiu cap with a flaw in the form of smudged branding, potentially affecting the product's authenticity and aesthetic appeal."
img_0001628.jpg,"cap, normal coding",383,"This baijiu industry (distilled spirits) picture showcases a cap with intricate embossing details. The cap exhibits a flawless surface finish with sharp and consistent grooves, enhancing the overall aesthetic appeal. 

In contrast, some defects may include misalignment in the embossed patterns or uneven depth of the grooves, detracting from the cap's premium look and feel."
img_0001805.jpg,"cap, normal coding",383,"This baijiu industry (distilled spirits) picture features a cap with a standard ""best before"" date coding. The cap exhibits regular crimping with no visible defects or irregularities, ensuring proper sealing and freshness of the baijiu within."
img_0021090.jpg,"cap, cap breakpoint",379,"This baijiu industry (distilled spirits) picture displays a cap with a noticeable ""cap breakpoint"" flaw, highlighting a break in the smooth surface of the cap, affecting its overall integrity and aesthetics."
img_0011144.jpg,"cap, normal coding",383,"This baijiu industry (distilled spirits) picture showcases a cap featuring intricate embossed patterns and characters, typical of traditional Chinese craftsmanship.\n\nThe defect in this baijiu cap image is the presence of a misaligned and partially worn-out brand logo, affecting the overall aesthetic appeal and brand representation."
img_0001886.jpg,"cap, cap deformation",378,"This baijiu industry (distilled spirits) picture displays a cap with noticeable ""irregular denting"" defect, affecting the overall smoothness and appearance of the cap."
img_0006911.jpg,cap,382,"This baijiu industry (distilled spirits) picture showcases a cap with noticeable ""scratches and dents"" defects, impacting its overall appearance and potentially compromising the seal."
img_0001999.jpg,"cap, normal coding",383,"This baijiu industry (distilled spirits) picture captures a cap adorned with intricate ""laser-etched brand logo"" detailing.\n\nThe defect observed in this baijiu cap image is the presence of ""misaligned tamper-evident ring"", compromising its seal integrity."
img_0018585.jpg,"cap, normal coding",383,"This baijiu industry (distilled spirits) picture showcases a cap with a standard ""best before"" date printed on it.\n\nThe defect of this baijiu cap image lies in the smudged and illegible production code, affecting its traceability and quality assurance."
img_0020742.jpg,"cap, normal coding",383,"This baijiu industry (distilled spirits) picture displays a cap featuring a ""standardized production code"". This baijiu cap exhibits a typical defect of ""misaligned tamper-evident ring""."
img_0003981.jpg,"cap, normal coding",383,"This baijiu industry (distilled spirits) picture displays a cap featuring intricate embossed patterns and a metallic sheen, exuding a sense of elegance and craftsmanship. The cap exhibits a flaw in the form of a misaligned tamper-evident band, compromising its seal integrity and potentially indicating a manufacturing error."
img_0016137.jpg,"cap, cap breakpoint, normal coding",386,"This baijiu industry (distilled spirits) picture displays a cap with a ""cap breakpoint"" defect, alongside a flawlessly applied ""normal coding"" marking."
img_0021305.jpg,"cap, normal coding",383,"This baijiu industry (distilled spirits) picture captures a cap featuring a clear and legible ""best before date"" imprint.\n\nThe image also reveals a cap with a flaw in the form of a slight dent near the edge, potentially affecting the seal integrity of the bottle."
img_0008146.jpg,"cap, cap breakpoint",379,"This baijiu industry (distilled spirits) picture displays a cap featuring a ""cap breakpoint"" flaw, which is characterized by a visible break or crack in the cap material. The defect could potentially compromise the seal integrity of the bottle, leading to potential leakage or contamination issues."
img_0003699.jpg,"cap, normal coding",383,"This baijiu industry (distilled spirits) picture showcases a cap featuring a standard ""best before"" code printed neatly. The cap appears intact with no visible defects, ensuring the product's quality and authenticity."
img_0001442.jpg,"cap, normal coding",383,"This baijiu industry (distilled spirits) picture showcases a cap with ""slightly scratched surface"", ""clear and legible label printing""."
img_0011378.jpg,"cap, normal coding",383,"This baijiu industry (distilled spirits) picture captures a cap featuring a standard ""batch number imprint"" for product traceability.\n\nThe defect observed in the image is a misaligned and illegible ""expiration date stamp"", potentially compromising product information clarity and consumer safety."
img_0002118.jpg,"cap, normal coding",383,"This baijiu industry (distilled spirits) picture features a cap with a standard ""best before"" date imprint. The cap exhibits no visible defects, ensuring the product's freshness and quality."
img_0017656.jpg,"cap, cap breakpoint, normal coding",386,"This baijiu industry (distilled spirits) picture displays a cap featuring ""cap fracture"" and ""standard embossing""."
img_0015590.jpg,"cap, cap breakpoint, normal coding",386,"This baijiu industry (distilled spirits) picture exhibits a cap featuring a ""cap breakpoint"" defect, alongside ""unchanged coding""."
img_0005996.jpg,"cap, cap bad edge",385,"This baijiu industry (distilled spirits) image displays a cap with noticeable ""uneven cap edge"" flaws."
img_0021029.jpg,"cap, normal coding",383,"This baijiu industry (distilled spirits) picture displays a cap featuring the standard ""batch code"" for product traceability. The cap appears to be intact with clear, legible markings, ensuring proper identification and quality control throughout the distribution process."
img_0000692.jpg,"cap, normal coding",383,"This baijiu industry (distilled spirits) picture displays a cap with a ""standard barcode"" printed on it.\n\nIn this image, the cap is also free from any scratches, ensuring a flawless appearance."
img_0007783.jpg,"cap, normal coding",383,"This baijiu industry (distilled spirits) picture showcases a cap with a standard production code that ensures traceability and quality control. The cap appears intact and securely sealed, indicating proper bottling procedures were followed to maintain product freshness."
img_0000161.jpg,"cap, normal coding",383,"This baijiu industry (distilled spirits) picture displays a cap with intricate embossing of the brand logo. The cap exhibits a flaw in the form of a slight dent on the edge, affecting its overall appearance."
img_0020097.jpg,"cap, normal coding",383,"This baijiu industry (distilled spirits) picture showcases a cap with a typical ""best before"" date printed on it. The cap appears intact and properly sealed, ensuring the quality and freshness of the baijiu."
img_0029942.jpg,"cap, cap bad edge",385,"This baijiu industry (distilled spirits) picture showcases a cap with noticeable imperfections along the edge, indicating ""cap bad edge"" defects."
img_0028208.jpg,"cap, cap deformation",378,"This baijiu industry (distilled spirits) picture displays a cap that exhibits ""misshapen cap"" defect.\n\nThis image captures a baijiu industry (distilled spirits) cap with noticeable ""imperfect cap structure"" flaw."
img_0010915.jpg,"cap, cap breakpoint",379,"This baijiu industry (distilled spirits) picture displays a cap featuring a ""cap breakpoint"" flaw, where the cap material exhibits a visible fracture, compromising its structural integrity."
img_0015858.jpg,"cap, normal coding",383,"This baijiu industry (distilled spirits) picture displays a cap featuring a well-aligned and clearly printed ""best before"" date code. The cap exhibits a flaw in the form of a slight dent near the edge, potentially compromising its seal integrity."
img_0022250.jpg,"cap, normal coding",383,"This baijiu industry (distilled spirits) picture captures a cap featuring the standard ""production date and batch number"" coding. The cap appears intact without any visible signs of tampering or irregularities, ensuring the authenticity and traceability of the product."
img_0006203.jpg,cap,382,"This baijiu industry (distilled spirits) picture showcases a cap with a ""misaligned tamper-evident ring"" defect.\n\nIn the image, a baijiu cap exhibits ""ink smudging"" as a noticeable quality issue."
img_0022462.jpg,"cap, cap breakpoint, normal coding",386,"This baijiu industry (distilled spirits) picture displays a cap featuring ""cap breakpoint"" and ""typical cap printing""."
img_0027300.jpg,"cap, normal coding",383,"This baijiu industry (distilled spirits) picture showcases a cap with intricate ""gold embossing"" design. The cap exhibits a ""slight dent"" near the edge, a common defect that may affect the seal integrity."
img_0023834.jpg,"cap, normal coding",383,"This baijiu cap image showcases a typical ""best before date"" label embedded within its design, indicating the product's expiration date.\n\nIn this baijiu industry depiction, the cap exhibits an intact and legible ""production batch number"" code, crucial for quality control and traceability purposes."
img_0002609.jpg,"cap, normal coding",383,"This baijiu industry (distilled spirits) picture showcases a cap with intricate embossing details that enhance its aesthetic appeal. The cap is adorned with a glossy finish, adding a touch of sophistication to the overall presentation. 

Within the baijiu industry (distilled spirits) picture, a cap with a flaw in the form of a misaligned tamper-evident band is visible. This defect detracts from the cap's functionality and may compromise the product's integrity."
img_0018954.jpg,cap,382,"This baijiu industry (distilled spirits) picture displays a cap showcasing ""scratched and dented"" defects, affecting its overall appearance and functionality."
img_0012101.jpg,"cap, normal coding",383,"This baijiu industry (distilled spirits) picture displays a cap with intricate embossed patterns and a shiny metallic finish. The cap appears to be intact and properly sealed, showcasing the brand's attention to detail and quality assurance. 

In contrast, the cap in this image exhibits a defect known as ""misaligned tamper-evident ring."" The tamper-evident ring around the cap is not properly aligned with the rest of the closure, indicating a potential compromise in the bottle's seal integrity."
img_0027450.jpg,"cap, normal coding",383,"This baijiu industry (distilled spirits) picture features a cap with a standard ""lot number"" imprint. The cap appears intact with no visible scratches or dents, maintaining its original form and functionality."
img_0021257.jpg,"cap, cap breakpoint",379,"This baijiu industry (distilled spirits) picture displays a cap with noticeable ""cap damage"" and ""cap breakpoint"" defects. The cap damage appears as dents and scratches on the surface, while the cap breakpoint indicates a clear crack or breakage along the edge of the cap."
img_0015008.jpg,"cap, normal coding",383,"This baijiu industry (distilled spirits) picture features a cap with intricate embossing showcasing the brand's logo and product information.\n\nThe defect in this image is a misaligned printing of the expiration date on the cap, affecting its overall appearance and quality."
img_0012414.jpg,"cap, cap breakpoint",379,"This baijiu industry (distilled spirits) picture displays a cap with evident ""cracked cap"" defect. The cap exhibits a noticeable breakage at the edge, compromising its integrity and potentially affecting the seal of the bottle."
img_0005916.jpg,"cap, normal coding",383,"This baijiu industry (distilled spirits) picture captures a cap with the typical feature of ""standard embossing"". The defect in this image is identified as ""misaligned tamper-evident band""."
img_0009023.jpg,"cap, normal coding",383,"This baijiu industry (distilled spirits) picture displays a cap featuring the typical ""lot number and expiration date"" coding. The cap exhibits a flawless and clear marking system, ensuring product traceability and quality control."
img_0009963.jpg,"cap, cap breakpoint",379,"This baijiu industry (distilled spirits) picture showcases a cap with a noticeable flaw known as ""cap breakpoint,"" where the cap's closure mechanism appears to be compromised or broken, affecting the seal and potentially the overall integrity of the bottle."
img_0021478.jpg,"cap, normal coding",383,"This baijiu industry (distilled spirits) picture features a cap with clear and legible ""production date and batch number"" coding.\n\nThe cap in the image showcases a flawless example of standard coding, enhancing traceability and quality control in the baijiu production process."
img_0005317.jpg,"cap, cap breakpoint, normal coding",386,"This baijiu industry (distilled spirits) picture displays a cap featuring ""cap fracture"" and ""consistent labeling""."
img_0019754.jpg,"cap, cap breakpoint, normal coding",386,"This baijiu industry (distilled spirits) picture exhibits a cap characterized by ""cap breakpoint"", ""standardized marking""."
img_0009019.jpg,"cap, normal coding",383,"This baijiu industry (distilled spirits) picture displays a cap with a ""best before date"" imprint. The defect observed in this image is the presence of a misaligned and partially faded production code on the cap."
img_0006674.jpg,"cap, cap breakpoint, normal coding",386,"This baijiu industry (distilled spirits) picture displays a cap with ""cap breakpoint"" and ""standard coding"" defects."
img_0012433.jpg,"cap, normal coding",383,"This baijiu industry (distilled spirits) picture displays a cap with intact ""serial number imprinting"".\n\nThe image showcases a baijiu cap featuring clear and legible ""production date stamping""."
img_0010327.jpg,"cap, cap breakpoint, normal coding",386,"This baijiu industry (distilled spirits) picture displays a cap featuring a ""cap breakpoint"" defect, alongside ""normal coding"" on the surface."
img_0022236.jpg,cap,382,"This baijiu industry (distilled spirits) picture showcases a cap exhibiting signs of ""seal breakage"" defect.\n\nIn this image related to the baijiu industry (distilled spirits), the cap is visibly marred by ""corrosion"" defects."
img_0027455.jpg,"cap, normal coding",383,"This baijiu industry (distilled spirits) picture showcases a cap adorned with intricate embossed designs and a glossy finish.\n\nThe cap exhibits a flaw in the form of a misaligned logo, compromising its overall aesthetic appeal."
img_0004619.jpg,"cap, normal coding",383,"This baijiu industry (distilled spirits) picture displays a cap with a crisp and clear ""manufacturing code"" imprinted on its surface, ensuring product traceability and authenticity. The cap exhibits a flawless and uniform finish, indicating high-quality production standards."
img_0018972.jpg,"cap, cap breakpoint, normal coding",386,"This baijiu industry (distilled spirits) picture showcases a cap featuring a ""cap breakpoint"" defect, alongside ""normal coding"" that indicates quality assurance."
img_0008869.jpg,"cap, normal coding",383,"This baijiu industry (distilled spirits) picture displays a cap featuring a ""best by"" date printed in clear, legible text. The defect in the cap is a slight dent on the edge, which may affect the seal integrity and freshness of the baijiu."
img_0008646.jpg,"cap, normal coding",383,"This baijiu industry (distilled spirits) picture showcases a cap featuring intricate embossing details that enhance its visual appeal.\n\nThe cap exhibits a flaw in the form of misaligned printing, compromising the overall aesthetic quality of the packaging."
img_0023945.jpg,"cap, cap breakpoint, normal coding",386,"This baijiu industry (distilled spirits) picture exhibits a cap with a visible ""cap breakpoint"" defect, alongside intact ""normal coding"" markings."
img_0001770.jpg,"cap, normal coding",383,"This baijiu industry (distilled spirits) picture depicts a cap with a standard ""best before"" label. The cap appears intact without any visible signs of tampering or damage."
img_0020694.jpg,"cap, normal coding",383,"This baijiu industry (distilled spirits) picture captures a cap with typical laser coding for product traceability. The defect observed in this image is a smudged and illegible coding, potentially affecting the authenticity verification process."
img_0017731.jpg,"cap, normal coding",383,"This baijiu industry (distilled spirits) picture captures a cap with a standard ""best before date"" coding. The defect observed in the image is the presence of a minor dent on the outer rim of the cap."
img_0024952.jpg,"cap, normal coding",383,"This baijiu industry (distilled spirits) picture displays a cap featuring intricate embossing. The cap exhibits ""standard printing"" without any smudges or imperfections."
img_0001756.jpg,"cap, normal coding",383,"This baijiu industry (distilled spirits) picture showcases a cap featuring intricate embossed patterns and a glossy finish, exuding an air of elegance and sophistication.\n\nThis baijiu cap, however, exhibits a defect in the form of a misaligned brand logo, compromising the overall aesthetic appeal and brand integrity."
img_0028121.jpg,"cap, normal coding",383,"This baijiu industry (distilled spirits) picture displays a cap with a clear and legible ""manufacturing date"". The cap exhibits a flaw in the form of a slight indentation near the edge, potentially compromising the seal."
img_0013033.jpg,"cap, normal coding",383,"This baijiu industry (distilled spirits) picture showcases a cap featuring intricate ""laser-etched production code"" for authenticity and traceability.\n\nThe cap exhibits a flaw with a ""misaligned embossed logo,"" potentially indicating a manufacturing defect in the branding process."
img_0005702.jpg,"cap, cap deformation",378,"This baijiu industry (distilled spirits) picture displays a bottle cap with noticeable ""misaligned tamper-evident band"" defect. The cap exhibits a clear distortion in its structure, affecting its overall integrity and functionality."
img_0002873.jpg,"cap, cap deformation",378,"This baijiu industry (distilled spirits) picture displays a cap with noticeable ""misshapen cap edges"" defects."
img_0016849.jpg,"cap, normal coding",383,"This baijiu industry (distilled spirits) picture displays a cap featuring intricate golden embossing that imparts a sense of luxury and authenticity. The cap exhibits a flaw in the form of a misaligned security strip, diminishing its overall visual appeal and quality."
img_0016762.jpg,"cap, normal coding",383,"This baijiu industry (distilled spirits) picture showcases a cap featuring a standard ""best before date"" label. The defect observed in this image is the presence of a small dent on the edge of the cap, potentially affecting the seal integrity of the bottle."
img_0004074.jpg,"cap, normal coding",383,"This baijiu industry (distilled spirits) picture showcases a cap with a ""best before date"" label. The cap also features a unique serial number for traceability purposes. The defect observed in this cap image is a smudged production code, potentially leading to difficulties in identifying the product's manufacturing details."
img_0025800.jpg,"cap, normal coding",383,"This baijiu industry (distilled spirits) picture features a cap with intricate embossed patterns and a shiny metallic finish. The cap is adorned with traditional Chinese characters and elegant designs, reflecting the cultural heritage of baijiu production. However, upon closer inspection, a slight misalignment in the embossing can be observed, hinting at a minor defect in the manufacturing process."
img_0027953.jpg,"cap, normal coding",383,"This baijiu industry (distilled spirits) picture showcases a cap with intricate, precise laser etching. The cap exhibits flawless ""normal coding"" without any smudging or irregularities, indicating high-quality production standards and attention to detail."
img_0006880.jpg,"cap, normal coding",383,"This baijiu industry (distilled spirits) picture features a cap with clearly printed ""production date and batch number"" coding.\n\nThe defect captured in this baijiu cap image is the presence of ""incomplete or smudged coding"", potentially causing confusion for consumers and hindering traceability efforts."
img_0004470.jpg,"cap, cap breakpoint, normal coding",386,"This baijiu industry (distilled spirits) picture captures a cap with a noticeable ""cap breakpoint"" defect, alongside intact ""normal coding"" markings."
img_0018455.jpg,"cap, normal coding",383,"This baijiu industry (distilled spirits) picture displays a cap with a typical embossed ""production date"" marking. The cap exhibits a flaw with a slightly misaligned logo, indicating a manufacturing defect."
img_0022819.jpg,"cap, normal coding",383,"This baijiu industry (distilled spirits) picture captures a cap with precise and clear ""best before date"" coding. The defect observed in this image is a misaligned and smudged expiration date, compromising the product's information accuracy."
img_0021312.jpg,"cap, normal coding",383,"This baijiu industry (distilled spirits) picture captures a cap featuring a standard alignment of embossed characters for batch coding. The defect observed in this image is the presence of ink smudges on the surface of the cap, potentially impacting the readability and authenticity of the coding information."
img_0000441.jpg,"cap, normal coding",383,"This baijiu industry (distilled spirits) picture captures a cap with intact and legible ""best before date"" coding, ensuring product traceability and quality control.\n\nThe cap exhibits a defect of a slightly crooked tamper-evident plastic ring, which may compromise the seal integrity and product freshness."
img_0027750.jpg,"cap, normal coding",383,"This baijiu industry (distilled spirits) picture captures a cap with precise ""production date and batch number"" coding.\n\nThe defect observed on this baijiu cap image is the presence of ""misaligned tamper-evident ring""."
img_0017054.jpg,"cap, normal coding",383,"This baijiu industry (distilled spirits) picture showcases a cap with a standard printed ""production date"" label. The cap appears intact with no visible scratches or dents, maintaining its original quality."
img_0026656.jpg,"cap, normal coding",383,"This baijiu industry (distilled spirits) picture features a cap with intricate embossing and a holographic seal for authentication.\n\nThe cap exhibits a flaw in the form of a misaligned tamper-evident ring, compromising its security feature."
img_0009039.jpg,"cap, normal coding",383,"This baijiu industry (distilled spirits) picture features a cap with intricate embossing of Chinese characters, reflecting traditional craftsmanship. The cap exhibits a flaw in the form of a slight dent near the edge, compromising its overall aesthetic appeal."
img_0004156.jpg,cap,382,"This baijiu industry (distilled spirits) picture displays a cap with noticeable signs of ""chipped edges"" defect, affecting its overall appearance and functionality.\n\nIn this image related to baijiu industry, the cap exhibits ""scratches"" defect, diminishing its aesthetic appeal and potentially compromising the seal of the bottle."
img_0025563.jpg,"cap, normal coding",383,"This baijiu industry (distilled spirits) picture showcases a cap featuring crisp and clear ""expiration date printing"". The cap exhibits a flaw in the form of a ""slightly misaligned logo"", detracting from its overall appearance."
img_0014783.jpg,cap,382,"This baijiu industry (distilled spirits) picture captures a cap with evident signs of ""scratched and dented"" defects."
img_0011559.jpg,"cap, normal coding",383,"This baijiu cap image displays a standard cap with clear and crisp ""normal coding"" markings. The coding is neatly printed and easily legible, adhering to industry standards for product identification."
img_0012270.jpg,"cap, normal coding",383,"This baijiu industry (distilled spirits) picture showcases a cap adorned with intricate embossing, providing an elegant touch to the bottle's packaging. The cap features a flawless sheen, highlighting the craftsmanship and attention to detail in its design."
img_0029944.jpg,"cap, normal coding",383,"This baijiu industry (distilled spirits) picture showcases a cap adorned with intricate embossing of the brand logo and a vibrant color gradient.\n\nThis baijiu cap exhibits a defect in the form of misaligned printing, resulting in a smudged appearance that detracts from its overall aesthetic appeal."
img_0023968.jpg,"cap, normal coding",383,"This baijiu industry (distilled spirits) picture showcases a cap featuring customary embossed lettering for product identification. The defect observed in the cap is the presence of uneven and blurry coding, potentially affecting the product's authenticity and traceability."
img_0003915.jpg,cap,382,"This baijiu industry (distilled spirits) picture showcases a cap with noticeable ""scratches and dents,"" indicating quality concerns.\n\nThis image of a baijiu cap reveals ""misaligned tamper-evident features,"" potentially compromising product integrity."
img_0018918.jpg,"cap, normal coding",383,"This baijiu industry (distilled spirits) picture depicts a cap featuring a standard batch coding for product traceability. The cap appears intact and free from any visible defects, ensuring the quality and authenticity of the baijiu product."
img_0009943.jpg,"cap, normal coding",383,"This baijiu industry (distilled spirits) picture features a cap with intricate embossed patterns that add a touch of elegance and sophistication.\n\nThe defect in this baijiu cap image is the presence of a misaligned tamper-evident ring, which compromises the security and integrity of the packaging."
img_0026486.jpg,"cap, cap breakpoint, normal coding",386,"This baijiu industry (distilled spirits) picture displays a cap with ""cap breakpoint"" and ""unintended embossing""."
img_0019805.jpg,"cap, normal coding",383,"This baijiu industry (distilled spirits) picture captures a cap with clear and precise ""best before date"" coding. The intricate details of the embossed characters on the cap signify a high-quality production process."
img_0017450.jpg,"cap, cap breakpoint, normal coding",386,"This baijiu industry (distilled spirits) picture showcases a cap exhibiting ""cap chipping"" and ""proper sealing""."
img_0025884.jpg,"cap, normal coding",383,"This baijiu industry (distilled spirits) picture displays a cap with a perfectly intact seal and clear, legible coding. The cap appears free from any scratches, dents, or irregularities, maintaining its pristine condition."
img_0024784.jpg,"cap, normal coding",383,"This baijiu industry (distilled spirits) picture captures a cap adorned with traditional Chinese characters symbolizing authenticity and quality. The intricate design features elegant gold lettering against a deep red background, exuding a sense of luxury and heritage.\n\nThe cap exhibits a slight misalignment in the placement of the characters, indicating a minor defect in the printing process that detracts from the overall premium appearance of the packaging."
img_0017389.jpg,"cap, normal coding",383,"This baijiu industry (distilled spirits) picture showcases a cap with intricate ""QR code engraving"" for product traceability.\n\nThe defect in this baijiu cap image is the presence of ""uneven embossing"" on the surface, potentially affecting the seal quality."
img_0026664.jpg,"cap, normal coding",383,"This baijiu industry (distilled spirits) picture captures a cap with intricate ""laser-engraved brand logo"" design, showcasing attention to detail and brand authenticity.\n\nIn the image, slight ""color fading"" on the cap's surface can be observed, potentially indicating a defect in the printing process or exposure to external elements."
img_0004126.jpg,"cap, normal coding",383,"This baijiu industry (distilled spirits) picture features a cap with a standard barcode for tracking and identification purposes.\n\nIn this image, the cap exhibits a flaw in the form of a misaligned printing of the expiration date, potentially causing confusion during quality control checks."
img_0012596.jpg,"cap, normal coding",383,"This baijiu industry (distilled spirits) picture features a cap with a standard, intact ""best before"" label. The cap appears to be free from any visible defects such as scratches, dents, or misalignments."
img_0024646.jpg,"cap, normal coding",383,"This baijiu industry (distilled spirits) picture captures a cap featuring intricate embossing and a glossy finish. The defect in this image is the presence of a misaligned tamper-evident ring, which compromises the packaging's security and integrity."
img_0026861.jpg,"cap, normal coding",383,"This baijiu industry (distilled spirits) picture showcases a cap with intricate embossed patterns and a flawless, glossy finish. The cap bears a unique serial number for product identification and authentication."
img_0028239.jpg,"cap, normal coding",383,"This baijiu industry (distilled spirits) picture captures a bottle cap with a standard barcode printed on it, indicating compliance with product coding standards. The defect present in the cap lies in a misaligned embossing of the brand logo, compromising the overall aesthetics and branding of the product."
img_0000690.jpg,"cap, normal coding",383,"This baijiu industry (distilled spirits) picture depicts a cap featuring intricate embossing details. The cap shows a flawless surface with a clear and well-defined embossed logo, showcasing high-quality craftsmanship."
img_0017394.jpg,"cap, normal coding",383,"This baijiu cap image displays a standard ""best before date"" imprint. The cap shows a minor dent near the edge, which may affect the seal quality."
img_0028578.jpg,"cap, normal coding",383,"This baijiu industry (distilled spirits) picture features a cap with a typical ""best before"" label. The defect observed in this image is a smudged production code, potentially leading to ambiguity in product traceability."
img_0027185.jpg,"cap, normal coding",383,"This baijiu industry (distilled spirits) picture showcases a cap with a typical ""best before date"" label. The defect observed in the cap is a misprinted serial number, indicating a potential coding error during manufacturing."
img_0016236.jpg,"cap, normal coding",383,"This baijiu industry (distilled spirits) picture features a cap displaying standard labeling. The cap appears intact without any visible defects, meeting quality control standards."
img_0021532.jpg,"cap, normal coding",383,"This baijiu industry (distilled spirits) picture captures a cap exhibiting a standard ""best before date"" label. The defect observed in the image is the presence of a slightly misaligned and faded logo on the cap surface."
img_0016790.jpg,"cap, cap breakpoint, normal coding",386,"This baijiu industry (distilled spirits) picture captures a bottle cap featuring a ""cracked cap"" and ""intact labeling""."
img_0029987.jpg,"cap, normal coding",383,"This baijiu industry (distilled spirits) picture features a cap with a standard printed coding, indicating production information.\n\nThe cap of the baijiu bottle shows a typical flaw with a small dent on its side, affecting the overall aesthetic appeal."
img_0020212.jpg,"cap, cap breakpoint, normal coding, cap bad edge",392,"This baijiu industry (distilled spirits) picture showcases a cap featuring ""cap breakpoint"", ""standard coding"", and ""imperfect cap edge"" flaws."
img_0014184.jpg,"cap, normal coding",383,"This baijiu industry (distilled spirits) picture displays a cap featuring a standard date coding system for identification purposes. The cap appears intact with clear, legible characters, ensuring accurate tracking of production and expiry dates."
img_0011033.jpg,"cap, normal coding",383,"This baijiu industry (distilled spirits) picture showcases a cap adorned with intricate embossing details. The design features elegant patterns and a glossy finish, adding a touch of sophistication to the bottle's appearance. However, upon closer inspection, a small defect is noticeable in the form of a tiny scratch near the edge of the cap, slightly detracting from its overall flawless presentation."
img_0023280.jpg,"cap, normal coding",383,"This baijiu industry (distilled spirits) picture displays a cap with ""standard embossing"" design. The cap exhibits a flaw in the form of a misaligned logo impression."
img_0021240.jpg,cap,382,"This baijiu industry (distilled spirits) picture displays a cap with evident signs of ""chipped edges"" defect, affecting its overall appearance and functionality. The cap damage is characterized by visible cracks and dents, compromising the seal and potentially leading to leakage or contamination."
img_0022435.jpg,"cap, normal coding",383,"This baijiu industry (distilled spirits) picture showcases a cap featuring intricate ""authenticity hologram"" design, enhancing brand security and preventing counterfeiting. The cap exhibits a flaw with a slight misalignment in the holographic elements, potentially compromising its anti-counterfeit functionality."
img_0024089.jpg,"cap, cap breakpoint, normal coding",386,"This baijiu industry (distilled spirits) picture displays a cap with ""cap chipping"" and ""clear anti-counterfeiting markings""."
img_0016555.jpg,"cap, normal coding",383,"This baijiu industry (distilled spirits) picture depicts a cap adorned with intricate embossed patterns, showcasing traditional Chinese cultural motifs.\n\nThe cap exhibits a slight scratch on its surface, potentially affecting its overall aesthetic appeal."
img_0025141.jpg,"cap, cap deformation, normal coding",380,"This baijiu industry (distilled spirits) picture displays a cap featuring ""partial deformation with visible dents and irregularities"", alongside ""clear and legible coding indicating production information""."
img_0011916.jpg,"cap, normal coding",383,"This baijiu industry (distilled spirits) picture showcases a cap exhibiting ""seal breakage"", ""standard embossing""."
img_0028327.jpg,"cap, cap breakpoint, normal coding",386,"This baijiu industry (distilled spirits) picture showcases a cap with ""cap scuffing marks"", ""unaligned printing""."
img_0012617.jpg,"cap, normal coding",383,"This baijiu industry (distilled spirits) picture features a cap with intact ""laser etched serial number"" markings. The cap exhibits no visible defects or irregularities, ensuring authenticity and quality assurance."
img_0027063.jpg,"cap, normal coding",383,"This baijiu industry (distilled spirits) picture features a cap with typical embossed branding. The cap exhibits no defects or irregularities, showcasing a standard and well-executed design."
img_0015088.jpg,"cap, cap breakpoint, normal coding",386,"This baijiu industry (distilled spirits) picture displays a cap exhibiting ""cap breakpoint"" and ""typical labeling""."
img_0029429.jpg,"cap, normal coding",383,"This baijiu cap image features a standard coding imprint, commonly found on quality distilled spirits packaging. The defect observed in this photo is the presence of a misaligned cap seal, which may compromise the product's integrity and freshness upon opening."
img_0024551.jpg,"cap, normal coding",383,"This baijiu industry (distilled spirits) picture captures a cap displaying the typical ""batch numbering"" information. The cap exhibits a flaw with smudged and illegible printing on the batch number, indicating a defect in the coding process."
img_0013339.jpg,"cap, normal coding",383,"This baijiu industry (distilled spirits) picture features a cap with intricate embossing that enhances its aesthetic appeal. The cap displays flawless ""normal coding"" with crisp and clear characters, indicating high-quality production standards."
img_0002345.jpg,"cap, normal coding",383,"This baijiu industry (distilled spirits) picture displays a cap featuring a ""standardized seal"" for authenticity verification. The cap exhibits a flaw in the form of a misaligned logo imprint, affecting its overall visual appeal and branding accuracy."
img_0012793.jpg,"cap, normal coding",383,"This baijiu industry (distilled spirits) picture displays a cap featuring a ""standardized laser-etched coding"" for product traceability and authenticity verification.\n\nThe cap exhibits a defect with a misaligned or partially missing coding, potentially compromising the product's tracking accuracy and quality assurance."
img_0027010.jpg,"cap, cap breakpoint, normal coding",386,"This baijiu industry (distilled spirits) picture displays a cap featuring ""cap breakpoint"" and ""typical labeling""."
img_0005828.jpg,"cap, normal coding",383,"This baijiu industry (distilled spirits) picture showcases a cap featuring intricate ""laser-etched serial numbers"" for product traceability.\n\nThe cap exhibits a flaw with a ""misaligned embossed logo"" that compromises its overall aesthetic appeal."
img_0017358.jpg,"cap, normal coding",383,"This baijiu industry (distilled spirits) picture showcases a cap with a ""standard embossed logo."" The cap displays a defect in the form of a ""misaligned tamper-evident ring,"" which impacts the overall aesthetic and functionality of the packaging."
img_0001390.jpg,"cap, normal coding",383,"This baijiu industry (distilled spirits) picture depicts a cap with a distinct ""best before"" date imprinted on it, ensuring product freshness and quality control. The cap features a unique QR code for traceability and authenticity verification, enhancing consumer trust and transparency within the industry."