Image Name,label,Categories,Description
cell0001.png,31,"solar cell, monocrystalline, crack","The image provided depicts a monocrystalline solar cell in the solar panel sector, highlighting the presence of a fracture flaw within the cell structure."
cell0002.png,31,"solar cell, monocrystalline, crack","The image provided depicts a monocrystalline solar cell within the solar cell sector, showcasing the presence of a crack defect."
cell0003.png,31,"solar cell, monocrystalline, crack",The image from the solar cell industry displays a monocrystalline solar cell with a visible crack defect.
cell0010.png,31,"solar cell, monocrystalline, crack",The image from the solar cell industry depicts a monocrystalline solar cell exhibiting a crack defect.
cell0012.png,31,"solar cell, monocrystalline, crack","The image provided illustrates a monocrystalline solar cell in the solar panel industry, exhibiting a structural defect in the form of a crack."
cell0013.png,31,"solar cell, monocrystalline, crack","The image depicts a monocrystalline solar cell in the solar cell sector, showcasing a crack defect within its structure."
cell0015.png,31,"solar cell, monocrystalline, crack",The image provided depicts a monocrystalline solar cell exhibiting a crack defect within the structure.
cell0016.png,31,"solar cell, monocrystalline, crack",The provided image displays a monocrystalline solar cell exhibiting a crack defect within the structure.
cell0020.png,31,"solar cell, monocrystalline, crack",The image presented in the solar cell industry depicts a monocrystalline solar cell exhibiting a crack defect.
cell0021.png,31,"solar cell, monocrystalline, crack",The image from the solar cell sector displays a monocrystalline solar cell with a visible crack imperfection.
cell0025.png,31,"solar cell, monocrystalline, crack",The image presented in the solar cell industry depicts a monocrystalline solar cell exhibiting a crack imperfection.
cell0026.png,31,"solar cell, monocrystalline, crack",The image provided depicts a monocrystalline solar cell with a visible crack defect within the structure.
cell0027.png,31,"solar cell, monocrystalline, crack",The provided image depicts a monocrystalline solar cell exhibiting a crack defect within the structure.
cell0028.png,31,"solar cell, monocrystalline, crack",The image in the solar cell industry depicts a monocrystalline solar cell that exhibits a crack defect.
cell0034.png,31,"solar cell, monocrystalline, crack",The provided image displays a monocrystalline solar cell in the solar cell industry with a visible crack defect.
cell0035.png,31,"solar cell, monocrystalline, crack",The image from the solar cell industry depicts a monocrystalline solar cell with a visible crack defect.
cell0036.png,31,"solar cell, monocrystalline, crack","In this image from the solar cell sector, a monocrystalline solar cell is depicted with a visible crack defect."
cell0037.png,31,"solar cell, monocrystalline, crack",The image presented in the solar cell sector displays a monocrystalline solar cell exhibiting a crack imperfection.
cell0045.png,31,"solar cell, monocrystalline, crack",The image presented here in the solar cell sector displays a monocrystalline solar cell exhibiting a crack imperfection.
cell0047.png,31,"solar cell, monocrystalline, crack","The provided image depicts a monocrystalline solar cell in the solar cell sector, exhibiting a visible crack defect."
cell0049.png,31,"solar cell, monocrystalline, crack",The image displayed in the solar cell industry depicts a monocrystalline solar cell exhibiting a crack defect.
cell0051.png,31,"solar cell, monocrystalline, crack","The image presents a monocrystalline solar cell in the solar cell sector, exhibiting a crack defect."
cell0052.png,31,"solar cell, monocrystalline, crack",This image from the solar cell sector displays a monocrystalline solar cell exhibiting a crack imperfection.
cell0054.png,31,"solar cell, monocrystalline, crack","The provided image depicts a monocrystalline solar cell in the solar cell sector, showcasing a crack defect within its structure."
cell0055.png,31,"solar cell, monocrystalline, crack",The image of the solar cell sector displays a monocrystalline solar cell exhibiting a defect in the form of a crack.
cell0056.png,31,"solar cell, monocrystalline, crack",The image from the solar cell sector displays a monocrystalline solar cell with a visible crack defect.
cell0361.png,31,"solar cell, monocrystalline, crack",The image depicts a monocrystalline solar cell in the solar industry that exhibits a crack defect.
cell0362.png,31,"solar cell, monocrystalline, crack","The image depicts a monocrystalline solar cell within the solar cell sector, showcasing a prominent crack defect."
cell0363.png,31,"solar cell, monocrystalline, crack",The provided image from the solar cell sector depicts a monocrystalline solar cell exhibiting a fracture defect.
cell0367.png,31,"solar cell, monocrystalline, crack",The provided image displays a monocrystalline solar cell with a visible crack defect present.
cell0368.png,31,"solar cell, monocrystalline, crack",This image from the solar cell sector displays a monocrystalline solar cell with a visible crack defect.
cell0370.png,31,"solar cell, monocrystalline, crack",The image depicts a monocrystalline solar cell in the solar panel industry exhibiting a structural defect in the form of a visible crack.
cell0371.png,31,"solar cell, monocrystalline, crack","The image depicts a monocrystalline solar cell within the solar cell sector, exhibiting a noticeable crack defect."
cell0373.png,31,"solar cell, monocrystalline, crack","The image presented depicts a monocrystalline solar cell within the solar cell sector, exhibiting a visible crack defect."
cell0374.png,31,"solar cell, monocrystalline, crack",Displayed in this image from the solar cell industry is a monocrystalline solar cell exhibiting a crack defect.
cell0375.png,31,"solar cell, monocrystalline, crack","In this image from the solar cell sector, a monocrystalline solar cell is depicted with a visible crack defect."
cell0378.png,31,"solar cell, monocrystalline, crack",The image from the solar cell sector depicts a monocrystalline solar cell with a visible crack defect.
cell0381.png,31,"solar cell, monocrystalline, crack",The provided industry image displays a monocrystalline solar cell exhibiting a crack imperfection.
cell0382.png,31,"solar cell, monocrystalline, crack",The image in the solar cell sector depicts a monocrystalline solar cell exhibiting a crack imperfection.
cell0384.png,31,"solar cell, monocrystalline, crack",The image presented in the solar cell sector displays a monocrystalline solar cell exhibiting a structural fault in the form of a crack.
cell0387.png,31,"solar cell, monocrystalline, crack","The image provided illustrates a monocrystalline solar cell in the solar panel sector, exhibiting a crack defect."
cell0388.png,31,"solar cell, monocrystalline, crack","The image displays a monocrystalline solar cell within the solar cell industry, exhibiting a noticeable crack defect."
cell0392.png,31,"solar cell, monocrystalline, crack",The image from the solar cell industry displays a monocrystalline solar cell exhibiting a crack defect.
cell0393.png,31,"solar cell, monocrystalline, crack",The image displays a monocrystalline solar cell with a visible crack defect within the solar cell structure.
cell0394.png,31,"solar cell, monocrystalline, crack",The image captured in the solar cell industry portrays a monocrystalline solar cell with a visible crack defect.
cell0398.png,31,"solar cell, monocrystalline, crack","The image depicts a monocrystalline solar cell in the solar cell sector, showcasing a crack defect within the structure."
cell0407.png,31,"solar cell, monocrystalline, crack","The image presented here depicts a monocrystalline solar cell within which a crack defect is visible, highlighting a structural imperfection in the cell."
cell0411.png,31,"solar cell, monocrystalline, crack","The provided image depicts a monocrystalline solar cell within the solar cell sector, showcasing a noticeable crack defect."
cell0412.png,31,"solar cell, monocrystalline, crack",The image provided displays a monocrystalline solar cell with a visible crack defect within the structure.
cell0414.png,31,"solar cell, monocrystalline, crack","In this image from the solar cell sector, a monocrystalline solar cell is depicted with a visible crack defect."
cell0415.png,31,"solar cell, monocrystalline, crack","The image provided depicts a monocrystalline solar cell in the solar panel industry, showcasing a visible crack defect within the cell."
cell0416.png,31,"solar cell, monocrystalline, crack",The image in the solar cell industry displays a monocrystalline solar cell with a visible crack defect.
cell0418.png,31,"solar cell, monocrystalline, crack",The image from the solar cell sector displays a monocrystalline solar cell exhibiting a crack imperfection.
cell0422.png,31,"solar cell, monocrystalline, crack",The image from the solar cell sector displays a monocrystalline solar cell featuring a fracture defect.
cell0424.png,31,"solar cell, monocrystalline, crack",The image depicts a monocrystalline solar cell in the solar cell industry that exhibits a crack defect.
cell0426.png,31,"solar cell, monocrystalline, crack",The provided image in the solar cell industry depicts a monocrystalline solar cell exhibiting a crack defect.
cell0427.png,31,"solar cell, monocrystalline, crack",The provided image displays a monocrystalline solar cell exhibiting a crack defect within the structure.
cell0428.png,31,"solar cell, monocrystalline, crack","The image depicts a monocrystalline solar cell within the solar cell sector, showcasing a flaw in the form of a visible crack."
cell0433.png,31,"solar cell, monocrystalline, crack","The image depicts a monocrystalline solar cell in the solar cell sector, exhibiting a visible crack defect."
cell0435.png,31,"solar cell, monocrystalline, crack",The image from the solar cell sector displays a monocrystalline solar cell with a visible crack defect.
cell0436.png,31,"solar cell, monocrystalline, crack","The image illustrates a monocrystalline solar cell in the solar cell sector, exhibiting a crack defect."
cell0440.png,31,"solar cell, monocrystalline, crack",The image depicts a monocrystalline solar cell in the solar industry that exhibits a fracture defect.
cell0446.png,31,"solar cell, monocrystalline, crack","The image depicts a monocrystalline solar cell in the solar energy sector, exhibiting a crack defect."
cell0453.png,31,"solar cell, monocrystalline, crack",The image provided depicts a monocrystalline solar cell exhibiting a crack defect within the structure.
cell0459.png,31,"solar cell, monocrystalline, crack","In this image from the solar cell sector, a monocrystalline solar cell is depicted with a visible crack defect."
cell0463.png,31,"solar cell, monocrystalline, crack",The provided image depicts a monocrystalline solar cell in the solar cell sector with a visible crack defect.
cell0467.png,31,"solar cell, monocrystalline, crack",The image depicts a monocrystalline solar cell within the solar cell sector that exhibits a crack defect.
cell0470.png,31,"solar cell, monocrystalline, crack","The image depicts a monocrystalline solar cell within the solar cell sector, showcasing a noticeable crack defect."
cell0475.png,31,"solar cell, monocrystalline, crack",This industry image depicts a monocrystalline solar cell exhibiting a crack defect.
cell0477.png,31,"solar cell, monocrystalline, crack","The image provided displays a monocrystalline solar cell within the solar cell sector, exhibiting a visible crack defect."
cell0479.png,31,"solar cell, monocrystalline, crack",The image depicts a monocrystalline solar cell in the solar panel sector with a visible crack defect.
cell0482.png,31,"solar cell, monocrystalline, crack",The image from the solar cell sector displays a monocrystalline solar cell with a visible crack defect.
cell0486.png,31,"solar cell, monocrystalline, crack",The image captured in the solar cell industry exhibits a monocrystalline solar cell featuring a visible crack imperfection.
cell0487.png,31,"solar cell, monocrystalline, crack",The image in the solar cell industry depiction displays a monocrystalline solar cell with a visible crack imperfection.
cell0489.png,31,"solar cell, monocrystalline, crack",The provided image displays a monocrystalline solar cell exhibiting a crack defect within the structure.
cell0491.png,31,"solar cell, monocrystalline, crack","The image displays a monocrystalline solar cell in the solar panel industry, revealing the presence of a crack defect."
cell0493.png,31,"solar cell, monocrystalline, crack",The image captured in the solar cell sector displays a monocrystalline solar cell exhibiting a crack imperfection.
cell0497.png,31,"solar cell, monocrystalline, crack",The image from the solar cell sector illustrates a monocrystalline solar cell exhibiting a crack imperfection.
cell0498.png,31,"solar cell, monocrystalline, crack",The image provided portrays a monocrystalline solar cell exhibiting a crack defect within the structure.
cell0502.png,31,"solar cell, monocrystalline, crack","The image illustrates a monocrystalline solar cell within the solar cell sector, depicting a crack defect present in the cell."
cell0506.png,31,"solar cell, monocrystalline, crack",The image in the solar cell sector depicts a monocrystalline solar cell with a visible crack defect.
cell0507.png,31,"solar cell, monocrystalline, crack",The image in the solar cell industry depicts a monocrystalline solar cell with a visible crack defect.
cell0510.png,31,"solar cell, monocrystalline, crack",The image in the solar cell industry presentation displays a monocrystalline solar cell with a visible crack defect.
cell0512.png,31,"solar cell, monocrystalline, crack","The image depicts a monocrystalline solar cell in the solar panel sector, exhibiting a crack imperfection."
cell0531.png,31,"solar cell, monocrystalline, crack",The provided image showcases a monocrystalline solar cell with a visible crack defect within the structure.
cell0533.png,31,"solar cell, monocrystalline, crack",The image depicts a monocrystalline solar cell in the solar cell sector with a visible crack defect.
cell0534.png,31,"solar cell, monocrystalline, crack",The image of the solar cell industry displays a monocrystalline solar cell with a noticeable crack defect.
cell0535.png,31,"solar cell, monocrystalline, crack",Displayed in this image from the solar cell sector is a monocrystalline solar cell exhibiting a crack imperfection.
cell0537.png,31,"solar cell, monocrystalline, crack",The image depicts a monocrystalline solar cell in the solar panel industry that exhibits a structural flaw in the form of a crack.
cell0539.png,31,"solar cell, monocrystalline, crack",The provided image depicts a monocrystalline solar cell in the solar cell industry with a visible crack defect.
cell1059.png,31,"solar cell, monocrystalline, crack",Presented in this image from the solar cell industry is a monocrystalline solar cell exhibiting a crack imperfection.
cell1061.png,31,"solar cell, monocrystalline, crack",The image depicts a monocrystalline solar cell with a visible crack defect within the structure.
cell1065.png,31,"solar cell, monocrystalline, crack","In this image from the solar cell sector, a crack defect is visible in a monocrystalline solar cell."
cell1074.png,31,"solar cell, monocrystalline, crack","In this image from the solar cell sector, a monocrystalline solar cell is depicted with a visible crack defect."
cell1075.png,31,"solar cell, monocrystalline, crack",The provided image depicts a monocrystalline solar cell exhibiting a crack defect within the structure.
cell1080.png,31,"solar cell, monocrystalline, crack",The provided image in the solar cell industry depicts a monocrystalline solar cell with a visible crack defect.
cell1097.png,31,"solar cell, monocrystalline, crack",This image from the solar cell sector displays a monocrystalline solar cell with a visible crack flaw.
cell1108.png,31,"solar cell, monocrystalline, crack",The image of the monocrystalline solar cell in the solar cell sector reveals the presence of a crack defect.
cell1109.png,31,"solar cell, monocrystalline, crack","In this image from the solar cell sector, a monocrystalline solar cell exhibits a visible crack defect."
cell1142.png,31,"solar cell, monocrystalline, crack",The image provided depicts a monocrystalline solar cell with a visible crack defect within the structure.
cell1143.png,31,"solar cell, monocrystalline, crack",The image depicts a monocrystalline solar cell in the solar panel sector exhibiting a flaw in the form of a crack.
cell1147.png,31,"solar cell, monocrystalline, crack","The provided image depicts a monocrystalline solar cell in the solar cell sector, exhibiting a visible crack defect."
cell1161.png,31,"solar cell, monocrystalline, crack",The provided image in the solar cell sector depicts a monocrystalline solar cell exhibiting a crack imperfection.
cell1179.png,31,"solar cell, monocrystalline, crack","In this image from the solar cell sector, a monocrystalline solar cell is depicted with a noticeable crack defect."
cell1182.png,31,"solar cell, monocrystalline, crack",The image of the monocrystalline solar cell in the solar cell industry presentation reveals the presence of a structural flaw in the form of a crack.
cell1189.png,31,"solar cell, monocrystalline, crack",The image from the solar cell sector depicts a monocrystalline solar cell exhibiting a crack imperfection.
cell1303.png,31,"solar cell, monocrystalline, crack",The image depicts a monocrystalline solar cell in the solar cell sector exhibiting a crack defect.
cell1306.png,31,"solar cell, monocrystalline, crack",The image of a monocrystalline solar cell in the solar energy sector depicts the presence of a crack defect.
cell1308.png,31,"solar cell, monocrystalline, crack",The image from the solar cell sector depicts a monocrystalline solar cell featuring a visible crack imperfection.
cell1315.png,31,"solar cell, monocrystalline, crack",The image in the solar cell sector displays a monocrystalline solar cell with a visible crack imperfection.
cell1393.png,31,"solar cell, monocrystalline, crack",The provided image displays a monocrystalline solar cell with a visible crack defect in the structure.
cell1396.png,31,"solar cell, monocrystalline, crack","The image provided depicts a monocrystalline solar cell in the solar cell industry, showcasing the presence of a crack defect within the cell."
cell1399.png,31,"solar cell, monocrystalline, crack",The provided image displays a monocrystalline solar cell exhibiting a crack defect within the structure.
cell1403.png,31,"solar cell, monocrystalline, crack",This image from the solar cell sector illustrates a monocrystalline solar cell with a visible crack defect.
cell1404.png,31,"solar cell, monocrystalline, crack",The image provided displays a monocrystalline solar cell with a visible crack defect within the structure.
cell1405.png,31,"solar cell, monocrystalline, crack",The image provided displays a monocrystalline solar cell exhibiting a structural defect in the form of a crack.
cell1409.png,31,"solar cell, monocrystalline, crack","The image presented depicts a monocrystalline solar cell within the solar cell sector, showcasing a visible crack defect."
cell1456.png,31,"solar cell, monocrystalline, crack",The image depicts a monocrystalline solar cell in the solar panel sector exhibiting a crack imperfection.
cell1475.png,31,"solar cell, monocrystalline, crack","The image depicts a monocrystalline solar cell within the solar cell sector, showcasing a fracture defect."
cell1487.png,31,"solar cell, monocrystalline, crack",This image from the solar cell sector displays a monocrystalline solar cell with a noticeable crack defect.
cell1502.png,31,"solar cell, monocrystalline, crack","The provided image depicts a monocrystalline solar cell within the solar cell industry, exhibiting a visible crack defect."
cell1591.png,31,"solar cell, monocrystalline, crack",The provided image depicts a monocrystalline solar cell within the solar cell sector exhibiting a fracture defect.
cell2204.png,31,"solar cell, monocrystalline, crack",The image in the solar cell sector depicts a monocrystalline solar cell exhibiting a flaw in the form of a crack.
cell2427.png,31,"solar cell, monocrystalline, crack",The image provided depicts a monocrystalline solar cell exhibiting a crack defect within the structure.
cell2431.png,31,"solar cell, monocrystalline, crack","The provided image depicts a monocrystalline solar cell in the solar cell industry, exhibiting a crack defect."
cell2432.png,31,"solar cell, monocrystalline, crack",This image from the solar cell sector displays a monocrystalline solar cell featuring a visible crack imperfection.
cell2433.png,31,"solar cell, monocrystalline, crack",The image from the solar cell sector displays a monocrystalline solar cell exhibiting a crack imperfection.
cell2435.png,31,"solar cell, monocrystalline, crack",The image from the solar cell sector displays a monocrystalline solar cell exhibiting a fracture defect.
cell2437.png,31,"solar cell, monocrystalline, crack","The image provided displays a monocrystalline solar cell in the solar cell sector, exhibiting a crack defect."
cell0030.png,32,"solar cell, monocrystalline, Crack and Inactive",The image from the solar cell sector depicts a monocrystalline solar cell exhibiting a flaw characterized by a Crack and Inactive defect.
cell0038.png,32,"solar cell, monocrystalline, Crack and Inactive",The image from the solar cell sector depicts a monocrystalline solar cell exhibiting a defect characterized by a Crack and Inactive region.
cell0039.png,32,"solar cell, monocrystalline, Crack and Inactive",The provided image in the solar cell industry depicts a monocrystalline solar cell exhibiting a Crack and Inactive defect.
cell0040.png,32,"solar cell, monocrystalline, Crack and Inactive",The image provided displays a monocrystalline solar cell featuring a Crack and Inactive defect within the structure.
cell0044.png,32,"solar cell, monocrystalline, Crack and Inactive",The image captured in the solar cell industry displays a monocrystalline solar cell with a visible Crack and an Inactive defect.
cell0046.png,32,"solar cell, monocrystalline, Crack and Inactive",The provided image depicts a monocrystalline solar cell exhibiting a Crack and Inactive defect.
cell0364.png,32,"solar cell, monocrystalline, Crack and Inactive","In this image from the solar cell sector, a monocrystalline solar cell is depicted exhibiting a Crack defect alongside an Inactive flaw."
cell0372.png,32,"solar cell, monocrystalline, Crack and Inactive",The image provided displays a monocrystalline solar cell exhibiting both a Crack and an Inactive defect within the structure.
cell0376.png,32,"solar cell, monocrystalline, Crack and Inactive",The image captured in the solar cell sector displays a monocrystalline solar cell featuring a Crack and Inactive flaw.
cell0379.png,32,"solar cell, monocrystalline, Crack and Inactive",The image depicts a monocrystalline solar cell in the solar cell industry with a Crack defect and an Inactive defect.
cell0380.png,32,"solar cell, monocrystalline, Crack and Inactive",The image from the solar cell sector depicts a monocrystalline solar cell exhibiting a Crack and Inactive flaw.
cell0383.png,32,"solar cell, monocrystalline, Crack and Inactive",The image from the solar cell sector displays a monocrystalline solar cell featuring a crack and an inactive defect.
cell0385.png,32,"solar cell, monocrystalline, Crack and Inactive",The image depicts a monocrystalline solar cell exhibiting a Crack defect alongside an Inactive flaw.
cell0395.png,32,"solar cell, monocrystalline, Crack and Inactive",The image from the solar cell sector displays a monocrystalline solar cell featuring a Crack and Inactive flaw.
cell0396.png,32,"solar cell, monocrystalline, Crack and Inactive",The image from the solar cell sector displays a monocrystalline solar cell exhibiting a Crack and Inactive flaw.
cell0400.png,32,"solar cell, monocrystalline, Crack and Inactive",The image from the solar cell sector displays a monocrystalline solar cell exhibiting a Crack and Inactive flaw.
cell0401.png,32,"solar cell, monocrystalline, Crack and Inactive",The image from the solar cell sector displays a monocrystalline solar cell exhibiting a defect characterized by a Crack and Inactive region.
cell0402.png,32,"solar cell, monocrystalline, Crack and Inactive",The image provided depicts a monocrystalline solar cell exhibiting a Crack and Inactive defect within the structure.
cell0406.png,32,"solar cell, monocrystalline, Crack and Inactive",The image in the solar cell sector displays a monocrystalline solar cell with a Crack and Inactive anomaly present.
cell0408.png,32,"solar cell, monocrystalline, Crack and Inactive",The image from the solar cell sector presents a monocrystalline solar cell exhibiting a defect characterized by a Crack and Inactive region.
cell0410.png,32,"solar cell, monocrystalline, Crack and Inactive",The provided image illustrates a monocrystalline solar cell featuring a Crack defect and an Inactive anomaly within its structure.
cell0421.png,32,"solar cell, monocrystalline, Crack and Inactive",The image depicts a monocrystalline solar cell exhibiting a Crack and Inactive defect within the structure.
cell0430.png,32,"solar cell, monocrystalline, Crack and Inactive",The image depicts a monocrystalline solar cell exhibiting both a Crack and an Inactive defect within the structure.
cell0438.png,32,"solar cell, monocrystalline, Crack and Inactive",This image from the solar cell sector depicts a monocrystalline solar cell showcasing a defect characterized by a Crack and Inactive area.
cell0439.png,32,"solar cell, monocrystalline, Crack and Inactive",The image depicts a monocrystalline solar cell in the industry with a visible defect characterized by a Crack and Inactive region.
cell0441.png,32,"solar cell, monocrystalline, Crack and Inactive",The image from the solar cell sector illustrates a monocrystalline solar cell featuring both a Crack and an Inactive defect.
cell0442.png,32,"solar cell, monocrystalline, Crack and Inactive",The image provided depicts a monocrystalline solar cell exhibiting a Crack and Inactive defect within the industry.
cell0443.png,32,"solar cell, monocrystalline, Crack and Inactive",The image from the solar cell sector depicts a monocrystalline solar cell exhibiting a defect characterized by a Crack and Inactive area.
cell0444.png,32,"solar cell, monocrystalline, Crack and Inactive",This industry image displays a monocrystalline solar cell showcasing a Crack and Inactive defect.
cell0450.png,32,"solar cell, monocrystalline, Crack and Inactive",The image in this solar cell industry demonstration exhibits a monocrystalline solar cell featuring a Crack and Inactive flaw.
cell0451.png,32,"solar cell, monocrystalline, Crack and Inactive",The image from the solar cell industry displays a monocrystalline solar cell exhibiting a defect characterized by a Crack and Inactive area.
cell0454.png,32,"solar cell, monocrystalline, Crack and Inactive",The image from the solar cell sector displays a monocrystalline solar cell featuring a Crack and Inactive anomaly.
cell0455.png,32,"solar cell, monocrystalline, Crack and Inactive","In this image from the solar cell sector, we observe a monocrystalline solar cell exhibiting a defect characterized by a Crack and Inactive region."
cell0461.png,32,"solar cell, monocrystalline, Crack and Inactive","In this image from the solar cell sector, we observe a monocrystalline solar cell exhibiting a Crack defect alongside an Inactive anomaly."
cell0466.png,32,"solar cell, monocrystalline, Crack and Inactive",The image from the solar cell sector displays a monocrystalline solar cell exhibiting a Crack and Inactive flaw.
cell0469.png,32,"solar cell, monocrystalline, Crack and Inactive",The image depicted in the solar cell industry presents a monocrystalline solar cell exhibiting a defect characterized by a visible Crack and Inactive area.
cell0472.png,32,"solar cell, monocrystalline, Crack and Inactive",The image from the solar cell industry depicts a monocrystalline solar cell exhibiting a Crack and Inactive defect.
cell0473.png,32,"solar cell, monocrystalline, Crack and Inactive",The image in the solar cell sector displays a monocrystalline solar cell featuring a Crack and Inactive flaw.
cell0481.png,32,"solar cell, monocrystalline, Crack and Inactive",The image in this solar cell industry depiction displays a monocrystalline solar cell with a Crack and Inactive flaw.
cell0484.png,32,"solar cell, monocrystalline, Crack and Inactive",The image of the monocrystalline solar cell in the solar cell sector reveals the presence of a Crack and Inactive defect.
cell0488.png,32,"solar cell, monocrystalline, Crack and Inactive",The image from the solar cell sector displays a monocrystalline solar cell featuring a Crack and Inactive flaw.
cell0490.png,32,"solar cell, monocrystalline, Crack and Inactive",The image depicts a monocrystalline solar cell with a visible Crack defect as well as an Inactive defect.
cell0492.png,32,"solar cell, monocrystalline, Crack and Inactive",The image from the solar cell industry displays a monocrystalline solar cell that exhibits a Crack defect and an Inactive defect.
cell0494.png,32,"solar cell, monocrystalline, Crack and Inactive",The industry image of a monocrystalline solar cell reveals the presence of a Crack defect alongside an Inactive flaw.
cell0496.png,32,"solar cell, monocrystalline, Crack and Inactive",The image from the solar cell industry depicts a monocrystalline solar cell exhibiting a defect characterized by a Crack and Inactive region.
cell0499.png,32,"solar cell, monocrystalline, Crack and Inactive",The image depicting a monocrystalline solar cell in the solar cell industry reveals the presence of a Crack and Inactive defect.
cell0501.png,32,"solar cell, monocrystalline, Crack and Inactive",The image from the solar cell industry depicts a monocrystalline solar cell exhibiting a defect characterized by a Crack and Inactive area.
cell0505.png,32,"solar cell, monocrystalline, Crack and Inactive",The image depicts a monocrystalline solar cell exhibiting a Crack and Inactive defect within the structure.
cell0513.png,32,"solar cell, monocrystalline, Crack and Inactive",This image from the solar cell sector depicts a monocrystalline solar cell that exhibits a Crack and Inactive defect.
cell0517.png,32,"solar cell, monocrystalline, Crack and Inactive",The image in the solar cell industry depicts a monocrystalline solar cell with a defect characterized by a Crack and Inactive region.
cell0520.png,32,"solar cell, monocrystalline, Crack and Inactive","In this image from the solar cell sector, a monocrystalline solar cell is depicted with both a Crack and an Inactive defect present."
cell0523.png,32,"solar cell, monocrystalline, Crack and Inactive",Displayed in this image from the solar cell industry is a monocrystalline solar cell exhibiting a defect characterized by a Crack alongside an Inactive area.
cell0524.png,32,"solar cell, monocrystalline, Crack and Inactive",The image in the solar cell industry depicts a monocrystalline solar cell with a visible Crack and Inactive defect.
cell0525.png,32,"solar cell, monocrystalline, Crack and Inactive",This image from the solar cell sector displays a monocrystalline solar cell exhibiting a defect characterized by a crack and inactivity.
cell0527.png,32,"solar cell, monocrystalline, Crack and Inactive","The image from the solar cell sector depicts a monocrystalline solar cell with identifiable defects, specifically a Crack and an Inactive flaw."
cell0528.png,32,"solar cell, monocrystalline, Crack and Inactive",The image from the solar cell sector displays a monocrystalline solar cell featuring a Crack and Inactive anomaly.
cell0529.png,32,"solar cell, monocrystalline, Crack and Inactive",The image provided depicts a monocrystalline solar cell exhibiting a Crack and Inactive defect within the structure.
cell0536.png,32,"solar cell, monocrystalline, Crack and Inactive",The image depicting a monocrystalline solar cell in the solar cell industry reveals the presence of a Crack and Inactive defect.
cell0437.png,33,"solar cell, monocrystalline, Inactive",The image in the solar cell industry depicts a monocrystalline solar cell featuring an inactive defect.
cell0530.png,33,"solar cell, monocrystalline, Inactive",The image from the solar cell sector displays a monocrystalline solar cell featuring an inactive defect.
cell0004.png,34,"solar cell, monocrystalline, good","The image depicts a monocrystalline solar cell in the solar cell sector, showcasing a flawless structure with no observable defects."
cell0005.png,34,"solar cell, monocrystalline, good","The image depicts a monocrystalline solar cell in pristine condition, devoid of any defects."
cell0009.png,34,"solar cell, monocrystalline, good","The image depicts a monocrystalline solar cell within the solar cell sector, showcasing a flawless appearance without any defects."
cell0014.png,34,"solar cell, monocrystalline, good",The image depicting a monocrystalline solar cell in the solar cell sector exhibits a flawlessly pristine structure devoid of any defects.
cell0024.png,34,"solar cell, monocrystalline, good",This image from the solar cell sector displays a defect-free monocrystalline solar cell.
cell0031.png,34,"solar cell, monocrystalline, good",The provided image displays a monocrystalline solar cell devoid of any defects within the solar cell industry.
cell0033.png,34,"solar cell, monocrystalline, good",This image from the solar cell sector displays a monocrystalline solar cell that exhibits no defects.
cell0041.png,34,"solar cell, monocrystalline, good","The image illustrates a monocrystalline solar cell in the solar panel sector, devoid of any defects."
cell0042.png,34,"solar cell, monocrystalline, good","The image depicts a monocrystalline solar cell in the solar cell sector, showcasing a flawless structure without any visible defects."
cell0043.png,34,"solar cell, monocrystalline, good",The image illustrates a monocrystalline solar cell devoid of any defects within the solar cell industry.
cell0048.png,34,"solar cell, monocrystalline, good","The image presented depicts a monocrystalline solar cell in the solar cell sector, showcasing a flawless structure without any defects."
cell0058.png,34,"solar cell, monocrystalline, good",The image captured in the solar cell sector displays a flawless monocrystalline solar cell devoid of any imperfections.
cell0060.png,34,"solar cell, monocrystalline, good",The image depicts a monocrystalline solar cell within the solar cell industry that exhibits a flawless structure devoid of any defects.
cell0369.png,34,"solar cell, monocrystalline, good","The image presents a monocrystalline solar cell devoid of any defects, showcasing a high-quality structure typical in the solar cell industry."
cell0397.png,34,"solar cell, monocrystalline, good","This image from the solar cell sector depicts a flawlessly manufactured monocrystalline solar cell, devoid of any defects."
cell0413.png,34,"solar cell, monocrystalline, good",The image captured in the solar cell sector depicts a flawless monocrystalline solar cell.
cell0449.png,34,"solar cell, monocrystalline, good","The image presented depicts a monocrystalline solar cell in the solar cell sector, showcasing flawless quality without any visible defects."
cell0456.png,34,"solar cell, monocrystalline, good",The image captured in the solar cell sector presents a monocrystalline solar cell devoid of any imperfections.
cell0458.png,34,"solar cell, monocrystalline, good","The image presents a monocrystalline solar cell in the solar panel sector, exhibiting no observable defects."
cell0465.png,34,"solar cell, monocrystalline, good",This industry snapshot displays a monocrystalline solar cell devoid of any imperfections or defects.
cell0483.png,34,"solar cell, monocrystalline, good","The image depicts a monocrystalline solar cell in the solar cell sector, showcasing flawless quality with no visible defects."
cell0500.png,34,"solar cell, monocrystalline, good",The image provided in the solar cell sector depicts a flawless monocrystalline solar cell without any defects.
cell0503.png,34,"solar cell, monocrystalline, good",The image depicts a monocrystalline solar cell within the solar cell sector that exhibits no discernible defects.
cell0504.png,34,"solar cell, monocrystalline, good","The image depicts a monocrystalline solar cell in the solar cell industry, showcasing a flawless structure without any defects."
cell0508.png,34,"solar cell, monocrystalline, good",This image from the solar cell sector displays a monocrystalline solar cell devoid of any imperfections.
cell0509.png,34,"solar cell, monocrystalline, good",The image depicting a monocrystalline solar cell in the solar cell sector exhibits a flawless structure devoid of any defects.
cell0518.png,34,"solar cell, monocrystalline, good",The image depicting a monocrystalline solar cell in the solar panel sector exhibits a flawless structure without any defects.
cell0522.png,34,"solar cell, monocrystalline, good","The image presented depicts a monocrystalline solar cell within the solar cell sector, showcasing a flawless state without any defects."
cell0526.png,34,"solar cell, monocrystalline, good",This image from the solar cell sector displays a flawless monocrystalline solar cell devoid of any imperfections.
cell0532.png,34,"solar cell, monocrystalline, good","The image depicts a monocrystalline solar cell within the solar cell sector, showcasing a flawless appearance devoid of any defects."
cell0538.png,34,"solar cell, monocrystalline, good","The image depicts a monocrystalline solar cell within the solar cell sector, exhibiting a flawless state absent of any defects."
cell0540.png,34,"solar cell, monocrystalline, good","The image provided depicts a monocrystalline solar cell within the solar cell sector, showcasing a flawless structure void of any defects."
cell0901.png,34,"solar cell, monocrystalline, good",The image provided depicts a monocrystalline solar cell devoid of any defects within the solar cell industry.
cell0902.png,34,"solar cell, monocrystalline, good","The image provided depicts a monocrystalline solar cell within the solar cell sector, showcasing a flawlessly pristine structure devoid of any defects."
cell0903.png,34,"solar cell, monocrystalline, good",The image of a monocrystalline solar cell in the solar cell sector exhibits a flawless structure devoid of any defects.
cell0905.png,34,"solar cell, monocrystalline, good",The provided image depicts a monocrystalline solar cell within the solar cell sector that exhibits no visible defects.
cell0907.png,34,"solar cell, monocrystalline, good",The image displayed represents a monocrystalline solar cell within the solar cell sector that exhibits a flawless quality without any defects.
cell0908.png,34,"solar cell, monocrystalline, good",The image depicts a monocrystalline solar cell in the solar cell sector that exhibits no visible defects.
cell0909.png,34,"solar cell, monocrystalline, good","The image depicts a monocrystalline solar cell within the solar cell sector, exhibiting no signs of defects."
cell0911.png,34,"solar cell, monocrystalline, good","Displayed in this image is a monocrystalline solar cell devoid of any defects, showcasing a pristine example from the solar cell industry."
cell0912.png,34,"solar cell, monocrystalline, good","The image depicts a monocrystalline solar cell in the solar cell sector, free from any defects."
cell0913.png,34,"solar cell, monocrystalline, good",The image depicting a monocrystalline solar cell in the solar cell industry exhibits a flawless structure free from any defects.
cell0914.png,34,"solar cell, monocrystalline, good","The provided image depicts a monocrystalline solar cell in pristine condition, showcasing a defect-free surface."
cell0917.png,34,"solar cell, monocrystalline, good",This image from the solar cell industry displays a monocrystalline solar cell that exhibits no defects.
cell0918.png,34,"solar cell, monocrystalline, good","The image depicts a monocrystalline solar cell in the solar cell sector, showcasing a flawless surface without any visible defects."
cell0921.png,34,"solar cell, monocrystalline, good",This image from the solar cell sector displays a monocrystalline solar cell that exhibits no defects.
cell0922.png,34,"solar cell, monocrystalline, good",This image of a monocrystalline solar cell in the solar cell sector depicts a flawless structure without any visible defects.
cell0923.png,34,"solar cell, monocrystalline, good","The image depicts a monocrystalline solar cell within the solar cell sector, showcasing a flawless structure without any defects."
cell0924.png,34,"solar cell, monocrystalline, good","The image depicts a monocrystalline solar cell in the solar cell sector, exhibiting no visible defects."
cell0925.png,34,"solar cell, monocrystalline, good","The image depicts a monocrystalline solar cell in the solar cell sector, exhibiting impeccable quality without any defects."
cell0926.png,34,"solar cell, monocrystalline, good","In this image from the solar cell sector, a flawless monocrystalline solar cell is displayed without any imperfections."
cell0927.png,34,"solar cell, monocrystalline, good","The image provided depicts a monocrystalline solar cell in the solar cell sector, exhibiting a flawless structure without any defects."
cell0928.png,34,"solar cell, monocrystalline, good","The image in question depicts a monocrystalline solar cell within the solar panel sector, showcasing a flawless absence of defects."
cell0929.png,34,"solar cell, monocrystalline, good","The provided image depicts a monocrystalline solar cell in the solar cell sector, exhibiting a flawless quality with no visible defects."
cell0930.png,34,"solar cell, monocrystalline, good",The image displayed depicts a flawless monocrystalline solar cell within the solar cell sector.
cell0932.png,34,"solar cell, monocrystalline, good","The image provided presents a monocrystalline solar cell in pristine condition, devoid of any defects."
cell0935.png,34,"solar cell, monocrystalline, good",The image depicts a monocrystalline solar cell within the solar cell sector that exhibits flawless quality without any observable defects.
cell0937.png,34,"solar cell, monocrystalline, good","The image depicts a monocrystalline solar cell in the solar cell sector, showcasing a flawless structure devoid of any defects."
cell0938.png,34,"solar cell, monocrystalline, good",The image depicts a flawless monocrystalline solar cell within the solar cell sector.
cell0939.png,34,"solar cell, monocrystalline, good","The image depicts a monocrystalline solar cell within the solar cell sector, showcasing a flawless absence of defects."
cell0940.png,34,"solar cell, monocrystalline, good",The image depicted in the solar cell sector displays a flawlessly intact monocrystalline solar cell.
cell0944.png,34,"solar cell, monocrystalline, good","The image depicts a monocrystalline solar cell in the solar cell sector, free from any observable defects."
cell0945.png,34,"solar cell, monocrystalline, good","This image portrays a monocrystalline solar cell in the solar panel sector, showcasing flawless quality without any visible defects."
cell0947.png,34,"solar cell, monocrystalline, good","The image presented depicts a monocrystalline solar cell in the solar cell sector, showcasing a flawless condition with no visible defects."
cell0949.png,34,"solar cell, monocrystalline, good","The image from the solar cell sector displays a flawlessly manufactured monocrystalline solar cell, showcasing a defect-free structure."
cell0950.png,34,"solar cell, monocrystalline, good",The image provided depicts a monocrystalline solar cell within the solar cell sector exhibiting no visible defects.
cell0951.png,34,"solar cell, monocrystalline, good",The image provided depicts a monocrystalline solar cell in the solar cell industry without any visible defects.
cell0952.png,34,"solar cell, monocrystalline, good","The image depicted here showcases a monocrystalline solar cell in pristine condition, devoid of any defects or imperfections."
cell0953.png,34,"solar cell, monocrystalline, good",The image captured in the solar cell sector displays a flawless monocrystalline solar cell devoid of any imperfections.
cell0954.png,34,"solar cell, monocrystalline, good","The image depicts a monocrystalline solar cell in the solar cell sector, showcasing a flawless structure without any defects."
cell0955.png,34,"solar cell, monocrystalline, good",The image presents a monocrystalline solar cell within the solar cell sector that exhibits no visible defects.
cell0956.png,34,"solar cell, monocrystalline, good",This image from the solar cell sector displays a flawless monocrystalline solar cell without any imperfections.
cell0957.png,34,"solar cell, monocrystalline, good","The image displayed depicts a monocrystalline solar cell in the solar cell industry, showcasing a flawless structure without any defects."
cell0958.png,34,"solar cell, monocrystalline, good","The provided image portrays a monocrystalline solar cell in the solar cell sector, showcasing a flawless structure without any defects."
cell0959.png,34,"solar cell, monocrystalline, good","The image depicts a monocrystalline solar cell within the solar cell sector, showcasing a flawless state without any defects."
cell0960.png,34,"solar cell, monocrystalline, good",The image from the solar cell industry presents a monocrystalline solar cell devoid of any imperfections.
cell0962.png,34,"solar cell, monocrystalline, good","The image exemplifies a monocrystalline solar cell in the solar cell sector, showcasing flawless quality with no visible defects."
cell0963.png,34,"solar cell, monocrystalline, good","The image provided displays a monocrystalline solar cell in the solar cell industry, exhibiting a flawless structure without any visible defects."
cell0964.png,34,"solar cell, monocrystalline, good",The image from the solar cell sector displays a flawless monocrystalline solar cell.
cell0966.png,34,"solar cell, monocrystalline, good","The image provided displays a monocrystalline solar cell in pristine condition, devoid of any defects."
cell0967.png,34,"solar cell, monocrystalline, good",This image from the solar cell sector displays a monocrystalline solar cell that exhibits no defects.
cell0968.png,34,"solar cell, monocrystalline, good","The image depicts a monocrystalline solar cell in pristine condition, devoid of any defects or imperfections typically found in the solar cell industry."
cell0969.png,34,"solar cell, monocrystalline, good","The image displays a monocrystalline solar cell in the solar cell sector, exhibiting no observable defects."
cell0971.png,34,"solar cell, monocrystalline, good","The provided image depicts a monocrystalline solar cell in pristine condition, showcasing a flawless structure devoid of any defects."
cell0972.png,34,"solar cell, monocrystalline, good","The image depicts a monocrystalline solar cell in the solar cell sector, showcasing a flawless structure without any defects."
cell0973.png,34,"solar cell, monocrystalline, good","This image depicts a monocrystalline solar cell in the solar cell sector, exhibiting flawless quality without any defects."
cell0975.png,34,"solar cell, monocrystalline, good",The image depicts a monocrystalline solar cell in pristine condition without any visible defects.
cell0977.png,34,"solar cell, monocrystalline, good","The image depicts a monocrystalline solar cell in the solar cell sector, showcasing a flawless structure without any defects."
cell0978.png,34,"solar cell, monocrystalline, good","The image depicts a monocrystalline solar cell within the solar cell sector, exhibiting a flawless structure devoid of any defects."
cell0979.png,34,"solar cell, monocrystalline, good",The image in the solar cell sector depicts a flawless monocrystalline solar cell without any imperfections.
cell0980.png,34,"solar cell, monocrystalline, good",This image from the solar cell sector depicts a flawlessly manufactured monocrystalline solar cell devoid of any imperfections.
cell0981.png,34,"solar cell, monocrystalline, good",The image depicted in this solar cell industry visual displays a monocrystalline solar cell free from any imperfections or defects.
cell0982.png,34,"solar cell, monocrystalline, good","This image depicts a monocrystalline solar cell within the solar cell sector, showcasing a flawless structure devoid of any defects."
cell0983.png,34,"solar cell, monocrystalline, good",This image from the solar cell sector displays a monocrystalline solar cell that exhibits no visible defects.
cell0984.png,34,"solar cell, monocrystalline, good","The image provided depicts a monocrystalline solar cell within the solar cell sector, showcasing a flawless absence of defects."
cell0986.png,34,"solar cell, monocrystalline, good",The image depicts a monocrystalline solar cell within the solar cell sector that exhibits flawless quality without any defects.
cell0987.png,34,"solar cell, monocrystalline, good","The image presented illustrates a monocrystalline solar cell devoid of any defects, showcasing a pristine example within the solar cell sector."
cell0988.png,34,"solar cell, monocrystalline, good","The image displays a monocrystalline solar cell in the solar cell industry, exhibiting a flawless structure without any defects."
cell0990.png,34,"solar cell, monocrystalline, good","The image provided displays a monocrystalline solar cell in the solar panel sector, showcasing flawless quality without any visible defects."
cell0992.png,34,"solar cell, monocrystalline, good","The image depicts a monocrystalline solar cell within the solar cell sector, showcasing a flawless structure devoid of any defects."
cell0993.png,34,"solar cell, monocrystalline, good",This image from the solar cell sector displays a flawless monocrystalline solar cell.
cell0994.png,34,"solar cell, monocrystalline, good",The image in the solar cell industry depicts a flawless monocrystalline solar cell without any imperfections.
cell0995.png,34,"solar cell, monocrystalline, good","The image provided illustrates a monocrystalline solar cell in the solar cell sector, displaying flawless quality with no observable defects."
cell0997.png,34,"solar cell, monocrystalline, good","The image depicts a monocrystalline solar cell in the solar cell sector, showcasing a flawless state without any defects."
cell0998.png,34,"solar cell, monocrystalline, good",The image of this monocrystalline solar cell in the solar cell industry exhibits a flawless structure without any defects.
cell0999.png,34,"solar cell, monocrystalline, good","In this image from the solar cell sector, a flawless monocrystalline solar cell is depicted without any observable defects."
cell1000.png,34,"solar cell, monocrystalline, good","The image depicts a monocrystalline solar cell in the solar cell industry, exhibiting a flawless absence of defects."
cell1002.png,34,"solar cell, monocrystalline, good","The image presented depicts a monocrystalline solar cell within the solar cell sector, showcasing flawless integrity without any visible defects."
cell1003.png,34,"solar cell, monocrystalline, good","The image depicts a monocrystalline solar cell in the solar cell sector, showcasing a flawless structure without any visible defects."
cell1004.png,34,"solar cell, monocrystalline, good",This image from the solar cell industry depicts a flawless monocrystalline solar cell devoid of any imperfections.
cell1005.png,34,"solar cell, monocrystalline, good",This image from the solar cell sector depicts a flawless monocrystalline solar cell without any imperfections.
cell1006.png,34,"solar cell, monocrystalline, good","This image from the solar cell sector depicts a flawless monocrystalline solar cell, free from any defects."
cell1008.png,34,"solar cell, monocrystalline, good",The image provided displays a defect-free monocrystalline solar cell within the solar cell sector.
cell1009.png,34,"solar cell, monocrystalline, good",The image of a monocrystalline solar cell in the solar cell sector displays a flawless structure without any defects.
cell1011.png,34,"solar cell, monocrystalline, good","The image provided depicts a monocrystalline solar cell in pristine condition, free from any defects."
cell1013.png,34,"solar cell, monocrystalline, good","The image depicts a monocrystalline solar cell in the solar cell sector, showcasing a flawless structure devoid of any defects."
cell1014.png,34,"solar cell, monocrystalline, good","The image provided depicts a monocrystalline solar cell in the solar cell sector, showcasing a flawless structure without any defects."
cell1015.png,34,"solar cell, monocrystalline, good","The image depicts a monocrystalline solar cell within the solar cell sector, showcasing a flawless structure without any visible defects."
cell1016.png,34,"solar cell, monocrystalline, good","The image provided illustrates a monocrystalline solar cell in the solar cell industry, showcasing a flawless structure without any defects."
cell1018.png,34,"solar cell, monocrystalline, good","The image provided presents a monocrystalline solar cell devoid of any defects, showcasing an exemplary quality standard within the solar cell industry."
cell1019.png,34,"solar cell, monocrystalline, good",The image of a monocrystalline solar cell in the solar cell sector exhibits a flawless structure devoid of any defects.
cell1020.png,34,"solar cell, monocrystalline, good",This image from the solar cell sector displays a monocrystalline solar cell that exhibits no visible defects.
cell1021.png,34,"solar cell, monocrystalline, good","The image provided illustrates a monocrystalline solar cell in pristine condition, devoid of any defects or imperfections."
cell1023.png,34,"solar cell, monocrystalline, good",The image provided exhibits a monocrystalline solar cell free from any observable defects in the solar cell industry.
cell1024.png,34,"solar cell, monocrystalline, good",The image provided depicts a monocrystalline solar cell within the solar cell sector that exhibits a flawless structure devoid of any defects.
cell1025.png,34,"solar cell, monocrystalline, good",This image from the solar cell sector displays a monocrystalline solar cell that exhibits flawless quality without any defects.
cell1026.png,34,"solar cell, monocrystalline, good",This image from the solar cell sector portrays a monocrystalline solar cell that exhibits no visible defects.
cell1027.png,34,"solar cell, monocrystalline, good","The image presented depicts a monocrystalline solar cell within the solar cell sector, showcasing a flawless structure devoid of any defects."
cell1028.png,34,"solar cell, monocrystalline, good","The image depicts a monocrystalline solar cell in the solar panel industry, showcasing a flawless structure without any defects."
cell1029.png,34,"solar cell, monocrystalline, good",The image from the solar cell industry displays a flawless monocrystalline solar cell without any imperfections.
cell1030.png,34,"solar cell, monocrystalline, good","The image provided depicts a monocrystalline solar cell in the solar panel industry, showcasing a flawless structure without any visible defects."
cell1031.png,34,"solar cell, monocrystalline, good","The image depicts a monocrystalline solar cell in the solar cell industry, exhibiting flawless quality with no visible defects."
cell1032.png,34,"solar cell, monocrystalline, good","The image displayed here depicts a monocrystalline solar cell in the solar cell sector, showcasing a flawless appearance without any defects."
cell1033.png,34,"solar cell, monocrystalline, good",This image from the solar cell sector displays a pristine monocrystalline solar cell without any imperfections.
cell1034.png,34,"solar cell, monocrystalline, good","The image depicts a monocrystalline solar cell in the solar cell industry, showcasing a flawless structure devoid of any defects."
cell1037.png,34,"solar cell, monocrystalline, good","The provided image depicts a monocrystalline solar cell in pristine condition, showcasing a defect-free surface."
cell1038.png,34,"solar cell, monocrystalline, good",The image provided depicts a monocrystalline solar cell within the solar cell sector that exhibits flawless quality without any visible defects.
cell1039.png,34,"solar cell, monocrystalline, good","This image from the solar cell sector displays a monocrystalline solar cell in pristine condition, free from any defects."
cell1040.png,34,"solar cell, monocrystalline, good",The image provided depicts a monocrystalline solar cell within the solar cell sector exhibiting flawless quality without any visible defects.
cell1043.png,34,"solar cell, monocrystalline, good","The image depicts a monocrystalline solar cell in the solar panel industry, exhibiting flawless quality without any visible defects."
cell1045.png,34,"solar cell, monocrystalline, good","The image depicts a monocrystalline solar cell in the solar cell industry, showcasing its pristine condition without any defects."
cell1047.png,34,"solar cell, monocrystalline, good","This image depicts a monocrystalline solar cell in the solar panel sector, showcasing a flawless structure without any defects."
cell1048.png,34,"solar cell, monocrystalline, good","The image presented here depicts a monocrystalline solar cell in the solar panel industry, showcasing a flawless structure devoid of any defects."
cell1053.png,34,"solar cell, monocrystalline, good","The image provided displays a monocrystalline solar cell in pristine condition, devoid of any defects."
cell1054.png,34,"solar cell, monocrystalline, good","The image provided displays a monocrystalline solar cell within the solar cell sector, exhibiting a flawless structure devoid of any defects."
cell1055.png,34,"solar cell, monocrystalline, good","The image provided depicts a monocrystalline solar cell within the solar cell sector, showcasing a flawless structure devoid of any defects."
cell1056.png,34,"solar cell, monocrystalline, good",This image from the solar cell sector depicts a flawless monocrystalline solar cell devoid of any imperfections.
cell1057.png,34,"solar cell, monocrystalline, good","This image from the solar cell sector depicts a flawless monocrystalline solar cell, free from any defects."
cell1060.png,34,"solar cell, monocrystalline, good","The image depicts a monocrystalline solar cell in the solar panel sector, exhibiting flawless quality without any visible defects."
cell1063.png,34,"solar cell, monocrystalline, good","The image depicts a monocrystalline solar cell in pristine condition, devoid of any defects."
cell1064.png,34,"solar cell, monocrystalline, good","In this image from the solar cell sector, a flawless monocrystalline solar cell is depicted without any imperfections."
cell1067.png,34,"solar cell, monocrystalline, good",This image from the solar cell sector displays a flawless monocrystalline solar cell devoid of any imperfections.
cell1068.png,34,"solar cell, monocrystalline, good","The image presented here depicts a monocrystalline solar cell in the solar cell sector, showcasing a flawless structure devoid of any defects."
cell1069.png,34,"solar cell, monocrystalline, good","The image depicts a monocrystalline solar cell within the solar cell sector, showcasing a flawless absence of defects."
cell1070.png,34,"solar cell, monocrystalline, good","The image depicts a monocrystalline solar cell in pristine condition, devoid of any defects, exemplifying the standards of the solar cell industry."
cell1072.png,34,"solar cell, monocrystalline, good","This image illustrates a monocrystalline solar cell in the solar cell sector, showcasing a flawless structure without any defects."
cell1076.png,34,"solar cell, monocrystalline, good","The image of a monocrystalline solar cell in the solar cell sector displays a flawless structure, free from any defects."
cell1077.png,34,"solar cell, monocrystalline, good","The image depicts a monocrystalline solar cell in pristine condition, devoid of any defects commonly found in the solar cell industry."
cell1078.png,34,"solar cell, monocrystalline, good","The image presented here depicts a monocrystalline solar cell within the solar cell sector, showcasing flawless quality without any observable defects."
cell1079.png,34,"solar cell, monocrystalline, good",The image depicts a defect-free monocrystalline solar cell within the solar cell sector.
cell1084.png,34,"solar cell, monocrystalline, good",The image depicting a monocrystalline solar cell in the solar cell industry reveals a flawless structure devoid of any defects.
cell1085.png,34,"solar cell, monocrystalline, good",The image provided depicts a monocrystalline solar cell free of any defects within the solar cell industry context.
cell1087.png,34,"solar cell, monocrystalline, good","The image depicts a monocrystalline solar cell within the solar cell sector, showcasing a flawless absence of defects."
cell1089.png,34,"solar cell, monocrystalline, good","The image depicted here showcases a monocrystalline solar cell in pristine condition, devoid of any defects."
cell1090.png,34,"solar cell, monocrystalline, good",The image depicts a monocrystalline solar cell in the solar cell sector that exhibits a flawless structure without any defects.
cell1091.png,34,"solar cell, monocrystalline, good","The image depicts a monocrystalline solar cell within the solar cell sector, showcasing a flawless structure devoid of any defects."
cell1092.png,34,"solar cell, monocrystalline, good","The image depicts a monocrystalline solar cell in the solar cell sector, exhibiting a flawless structure without any defects."
cell1093.png,34,"solar cell, monocrystalline, good",The image depicting a flawless monocrystalline solar cell exemplifies the quality standards in the solar cell industry.
cell1094.png,34,"solar cell, monocrystalline, good","The image presented here depicts a monocrystalline solar cell within the solar cell sector, demonstrating a flawless structure devoid of any defects."
cell1095.png,34,"solar cell, monocrystalline, good","The image portrays a monocrystalline solar cell devoid of any defects, exemplifying a pristine specimen within the solar cell industry."
cell1096.png,34,"solar cell, monocrystalline, good",The image provided depicts a monocrystalline solar cell devoid of any defects in the solar cell industry.
cell1100.png,34,"solar cell, monocrystalline, good",The image of a monocrystalline solar cell in the solar cell sector displays a flawless structure devoid of any defects.
cell1101.png,34,"solar cell, monocrystalline, good","The image provided depicts a monocrystalline solar cell within the solar cell sector, showcasing a flawless structure without any visible defects."
cell1102.png,34,"solar cell, monocrystalline, good",The image in the solar cell sector depicts a flawless monocrystalline solar cell without any defects.
cell1103.png,34,"solar cell, monocrystalline, good","The image depicts a monocrystalline solar cell in the solar cell sector, showcasing a flawless structure without any visible defects."
cell1105.png,34,"solar cell, monocrystalline, good","The image depicts a monocrystalline solar cell within the solar cell sector, showcasing an absence of any observable defects."
cell1106.png,34,"solar cell, monocrystalline, good","The image depicts a monocrystalline solar cell in the solar cell sector, showcasing a flawless structure without any defects."
cell1107.png,34,"solar cell, monocrystalline, good",The image depicting a monocrystalline solar cell in the solar cell industry reveals a flawless structure without any defects.
cell1110.png,34,"solar cell, monocrystalline, good",This image from the solar cell sector displays a flawless monocrystalline solar cell free of any defects.
cell1111.png,34,"solar cell, monocrystalline, good","The image depicts a monocrystalline solar cell in the solar cell sector, showcasing flawless quality without any defects."
cell1112.png,34,"solar cell, monocrystalline, good",The image depicting a flawlessly manufactured monocrystalline solar cell exemplifies the high standard of quality in the solar cell industry.
cell1116.png,34,"solar cell, monocrystalline, good","The image provided depicts a monocrystalline solar cell within the solar cell sector, showcasing a flawless structure without any visible defects."
cell1117.png,34,"solar cell, monocrystalline, good","The provided image depicts a monocrystalline solar cell within the solar cell sector, showcasing a flawless structure devoid of any defects or imperfections."
cell1118.png,34,"solar cell, monocrystalline, good",This image from the solar cell sector depicts a flawless monocrystalline solar cell devoid of any imperfections.
cell1119.png,34,"solar cell, monocrystalline, good","The image displayed represents a monocrystalline solar cell within the solar cell industry, showcasing a flawless structure devoid of any defects."
cell1120.png,34,"solar cell, monocrystalline, good",The image of this monocrystalline solar cell in the solar cell industry reveals a flawless structure without any defects.
cell1121.png,34,"solar cell, monocrystalline, good",The image of this monocrystalline solar cell in the solar cell sector depicts a flawless structure without any defects.
cell1122.png,34,"solar cell, monocrystalline, good","The image depicts a monocrystalline solar cell in the solar cell sector, showcasing a flawless structure without any defects."
cell1124.png,34,"solar cell, monocrystalline, good",The image in the solar cell sector depicts a flaw-free monocrystalline solar cell.
cell1125.png,34,"solar cell, monocrystalline, good","The image depicts a monocrystalline solar cell in the solar cell sector, showcasing a flawless structure without any visible defects."
cell1126.png,34,"solar cell, monocrystalline, good","The image depicts a monocrystalline solar cell within the solar cell sector, exhibiting a flawless appearance without any defects."
cell1127.png,34,"solar cell, monocrystalline, good","The provided image depicts a monocrystalline solar cell within the solar cell sector, showcasing a flawless structure free from any defects."
cell1129.png,34,"solar cell, monocrystalline, good","This image from the solar cell sector displays a monocrystalline solar cell exhibiting flawless quality, devoid of any defects."
cell1130.png,34,"solar cell, monocrystalline, good","The image provided depicts a monocrystalline solar cell in the solar cell industry, showcasing flawless quality with no observable defects."
cell1131.png,34,"solar cell, monocrystalline, good","The image provided presents a monocrystalline solar cell within the solar cell sector, exhibiting a flawless structure without any defects."
cell1132.png,34,"solar cell, monocrystalline, good","The image depicts a monocrystalline solar cell within the solar cell sector, exhibiting an absence of defects."
cell1133.png,34,"solar cell, monocrystalline, good",The image of a monocrystalline solar cell in the solar cell sector displays a flawless structure without any defects.
cell1135.png,34,"solar cell, monocrystalline, good","The image depicts a monocrystalline solar cell within the solar cell sector, showcasing a flawless structure devoid of any defects."
cell1137.png,34,"solar cell, monocrystalline, good",This image captures a flawless monocrystalline solar cell within the solar cell industry.
cell1139.png,34,"solar cell, monocrystalline, good",This image from the solar cell sector displays a flawless monocrystalline solar cell without any imperfections.
cell1140.png,34,"solar cell, monocrystalline, good",The image depicting a monocrystalline solar cell in the solar cell industry exhibits flawless quality without any defects.
cell1141.png,34,"solar cell, monocrystalline, good","The image provided depicts a monocrystalline solar cell in the solar cell sector, showcasing a flawless structure without any defects."
cell1144.png,34,"solar cell, monocrystalline, good",The provided image depicts a monocrystalline solar cell in pristine condition without any observable defects.
cell1145.png,34,"solar cell, monocrystalline, good","The image depicts a monocrystalline solar cell in the solar cell sector, exhibiting no signs of defects."
cell1146.png,34,"solar cell, monocrystalline, good",The provided image depicts a monocrystalline solar cell devoid of any imperfections in the solar cell industry.
cell1148.png,34,"solar cell, monocrystalline, good","This image depicts a monocrystalline solar cell within the solar cell sector, showcasing a flawless structure devoid of any defects."
cell1149.png,34,"solar cell, monocrystalline, good","The image depicted here showcases a monocrystalline solar cell in the solar cell industry, demonstrating a flawless condition without any defects."
cell1150.png,34,"solar cell, monocrystalline, good",This image from the solar cell sector displays a monocrystalline solar cell devoid of any imperfections.
cell1151.png,34,"solar cell, monocrystalline, good",This image from the solar cell sector depicts a flawless monocrystalline solar cell devoid of any imperfections.
cell1152.png,34,"solar cell, monocrystalline, good",The image of a monocrystalline solar cell in the solar cell sector displays a flawless structure without any defects.
cell1153.png,34,"solar cell, monocrystalline, good","The provided image depicts a monocrystalline solar cell in pristine condition, exhibiting no visible defects."
cell1154.png,34,"solar cell, monocrystalline, good",The image depicting a monocrystalline solar cell in the solar cell sector reveals a flawless structure without any defects.
cell1155.png,34,"solar cell, monocrystalline, good","The image presents a monocrystalline solar cell in pristine condition, devoid of any defects."
cell1157.png,34,"solar cell, monocrystalline, good","The image provided depicts a monocrystalline solar cell in the solar cell sector, showcasing a flawless structure without any defects."
cell1158.png,34,"solar cell, monocrystalline, good","The image in the solar cell industry display captures a flawless monocrystalline solar cell, devoid of any defects."
cell1159.png,34,"solar cell, monocrystalline, good","In this image from the solar cell sector, we observe a flawless monocrystalline solar cell devoid of any imperfections."
cell1160.png,34,"solar cell, monocrystalline, good","The image presented here depicts a monocrystalline solar cell in the solar cell sector, showcasing a flawless structure without any defects."
cell1162.png,34,"solar cell, monocrystalline, good","The image provided displays a monocrystalline solar cell in pristine condition, free from any defects."
cell1163.png,34,"solar cell, monocrystalline, good",The image depicts a monocrystalline solar cell within the solar cell industry that exhibits no visible defects.
cell1164.png,34,"solar cell, monocrystalline, good",The provided image in the solar cell sector depicts a flawless monocrystalline solar cell.
cell1165.png,34,"solar cell, monocrystalline, good","The image provided displays a monocrystalline solar cell in pristine condition, showcasing a defect-free surface."
cell1167.png,34,"solar cell, monocrystalline, good","The image depicts a monocrystalline solar cell in the solar cell industry, showcasing a flawless structure without any defects."
cell1168.png,34,"solar cell, monocrystalline, good","The image depicts a monocrystalline solar cell in the solar cell sector, showcasing a flawless structure without any defects."
cell1169.png,34,"solar cell, monocrystalline, good",The image depicting a monocrystalline solar cell in the solar cell industry exhibits a flawless structure without any defects.
cell1170.png,34,"solar cell, monocrystalline, good","The image presents a monocrystalline solar cell in pristine condition, devoid of any defects."
cell1171.png,34,"solar cell, monocrystalline, good",This image from the solar cell sector depicts a defect-free monocrystalline solar cell.
cell1172.png,34,"solar cell, monocrystalline, good","The image presents a monocrystalline solar cell devoid of any defects, showcasing the quality and integrity of the cell."
cell1173.png,34,"solar cell, monocrystalline, good","The image depicts a monocrystalline solar cell in the solar cell sector, showcasing a flawless structure without any defects."
cell1174.png,34,"solar cell, monocrystalline, good","In this image from the solar cell sector, a pristine monocrystalline solar cell is depicted without any observable defects."
cell1176.png,34,"solar cell, monocrystalline, good",The image from the solar cell sector depicts a flawlessly pristine monocrystalline solar cell.
cell1177.png,34,"solar cell, monocrystalline, good","The image provided depicts a monocrystalline solar cell in the solar panel sector, showcasing an absence of any defects."
cell1178.png,34,"solar cell, monocrystalline, good",The image depicts a flawless monocrystalline solar cell in the solar cell sector.
cell1180.png,34,"solar cell, monocrystalline, good","The image provided depicts a monocrystalline solar cell in the solar cell industry, showcasing a flawless structure without any defects."
cell1181.png,34,"solar cell, monocrystalline, good","The image illustrates a monocrystalline solar cell within the solar cell sector, devoid of any defects."
cell1183.png,34,"solar cell, monocrystalline, good","The provided image depicts a monocrystalline solar cell in the solar cell industry, showcasing a flawless structure without any defects."
cell1184.png,34,"solar cell, monocrystalline, good","The image provided displays a monocrystalline solar cell in the solar cell industry, showcasing a flawless structure without any defects."
cell1185.png,34,"solar cell, monocrystalline, good",The image from the solar cell industry displays a flawless monocrystalline solar cell without any visible defects.
cell1186.png,34,"solar cell, monocrystalline, good",This image depicts a monocrystalline solar cell within the solar cell industry that exhibits no visible defects.
cell1190.png,34,"solar cell, monocrystalline, good","This image depicts a monocrystalline solar cell in the solar cell industry, showcasing a flawless structure without any defects."
cell1191.png,34,"solar cell, monocrystalline, good",The image presented here displays a monocrystalline solar cell devoid of any imperfections in the solar cell industry context.
cell1193.png,34,"solar cell, monocrystalline, good","The image provided depicts a monocrystalline solar cell in the solar cell industry, showcasing an absence of any defects."
cell1194.png,34,"solar cell, monocrystalline, good","The image depicts a monocrystalline solar cell in the solar cell sector, showcasing flawless quality without any defects."
cell1195.png,34,"solar cell, monocrystalline, good",The image depicting a monocrystalline solar cell in the solar cell sector exhibits a flawless structure without any defects.
cell1196.png,34,"solar cell, monocrystalline, good","The image provided displays a monocrystalline solar cell in pristine condition, devoid of any defects."
cell1197.png,34,"solar cell, monocrystalline, good","The image depicts a monocrystalline solar cell within the solar cell sector, showcasing a flawless condition without any visible defects."
cell1198.png,34,"solar cell, monocrystalline, good",The image featured here captures a monocrystalline solar cell in the solar cell sector without any observable defects.
cell1199.png,34,"solar cell, monocrystalline, good",The image depicting a monocrystalline solar cell in the solar cell sector illustrates a flawless structure without any defects.
cell1201.png,34,"solar cell, monocrystalline, good","The image depicts a monocrystalline solar cell within the solar cell sector, showcasing a flawless structure without any visible defects."
cell1202.png,34,"solar cell, monocrystalline, good","This image illustrates a monocrystalline solar cell in the solar cell sector, showcasing a flawless structure devoid of any defects."
cell1203.png,34,"solar cell, monocrystalline, good","The image provided depicts a monocrystalline solar cell within the solar cell sector, showcasing a flawless structure devoid of any defects."
cell1204.png,34,"solar cell, monocrystalline, good",The image depicts a monocrystalline solar cell within the solar cell sector that exhibits no visible defects.
cell1206.png,34,"solar cell, monocrystalline, good","This image depicts a monocrystalline solar cell in the solar cell sector, showcasing a flawless structure without any visible defects."
cell1208.png,34,"solar cell, monocrystalline, good","The image provided depicts a monocrystalline solar cell in the solar cell industry, showcasing flawless quality without any visible defects."
cell1209.png,34,"solar cell, monocrystalline, good",The image provided depicts a monocrystalline solar cell in the solar cell industry without any visible defects.
cell1211.png,34,"solar cell, monocrystalline, good",The image provided represents a monocrystalline solar cell devoid of any defects within the solar cell industry.
cell1212.png,34,"solar cell, monocrystalline, good","The image depicts a monocrystalline solar cell within the solar cell sector, exhibiting a flawless structure devoid of any defects."
cell1213.png,34,"solar cell, monocrystalline, good",The provided image depicts a monocrystalline solar cell in the solar cell industry without any visible defects.
cell1214.png,34,"solar cell, monocrystalline, good",The image depicting a flaw-free monocrystalline solar cell is a representation from the solar cell sector.
cell1215.png,34,"solar cell, monocrystalline, good",The image depicting a monocrystalline solar cell in the solar cell sector reveals a flawless structure without any defects.
cell1216.png,34,"solar cell, monocrystalline, good","The image depicts a monocrystalline solar cell in the solar cell industry, showcasing a flawless structure without any defects."
cell1217.png,34,"solar cell, monocrystalline, good",The image presented depicts a monocrystalline solar cell free from any defects within the solar cell industry.
cell1218.png,34,"solar cell, monocrystalline, good",This image from the solar cell sector depicts a flawless monocrystalline solar cell devoid of any imperfections.
cell1219.png,34,"solar cell, monocrystalline, good","The image depicts a monocrystalline solar cell in the solar cell sector, showcasing a flawless structure without any defects."
cell1220.png,34,"solar cell, monocrystalline, good","Displayed in this image is a monocrystalline solar cell devoid of any defects, exemplifying the quality standards within the solar cell sector."
cell1221.png,34,"solar cell, monocrystalline, good","The provided image depicts a monocrystalline solar cell in the solar cell sector, showcasing flawless quality without any detectable defects."
cell1222.png,34,"solar cell, monocrystalline, good","The image provided depicts a monocrystalline solar cell in pristine condition, devoid of any defects."
cell1223.png,34,"solar cell, monocrystalline, good","The image provided displays a monocrystalline solar cell in pristine condition, showcasing a defect-free surface."
cell1224.png,34,"solar cell, monocrystalline, good","The image displayed represents a monocrystalline solar cell within the solar cell sector, showcasing a flawless quality without any observable defects."
cell1226.png,34,"solar cell, monocrystalline, good",This image from the solar cell sector displays a defect-free monocrystalline solar cell.
cell1227.png,34,"solar cell, monocrystalline, good",The image of a monocrystalline solar cell in the solar cell industry exhibits a flawless structure with no visible defects.
cell1228.png,34,"solar cell, monocrystalline, good","The image depicts a monocrystalline solar cell within the solar cell sector, showcasing a pristine absence of any defects."
cell1229.png,34,"solar cell, monocrystalline, good",The image captured within the solar cell sector illustrates a flawless monocrystalline solar cell devoid of any imperfections.
cell1230.png,34,"solar cell, monocrystalline, good",This image depicts a monocrystalline solar cell in the solar cell industry that exhibits no visible defects.
cell1231.png,34,"solar cell, monocrystalline, good",This image from the solar cell sector displays a flawlessly formed monocrystalline solar cell devoid of any imperfections.
cell1233.png,34,"solar cell, monocrystalline, good","The image provided displays a monocrystalline solar cell in the solar cell sector, showcasing a flawless structure without any defects."
cell1234.png,34,"solar cell, monocrystalline, good","The image depicts a monocrystalline solar cell in pristine condition, devoid of any defects or imperfections."
cell1235.png,34,"solar cell, monocrystalline, good","This image from the solar cell sector displays a monocrystalline solar cell in pristine condition, devoid of any defects."
cell1238.png,34,"solar cell, monocrystalline, good","This image captures a monocrystalline solar cell in pristine condition, devoid of any defects."
cell1239.png,34,"solar cell, monocrystalline, good","The provided image depicts a monocrystalline solar cell within the solar cell sector, showcasing a flawless structure without any discernible defects."
cell1242.png,34,"solar cell, monocrystalline, good",The image depicting a monocrystalline solar cell in the solar cell sector exhibits a flawless structure void of any defects.
cell1243.png,34,"solar cell, monocrystalline, good","The image depicts a monocrystalline solar cell in the solar cell industry, exhibiting a flawless quality without any visible defects."
cell1244.png,34,"solar cell, monocrystalline, good","The image depicts a monocrystalline solar cell in the solar cell sector, showcasing a flawless structure devoid of any defects or imperfections."
cell1246.png,34,"solar cell, monocrystalline, good","The image provided depicts a monocrystalline solar cell within the solar cell sector, showcasing a flawless absence of defects."
cell1247.png,34,"solar cell, monocrystalline, good","The provided image depicts a monocrystalline solar cell in pristine condition, devoid of any defects."
cell1249.png,34,"solar cell, monocrystalline, good",The image presented depicts a monocrystalline solar cell within the solar cell sector that exhibits no observable defects.
cell1250.png,34,"solar cell, monocrystalline, good","The provided image depicts a monocrystalline solar cell in pristine condition, devoid of any defects or imperfections."
cell1251.png,34,"solar cell, monocrystalline, good","The image depicts a monocrystalline solar cell in the solar cell industry, showcasing a flawless structure without any defects."
cell1252.png,34,"solar cell, monocrystalline, good","The image depicts a monocrystalline solar cell within the solar cell sector, showcasing a flawless structure free from any defects."
cell1253.png,34,"solar cell, monocrystalline, good","The image depicts a monocrystalline solar cell in the solar cell sector, exhibiting a flawless structure devoid of any defects."
cell1256.png,34,"solar cell, monocrystalline, good","The image depicts a monocrystalline solar cell in pristine condition, devoid of any defects."
cell1257.png,34,"solar cell, monocrystalline, good","The image depicts a monocrystalline solar cell in the solar cell sector, exhibiting a flawless structure without any defects."
cell1258.png,34,"solar cell, monocrystalline, good",The image illustrates a monocrystalline solar cell devoid of any imperfections in the solar cell sector.
cell1259.png,34,"solar cell, monocrystalline, good",The image provided depicts a monocrystalline solar cell in the solar panel sector that exhibits no observable defects.
cell1261.png,34,"solar cell, monocrystalline, good",The image depicting a monocrystalline solar cell in the solar cell sector exhibits a flawless structure without any defects.
cell1262.png,34,"solar cell, monocrystalline, good","The image depicts a monocrystalline solar cell in the solar cell sector, showcasing a flawless structure without any defects."
cell1263.png,34,"solar cell, monocrystalline, good",This image from the solar cell sector depicts a flawless monocrystalline solar cell devoid of any defects.
cell1265.png,34,"solar cell, monocrystalline, good","The provided image displays a monocrystalline solar cell in pristine condition, devoid of any defects."
cell1266.png,34,"solar cell, monocrystalline, good",The image depicts a monocrystalline solar cell in the solar cell industry without any visible defects.
cell1268.png,34,"solar cell, monocrystalline, good","The image depicted here showcases a monocrystalline solar cell within the solar cell sector, exhibiting an absence of any defects."
cell1271.png,34,"solar cell, monocrystalline, good","The image depicts a monocrystalline solar cell in the solar cell sector, exhibiting a flawless structure without any defects."
cell1273.png,34,"solar cell, monocrystalline, good","This image depicts a monocrystalline solar cell in the solar cell sector, exhibiting a flawless structure without any defects."
cell1274.png,34,"solar cell, monocrystalline, good","This image depicts a monocrystalline solar cell in the solar cell sector, showcasing a flawless surface without any defects."
cell1275.png,34,"solar cell, monocrystalline, good","The provided image displays a monocrystalline solar cell in the solar cell sector, showcasing a flawless structure without any defects."
cell1276.png,34,"solar cell, monocrystalline, good","The image provided depicts a monocrystalline solar cell in the solar cell industry, showcasing flawless quality without any visible defects."
cell1277.png,34,"solar cell, monocrystalline, good","The image depicts a monocrystalline solar cell within the solar cell sector, showcasing an absence of any defects."
cell1278.png,34,"solar cell, monocrystalline, good","The image provided depicts a monocrystalline solar cell within the solar cell sector, showcasing a flawless structure devoid of any defects."
cell1279.png,34,"solar cell, monocrystalline, good","This image depicts a monocrystalline solar cell in the solar cell sector, showcasing a flawless structure without any defects."
cell1280.png,34,"solar cell, monocrystalline, good",This image depicts a defect-free monocrystalline solar cell within the solar cell sector.
cell1281.png,34,"solar cell, monocrystalline, good","The image presented here depicts a monocrystalline solar cell within the solar cell sector, showcasing a flawless structure devoid of any defects."
cell1282.png,34,"solar cell, monocrystalline, good",The image in this solar cell sector presentation displays a flawless monocrystalline solar cell.
cell1283.png,34,"solar cell, monocrystalline, good",The image from the solar cell sector depicts a flawless monocrystalline solar cell without any imperfections.
cell1285.png,34,"solar cell, monocrystalline, good",The image depicts a monocrystalline solar cell within the solar cell sector that exhibits flawless quality without any visible defects.
cell1286.png,34,"solar cell, monocrystalline, good","The image captures a monocrystalline solar cell within the solar cell sector, free from any observable defects."
cell1287.png,34,"solar cell, monocrystalline, good","The image provided illustrates a monocrystalline solar cell within the solar cell sector, showcasing flawless quality without any observable defects."
cell1288.png,34,"solar cell, monocrystalline, good",The provided image depicts a monocrystalline solar cell free of any defects within the solar cell industry context.
cell1290.png,34,"solar cell, monocrystalline, good","The image presented here depicts a monocrystalline solar cell in the solar cell sector, showcasing a flawless structure devoid of any defects."
cell1291.png,34,"solar cell, monocrystalline, good",The provided image displays a monocrystalline solar cell free of any defects within the solar cell industry.
cell1292.png,34,"solar cell, monocrystalline, good","The provided image depicts a monocrystalline solar cell in the solar cell industry, showcasing a flawless and defect-free structure."
cell1293.png,34,"solar cell, monocrystalline, good","The image provided depicts a monocrystalline solar cell in the solar cell industry, showcasing a flawless structure without any visible defects."
cell1294.png,34,"solar cell, monocrystalline, good",This image from the solar cell sector displays a defect-free monocrystalline solar cell.
cell1295.png,34,"solar cell, monocrystalline, good",This image from the solar cell sector depicts a flawlessly intact monocrystalline solar cell.
cell1300.png,34,"solar cell, monocrystalline, good","In this image from the solar cell sector, a flawless monocrystalline solar cell is depicted without any visible defects."
cell1301.png,34,"solar cell, monocrystalline, good","The image depicts a monocrystalline solar cell within the solar cell sector, showcasing a flawless appearance without any visible defects."
cell1302.png,34,"solar cell, monocrystalline, good",The image depicting a monocrystalline solar cell in the solar cell sector exhibits a flawless condition without any defects.
cell1305.png,34,"solar cell, monocrystalline, good",The image from the solar cell sector depicts a flawless monocrystalline solar cell.
cell1307.png,34,"solar cell, monocrystalline, good",The image depicting a monocrystalline solar cell within the solar cell sector exhibits a flawless structure devoid of any defects.
cell1310.png,34,"solar cell, monocrystalline, good","The image presents a monocrystalline solar cell devoid of any imperfections or defects, showcasing the high quality of solar cell production in the industry."
cell1311.png,34,"solar cell, monocrystalline, good","The provided image displays a monocrystalline solar cell in pristine condition, devoid of any defects."
cell1312.png,34,"solar cell, monocrystalline, good","The image presented depicts a monocrystalline solar cell within the solar cell sector, exhibiting a flawless state without any defects."
cell1313.png,34,"solar cell, monocrystalline, good",This image from the solar cell sector displays a flawlessly intact monocrystalline solar cell.
cell1314.png,34,"solar cell, monocrystalline, good","The provided image depicts a monocrystalline solar cell in pristine condition, free of any observable defects."
cell1316.png,34,"solar cell, monocrystalline, good",This industry image displays a monocrystalline solar cell free of any defects.
cell1317.png,34,"solar cell, monocrystalline, good","The image provided depicts a monocrystalline solar cell in the solar cell industry, showcasing a flawless structure without any defects."
cell1320.png,34,"solar cell, monocrystalline, good",The image depicts a monocrystalline solar cell within the solar industry that exhibits no visible defects.
cell1321.png,34,"solar cell, monocrystalline, good","The image provided depicts a monocrystalline solar cell in pristine condition, showcasing a defect-free surface."
cell1322.png,34,"solar cell, monocrystalline, good","The image provided displays a monocrystalline solar cell in pristine condition, free of any defects."
cell1324.png,34,"solar cell, monocrystalline, good","The image captured within the solar cell sector displays a flawlessly crafted monocrystalline solar cell, exhibiting a pristine absence of defects."
cell1325.png,34,"solar cell, monocrystalline, good",This image from the solar cell sector depicts a flawless monocrystalline solar cell.
cell1326.png,34,"solar cell, monocrystalline, good","The image depicted in the solar cell industry showcases a flawless monocrystalline solar cell, free from any imperfections or defects."
cell1328.png,34,"solar cell, monocrystalline, good",The image depicts a monocrystalline solar cell in the solar cell sector that exhibits flawless quality without any defects.
cell1329.png,34,"solar cell, monocrystalline, good","The image provided depicts a monocrystalline solar cell in the solar cell sector, showcasing a flawless structure without any defects."
cell1330.png,34,"solar cell, monocrystalline, good",This image from the solar cell sector displays a defect-free monocrystalline solar cell.
cell1333.png,34,"solar cell, monocrystalline, good",The image from the solar cell sector depicts a flawless monocrystalline solar cell devoid of any imperfections.
cell1335.png,34,"solar cell, monocrystalline, good",This image from the solar cell sector displays a monocrystalline solar cell devoid of any flaws.
cell1337.png,34,"solar cell, monocrystalline, good",This image from the solar cell sector displays a flawless monocrystalline solar cell without any imperfections.
cell1338.png,34,"solar cell, monocrystalline, good","The image provided depicts a monocrystalline solar cell within the solar cell sector, showcasing a flawless structure without any visible defects."
cell1339.png,34,"solar cell, monocrystalline, good",This image from the solar cell sector displays a flawless monocrystalline solar cell.
cell1342.png,34,"solar cell, monocrystalline, good",This image from the solar cell sector displays a monocrystalline solar cell devoid of any imperfections.
cell1343.png,34,"solar cell, monocrystalline, good",The image displayed in the solar cell sector depicts a flawless monocrystalline solar cell.
cell1344.png,34,"solar cell, monocrystalline, good","The image depicts a monocrystalline solar cell in the solar cell industry, showcasing a flawless quality without any visible defects."
cell1345.png,34,"solar cell, monocrystalline, good","The image displays a monocrystalline solar cell within the solar cell sector, exhibiting a flawless structure without any observable defects."
cell1346.png,34,"solar cell, monocrystalline, good","The image provided depicts a monocrystalline solar cell in pristine condition, free from any defects."
cell1347.png,34,"solar cell, monocrystalline, good",This image from the solar cell sector displays a monocrystalline solar cell that exhibits no visible defects.
cell1348.png,34,"solar cell, monocrystalline, good",The image depicts a flawless monocrystalline solar cell in the solar cell sector.
cell1350.png,34,"solar cell, monocrystalline, good","The image provided displays a monocrystalline solar cell in pristine condition, devoid of any defects within the industry standard."
cell1353.png,34,"solar cell, monocrystalline, good",The image in the solar cell sector displays a monocrystalline solar cell devoid of any imperfections.
cell1357.png,34,"solar cell, monocrystalline, good",The image provided exemplifies a monocrystalline solar cell within the solar cell sector that exhibits no observable defects.
cell1358.png,34,"solar cell, monocrystalline, good",The image depicts a flawless monocrystalline solar cell within the solar cell sector.
cell1360.png,34,"solar cell, monocrystalline, good","The image presented here depicts a monocrystalline solar cell within the solar cell sector, showcasing an absence of any detectable defects."
cell1361.png,34,"solar cell, monocrystalline, good","The image presented depicts a monocrystalline solar cell within the solar cell sector, showcasing a flawless absence of defects."
cell1362.png,34,"solar cell, monocrystalline, good",This image from the solar cell sector depicts a flawlessly manufactured monocrystalline solar cell devoid of any imperfections.
cell1363.png,34,"solar cell, monocrystalline, good","The image provided depicts a monocrystalline solar cell within the solar cell sector, showcasing a flawless condition without any visible defects."
cell1364.png,34,"solar cell, monocrystalline, good","The image provided depicts a monocrystalline solar cell within the solar cell industry, showcasing a flawless structure without any visible defects."
cell1365.png,34,"solar cell, monocrystalline, good",This image from the solar cell sector depicts a flawless monocrystalline solar cell.
cell1366.png,34,"solar cell, monocrystalline, good","The provided image displays a monocrystalline solar cell in pristine condition, devoid of any defects."
cell1367.png,34,"solar cell, monocrystalline, good","The image depicts a monocrystalline solar cell within the solar cell sector, exhibiting a flawless state without any defects."
cell1368.png,34,"solar cell, monocrystalline, good","The image provided displays a monocrystalline solar cell in pristine condition, devoid of any defects."
cell1369.png,34,"solar cell, monocrystalline, good","The provided image displays a monocrystalline solar cell devoid of any defects, showcasing its impeccable quality within the solar cell sector."
cell1370.png,34,"solar cell, monocrystalline, good","The image depicts a monocrystalline solar cell within the solar cell sector, showcasing a flawless structure absent of any defects."
cell1372.png,34,"solar cell, monocrystalline, good","The image depicts a monocrystalline solar cell in the solar cell sector, exhibiting flawless quality with no visible defects."
cell1373.png,34,"solar cell, monocrystalline, good",The image depicting a flawless monocrystalline solar cell exemplifies excellence in the solar cell sector.
cell1374.png,34,"solar cell, monocrystalline, good","The image provided depicts a monocrystalline solar cell within the solar cell sector, exhibiting a flawless structure without any defects."
cell1375.png,34,"solar cell, monocrystalline, good","The image illustrates a monocrystalline solar cell in the solar cell sector, free from any defects."
cell1376.png,34,"solar cell, monocrystalline, good","The provided image depicts a monocrystalline solar cell in pristine condition, devoid of any defects or imperfections."
cell1377.png,34,"solar cell, monocrystalline, good","The image presents a monocrystalline solar cell devoid of any defects, showcasing the high quality of the cell in the solar industry."
cell1380.png,34,"solar cell, monocrystalline, good",The image of a monocrystalline solar cell in the solar cell sector exhibits flawless quality with no observable defects.
cell1382.png,34,"solar cell, monocrystalline, good",The image depicts a monocrystalline solar cell in the solar cell sector that exhibits no visible defects.
cell1383.png,34,"solar cell, monocrystalline, good","The image depicts a monocrystalline solar cell in the solar cell sector, showcasing flawless quality without any visible defects."
cell1384.png,34,"solar cell, monocrystalline, good","The image provided displays a monocrystalline solar cell devoid of any imperfections, as observed within the solar cell sector."
cell1385.png,34,"solar cell, monocrystalline, good","The image provided depicts a monocrystalline solar cell within the solar cell sector, showcasing a flawless appearance without any defects."
cell1386.png,34,"solar cell, monocrystalline, good","The image provided depicts a monocrystalline solar cell within the solar cell sector, showcasing impeccable quality without any observable defects."
cell1387.png,34,"solar cell, monocrystalline, good",This image from the solar cell sector displays a defect-free monocrystalline solar cell.
cell1388.png,34,"solar cell, monocrystalline, good",The image provided portrays a monocrystalline solar cell devoid of any imperfections or defects within the solar cell industry.
cell1392.png,34,"solar cell, monocrystalline, good","The image provided displays a monocrystalline solar cell without any observable defects, showcasing a high-quality manufacturing standard."
cell1394.png,34,"solar cell, monocrystalline, good","The image provided displays a monocrystalline solar cell in pristine condition, devoid of any defects."
cell1397.png,34,"solar cell, monocrystalline, good","The image displays a monocrystalline solar cell in the solar cell sector, showcasing a flawless structure without any defects."
cell1398.png,34,"solar cell, monocrystalline, good",The image depicting a monocrystalline solar cell in the solar cell industry exhibits a flawless structure without any defects.
cell1400.png,34,"solar cell, monocrystalline, good","The image presented here depicts a monocrystalline solar cell within the solar cell sector, showcasing a flawless structure devoid of any defects."
cell1401.png,34,"solar cell, monocrystalline, good",The image depicted in this solar cell industry illustration features a monocrystalline solar cell that exhibits no signs of defects.
cell1402.png,34,"solar cell, monocrystalline, good",Displayed in this image from the solar cell industry is a monocrystalline solar cell devoid of any imperfections.
cell1406.png,34,"solar cell, monocrystalline, good","The provided image depicts a monocrystalline solar cell in pristine condition, devoid of any defects."
cell1407.png,34,"solar cell, monocrystalline, good","The image displays a monocrystalline solar cell in the solar cell industry, exhibiting a flawless appearance without any defects."
cell1408.png,34,"solar cell, monocrystalline, good","The image depicts a monocrystalline solar cell in the solar cell sector, showcasing a flawless condition without any defects."
cell1412.png,34,"solar cell, monocrystalline, good","In this image from the solar cell sector, we observe a flawless monocrystalline solar cell devoid of any defects."
cell1413.png,34,"solar cell, monocrystalline, good",This image from the solar cell sector depicts a flawless monocrystalline solar cell devoid of any imperfections.
cell1414.png,34,"solar cell, monocrystalline, good","This image from the solar cell sector displays a flawless monocrystalline solar cell, devoid of any defects."
cell1415.png,34,"solar cell, monocrystalline, good","The image depicts a monocrystalline solar cell within the solar cell sector, showcasing a flawless structure without any visible defects."
cell1417.png,34,"solar cell, monocrystalline, good",The image presented depicts a monocrystalline solar cell within the solar cell sector that exhibits no visible defects.
cell1418.png,34,"solar cell, monocrystalline, good","The image provided displays a monocrystalline solar cell within the solar cell sector, showcasing a flawless construction devoid of any defects."
cell1420.png,34,"solar cell, monocrystalline, good","This image depicts a monocrystalline solar cell in the solar cell sector, showcasing a flawless structure without any visible defects."
cell1421.png,34,"solar cell, monocrystalline, good","The image depicts a monocrystalline solar cell within the solar cell sector, displaying a flawless state with no observable defects."
cell1422.png,34,"solar cell, monocrystalline, good",This image depicts a monocrystalline solar cell within the solar cell sector that exhibits flawless integrity with no visible defects.
cell1423.png,34,"solar cell, monocrystalline, good","The image depicts a monocrystalline solar cell within the solar cell sector, showcasing a flawless structure devoid of any defects."
cell1424.png,34,"solar cell, monocrystalline, good","The image depicts a monocrystalline solar cell within the solar cell sector, showcasing a flawless structure without any visible defects."
cell1425.png,34,"solar cell, monocrystalline, good","The image provided depicts a monocrystalline solar cell within the solar cell sector, showcasing an absence of any visible defects."
cell1426.png,34,"solar cell, monocrystalline, good",The image depicted in this solar cell industry illustration showcases a flawless monocrystalline solar cell devoid of any imperfections.
cell1427.png,34,"solar cell, monocrystalline, good","The image depicts a pristine monocrystalline solar cell in the solar cell sector, showcasing a flawless absence of defects."
cell1428.png,34,"solar cell, monocrystalline, good",The image depicted in the solar cell sector displays a flawless monocrystalline solar cell devoid of any imperfections.
cell1429.png,34,"solar cell, monocrystalline, good",This image from the solar cell sector depicts a flawless monocrystalline solar cell.
cell1434.png,34,"solar cell, monocrystalline, good","This image from the solar cell sector depicts a flawless monocrystalline solar cell, devoid of any imperfections."
cell1435.png,34,"solar cell, monocrystalline, good","The image presented depicts a monocrystalline solar cell in the solar cell sector, showcasing a flawless structure without any defects."
cell1436.png,34,"solar cell, monocrystalline, good","This image depicts a monocrystalline solar cell in the solar panel sector, showcasing pristine quality with no observable defects."
cell1439.png,34,"solar cell, monocrystalline, good","The image depicts a monocrystalline solar cell in the solar cell sector, showcasing a flawless structure without any defects."
cell1440.png,34,"solar cell, monocrystalline, good",The image provided portrays a monocrystalline solar cell devoid of any defects within the solar cell industry context.
cell1441.png,34,"solar cell, monocrystalline, good","This image from the solar cell sector displays a flawless monocrystalline solar cell, devoid of any imperfections."
cell1442.png,34,"solar cell, monocrystalline, good",This image from the solar cell sector displays a monocrystalline solar cell free of any imperfections.
cell1443.png,34,"solar cell, monocrystalline, good","The image provided depicts a monocrystalline solar cell in the solar cell industry, showcasing an absence of any defects."
cell1445.png,34,"solar cell, monocrystalline, good","The provided image depicts a monocrystalline solar cell in the solar cell sector, exhibiting flawless quality without any defects."
cell1446.png,34,"solar cell, monocrystalline, good","The image depicted in this solar cell industry illustration features a flawless monocrystalline solar cell, devoid of any defects."
cell1447.png,34,"solar cell, monocrystalline, good",This image from the solar cell sector displays a flawless monocrystalline solar cell devoid of any imperfections.
cell1448.png,34,"solar cell, monocrystalline, good",The image in the solar cell sector displays a flawless monocrystalline solar cell devoid of any defects.
cell1449.png,34,"solar cell, monocrystalline, good","The image depicts a monocrystalline solar cell within the solar cell sector, showcasing a flawless absence of defects."
cell1451.png,34,"solar cell, monocrystalline, good",The image from the solar cell industry depicts a flawlessly manufactured monocrystalline solar cell.
cell1452.png,34,"solar cell, monocrystalline, good",The provided image depicts a monocrystalline solar cell devoid of any defects within the solar cell industry.
cell1457.png,34,"solar cell, monocrystalline, good","The image provided depicts a monocrystalline solar cell within the solar cell sector, showcasing a flawless structure devoid of any defects."
cell1458.png,34,"solar cell, monocrystalline, good",The image of the monocrystalline solar cell depicted in this industry snapshot exhibits flawless quality with no visible defects.
cell1459.png,34,"solar cell, monocrystalline, good","This image depicts a monocrystalline solar cell in the solar cell sector, showcasing a flawless structure without any defects."
cell1460.png,34,"solar cell, monocrystalline, good",The image depicts a monocrystalline solar cell within the solar cell sector that exhibits flawless quality without any defects.
cell1461.png,34,"solar cell, monocrystalline, good",The image from the solar cell sector displays a monocrystalline solar cell that exhibits no visible defects.
cell1463.png,34,"solar cell, monocrystalline, good",The provided image illustrates a monocrystalline solar cell devoid of any defects within the solar cell industry.
cell1464.png,34,"solar cell, monocrystalline, good","The image depicts a monocrystalline solar cell in the solar cell industry, demonstrating a flawless structure without any defects."
cell1465.png,34,"solar cell, monocrystalline, good","The image depicts a monocrystalline solar cell within the solar cell sector, showcasing a flawless structure devoid of any defects."
cell1466.png,34,"solar cell, monocrystalline, good",The provided image illustrates a monocrystalline solar cell devoid of any defects within the solar cell industry.
cell1467.png,34,"solar cell, monocrystalline, good","The image presents a monocrystalline solar cell in the solar panel sector, exhibiting flawless quality without any visible defects."
cell1468.png,34,"solar cell, monocrystalline, good","The image illustrates a monocrystalline solar cell in the solar cell sector, exhibiting a flawless structure without any defects."
cell1469.png,34,"solar cell, monocrystalline, good","The image displays a monocrystalline solar cell in the solar industry, showcasing a flawless structure without any defects."
cell1470.png,34,"solar cell, monocrystalline, good","The image provided depicts a monocrystalline solar cell within the solar cell sector, showcasing impeccable quality without any visible defects."
cell1471.png,34,"solar cell, monocrystalline, good","The image presented depicts a monocrystalline solar cell in the solar cell industry, showcasing a flawless structure devoid of any defects."
cell1472.png,34,"solar cell, monocrystalline, good",This image from the solar cell sector illustrates a defect-free monocrystalline solar cell.
cell1473.png,34,"solar cell, monocrystalline, good","The image provided depicts a monocrystalline solar cell within the solar cell sector, showcasing a flawless structure devoid of any defects."
cell1476.png,34,"solar cell, monocrystalline, good",The image in the solar cell industry presentation displays a monocrystalline solar cell that exhibits no discernible defects.
cell1477.png,34,"solar cell, monocrystalline, good","The image provided depicts a monocrystalline solar cell in the solar panel industry, showcasing a flawless structure devoid of any defects."
cell1478.png,34,"solar cell, monocrystalline, good","The image presented depicts a monocrystalline solar cell within the solar cell sector, showcasing a flawless structure without any imperfections."
cell1479.png,34,"solar cell, monocrystalline, good",The image from the solar cell sector depicts a flawless monocrystalline solar cell.
cell1480.png,34,"solar cell, monocrystalline, good","Displayed in this image is a monocrystalline solar cell within the solar cell sector, exhibiting a flawless condition with no visible defects."
cell1481.png,34,"solar cell, monocrystalline, good",This image from the solar cell sector displays a monocrystalline solar cell free of any imperfections.
cell1482.png,34,"solar cell, monocrystalline, good","The image depicts a monocrystalline solar cell within the solar cell sector, showcasing a flawless structure devoid of any defects."
cell1483.png,34,"solar cell, monocrystalline, good","The image provided depicts a monocrystalline solar cell in the solar cell sector, showcasing flawless quality with no visible defects."
cell1484.png,34,"solar cell, monocrystalline, good",The image depicting a monocrystalline solar cell in the solar cell sector exhibits a flawless structure devoid of any defects.
cell1485.png,34,"solar cell, monocrystalline, good","The image presents a monocrystalline solar cell devoid of any defects, showcasing a pristine example within the solar cell sector."
cell1486.png,34,"solar cell, monocrystalline, good",The image in the solar cell sector depicts a flaw-free monocrystalline solar cell.
cell1489.png,34,"solar cell, monocrystalline, good","The provided image depicts a monocrystalline solar cell in the solar cell sector, exhibiting a flawless structure without any defects."
cell1490.png,34,"solar cell, monocrystalline, good","The image depicts a monocrystalline solar cell in the solar cell industry, showcasing a flawless structure without any defects."
cell1491.png,34,"solar cell, monocrystalline, good",This image from the solar cell sector displays a flawless monocrystalline solar cell devoid of any imperfections.
cell1492.png,34,"solar cell, monocrystalline, good",The image presented here displays a monocrystalline solar cell in the solar cell sector that exhibits no imperfections.
cell1493.png,34,"solar cell, monocrystalline, good",The image within the solar cell sector depicts a flawlessly pristine monocrystalline solar cell devoid of any imperfections.
cell1495.png,34,"solar cell, monocrystalline, good","The image provided depicts a monocrystalline solar cell within the solar cell sector, showcasing a flawless structure without any defects."
cell1497.png,34,"solar cell, monocrystalline, good","The image provided depicts a monocrystalline solar cell in the solar cell sector, showcasing a flawless structure without any defects."
cell1501.png,34,"solar cell, monocrystalline, good","The image depicts a monocrystalline solar cell in the solar cell sector, showcasing a flawless quality without any defects."
cell1503.png,34,"solar cell, monocrystalline, good",This image from the solar cell sector displays a flawless monocrystalline solar cell.
cell1504.png,34,"solar cell, monocrystalline, good",This image from the solar cell sector depicts a flawless monocrystalline solar cell without any imperfections.
cell1505.png,34,"solar cell, monocrystalline, good","The provided image depicts a monocrystalline solar cell in the solar cell sector, showcasing a flawless structure without any defects."
cell1506.png,34,"solar cell, monocrystalline, good","The image depicts a monocrystalline solar cell within the solar cell sector, presenting a flawless structure void of any defects."
cell1507.png,34,"solar cell, monocrystalline, good",This image from the solar cell sector displays a monocrystalline solar cell that exhibits no visible defects.
cell1508.png,34,"solar cell, monocrystalline, good",The imagery provided depicts a flawless monocrystalline solar cell within the solar cell sector.
cell1509.png,34,"solar cell, monocrystalline, good",The image presented depicts a monocrystalline solar cell within the solar cell sector that exhibits a flawless structure without any defects.
cell1511.png,34,"solar cell, monocrystalline, good","The image presented depicts a monocrystalline solar cell within the solar cell sector, exhibiting a flawless structure devoid of any defects."
cell1512.png,34,"solar cell, monocrystalline, good","The image presented depicts a monocrystalline solar cell in the solar cell industry, showcasing a flawless structure without any defects."
cell1515.png,34,"solar cell, monocrystalline, good",This image from the solar cell sector displays a monocrystalline solar cell exhibiting flawless quality without any defects.
cell1517.png,34,"solar cell, monocrystalline, good",The image depicts a monocrystalline solar cell within the solar cell sector that exhibits flawless quality without any defects.
cell1519.png,34,"solar cell, monocrystalline, good","The image provided depicts a monocrystalline solar cell within the solar cell sector, exhibiting a flawless structure devoid of any defects."
cell1520.png,34,"solar cell, monocrystalline, good",The image of this monocrystalline solar cell in the solar cell industry displays a flawless quality without any visible defects.
cell1521.png,34,"solar cell, monocrystalline, good",This industry image in the solar cell sector presents a monocrystalline solar cell devoid of any imperfections.
cell1522.png,34,"solar cell, monocrystalline, good",The provided image displays a monocrystalline solar cell in pristine condition without any visible defects.
cell1523.png,34,"solar cell, monocrystalline, good","The image depicts a monocrystalline solar cell in the solar cell sector, showcasing a flawless quality without any defects."
cell1524.png,34,"solar cell, monocrystalline, good","The image provided displays a monocrystalline solar cell in the solar cell sector, showcasing a flawless structure without any defects."
cell1525.png,34,"solar cell, monocrystalline, good","The provided image depicts a monocrystalline solar cell in pristine condition, showcasing a lack of any observable defects within the structure."
cell1528.png,34,"solar cell, monocrystalline, good",The image depicting a flawless monocrystalline solar cell exemplifies a defect-free specimen within the solar cell sector.
cell1529.png,34,"solar cell, monocrystalline, good",This image provides a clear view of a defect-free monocrystalline solar cell within the solar cell sector.
cell1530.png,34,"solar cell, monocrystalline, good","The image depicts a monocrystalline solar cell in the solar cell sector, showcasing a flawless structure without any defects."
cell1531.png,34,"solar cell, monocrystalline, good","This image depicts a monocrystalline solar cell in the solar panel sector, showcasing a flawless structure without any observable defects."
cell1532.png,34,"solar cell, monocrystalline, good",The image provided exemplifies a monocrystalline solar cell within the solar cell sector that exhibits no visible defects.
cell1533.png,34,"solar cell, monocrystalline, good","The image provided depicts a monocrystalline solar cell in the solar cell sector, showcasing a flawless structure without any defects."
cell1534.png,34,"solar cell, monocrystalline, good",The image from the solar cell sector displays a flawless monocrystalline solar cell without any imperfections.
cell1535.png,34,"solar cell, monocrystalline, good",The image of a monocrystalline solar cell presented in the solar cell industry indicates a flawless structure without any defects.
cell1536.png,34,"solar cell, monocrystalline, good",The image of a monocrystalline solar cell in this industry snapshot exhibits flawless quality without any visible defects.
cell1537.png,34,"solar cell, monocrystalline, good","This image depicts a monocrystalline solar cell in the solar cell industry, showcasing a flawless structure without any defects."
cell1538.png,34,"solar cell, monocrystalline, good","The image depicts a monocrystalline solar cell in pristine condition, devoid of any defects."
cell1539.png,34,"solar cell, monocrystalline, good","The image depicts a monocrystalline solar cell in the solar cell sector, showcasing flawless quality and absence of defects."
cell1541.png,34,"solar cell, monocrystalline, good","The image provided depicts a monocrystalline solar cell within the solar cell sector, showcasing a flawless structure void of any defects."
cell1542.png,34,"solar cell, monocrystalline, good","The image provided depicts a monocrystalline solar cell in the solar panel sector, showcasing a flawless structure devoid of any defects."
cell1543.png,34,"solar cell, monocrystalline, good","The image depicts a monocrystalline solar cell in the solar cell industry, showcasing a flawless absence of defects."
cell1544.png,34,"solar cell, monocrystalline, good","The image depicts a monocrystalline solar cell in the solar cell sector, showcasing flawless quality without any visible defects."
cell1545.png,34,"solar cell, monocrystalline, good","In this image from the solar cell sector, a monocrystalline solar cell is depicted exhibiting flawless characteristics."
cell1546.png,34,"solar cell, monocrystalline, good",The image depicts a monocrystalline solar cell within the solar cell sector that exhibits a flawless structure without any defects.
cell1548.png,34,"solar cell, monocrystalline, good",The image depicts a monocrystalline solar cell within the solar cell industry that exhibits flawless quality without any defects.
cell1549.png,34,"solar cell, monocrystalline, good","The image depicts a monocrystalline solar cell in the solar cell sector, exhibiting no visible defects."
cell1551.png,34,"solar cell, monocrystalline, good","The image depicts a monocrystalline solar cell within the solar cell sector, showcasing a flawless absence of defects."
cell1552.png,34,"solar cell, monocrystalline, good",The image depicts a monocrystalline solar cell within the solar cell sector that exhibits no observable defects.
cell1553.png,34,"solar cell, monocrystalline, good",The image depicting a monocrystalline solar cell in the solar cell sector exhibits flawless quality without any defects.
cell1555.png,34,"solar cell, monocrystalline, good",The image displays a monocrystalline solar cell in the solar cell sector without any observable defects.
cell1556.png,34,"solar cell, monocrystalline, good",The image depicting a monocrystalline solar cell in the solar cell industry exhibits a flawlessly defect-free structure.
cell1557.png,34,"solar cell, monocrystalline, good","The image depicts a monocrystalline solar cell in the solar panel sector, showcasing a flawless surface without any defects."
cell1558.png,34,"solar cell, monocrystalline, good","This image from the solar cell industry depicts a flawlessly manufactured monocrystalline solar cell, free from any defects."
cell1559.png,34,"solar cell, monocrystalline, good","The image depicts a monocrystalline solar cell within the solar cell sector, showcasing a flawless structure devoid of any defects."
cell1561.png,34,"solar cell, monocrystalline, good","The image provided depicts a monocrystalline solar cell within the solar cell sector, showcasing a flawless structure without any observable defects."
cell1562.png,34,"solar cell, monocrystalline, good",The image of a monocrystalline solar cell in this depiction from the solar cell sector reveals a flawless structure devoid of any defects.
cell1563.png,34,"solar cell, monocrystalline, good","The image presented here illustrates a monocrystalline solar cell within the solar cell sector, showcasing a flawless structure devoid of any defects."
cell1564.png,34,"solar cell, monocrystalline, good","The image provided depicts a monocrystalline solar cell in pristine condition, free from any defects."
cell1565.png,34,"solar cell, monocrystalline, good","The image provided displays a monocrystalline solar cell in pristine condition, devoid of any defects."
cell1566.png,34,"solar cell, monocrystalline, good","The image displayed portrays a monocrystalline solar cell in the solar cell sector, showcasing a flawless structure without any defects."
cell1567.png,34,"solar cell, monocrystalline, good","The image depicts a monocrystalline solar cell within the solar cell sector, exhibiting a flawless structure with no apparent defects."
cell1568.png,34,"solar cell, monocrystalline, good",This image from the solar cell sector displays a flawlessly intact monocrystalline solar cell.
cell1569.png,34,"solar cell, monocrystalline, good","The image depicts a monocrystalline solar cell within the solar cell sector, showcasing a flawless structure without any visible defects."
cell1570.png,34,"solar cell, monocrystalline, good","The image depicts a monocrystalline solar cell within the solar cell sector, showcasing a flawless structure devoid of any defects."
cell1571.png,34,"solar cell, monocrystalline, good","The image displays a monocrystalline solar cell within the solar cell sector, exhibiting a flawless structure devoid of any defects."
cell1572.png,34,"solar cell, monocrystalline, good","The image displayed represents a monocrystalline solar cell in the solar cell industry, exhibiting no discernible defects."
cell1574.png,34,"solar cell, monocrystalline, good","The image depicts a monocrystalline solar cell in the solar panel sector, showcasing a flawless structure without any visible defects."
cell1575.png,34,"solar cell, monocrystalline, good","The provided image in the solar cell sector depicts a flawless monocrystalline solar cell, devoid of any imperfections."
cell1581.png,34,"solar cell, monocrystalline, good","The image displayed depicts a monocrystalline solar cell within the solar cell sector, showcasing a flawless structure devoid of any defects."
cell1582.png,34,"solar cell, monocrystalline, good","The provided image depicts a monocrystalline solar cell in pristine condition, free from any defects."
cell1584.png,34,"solar cell, monocrystalline, good",The image depicting a monocrystalline solar cell in the solar cell sector exhibits a flawless structure devoid of any defects.
cell1586.png,34,"solar cell, monocrystalline, good","The image depicts a monocrystalline solar cell in the solar cell sector, showcasing a flawless surface without any defects."
cell1587.png,34,"solar cell, monocrystalline, good","The provided image depicts a monocrystalline solar cell devoid of any defects, showcasing the quality and integrity of the cell in the solar industry."
cell1588.png,34,"solar cell, monocrystalline, good",The image of this monocrystalline solar cell in the solar cell sector exhibits a flawless structure without any defects.
cell1592.png,34,"solar cell, monocrystalline, good",This image from the solar cell sector depicts a flawlessly pristine monocrystalline solar cell.
cell1594.png,34,"solar cell, monocrystalline, good",The image depicts a defect-free monocrystalline solar cell within the solar cell sector.
cell1596.png,34,"solar cell, monocrystalline, good","The image presented depicts a monocrystalline solar cell within the solar cell sector, showcasing a flawless structure devoid of any defects."
cell1597.png,34,"solar cell, monocrystalline, good","The image presented here depicts a monocrystalline solar cell within the solar cell sector, showcasing a flawless structure devoid of any defects."
cell1598.png,34,"solar cell, monocrystalline, good","This image illustrates a monocrystalline solar cell in the solar cell sector, devoid of any imperfections."
cell1600.png,34,"solar cell, monocrystalline, good","The image depicts a monocrystalline solar cell within the solar cell sector, showcasing a flawless absence of defects."
cell1601.png,34,"solar cell, monocrystalline, good",The image provided depicts a monocrystalline solar cell devoid of any defects within the solar cell industry context.
cell1602.png,34,"solar cell, monocrystalline, good","The image from the solar cell sector depicts a flawless monocrystalline solar cell, devoid of any imperfections."
cell1603.png,34,"solar cell, monocrystalline, good","The image depicts a monocrystalline solar cell within the solar cell sector, showcasing a flawless absence of defects."
cell1604.png,34,"solar cell, monocrystalline, good","The provided image displays a monocrystalline solar cell in pristine condition, devoid of any defects."
cell1605.png,34,"solar cell, monocrystalline, good","The image provided depicts a monocrystalline solar cell in pristine condition, free from any defects."
cell1606.png,34,"solar cell, monocrystalline, good","In this image from the solar cell sector, we observe a flaw-free monocrystalline solar cell."
cell1607.png,34,"solar cell, monocrystalline, good","The image provided depicts a monocrystalline solar cell within the solar cell sector, showcasing a flawless structure devoid of any defects."
cell1609.png,34,"solar cell, monocrystalline, good","The image provided depicts a monocrystalline solar cell within the solar cell sector, showcasing a flawless structure without any visible defects."
cell1610.png,34,"solar cell, monocrystalline, good","This image captures a monocrystalline solar cell in the solar cell sector, exhibiting a flawless appearance with no visible defects."
cell1611.png,34,"solar cell, monocrystalline, good",The provided image depicts a monocrystalline solar cell in the solar cell industry without any visible defects.
cell1612.png,34,"solar cell, monocrystalline, good","This image depicts a monocrystalline solar cell in the solar cell sector, showcasing a flawless structure without any defects."
cell1613.png,34,"solar cell, monocrystalline, good","The image provided depicts a monocrystalline solar cell within the solar cell sector, showcasing a flawless structure devoid of any defects."
cell1614.png,34,"solar cell, monocrystalline, good",The image depicted in this solar cell industry illustration showcases a flawless monocrystalline solar cell devoid of any defects.
cell2146.png,34,"solar cell, monocrystalline, good",The image provided depicts a monocrystalline solar cell devoid of any defects within the solar cell industry.
cell2147.png,34,"solar cell, monocrystalline, good","The image provided depicts a monocrystalline solar cell in pristine condition, devoid of any defects or imperfections."
cell2148.png,34,"solar cell, monocrystalline, good","The provided image depicts a monocrystalline solar cell in the solar cell sector, showcasing a flawless structure without any visible defects."
cell2150.png,34,"solar cell, monocrystalline, good",The image in the solar cell sector provides a clear view of a defect-free monocrystalline solar cell.
cell2151.png,34,"solar cell, monocrystalline, good","Displayed in the image is a monocrystalline solar cell within the solar cell sector, showcasing a flawless structure without any defects."
cell2153.png,34,"solar cell, monocrystalline, good","The image displays a monocrystalline solar cell within the solar cell sector, showcasing a flawless structure devoid of any defects."
cell2155.png,34,"solar cell, monocrystalline, good",This image from the solar cell sector depicts a flawless monocrystalline solar cell without any imperfections.
cell2156.png,34,"solar cell, monocrystalline, good","The image depicts a monocrystalline solar cell within the solar cell sector, showcasing a flawless structure without any defects."
cell2158.png,34,"solar cell, monocrystalline, good","The image depicts a monocrystalline solar cell in the solar cell sector, showcasing a flawless structure without any defects."
cell2159.png,34,"solar cell, monocrystalline, good","The image depicts a monocrystalline solar cell in the solar cell sector, showcasing a flawless structure devoid of any defects."
cell2160.png,34,"solar cell, monocrystalline, good","The image depicts a monocrystalline solar cell within the solar cell sector, exhibiting a flawless surface devoid of any defects."
cell2163.png,34,"solar cell, monocrystalline, good",The image depicting a monocrystalline solar cell in the solar cell sector exhibits a flawless state without any defects.
cell2165.png,34,"solar cell, monocrystalline, good",This image of a monocrystalline solar cell in the solar cell sector displays a flawless structure without any defects.
cell2166.png,34,"solar cell, monocrystalline, good",The image depicting a flawless monocrystalline solar cell exemplifies excellence in the solar cell industry.
cell2168.png,34,"solar cell, monocrystalline, good",This image from the solar cell sector displays a monocrystalline solar cell that exhibits no signs of defects.
cell2170.png,34,"solar cell, monocrystalline, good",The image of this monocrystalline solar cell in the solar energy sector reveals flawless quality without any visible defects.
cell2171.png,34,"solar cell, monocrystalline, good",The provided image illustrates a monocrystalline solar cell devoid of any imperfections or defects in the solar cell industry.
cell2172.png,34,"solar cell, monocrystalline, good","The image portrays a monocrystalline solar cell within the solar cell sector, exhibiting a flawless quality without any visible defects."
cell2173.png,34,"solar cell, monocrystalline, good",The image in the solar cell industry presentation displays a monocrystalline solar cell that exhibits no visible defects.
cell2174.png,34,"solar cell, monocrystalline, good",This image from the solar cell sector depicts a flawless monocrystalline solar cell without any imperfections.
cell2175.png,34,"solar cell, monocrystalline, good",This image from the solar cell sector displays a monocrystalline solar cell that exhibits flawless quality with no visible defects.
cell2176.png,34,"solar cell, monocrystalline, good","In this image from the solar cell sector, a flawless monocrystalline solar cell is depicted without any observable imperfections."
cell2177.png,34,"solar cell, monocrystalline, good","The image depicts a monocrystalline solar cell in the solar cell sector, showcasing a flawless appearance without any defects."
cell2178.png,34,"solar cell, monocrystalline, good","Displayed in this image is a monocrystalline solar cell within the solar cell sector, exhibiting a flawless structure devoid of any defects."
cell2179.png,34,"solar cell, monocrystalline, good",The image depicted in this solar cell industry illustration showcases a flawless monocrystalline solar cell without any visible defects.
cell2180.png,34,"solar cell, monocrystalline, good","The image provided displays a monocrystalline solar cell in pristine condition, devoid of any defects commonly observed in the solar cell industry."
cell2181.png,34,"solar cell, monocrystalline, good","The provided image depicts a monocrystalline solar cell in the solar cell sector, showcasing a flawless surface without any defects."
cell2184.png,34,"solar cell, monocrystalline, good",The image depicts a monocrystalline solar cell in the solar cell sector that exhibits a flawless structure without any defects.
cell2186.png,34,"solar cell, monocrystalline, good",The image depicts a monocrystalline solar cell in the solar cell industry that exhibits flawless quality without any defects.
cell2188.png,34,"solar cell, monocrystalline, good","This image captures a monocrystalline solar cell in the solar cell industry, showcasing a flawless surface without any defects."
cell2190.png,34,"solar cell, monocrystalline, good","The image displayed illustrates a monocrystalline solar cell within the solar cell sector, showcasing a flawless state with no defects present."
cell2191.png,34,"solar cell, monocrystalline, good","The image depicts a monocrystalline solar cell within the solar cell sector, showcasing a flawless structure absent of any defects."
cell2192.png,34,"solar cell, monocrystalline, good","The image presents a monocrystalline solar cell devoid of any imperfections, showcasing the quality and integrity of the solar cell within the industry."
cell2193.png,34,"solar cell, monocrystalline, good",The image provided depicts a monocrystalline solar cell in the solar cell sector that exhibits no visible defects.
cell2194.png,34,"solar cell, monocrystalline, good","The provided image depicts a monocrystalline solar cell in pristine condition, devoid of any defects."
cell2195.png,34,"solar cell, monocrystalline, good","The image depicts a monocrystalline solar cell in the solar cell industry, showcasing a flawless structure without any defects."
cell2197.png,34,"solar cell, monocrystalline, good",The image depicting a monocrystalline solar cell in the solar cell industry exhibits a flawless structure with no visible defects.
cell2198.png,34,"solar cell, monocrystalline, good","The image provided depicts a monocrystalline solar cell in the solar cell industry, showcasing flawless quality without any visible defects."
cell2199.png,34,"solar cell, monocrystalline, good","The provided image depicts a monocrystalline solar cell in the solar cell sector, showcasing a flawless structure without any defects."
cell2201.png,34,"solar cell, monocrystalline, good","The image depicts a monocrystalline solar cell in the solar cell sector, showcasing a flawless quality with no visible defects."
cell2202.png,34,"solar cell, monocrystalline, good","The provided image depicts a monocrystalline solar cell in pristine condition, showcasing a defect-free structure within the solar cell industry."
cell2203.png,34,"solar cell, monocrystalline, good","The image depicts a monocrystalline solar cell in the solar cell industry, exhibiting flawless quality without any defects."
cell2205.png,34,"solar cell, monocrystalline, good","In this image from the solar cell sector, a monocrystalline solar cell is depicted, exhibiting a flawless structure without any defects."
cell2206.png,34,"solar cell, monocrystalline, good",The image of a monocrystalline solar cell in the solar cell sector displays a flawless structure without any defects.
cell2209.png,34,"solar cell, monocrystalline, good","The image depicts a monocrystalline solar cell in the solar cell sector, showcasing a flawless structure without any imperfections."
cell2211.png,34,"solar cell, monocrystalline, good","The image provided depicts a monocrystalline solar cell in the solar cell sector, showcasing a flawless condition without any defects."
cell2212.png,34,"solar cell, monocrystalline, good","The image illustrates a monocrystalline solar cell in the solar cell sector, displaying a flawless structure devoid of any defects."
cell2213.png,34,"solar cell, monocrystalline, good","The image provided depicts a monocrystalline solar cell within the solar cell sector, showcasing a flawless structure devoid of any defects."
cell2216.png,34,"solar cell, monocrystalline, good",The image depicts a monocrystalline solar cell within the solar cell sector that exhibits no discernible defects.
cell2397.png,34,"solar cell, monocrystalline, good","The image presented depicts a monocrystalline solar cell within the solar cell industry, showcasing a flawless structure devoid of any defects."
cell2401.png,34,"solar cell, monocrystalline, good","The image provided depicts a monocrystalline solar cell in pristine condition, devoid of any defects."
cell2402.png,34,"solar cell, monocrystalline, good","The image presents a monocrystalline solar cell devoid of any imperfections, showcasing a high-quality standard within the solar cell sector."
cell2403.png,34,"solar cell, monocrystalline, good","The image depicts a monocrystalline solar cell in the solar cell sector, showcasing a flawless structure with no visible defects."
cell2404.png,34,"solar cell, monocrystalline, good",The image from the solar cell sector depicts a flawless monocrystalline solar cell.
cell2405.png,34,"solar cell, monocrystalline, good","This image from the solar cell sector displays a flawless monocrystalline solar cell, devoid of any defects."
cell2406.png,34,"solar cell, monocrystalline, good","The image depicted here showcases a monocrystalline solar cell within the solar cell sector, exhibiting flawless quality with no visible defects."
cell2407.png,34,"solar cell, monocrystalline, good","The image provided depicts a monocrystalline solar cell in pristine condition, devoid of any defects."
cell2408.png,34,"solar cell, monocrystalline, good","This image depicts a monocrystalline solar cell in the solar cell industry, exhibiting a flawless quality without any defects."
cell2409.png,34,"solar cell, monocrystalline, good",The image of a monocrystalline solar cell in the solar panel sector exhibits impeccable quality without any visible defects.
cell2411.png,34,"solar cell, monocrystalline, good","The image depicts a monocrystalline solar cell within the solar cell sector, showcasing a flawless appearance without any defects."
cell2412.png,34,"solar cell, monocrystalline, good","The image depicts a monocrystalline solar cell in the solar cell sector, showcasing a flawless structure free of any defects."
cell2413.png,34,"solar cell, monocrystalline, good","The provided image depicts a monocrystalline solar cell in pristine condition, free from any defects."
cell2414.png,34,"solar cell, monocrystalline, good",This image from the solar cell sector displays a flawless monocrystalline solar cell without any imperfections.
cell2415.png,34,"solar cell, monocrystalline, good","The image depicted here showcases a monocrystalline solar cell in pristine condition, devoid of any defects."
cell2419.png,34,"solar cell, monocrystalline, good","This image presents a monocrystalline solar cell in the solar panel sector, showcasing flawless quality without any visible defects."
cell2420.png,34,"solar cell, monocrystalline, good",The provided image displays a monocrystalline solar cell devoid of any defects within the solar cell industry context.
cell2421.png,34,"solar cell, monocrystalline, good","This image from the solar cell sector depicts a flawless monocrystalline solar cell, free of any defects."
cell2422.png,34,"solar cell, monocrystalline, good","This image captures a monocrystalline solar cell in the solar panel industry, exhibiting a flawless surface free from any defects."
cell2423.png,34,"solar cell, monocrystalline, good","The image depicts a monocrystalline solar cell in the solar cell sector, showcasing a flawless structure without any defects."
cell2424.png,34,"solar cell, monocrystalline, good","The image depicts a monocrystalline solar cell within the solar cell sector, showcasing a flawless structure devoid of any defects."
cell2425.png,34,"solar cell, monocrystalline, good",This image from the solar cell sector displays a monocrystalline solar cell exhibiting flawless quality.
cell2426.png,34,"solar cell, monocrystalline, good","The provided image depicts a monocrystalline solar cell within the solar cell sector, showcasing a defect-free structure."
cell2428.png,34,"solar cell, monocrystalline, good","The image displays a monocrystalline solar cell in pristine condition, devoid of any defects."
cell2430.png,34,"solar cell, monocrystalline, good","This image from the solar cell sector displays a flawless monocrystalline solar cell, free from any defects."
cell2434.png,34,"solar cell, monocrystalline, good","The image depicts a monocrystalline solar cell in the solar cell sector, showcasing flawless quality without any visible defects."
cell2438.png,34,"solar cell, monocrystalline, good","The image depicts a monocrystalline solar cell in the solar cell industry, exhibiting a flawless, defect-free structure."
cell2439.png,34,"solar cell, monocrystalline, good","The image depicted in the solar cell industry presents a flawless monocrystalline solar cell, devoid of any defects."
cell2440.png,34,"solar cell, monocrystalline, good","The image depicts a monocrystalline solar cell in the solar cell sector, showcasing a flawless construction without any defects."
cell2441.png,34,"solar cell, monocrystalline, good",The image provided displays a high-quality monocrystalline solar cell devoid of any visible defects within the solar cell industry.
cell2442.png,34,"solar cell, monocrystalline, good","The provided image depicts a monocrystalline solar cell within the solar cell sector, showcasing a flawless structure devoid of any defects."
cell0068.png,35,"solar cell, polycrystalline, crack",The image depicted in the solar cell industry showcases a polycrystalline solar cell that exhibits a crack defect.
cell0073.png,35,"solar cell, polycrystalline, crack",Displayed in this image from the solar cell industry is a polycrystalline solar cell exhibiting a crack defect.
cell0076.png,35,"solar cell, polycrystalline, crack",The image depicting a polycrystalline solar cell in the solar cell industry reveals the presence of a crack defect.
cell0077.png,35,"solar cell, polycrystalline, crack",The image provided depicts a polycrystalline solar cell with a visible crack defect within its structure.
cell0078.png,35,"solar cell, polycrystalline, crack",The provided image depicts a polycrystalline solar cell with a visible crack defect within its structure.
cell0083.png,35,"solar cell, polycrystalline, crack",The image in the solar cell industry depicts a polycrystalline solar cell exhibiting a crack imperfection.
cell0091.png,35,"solar cell, polycrystalline, crack",The image from the solar cell sector displays a polycrystalline solar cell exhibiting a fracture defect.
cell0115.png,35,"solar cell, polycrystalline, crack",The image depicted in this solar cell sector illustration exhibits a polycrystalline solar cell harboring a fracture flaw.
cell0141.png,35,"solar cell, polycrystalline, crack",The image depicts a polycrystalline solar cell in the solar cell sector with a visible crack defect.
cell0146.png,35,"solar cell, polycrystalline, crack","In the image from the solar cell sector, a polycrystalline solar cell is depicted with a visible crack defect."
cell0147.png,35,"solar cell, polycrystalline, crack",The provided image displays a polycrystalline solar cell with a visible crack defect within its structure.
cell0155.png,35,"solar cell, polycrystalline, crack",The image from the solar cell sector displays a polycrystalline solar cell exhibiting a fracture defect.
cell0164.png,35,"solar cell, polycrystalline, crack",The image provided displays a polycrystalline solar cell with a visible crack defect in the structure.
cell0165.png,35,"solar cell, polycrystalline, crack","In this image from the solar cell sector, a polycrystalline solar cell is depicted with a visible crack defect."
cell0171.png,35,"solar cell, polycrystalline, crack",The image in the solar cell sector depicts a polycrystalline solar cell with a visible crack defect.
cell0187.png,35,"solar cell, polycrystalline, crack","The provided image depicts a polycrystalline solar cell in the solar cell sector, exhibiting a visible crack defect."
cell0192.png,35,"solar cell, polycrystalline, crack","In this image from the solar cell sector, a polycrystalline solar cell is depicted with a visible crack defect."
cell0196.png,35,"solar cell, polycrystalline, crack",Displayed in the image is a polycrystalline solar cell featuring a visible crack defect within its structure.
cell0199.png,35,"solar cell, polycrystalline, crack","In this image from the solar cell sector, a polycrystalline solar cell is depicted with a noticeable crack defect."
cell0200.png,35,"solar cell, polycrystalline, crack","The image provided depicts a polycrystalline solar cell with a visible crack defect, highlighting a flaw within the solar cell structure."
cell0206.png,35,"solar cell, polycrystalline, crack",The image depicting a polycrystalline solar cell in the solar cell sector highlights the presence of a crack defect within the cell structure.
cell0208.png,35,"solar cell, polycrystalline, crack","The image presents a polycrystalline solar cell in the solar cell sector, showcasing a visible crack defect within its structure."
cell0211.png,35,"solar cell, polycrystalline, crack",The image depicts a polycrystalline solar cell in the solar cell sector with a visible crack defect.
cell0212.png,35,"solar cell, polycrystalline, crack","In this image from the solar cell sector, a polycrystalline solar cell is depicted with a prominent crack defect."
cell0213.png,35,"solar cell, polycrystalline, crack",The image depicts a polycrystalline solar cell with a visible crack defect within the structure.
cell0223.png,35,"solar cell, polycrystalline, crack",The image from the solar cell sector displays a polycrystalline solar cell with a visible crack defect.
cell0228.png,35,"solar cell, polycrystalline, crack",The image depicting a polycrystalline solar cell in the solar cell industry exhibits a defect in the form of a crack.
cell0229.png,35,"solar cell, polycrystalline, crack",The image provided depicts a polycrystalline solar cell with a visible crack defect within its structure.
cell0231.png,35,"solar cell, polycrystalline, crack",The image from the solar cell sector depicts a polycrystalline solar cell exhibiting a fracture defect.
cell0235.png,35,"solar cell, polycrystalline, crack",The image captured in the solar cell sector displays a polycrystalline solar cell featuring a visible crack imperfection.
cell0243.png,35,"solar cell, polycrystalline, crack",The image provided depicts a polycrystalline solar cell with a visible crack defect within the industry.
cell0246.png,35,"solar cell, polycrystalline, crack",The image provided depicts a polycrystalline solar cell featuring a visible crack defect within its structure.
cell0248.png,35,"solar cell, polycrystalline, crack",The image from the solar cell industry depicts a polycrystalline solar cell exhibiting a crack defect.
cell0251.png,35,"solar cell, polycrystalline, crack","The provided image displays a crack defect within a polycrystalline solar cell, commonly seen in the solar cell manufacturing sector."
cell0252.png,35,"solar cell, polycrystalline, crack","The provided image depicts a polycrystalline solar cell in the solar panel sector, exhibiting a noticeable crack defect."
cell0255.png,35,"solar cell, polycrystalline, crack","In this image from the solar cell sector, a polycrystalline solar cell is depicted with a noticeable crack defect."
cell0257.png,35,"solar cell, polycrystalline, crack",The image in this solar cell industry illustration depicts a polycrystalline solar cell with a visible crack defect.
cell0261.png,35,"solar cell, polycrystalline, crack",The image depicting a polycrystalline solar cell in the solar cell industry reveals the presence of a crack defect.
cell0263.png,35,"solar cell, polycrystalline, crack",The image depicting a polycrystalline solar cell in the solar industry exhibits a visible crack defect.
cell0264.png,35,"solar cell, polycrystalline, crack",The image from the solar cell sector displays a polycrystalline solar cell with a visible crack defect.
cell0268.png,35,"solar cell, polycrystalline, crack",The image displays a polycrystalline solar cell with a visible crack defect observed within the structure.
cell0270.png,35,"solar cell, polycrystalline, crack",The image of the solar cell sector displays a polycrystalline solar cell exhibiting a fracture defect.
cell0271.png,35,"solar cell, polycrystalline, crack",This image from the solar cell sector displays a polycrystalline solar cell exhibiting a fracture defect.
cell0274.png,35,"solar cell, polycrystalline, crack",The image from the solar cell sector depicts a polycrystalline solar cell exhibiting a crack defect.
cell0275.png,35,"solar cell, polycrystalline, crack",The image in this solar cell industry illustration displays a polycrystalline solar cell with a visible crack defect.
cell0277.png,35,"solar cell, polycrystalline, crack",The image in the solar cell sector portrays a polycrystalline solar cell exhibiting a crack defect.
cell0280.png,35,"solar cell, polycrystalline, crack",The image of this polycrystalline solar cell in the solar cell sector reveals the presence of a crack defect.
cell0281.png,35,"solar cell, polycrystalline, crack",The image depicts a polycrystalline solar cell in the solar industry with a noticeable crack defect.
cell0283.png,35,"solar cell, polycrystalline, crack","In this image from the solar cell sector, a polycrystalline solar cell is depicted with a visible crack defect."
cell0284.png,35,"solar cell, polycrystalline, crack",The image depicted in this solar cell industry illustration exhibits a polycrystalline solar cell with a noticeable crack defect.
cell0285.png,35,"solar cell, polycrystalline, crack","The image depicts a polycrystalline solar cell within the solar cell sector, exhibiting a notable crack defect."
cell0286.png,35,"solar cell, polycrystalline, crack",The image depicted here in the solar cell sector exhibits a polycrystalline solar cell harboring a crack imperfection.
cell0287.png,35,"solar cell, polycrystalline, crack","In this visual representation from the solar cell sector, we observe a polycrystalline solar cell exhibiting a noticeable crack imperfection."
cell0289.png,35,"solar cell, polycrystalline, crack",The image presented here depicts a polycrystalline solar cell with a visible crack defect within its structure.
cell0290.png,35,"solar cell, polycrystalline, crack",The image displays a polycrystalline solar cell within which a crack defect is clearly visible.
cell0292.png,35,"solar cell, polycrystalline, crack",The provided image depicts a polycrystalline solar cell showcasing a structural defect in the form of a crack.
cell0293.png,35,"solar cell, polycrystalline, crack","The image depicts a polycrystalline solar cell in the solar cell sector, showcasing a visible crack defect within its structure."
cell0295.png,35,"solar cell, polycrystalline, crack",The provided image depicts a polycrystalline solar cell in the solar cell sector exhibiting a crack imperfection.
cell0296.png,35,"solar cell, polycrystalline, crack",The image depicted in this solar cell industry illustration exhibits a polycrystalline solar cell with a visible crack defect.
cell0297.png,35,"solar cell, polycrystalline, crack",This image from the solar cell sector illustrates a polycrystalline solar cell that exhibits a crack defect.
cell0298.png,35,"solar cell, polycrystalline, crack",The image in the solar cell sector exhibits a polycrystalline solar cell with a visible crack defect.
cell0299.png,35,"solar cell, polycrystalline, crack","The image provided depicts a polycrystalline solar cell in the solar cell sector, revealing the presence of a crack defect within the structure."
cell0301.png,35,"solar cell, polycrystalline, crack",The image provided depicts a polycrystalline solar cell exhibiting a crack defect within the structure.
cell0305.png,35,"solar cell, polycrystalline, crack","In this image from the solar cell sector, a polycrystalline solar cell is depicted with a noticeable crack defect."
cell0307.png,35,"solar cell, polycrystalline, crack",The image displays a polycrystalline solar cell with a visible crack defect within the solar cell industry context.
cell0316.png,35,"solar cell, polycrystalline, crack",The image from the solar cell sector depicts a polycrystalline solar cell exhibiting a crack imperfection.
cell0317.png,35,"solar cell, polycrystalline, crack",This image from the solar cell sector depicts a polycrystalline solar cell exhibiting a crack imperfection.
cell0319.png,35,"solar cell, polycrystalline, crack",The image provided depicts a polycrystalline solar cell with a visible crack defect within the structure.
cell0322.png,35,"solar cell, polycrystalline, crack",The image from the solar cell sector depicts a polycrystalline solar cell featuring a crack imperfection.
cell0323.png,35,"solar cell, polycrystalline, crack",The image displayed in the solar cell industry depicts a polycrystalline solar cell with a visible crack defect.
cell0335.png,35,"solar cell, polycrystalline, crack",The provided image illustrates a polycrystalline solar cell displaying a defect in the form of a crack.
cell0342.png,35,"solar cell, polycrystalline, crack",The image illustrates a polycrystalline solar cell with a visible crack defect within the structure.
cell0343.png,35,"solar cell, polycrystalline, crack",The image from the solar cell sector displays a polycrystalline solar cell exhibiting a crack imperfection.
cell0346.png,35,"solar cell, polycrystalline, crack",Displayed in this image from the solar cell sector is a polycrystalline solar cell exhibiting a crack imperfection.
cell0347.png,35,"solar cell, polycrystalline, crack",The image depicted in the solar cell industry displays a polycrystalline solar cell exhibiting a flaw in the form of a crack.
cell0564.png,35,"solar cell, polycrystalline, crack",Displayed in this image from the solar cell sector is a polycrystalline solar cell exhibiting a crack anomaly.
cell0578.png,35,"solar cell, polycrystalline, crack",The image illustrates a polycrystalline solar cell with a visible crack defect within the structure.
cell0579.png,35,"solar cell, polycrystalline, crack",This image from the solar cell sector displays a polycrystalline solar cell exhibiting a crack imperfection.
cell0595.png,35,"solar cell, polycrystalline, crack",The provided image portrays a polycrystalline solar cell featuring a visible crack defect within its structure.
cell0601.png,35,"solar cell, polycrystalline, crack",The image depicts a polycrystalline solar cell in the solar cell sector exhibiting a crack defect.
cell0605.png,35,"solar cell, polycrystalline, crack",The image in the solar cell industry depicts a polycrystalline solar cell exhibiting a crack defect.
cell0606.png,35,"solar cell, polycrystalline, crack",The image depicts a polycrystalline solar cell in the solar cell sector with a visible crack defect.
cell0607.png,35,"solar cell, polycrystalline, crack","In this image from the solar cell sector, a polycrystalline solar cell is depicted with a visible crack defect."
cell0608.png,35,"solar cell, polycrystalline, crack","The image depicts a polycrystalline solar cell in the solar cell sector, exhibiting a visible crack defect."
cell0611.png,35,"solar cell, polycrystalline, crack","In this image from the solar cell sector, a crack defect is visible within a polycrystalline solar cell."
cell0612.png,35,"solar cell, polycrystalline, crack",The image displayed in the solar cell industry portrays a polycrystalline solar cell with a visible crack defect.
cell0613.png,35,"solar cell, polycrystalline, crack","The image depicts a polycrystalline solar cell in the solar panel sector, exhibiting a crack defect."
cell0614.png,35,"solar cell, polycrystalline, crack",This image from the solar cell sector depicts a polycrystalline solar cell exhibiting a crack imperfection.
cell0616.png,35,"solar cell, polycrystalline, crack",The image depicted in the solar cell industry illustrates a polycrystalline solar cell with a visible crack defect.
cell0618.png,35,"solar cell, polycrystalline, crack",The image provided depicts a polycrystalline solar cell within which a crack defect is visible.
cell0626.png,35,"solar cell, polycrystalline, crack","In this image from the solar cell sector, a polycrystalline solar cell is depicted exhibiting a crack imperfection."
cell0634.png,35,"solar cell, polycrystalline, crack",The image from the solar cell sector displays a polycrystalline solar cell exhibiting a crack imperfection.
cell0636.png,35,"solar cell, polycrystalline, crack","The image depicts a polycrystalline solar cell within the solar cell sector, showcasing a crack anomaly."
cell0639.png,35,"solar cell, polycrystalline, crack","The provided image displays a polycrystalline solar cell with a visible crack defect, as observed in the solar cell industry."
cell0640.png,35,"solar cell, polycrystalline, crack",The image captured in the solar cell industry displays a polycrystalline solar cell with a noticeable crack defect.
cell0642.png,35,"solar cell, polycrystalline, crack","In this image from the solar cell sector, a polycrystalline solar cell is depicted with a visible crack defect."
cell0644.png,35,"solar cell, polycrystalline, crack",The image from the solar cell sector depicts a polycrystalline solar cell exhibiting a crack imperfection.
cell0645.png,35,"solar cell, polycrystalline, crack","The image illustrates a polycrystalline solar cell within the solar cell sector, presenting a visible crack defect."
cell0654.png,35,"solar cell, polycrystalline, crack",The image provided depicts a polycrystalline solar cell in the solar cell industry showcasing a prominent crack defect.
cell0662.png,35,"solar cell, polycrystalline, crack",The image in the solar cell industry depicts a polycrystalline solar cell exhibiting a crack defect.
cell0666.png,35,"solar cell, polycrystalline, crack",The image provided depicts a polycrystalline solar cell with a visible crack defect within the structure.
cell0672.png,35,"solar cell, polycrystalline, crack",The image depicts a polycrystalline solar cell in the solar panel sector that exhibits a crack defect.
cell0673.png,35,"solar cell, polycrystalline, crack",The image of this polycrystalline solar cell in the solar cell industry exhibits a visible crack defect.
cell0674.png,35,"solar cell, polycrystalline, crack","The image depicts a polycrystalline solar cell within the solar cell sector, exhibiting a noticeable crack defect."
cell0675.png,35,"solar cell, polycrystalline, crack","In this image from the solar cell sector, a polycrystalline solar cell is depicted with a noticeable crack defect."
cell0678.png,35,"solar cell, polycrystalline, crack","The image depicts a polycrystalline solar cell in the solar cell sector, exhibiting a visible crack defect."
cell0680.png,35,"solar cell, polycrystalline, crack",The industry image depicts a polycrystalline solar cell exhibiting a fracture defect.
cell0691.png,35,"solar cell, polycrystalline, crack",This image from the solar cell sector displays a polycrystalline solar cell exhibiting a crack imperfection.
cell0693.png,35,"solar cell, polycrystalline, crack",The provided image illustrates a polycrystalline solar cell featuring a structural flaw in the form of a crack.
cell0694.png,35,"solar cell, polycrystalline, crack",The image from the solar cell industry displays a polycrystalline solar cell that exhibits a crack defect.
cell0695.png,35,"solar cell, polycrystalline, crack",The image from the solar cell industry displays a polycrystalline solar cell exhibiting a crack defect.
cell0696.png,35,"solar cell, polycrystalline, crack",The image captured in the solar cell industry depicts a polycrystalline solar cell exhibiting a crack defect.
cell0699.png,35,"solar cell, polycrystalline, crack",Displayed in this image from the solar cell sector is a polycrystalline solar cell exhibiting a fracture anomaly.
cell0701.png,35,"solar cell, polycrystalline, crack",The image depicted in this snapshot from the solar cell sector showcases a polycrystalline solar cell exhibiting a fracture flaw.
cell0713.png,35,"solar cell, polycrystalline, crack",The image captured within the solar cell industry displays a polycrystalline solar cell exhibiting a visible crack defect.
cell0714.png,35,"solar cell, polycrystalline, crack",Displayed in this image from the solar cell sector is a polycrystalline solar cell exhibiting a fracture defect.
cell0732.png,35,"solar cell, polycrystalline, crack",A visual representation from the solar cell sector illustrates a polycrystalline solar cell exhibiting a noticeable crack defect.
cell0740.png,35,"solar cell, polycrystalline, crack",This image from the solar cell sector displays a polycrystalline solar cell exhibiting a crack imperfection.
cell0741.png,35,"solar cell, polycrystalline, crack",The image provided depicts a polycrystalline solar cell with a visible crack defect within the structure.
cell0742.png,35,"solar cell, polycrystalline, crack",The image in the solar cell sector depicts a polycrystalline solar cell exhibiting a structural defect in the form of a crack.
cell0743.png,35,"solar cell, polycrystalline, crack",The image provided depicts a polycrystalline solar cell featuring a crack defect within the structure.
cell0744.png,35,"solar cell, polycrystalline, crack",This image from the solar cell sector displays a polycrystalline solar cell exhibiting a crack anomaly.
cell0758.png,35,"solar cell, polycrystalline, crack",This industry image depicts a polycrystalline solar cell showcasing a crack defect.
cell0759.png,35,"solar cell, polycrystalline, crack",The image provided depicts a polycrystalline solar cell exhibiting a crack defect within the structure.
cell0783.png,35,"solar cell, polycrystalline, crack","The image depicts a polycrystalline solar cell within the solar cell sector, exhibiting a visible crack defect."
cell0787.png,35,"solar cell, polycrystalline, crack",The image depicts a polycrystalline solar cell with a noticeable crack defect within the structure.
cell0788.png,35,"solar cell, polycrystalline, crack",The image provided displays a polycrystalline solar cell featuring a noticeable crack defect within its structure.
cell0790.png,35,"solar cell, polycrystalline, crack",The image illustrates a polycrystalline solar cell with a visible crack defect within the industry.
cell0792.png,35,"solar cell, polycrystalline, crack",The image provided displays a polycrystalline solar cell with a visible crack defect in the structure.
cell0794.png,35,"solar cell, polycrystalline, crack",Displayed in this image from the solar cell sector is a polycrystalline solar cell exhibiting a crack imperfection.
cell0800.png,35,"solar cell, polycrystalline, crack","The image presented depicts a polycrystalline solar cell in the solar cell sector, exhibiting a noticeable crack defect."
cell0806.png,35,"solar cell, polycrystalline, crack",The image depicts a polycrystalline solar cell exhibiting a crack defect within the structure.
cell0817.png,35,"solar cell, polycrystalline, crack",The provided image depicts a polycrystalline solar cell exhibiting a fracture defect within its structure.
cell0821.png,35,"solar cell, polycrystalline, crack",The image in the solar cell sector depicts a polycrystalline solar cell with a visible crack defect.
cell0831.png,35,"solar cell, polycrystalline, crack",The image depicting a polycrystalline solar cell in the solar cell sector reveals the presence of a crack defect.
cell0834.png,35,"solar cell, polycrystalline, crack","The provided image depicts a polycrystalline solar cell in the solar cell sector, exhibiting a notable crack defect."
cell0837.png,35,"solar cell, polycrystalline, crack",The provided image illustrates a polycrystalline solar cell with a visible crack defect within its structure.
cell0841.png,35,"solar cell, polycrystalline, crack",The image captured in the solar cell industry depicts a polycrystalline solar cell exhibiting a crack defect.
cell0842.png,35,"solar cell, polycrystalline, crack","The image captures a polycrystalline solar cell from the solar cell sector, exhibiting a noticeable crack defect."
cell0843.png,35,"solar cell, polycrystalline, crack",This image from the solar cell sector depicts a polycrystalline solar cell exhibiting a crack imperfection.
cell0851.png,35,"solar cell, polycrystalline, crack",The image captured within the solar cell sector displays a polycrystalline solar cell exhibiting a crack imperfection.
cell0852.png,35,"solar cell, polycrystalline, crack",Displayed in this image from the solar cell sector is a polycrystalline solar cell exhibiting a crack imperfection.
cell0853.png,35,"solar cell, polycrystalline, crack",The image illustrates a polycrystalline solar cell with a visible crack defect within the structure.
cell0854.png,35,"solar cell, polycrystalline, crack","In this image from the solar cell sector, a polycrystalline solar cell is depicted with a visible crack defect."
cell0857.png,35,"solar cell, polycrystalline, crack",The provided image displays a polycrystalline solar cell in the solar cell industry with a noticeable crack defect.
cell0859.png,35,"solar cell, polycrystalline, crack",The image displayed here depicts a polycrystalline solar cell with a visible crack defect.
cell0860.png,35,"solar cell, polycrystalline, crack",The image in the solar cell sector depicts a polycrystalline solar cell exhibiting a crack defect.
cell0861.png,35,"solar cell, polycrystalline, crack","The image depicts a polycrystalline solar cell in the solar cell sector, showcasing a notable crack defect within its structure."
cell0862.png,35,"solar cell, polycrystalline, crack",Displayed in this image from the solar cell sector is a polycrystalline solar cell exhibiting a crack imperfection.
cell0863.png,35,"solar cell, polycrystalline, crack",The image captured in the solar cell sector exhibits a polycrystalline solar cell featuring a crack imperfection.
cell0865.png,35,"solar cell, polycrystalline, crack",The industry image presents a polycrystalline solar cell exhibiting a crack defect within its structure.
cell0867.png,35,"solar cell, polycrystalline, crack",The provided image in the solar cell sector displays a polycrystalline solar cell with a visible crack defect.
cell0869.png,35,"solar cell, polycrystalline, crack","In this image from the solar cell sector, a polycrystalline solar cell is depicted with a visible crack defect."
cell0870.png,35,"solar cell, polycrystalline, crack","The image depicts a polycrystalline solar cell in the solar cell sector, showcasing a defect characterized by a visible crack."
cell0873.png,35,"solar cell, polycrystalline, crack",Displayed in this image of the solar cell industry is a polycrystalline solar cell exhibiting a fracture defect.
cell0875.png,35,"solar cell, polycrystalline, crack",The image provided depicts a polycrystalline solar cell exhibiting a crack defect within the structure.
cell0876.png,35,"solar cell, polycrystalline, crack","In this image from the solar cell sector, a polycrystalline solar cell is depicted with a noticeable crack defect."
cell0877.png,35,"solar cell, polycrystalline, crack",The image presented in the solar cell sector depicts a polycrystalline solar cell exhibiting a fracture imperfection.
cell0878.png,35,"solar cell, polycrystalline, crack",The image of the solar cell industry depicts a polycrystalline solar cell exhibiting a crack defect.
cell0881.png,35,"solar cell, polycrystalline, crack",The image from the solar cell sector displays a polycrystalline solar cell exhibiting a crack imperfection.
cell0883.png,35,"solar cell, polycrystalline, crack","The image depicts a polycrystalline solar cell within the solar cell sector, exhibiting a crack imperfection."
cell0884.png,35,"solar cell, polycrystalline, crack","The provided image depicts a polycrystalline solar cell within which a crack defect is visible, highlighting a structural flaw in the solar cell industry."
cell0885.png,35,"solar cell, polycrystalline, crack",The image in the solar cell sector depicts a polycrystalline solar cell exhibiting a crack defect.
cell0886.png,35,"solar cell, polycrystalline, crack",The image from the solar cell sector depicts a polycrystalline solar cell exhibiting a crack imperfection.
cell0887.png,35,"solar cell, polycrystalline, crack",This image from the solar cell sector depicts a polycrystalline solar cell exhibiting a defect in the form of a visible crack.
cell0888.png,35,"solar cell, polycrystalline, crack","In this image from the solar cell sector, a polycrystalline solar cell is depicted with a visible crack defect."
cell0890.png,35,"solar cell, polycrystalline, crack",The image from the solar cell sector depicts a polycrystalline solar cell with a visible crack defect.
cell0891.png,35,"solar cell, polycrystalline, crack",The image from the solar cell sector illustrates a polycrystalline solar cell with a visible crack anomaly.
cell0899.png,35,"solar cell, polycrystalline, crack",The image provided depicts a polycrystalline solar cell with a visible crack defect within its structure.
cell1701.png,35,"solar cell, polycrystalline, crack","In this image from the solar cell industry, a polycrystalline solar cell is depicted with a visible crack defect."
cell1712.png,35,"solar cell, polycrystalline, crack","The image depicts a polycrystalline solar cell within the solar cell sector, showcasing the presence of a crack defect."
cell1761.png,35,"solar cell, polycrystalline, crack","The provided image depicts a polycrystalline solar cell within the solar cell industry, showcasing a significant crack defect."
cell1771.png,35,"solar cell, polycrystalline, crack",The image depicts a polycrystalline solar cell with a visible crack defect within the structure.
cell1890.png,35,"solar cell, polycrystalline, crack","The image depicts a polycrystalline solar cell within the solar cell industry, showcasing a visible crack defect."
cell1906.png,35,"solar cell, polycrystalline, crack",The image in the solar cell sector displays a polycrystalline solar cell with a noticeable crack defect.
cell1982.png,35,"solar cell, polycrystalline, crack",The image in question depicts a polycrystalline solar cell with a visible crack defect within the industry setting of solar cell manufacturing.
cell1989.png,35,"solar cell, polycrystalline, crack",This image from the solar cell sector displays a polycrystalline solar cell exhibiting a defect in the form of a crack.
cell1991.png,35,"solar cell, polycrystalline, crack","The provided image depicts a polycrystalline solar cell in the solar cell sector, showcasing the presence of a crack defect within its structure."
cell2017.png,35,"solar cell, polycrystalline, crack",The image provided depicts a polycrystalline solar cell showcasing a crack imperfection within its structure.
cell2036.png,35,"solar cell, polycrystalline, crack",The provided image depicts a polycrystalline solar cell with a visible crack defect within the structure.
cell2038.png,35,"solar cell, polycrystalline, crack","The image depicts a polycrystalline solar cell within the solar cell sector, exhibiting a crack defect."
cell2042.png,35,"solar cell, polycrystalline, crack",The image depicts a polycrystalline solar cell within the solar cell sector exhibiting a prominent crack defect.
cell2044.png,35,"solar cell, polycrystalline, crack",This image from the solar cell sector displays a polycrystalline solar cell exhibiting a crack imperfection.
cell2053.png,35,"solar cell, polycrystalline, crack","In this image from the solar cell sector, a polycrystalline solar cell is depicted with a visible crack defect."
cell2054.png,35,"solar cell, polycrystalline, crack",The image captured in the solar cell sector depicts a polycrystalline solar cell exhibiting a fracture defect.
cell2055.png,35,"solar cell, polycrystalline, crack",The provided image depicts a polycrystalline solar cell with a visible crack defect in the structure.
cell2070.png,35,"solar cell, polycrystalline, crack","The image provided depicts a polycrystalline solar cell with a visible crack defect, as observed within the solar cell industry."
cell2074.png,35,"solar cell, polycrystalline, crack",The image captured within the solar cell sector depicts a polycrystalline solar cell exhibiting a fracture defect.
cell2081.png,35,"solar cell, polycrystalline, crack",The image in the solar cell sector displays a polycrystalline solar cell exhibiting a crack imperfection.
cell2122.png,35,"solar cell, polycrystalline, crack","In this image from the solar cell sector, a polycrystalline solar cell is depicted with a visible crack defect."
cell2289.png,35,"solar cell, polycrystalline, crack","The image depicts a polycrystalline solar cell within the solar cell industry, showcasing a visible crack defect."
cell2350.png,35,"solar cell, polycrystalline, crack","The image displays a polycrystalline solar cell within the solar cell sector, showcasing a crack defect present in the cell structure."
cell2392.png,35,"solar cell, polycrystalline, crack",Displayed in this image from the solar cell sector is a polycrystalline solar cell exhibiting a fracture anomaly.
cell2446.png,35,"solar cell, polycrystalline, crack",Displayed in this image from the solar cell industry is a polycrystalline solar cell exhibiting a crack defect.
cell2456.png,35,"solar cell, polycrystalline, crack",The provided image illustrates a polycrystalline solar cell with a visible crack defect within its structure.
cell2509.png,35,"solar cell, polycrystalline, crack","The image presented depicts a polycrystalline solar cell in the solar cell industry, showcasing a visible crack defect within the cell structure."
cell2516.png,35,"solar cell, polycrystalline, crack",The image presented here displays a polycrystalline solar cell with a visible crack defect in the structure.
cell2517.png,35,"solar cell, polycrystalline, crack",The provided image depicts a polycrystalline solar cell within which a crack defect is clearly visible.
cell2525.png,35,"solar cell, polycrystalline, crack","The image depicts a polycrystalline solar cell in the solar cell sector, highlighting the presence of a crack defect within its structure."
cell2526.png,35,"solar cell, polycrystalline, crack",The image depicting a polycrystalline solar cell in the solar energy sector highlights the presence of a structural crack defect.
cell2538.png,35,"solar cell, polycrystalline, crack",The provided image illustrates a polycrystalline solar cell showcasing a crack defect within its structure.
cell2546.png,35,"solar cell, polycrystalline, crack",The image from the solar cell sector displays a polycrystalline solar cell exhibiting a fracture defect.
cell2547.png,35,"solar cell, polycrystalline, crack","The image depicts a polycrystalline solar cell within the solar cell sector, revealing the presence of a crack defect."
cell2548.png,35,"solar cell, polycrystalline, crack",The image from the solar cell sector depicts a polycrystalline solar cell with a visible crack defect.
cell0244.png,36,"solar cell, polycrystalline, crack and Inactive",The provided image depicts a polycrystalline solar cell exhibiting a crack along with an inactive defect.
cell0249.png,36,"solar cell, polycrystalline, crack and Inactive",The image from the solar cell sector displays a polycrystalline solar cell with a visible crack and an inactive defect.
cell0266.png,36,"solar cell, polycrystalline, crack and Inactive",This image from the solar cell sector depicts a polycrystalline solar cell that displays a crack alongside an inactive defect.
cell0312.png,36,"solar cell, polycrystalline, crack and Inactive",The image illustrates a polycrystalline solar cell with a visible crack and an inactive defect.
cell0320.png,36,"solar cell, polycrystalline, crack and Inactive",This image from the solar cell sector depicts a polycrystalline solar cell exhibiting a crack alongside an inactive defect.
cell0602.png,36,"solar cell, polycrystalline, crack and Inactive","In this image from the solar cell sector, a polycrystalline solar cell is depicted with a visible crack and an inactive defect."
cell0603.png,36,"solar cell, polycrystalline, crack and Inactive","The image depicts a polycrystalline solar cell in the solar cell sector, exhibiting a visible crack alongside an inactive defect."
cell0660.png,36,"solar cell, polycrystalline, crack and Inactive",Displayed in this image from the solar cell sector is a polycrystalline solar cell exhibiting a fracture alongside an inactive defect.
cell0668.png,36,"solar cell, polycrystalline, crack and Inactive",This image from the solar cell sector displays a polycrystalline solar cell exhibiting a crack and an inactive defect.
cell0686.png,36,"solar cell, polycrystalline, crack and Inactive",The image from the solar cell sector displays a polycrystalline solar cell exhibiting a crack alongside an inactive defect.
cell0835.png,36,"solar cell, polycrystalline, crack and Inactive",The provided image of a polycrystalline solar cell illustrates the presence of a crack and an inactive defect within the cell.
cell0882.png,36,"solar cell, polycrystalline, crack and Inactive",The image of this polycrystalline solar cell in the solar cell sector displays a fracture along with an inactive defect.
cell0889.png,36,"solar cell, polycrystalline, crack and Inactive",The image depicting a polycrystalline solar cell in the solar industry reveals the presence of a crack alongside an inactive defect.
cell0897.png,36,"solar cell, polycrystalline, crack and Inactive",The image from the solar cell sector displays a polycrystalline solar cell featuring a crack alongside an inactive defect.
cell1615.png,36,"solar cell, polycrystalline, crack and Inactive",The provided image from the solar cell sector displays a polycrystalline solar cell showcasing a visible crack alongside an inactive defect.
cell1618.png,36,"solar cell, polycrystalline, crack and Inactive",Displayed in this image from the solar cell sector is a polycrystalline solar cell exhibiting a crack alongside an inactive defect.
cell1621.png,36,"solar cell, polycrystalline, crack and Inactive",The provided image displays a polycrystalline solar cell featuring a crack alongside an inactive defect.
cell1622.png,36,"solar cell, polycrystalline, crack and Inactive","In this image from the solar cell sector, a polycrystalline solar cell is depicted with visible signs of a fracture and an inactive flaw."
cell1624.png,36,"solar cell, polycrystalline, crack and Inactive",The provided image displays a polycrystalline solar cell featuring a crack alongside an inactive defect.
cell1625.png,36,"solar cell, polycrystalline, crack and Inactive",The image provided displays a polycrystalline solar cell featuring a crack and an inactive defect.
cell1626.png,36,"solar cell, polycrystalline, crack and Inactive",The provided image depicts a polycrystalline solar cell with a visible crack and an inactive defect.
cell1627.png,36,"solar cell, polycrystalline, crack and Inactive",The provided image depicts a polycrystalline solar cell exhibiting a visible crack alongside an inactive defect.
cell1628.png,36,"solar cell, polycrystalline, crack and Inactive",This image from the solar cell sector displays a polycrystalline solar cell featuring a crack as well as an inactive defect.
cell1629.png,36,"solar cell, polycrystalline, crack and Inactive","In this image from the solar cell sector, we observe a polycrystalline solar cell exhibiting a crack alongside an inactive defect."
cell1631.png,36,"solar cell, polycrystalline, crack and Inactive","In this image from the solar cell sector, a polycrystalline solar cell is depicted with a visible crack and an inactive defect."
cell1632.png,36,"solar cell, polycrystalline, crack and Inactive",Displayed in this image from the solar cell industry is a polycrystalline solar cell exhibiting a crack alongside an inactive defect.
cell1633.png,36,"solar cell, polycrystalline, crack and Inactive",The image from the solar cell sector displays a polycrystalline solar cell featuring a crack alongside an inactive defect.
cell1635.png,36,"solar cell, polycrystalline, crack and Inactive",The image from the solar cell sector depicts a polycrystalline solar cell exhibiting a crack and a non-active defect.
cell1637.png,36,"solar cell, polycrystalline, crack and Inactive",The image in this solar cell sector displays a polycrystalline solar cell featuring a visible crack and a non-functional defect.
cell1638.png,36,"solar cell, polycrystalline, crack and Inactive",The image depicts a polycrystalline solar cell with a visible crack and an inactive defect.
cell1639.png,36,"solar cell, polycrystalline, crack and Inactive",The image from the solar cell sector displays a polycrystalline solar cell exhibiting a crack and an inactive defect.
cell1643.png,36,"solar cell, polycrystalline, crack and Inactive",The image depicted in this solar cell industry illustration features a polycrystalline solar cell exhibiting a crack alongside an inactive defect.
cell1645.png,36,"solar cell, polycrystalline, crack and Inactive",Displayed in this image from the solar cell industry is a polycrystalline solar cell exhibiting a crack alongside an inactive defect.
cell1647.png,36,"solar cell, polycrystalline, crack and Inactive",The provided image depicts a polycrystalline solar cell exhibiting a crack and an inactive defect.
cell1650.png,36,"solar cell, polycrystalline, crack and Inactive",The image from the solar cell sector depicts a polycrystalline solar cell exhibiting a fracture alongside an inactive defect.
cell1651.png,36,"solar cell, polycrystalline, crack and Inactive",The image from the solar cell sector displays a polycrystalline solar cell featuring a crack and a non-active defect.
cell1653.png,36,"solar cell, polycrystalline, crack and Inactive","In this image from the solar cell sector, a polycrystalline solar cell is depicted with visible signs of a crack and an inactive defect."
cell1655.png,36,"solar cell, polycrystalline, crack and Inactive",The image from the solar cell sector presents a polycrystalline solar cell with a visible crack and an inactive defect.
cell1657.png,36,"solar cell, polycrystalline, crack and Inactive",The image depicting a polycrystalline solar cell in the solar cell sector displays a visible crack alongside an inactive defect.
cell1665.png,36,"solar cell, polycrystalline, crack and Inactive",Displayed in this image from the solar cell industry is a polycrystalline solar cell exhibiting a crack alongside an inactive defect.
cell1666.png,36,"solar cell, polycrystalline, crack and Inactive",The image provided depicts a polycrystalline solar cell exhibiting a crack and an inactive defect within its structure.
cell1667.png,36,"solar cell, polycrystalline, crack and Inactive",The depicted image in the solar cell sector displays a polycrystalline solar cell exhibiting both a crack and an inactive defect.
cell1668.png,36,"solar cell, polycrystalline, crack and Inactive",The image from the solar cell industry displays a polycrystalline solar cell with a visible crack and an inactive defect.
cell1670.png,36,"solar cell, polycrystalline, crack and Inactive",The provided image depicts a polycrystalline solar cell exhibiting a visible crack along with an inactive defect.
cell1671.png,36,"solar cell, polycrystalline, crack and Inactive",The image provided depicts a polycrystalline solar cell that exhibits a visible crack alongside an inactive defect.
cell1672.png,36,"solar cell, polycrystalline, crack and Inactive",Illustrated in this image from the solar cell sector is a polycrystalline solar cell exhibiting both a crack and an inactive defect.
cell1673.png,36,"solar cell, polycrystalline, crack and Inactive",The provided image depicts a polycrystalline solar cell featuring a visible crack and an inactive defect.
cell1674.png,36,"solar cell, polycrystalline, crack and Inactive",The provided image depicts a polycrystalline solar cell exhibiting a crack along with an inactive defect.
cell2052.png,36,"solar cell, polycrystalline, crack and Inactive",The image from the solar cell sector exhibits a polycrystalline solar cell featuring a visible crack along with an inactive defect.
cell2057.png,36,"solar cell, polycrystalline, crack and Inactive","In the image from the solar cell sector, a polycrystalline solar cell is depicted with a visible crack and a non-functional defect."
cell2071.png,36,"solar cell, polycrystalline, crack and Inactive",The image depicting a polycrystalline solar cell showcases the presence of a crack alongside an inactive defect.
cell2544.png,36,"solar cell, polycrystalline, crack and Inactive",The image from the solar cell sector depicts a polycrystalline solar cell featuring a visible crack and an inactive defect.
cell0201.png,37,"solar cell, polycrystalline, Inactive",This image from the solar cell sector depicts a polycrystalline solar cell housing an inactive defect.
cell0203.png,37,"solar cell, polycrystalline, Inactive",The provided image depicts a polycrystalline solar cell with an inactive defect within its structure.
cell0702.png,37,"solar cell, polycrystalline, Inactive",The image from the solar cell sector depicts a polycrystalline solar cell featuring an inactive defect.
cell0708.png,37,"solar cell, polycrystalline, Inactive",The image depicting a polycrystalline solar cell in the solar energy sector reveals the presence of an inactive defect within the cell structure.
cell0786.png,37,"solar cell, polycrystalline, Inactive","The image depicts a polycrystalline solar cell within the solar cell sector, showcasing the presence of an inactive defect."
cell0798.png,37,"solar cell, polycrystalline, Inactive",The image in question depicts a polycrystalline solar cell with an inactive defect within its structure.
cell1616.png,37,"solar cell, polycrystalline, Inactive","The image depicts a polycrystalline solar cell within the solar cell sector, showcasing the presence of an inactive defect."
cell1623.png,37,"solar cell, polycrystalline, Inactive",This image from the solar cell sector depicts a polycrystalline solar cell featuring an inactive defect.
cell1976.png,37,"solar cell, polycrystalline, Inactive",The image depicts a polycrystalline solar cell showcasing the presence of an inactive defect within its structure.
cell2599.png,37,"solar cell, polycrystalline, Inactive",The image from the solar cell sector displays a polycrystalline solar cell featuring an inactive defect.
cell0061.png,38,"solar cell, polycrystalline, good",The image from the solar cell sector displays a polycrystalline solar cell that exhibits no imperfections.
cell0062.png,38,"solar cell, polycrystalline, good","The image depicts a polycrystalline solar cell within the solar cell sector, devoid of any defects."
cell0063.png,38,"solar cell, polycrystalline, good",The image provided displays a polycrystalline solar cell within the solar industry that exhibits a flawless structure without any defects.
cell0065.png,38,"solar cell, polycrystalline, good","In this image from the solar cell sector, we observe a polycrystalline solar cell devoid of any defects."
cell0066.png,38,"solar cell, polycrystalline, good",The image captures a flawlessly manufactured polycrystalline solar cell within the solar cell sector.
cell0067.png,38,"solar cell, polycrystalline, good","The image depicts a polycrystalline solar cell within the solar cell sector, showcasing a flawless structure without any defects present."
cell0069.png,38,"solar cell, polycrystalline, good",The provided image depicts a flaw-free polycrystalline solar cell within the solar cell sector.
cell0071.png,38,"solar cell, polycrystalline, good",The provided image depicts a flaw-free polycrystalline solar cell within the solar panel sector.
cell0074.png,38,"solar cell, polycrystalline, good","The image presents a polycrystalline solar cell within the solar cell sector, showcasing a flawless structure without any observable defects."
cell0079.png,38,"solar cell, polycrystalline, good","The image provided depicts a polycrystalline solar cell within the solar cell sector, showcasing a flawless structure devoid of any defects."
cell0080.png,38,"solar cell, polycrystalline, good",The image from the solar cell sector displays a polycrystalline solar cell devoid of any imperfections.
cell0081.png,38,"solar cell, polycrystalline, good",The image of this polycrystalline solar cell in the solar cell industry reveals a flawless structure devoid of any defects.
cell0084.png,38,"solar cell, polycrystalline, good",The provided image depicts a flawless polycrystalline solar cell within the solar cell sector.
cell0085.png,38,"solar cell, polycrystalline, good",The image depicts a flawless polycrystalline solar cell within the solar cell sector.
cell0086.png,38,"solar cell, polycrystalline, good",The image captured within the solar cell industry exhibits a polycrystalline solar cell that appears free of any defects.
cell0087.png,38,"solar cell, polycrystalline, good",Displayed in this image from the solar cell sector is a polycrystalline solar cell that exhibits an absence of defects.
cell0088.png,38,"solar cell, polycrystalline, good","The image depicted here captures a polycrystalline solar cell within the solar industry, showcasing a flawless absence of defects."
cell0090.png,38,"solar cell, polycrystalline, good","The image provided depicts a polycrystalline solar cell within the solar cell sector, showcasing a flawless absence of defects."
cell0092.png,38,"solar cell, polycrystalline, good",The image from the solar cell sector displays a polycrystalline solar cell that exhibits impeccable defect-free characteristics.
cell0093.png,38,"solar cell, polycrystalline, good",The provided image displays a defect-free polycrystalline solar cell within the solar cell sector.
cell0094.png,38,"solar cell, polycrystalline, good",The image depicted here captures a flawlessly manufactured polycrystalline solar cell within the solar cell sector.
cell0095.png,38,"solar cell, polycrystalline, good",The image provided displays a polycrystalline solar cell in pristine condition with no observable defects.
cell0096.png,38,"solar cell, polycrystalline, good",The image of a polycrystalline solar cell in the solar cell sector displays a flawless structure devoid of any defects.
cell0097.png,38,"solar cell, polycrystalline, good",The provided image displays a flawless polycrystalline solar cell within the solar cell sector.
cell0098.png,38,"solar cell, polycrystalline, good",The provided image depicts a polycrystalline solar cell within the solar cell sector that exhibits a flawless condition with no detectable defects.
cell0099.png,38,"solar cell, polycrystalline, good","The image provided displays a polycrystalline solar cell within the solar cell sector, showcasing a defect-free structure."
cell0100.png,38,"solar cell, polycrystalline, good",The image provided depicts a flawless polycrystalline solar cell within the solar cell sector.
cell0101.png,38,"solar cell, polycrystalline, good",The provided image depicts a defect-free polycrystalline solar cell within the solar cell industry.
cell0102.png,38,"solar cell, polycrystalline, good",The image provided depicts a flaw-free polycrystalline solar cell within the solar cell sector.
cell0103.png,38,"solar cell, polycrystalline, good","The image depicts a polycrystalline solar cell within the solar cell sector, showcasing a flawless structure devoid of any defects."
cell0106.png,38,"solar cell, polycrystalline, good",The image from the solar cell industry displays a polycrystalline solar cell that exhibits a flawless structure without any visible defects.
cell0107.png,38,"solar cell, polycrystalline, good",The image provided displays a polycrystalline solar cell devoid of any defects within the solar cell industry.
cell0108.png,38,"solar cell, polycrystalline, good","The image provided displays a polycrystalline solar cell within the solar cell sector, showcasing a flawless structure devoid of any defects."
cell0109.png,38,"solar cell, polycrystalline, good",The image depicts a flawless polycrystalline solar cell within the solar cell sector.
cell0112.png,38,"solar cell, polycrystalline, good",The image of this polycrystalline solar cell in the solar cell industry displays a flawless structure without any defects.
cell0116.png,38,"solar cell, polycrystalline, good",Displayed in this image from the solar cell sector is a polycrystalline solar cell that exhibits a flawless structure devoid of any defects.
cell0117.png,38,"solar cell, polycrystalline, good",The image of the polycrystalline solar cell in this industry snapshot reveals a flawless structure devoid of any defects.
cell0118.png,38,"solar cell, polycrystalline, good",The provided image depicts a flawless polycrystalline solar cell within the solar cell sector.
cell0121.png,38,"solar cell, polycrystalline, good",The image of a polycrystalline solar cell in the solar cell sector portrays a flawless structure devoid of any defects.
cell0123.png,38,"solar cell, polycrystalline, good","The image provided depicts a polycrystalline solar cell in pristine condition, devoid of any defects."
cell0124.png,38,"solar cell, polycrystalline, good",The image depicts a flaw-free polycrystalline solar cell within the solar cell sector.
cell0125.png,38,"solar cell, polycrystalline, good","In this image from the solar cell sector, we observe a polycrystalline solar cell that exhibits a flawless structure without any defects."
cell0126.png,38,"solar cell, polycrystalline, good","The image presented here depicts a polycrystalline solar cell within the solar cell sector, showcasing a flawless absence of defects."
cell0127.png,38,"solar cell, polycrystalline, good",The image provided depicts a flaw-free polycrystalline solar cell within the solar cell sector.
cell0131.png,38,"solar cell, polycrystalline, good",The image of a polycrystalline solar cell in the solar industry displays a flawless structure without any defects.
cell0134.png,38,"solar cell, polycrystalline, good","In this image from the solar cell sector, a polycrystalline solar cell is depicted with an absence of any defects."
cell0135.png,38,"solar cell, polycrystalline, good",The image provided depicts a flawlessly manufactured polycrystalline solar cell within the solar cell sector.
cell0137.png,38,"solar cell, polycrystalline, good",The image within the solar cell sector displays a polycrystalline solar cell devoid of any imperfections.
cell0138.png,38,"solar cell, polycrystalline, good","This image depicts a polycrystalline solar cell in the solar cell sector, showcasing a flawless structure without any defects present."
cell0139.png,38,"solar cell, polycrystalline, good","The image provided showcases a polycrystalline solar cell within the solar cell sector, exhibiting a flawless structure devoid of any defects."
cell0140.png,38,"solar cell, polycrystalline, good",The image of a polycrystalline solar cell in the solar cell sector reveals a flawless structure without any defects present.
cell0144.png,38,"solar cell, polycrystalline, good",The image provided depicts a flawless polycrystalline solar cell within the solar cell sector.
cell0145.png,38,"solar cell, polycrystalline, good","This image captures a polycrystalline solar cell within the solar cell sector, showcasing a flawless structure devoid of any defects."
cell0149.png,38,"solar cell, polycrystalline, good",The image depicts a flawlessly manufactured polycrystalline solar cell within the solar cell sector.
cell0150.png,38,"solar cell, polycrystalline, good",The image depicting a polycrystalline solar cell in the solar cell sector exhibits flawless integrity without any observable defects.
cell0151.png,38,"solar cell, polycrystalline, good","The provided image depicts a polycrystalline solar cell within the solar cell sector, showcasing a flawless absence of defects."
cell0152.png,38,"solar cell, polycrystalline, good",The image of a polycrystalline solar cell in the solar cell sector displays a flawless structure without any defects.
cell0154.png,38,"solar cell, polycrystalline, good",The image of a polycrystalline solar cell in the solar cell industry demonstrates a flawless structure devoid of any defects.
cell0156.png,38,"solar cell, polycrystalline, good","The provided image depicts a polycrystalline solar cell in pristine condition, devoid of any defects."
cell0157.png,38,"solar cell, polycrystalline, good","The image depicts a polycrystalline solar cell within the solar industry, showcasing a flawless structure without any defects present."
cell0159.png,38,"solar cell, polycrystalline, good","The image depicts a polycrystalline solar cell within the solar cell sector, showcasing a flawless absence of defects."
cell0160.png,38,"solar cell, polycrystalline, good",The image depicts a flawless polycrystalline solar cell within the solar cell sector.
cell0163.png,38,"solar cell, polycrystalline, good",The image from the solar cell sector depicts a flaw-free polycrystalline solar cell.
cell0166.png,38,"solar cell, polycrystalline, good",The image depicting a polycrystalline solar cell in the solar cell sector exhibits a flawless structure without any defects present.
cell0167.png,38,"solar cell, polycrystalline, good",The image provided depicts a flawlessly structured polycrystalline solar cell within the solar cell sector.
cell0168.png,38,"solar cell, polycrystalline, good",The image from the solar cell sector depicts a polycrystalline solar cell that exhibits a flawless structure without any defects.
cell0170.png,38,"solar cell, polycrystalline, good",The image depicted in the solar cell industry showcases a flawlessly crafted polycrystalline solar cell devoid of any imperfections.
cell0172.png,38,"solar cell, polycrystalline, good",The image depicting a polycrystalline solar cell in the solar cell sector showcases a flawless structure devoid of any defects.
cell0173.png,38,"solar cell, polycrystalline, good",The image depicted in the solar cell industry displays a polycrystalline solar cell that exhibits an absence of defects.
cell0174.png,38,"solar cell, polycrystalline, good","The image illustrates a polycrystalline solar cell within the solar cell sector, showcasing a flawless structure devoid of any defects."
cell0175.png,38,"solar cell, polycrystalline, good",The image of the polycrystalline solar cell depicted in this industry illustration exhibits a flawless structure devoid of any defects.
cell0176.png,38,"solar cell, polycrystalline, good",The image captured in the solar cell sector depicts a polycrystalline solar cell that exhibits a flawless structure without any defects present.
cell0178.png,38,"solar cell, polycrystalline, good","In this image from the solar cell sector, we observe a polycrystalline solar cell that exhibits a flawless structure without any defects present."
cell0179.png,38,"solar cell, polycrystalline, good",This image from the solar cell sector displays a polycrystalline solar cell that exhibits flawless quality without any defects.
cell0180.png,38,"solar cell, polycrystalline, good",The image from the solar cell sector depicts a polycrystalline solar cell that exhibits a flawless structure without any defects.
cell0181.png,38,"solar cell, polycrystalline, good",The image representing the solar cell sector displays a polycrystalline solar cell devoid of any imperfections.
cell0182.png,38,"solar cell, polycrystalline, good","The image provided depicts a polycrystalline solar cell within the solar cell sector, showcasing a flawless structure devoid of any defects."
cell0184.png,38,"solar cell, polycrystalline, good","The image provided depicts a polycrystalline solar cell within the solar cell sector, exhibiting an absence of defects."
cell0188.png,38,"solar cell, polycrystalline, good","The image provided displays a polycrystalline solar cell within the solar cell sector, exhibiting a flawless structure devoid of any defects."
cell0189.png,38,"solar cell, polycrystalline, good",The image displayed here depicts a flawlessly manufactured polycrystalline solar cell within the solar cell sector.
cell0191.png,38,"solar cell, polycrystalline, good",The image provided depicts a flawless polycrystalline solar cell within the solar cell sector.
cell0193.png,38,"solar cell, polycrystalline, good",The image provided displays a polycrystalline solar cell within the solar cell sector that exhibits a flawless structure devoid of any defects.
cell0194.png,38,"solar cell, polycrystalline, good",The image depicting a polycrystalline solar cell in the solar cell industry exhibits a flawless structure devoid of any defects.
cell0195.png,38,"solar cell, polycrystalline, good",This image from the solar cell sector displays a polycrystalline solar cell that exhibits flawless quality without any defects.
cell0197.png,38,"solar cell, polycrystalline, good",The image displayed represents a flaw-free polycrystalline solar cell within the solar cell sector.
cell0198.png,38,"solar cell, polycrystalline, good",The image depicts a flawlessly intact polycrystalline solar cell within the solar cell sector.
cell0202.png,38,"solar cell, polycrystalline, good","The image provided displays a polycrystalline solar cell within the solar cell sector, showcasing a flawless structure without any defects present."
cell0204.png,38,"solar cell, polycrystalline, good",The image provided depicts a flawlessly intact polycrystalline solar cell within the solar cell sector.
cell0205.png,38,"solar cell, polycrystalline, good",Displayed in this image from the solar cell sector is a polycrystalline solar cell that exhibits flawless characteristics with no visible defects.
cell0207.png,38,"solar cell, polycrystalline, good",The provided image depicts a flawlessly structured polycrystalline solar cell within the solar cell sector.
cell0209.png,38,"solar cell, polycrystalline, good",The image of a polycrystalline solar cell in the solar cell industry exhibits flawless quality with no observable defects.
cell0210.png,38,"solar cell, polycrystalline, good",The image from the solar cell sector depicts a polycrystalline solar cell that exhibits flawless quality with no observable defects.
cell0216.png,38,"solar cell, polycrystalline, good",The image from the solar cell sector depicts a flaw-free polycrystalline solar cell.
cell0217.png,38,"solar cell, polycrystalline, good",This image from the solar cell sector presents a polycrystalline solar cell that exhibits no signs of defects.
cell0218.png,38,"solar cell, polycrystalline, good",The provided image depicts a flawless polycrystalline solar cell within the solar cell sector.
cell0219.png,38,"solar cell, polycrystalline, good","The provided image illustrates a polycrystalline solar cell within the solar cell sector, showcasing a flawless absence of defects."
cell0222.png,38,"solar cell, polycrystalline, good","In this image from the solar cell sector, a polycrystalline solar cell is depicted, showcasing a flawless structure without any defects."
cell0226.png,38,"solar cell, polycrystalline, good",The image of a polycrystalline solar cell in the solar energy sector displays a flawless structure without any defects.
cell0233.png,38,"solar cell, polycrystalline, good",The image depicts a flawlessly manufactured polycrystalline solar cell within the solar cell sector.
cell0234.png,38,"solar cell, polycrystalline, good",This image of a polycrystalline solar cell within the solar cell industry depicts a flawless structure without any observable defects.
cell0237.png,38,"solar cell, polycrystalline, good",The image captured within the solar cell sector displays a polycrystalline solar cell devoid of any imperfections.
cell0238.png,38,"solar cell, polycrystalline, good",The image depicting a polycrystalline solar cell in the solar cell sector exhibits a flawless structure devoid of any defects.
cell0239.png,38,"solar cell, polycrystalline, good",The image depicting a polycrystalline solar cell in the solar cell sector exhibits a flawless structure devoid of any defects.
cell0254.png,38,"solar cell, polycrystalline, good",This image depicts a flawlessly manufactured polycrystalline solar cell within the solar cell sector.
cell0258.png,38,"solar cell, polycrystalline, good","The image presents a polycrystalline solar cell within the solar cell sector, showcasing a flawless structure without any defects."
cell0262.png,38,"solar cell, polycrystalline, good",The image from the solar cell sector illustrates a polycrystalline solar cell that exhibits flawless quality with no visible defects.
cell0267.png,38,"solar cell, polycrystalline, good",The image depicting a polycrystalline solar cell in the solar cell sector exhibits a flawless structure with no visible defects.
cell0273.png,38,"solar cell, polycrystalline, good",The image of the polycrystalline solar cell in the solar cell industry reveals a flawless structure devoid of any defects.
cell0276.png,38,"solar cell, polycrystalline, good",The image depicting a polycrystalline solar cell in the solar cell sector exhibits a flawless structure without any defects.
cell0282.png,38,"solar cell, polycrystalline, good",The image depicts a flawless polycrystalline solar cell within the solar cell sector.
cell0291.png,38,"solar cell, polycrystalline, good",The image depicts a polycrystalline solar cell within the solar cell sector that exhibits an absence of defects.
cell0300.png,38,"solar cell, polycrystalline, good","The image provided illustrates a polycrystalline solar cell within the solar cell sector, showcasing a flawless structure devoid of any defects."
cell0302.png,38,"solar cell, polycrystalline, good","The image depicts a polycrystalline solar cell within the solar cell sector, showcasing a flawless structure devoid of any defects."
cell0303.png,38,"solar cell, polycrystalline, good",The image provided depicts a polycrystalline solar cell within the solar cell sector that exhibits a flawless structure with no observable defects.
cell0304.png,38,"solar cell, polycrystalline, good","The image provided illustrates a polycrystalline solar cell within the solar cell sector, showcasing a defect-free structure."
cell0306.png,38,"solar cell, polycrystalline, good","The image provided showcases a polycrystalline solar cell within the solar cell sector, exhibiting a flawless structure devoid of any defects."
cell0308.png,38,"solar cell, polycrystalline, good",The image depicting a polycrystalline solar cell in the solar cell sector displays a flawless structure without any defects.
cell0311.png,38,"solar cell, polycrystalline, good","The image provided depicts a polycrystalline solar cell within the solar cell sector, showcasing an absence of any defects."
cell0314.png,38,"solar cell, polycrystalline, good",The image depicts a flawless polycrystalline solar cell within the solar cell industry.
cell0318.png,38,"solar cell, polycrystalline, good",The image provided depicts a polycrystalline solar cell within the solar cell sector that exhibits an absence of defects.
cell0325.png,38,"solar cell, polycrystalline, good",This image from the solar cell sector portrays a polycrystalline solar cell free from any defects.
cell0326.png,38,"solar cell, polycrystalline, good",The image depicts a flawless polycrystalline solar cell within the solar cell sector.
cell0327.png,38,"solar cell, polycrystalline, good",The image depicts a flawless polycrystalline solar cell within the solar cell sector.
cell0329.png,38,"solar cell, polycrystalline, good",The image depicts a flaw-free polycrystalline solar cell within the solar cell sector.
cell0330.png,38,"solar cell, polycrystalline, good",This image of a polycrystalline solar cell in the solar cell sector displays a flawless structure without any defects.
cell0331.png,38,"solar cell, polycrystalline, good",The provided image depicts a polycrystalline solar cell within the solar cell sector that exhibits an absence of defects.
cell0332.png,38,"solar cell, polycrystalline, good","The image provided depicts a polycrystalline solar cell within the solar cell sector, showcasing a flawless absence of defects."
cell0333.png,38,"solar cell, polycrystalline, good",The image depicting a polycrystalline solar cell in the solar cell sector exhibits a flawless structure without any defects.
cell0334.png,38,"solar cell, polycrystalline, good",This image from the solar cell sector displays a polycrystalline solar cell that exhibits no imperfections.
cell0336.png,38,"solar cell, polycrystalline, good",The image from the solar cell sector displays a polycrystalline solar cell that exhibits a flawless structure with no defects present.
cell0338.png,38,"solar cell, polycrystalline, good","The image provided depicts a polycrystalline solar cell within the solar cell sector, showcasing a flawless absence of defects."
cell0339.png,38,"solar cell, polycrystalline, good",The image from the solar cell sector displays a polycrystalline solar cell that exhibits no imperfections.
cell0341.png,38,"solar cell, polycrystalline, good","The image presents a polycrystalline solar cell within the solar cell sector, showcasing a flawless absence of defects."
cell0345.png,38,"solar cell, polycrystalline, good",The image displays a flawless polycrystalline solar cell within the solar cell sector.
cell0348.png,38,"solar cell, polycrystalline, good",The image depicting a polycrystalline solar cell within the solar panel sector exhibits a flawless structure devoid of any defects.
cell0351.png,38,"solar cell, polycrystalline, good","The image depicts a polycrystalline solar cell within the solar cell sector, showcasing a flawless structure devoid of any defects."
cell0352.png,38,"solar cell, polycrystalline, good",The image depicts a flawless polycrystalline solar cell within the solar cell sector.
cell0355.png,38,"solar cell, polycrystalline, good","The image provided displays a polycrystalline solar cell within the solar cell sector, free from any observable defects."
cell0356.png,38,"solar cell, polycrystalline, good",The image depicts a flawless polycrystalline solar cell within the solar cell sector.
cell0357.png,38,"solar cell, polycrystalline, good",The image of this polycrystalline solar cell in the solar cell sector exhibits a flawless structure without any defects present.
cell0358.png,38,"solar cell, polycrystalline, good","The image presented here depicts a polycrystalline solar cell within the solar cell sector, free from any detectable defects."
cell0359.png,38,"solar cell, polycrystalline, good","The image depicts a polycrystalline solar cell within the solar cell sector, showcasing a flawless absence of defects."
cell0541.png,38,"solar cell, polycrystalline, good",The image depicting a flawlessly intact polycrystalline solar cell within the solar cell sector is evident.
cell0542.png,38,"solar cell, polycrystalline, good","The image depicts a polycrystalline solar cell in the solar cell sector, showcasing a flawless structure without any defects."
cell0543.png,38,"solar cell, polycrystalline, good",The image presented in this solar cell industry depicts a polycrystalline solar cell that exhibits a flawless structure devoid of any defects.
cell0544.png,38,"solar cell, polycrystalline, good",The image provided depicts a flawless polycrystalline solar cell within the solar cell sector.
cell0545.png,38,"solar cell, polycrystalline, good",The image provided displays a polycrystalline solar cell within the solar cell sector that exhibits a flawless structure devoid of any defects.
cell0546.png,38,"solar cell, polycrystalline, good",The provided image displays a polycrystalline solar cell in the solar cell sector with no observable defects.
cell0547.png,38,"solar cell, polycrystalline, good","The image depicts a flawless polycrystalline solar cell within the solar cell sector, devoid of any imperfections or defects."
cell0548.png,38,"solar cell, polycrystalline, good","The image depicts a polycrystalline solar cell in the solar cell sector, exhibiting a flawless structure without any defects."
cell0550.png,38,"solar cell, polycrystalline, good",The provided image depicts a flawless polycrystalline solar cell within the solar cell sector.
cell0551.png,38,"solar cell, polycrystalline, good",The image depicting a polycrystalline solar cell in the solar cell sector reveals a flawless structure devoid of any defects.
cell0552.png,38,"solar cell, polycrystalline, good",The image provided depicts a flawlessly manufactured polycrystalline solar cell within the solar cell sector.
cell0556.png,38,"solar cell, polycrystalline, good",The image presented here depicts a flawless polycrystalline solar cell within the solar cell sector.
cell0557.png,38,"solar cell, polycrystalline, good",The image depicts a flawlessly fabricated polycrystalline solar cell within the solar cell sector.
cell0558.png,38,"solar cell, polycrystalline, good",The image depicting a polycrystalline solar cell in the solar cell sector reveals a flawless structure devoid of any defects.
cell0560.png,38,"solar cell, polycrystalline, good",The image from the solar cell sector displays a polycrystalline solar cell that exhibits no imperfections.
cell0561.png,38,"solar cell, polycrystalline, good","The provided image displays a polycrystalline solar cell in pristine condition, devoid of any visible defects."
cell0562.png,38,"solar cell, polycrystalline, good",The image depicts a flawlessly formed polycrystalline solar cell within the solar cell manufacturing sector.
cell0565.png,38,"solar cell, polycrystalline, good",The image captures a flaw-free polycrystalline solar cell within the solar cell sector.
cell0566.png,38,"solar cell, polycrystalline, good","The image depicts a polycrystalline solar cell within the solar cell sector, showcasing a flawless structure devoid of any defects."
cell0567.png,38,"solar cell, polycrystalline, good","In this image from the solar cell sector, we observe a polycrystalline solar cell that exhibits flawless integrity with no visible defects."
cell0568.png,38,"solar cell, polycrystalline, good",The image presented here depicts a flawless polycrystalline solar cell within the solar cell sector.
cell0570.png,38,"solar cell, polycrystalline, good",The image of a polycrystalline solar cell in the solar cell industry reveals a flawless structure without any defects present.
cell0571.png,38,"solar cell, polycrystalline, good",The image from the solar cell sector displays a polycrystalline solar cell that exhibits flawless quality with no defects present.
cell0574.png,38,"solar cell, polycrystalline, good","The image presented here depicts a polycrystalline solar cell in the solar industry, showcasing a flawless structure free from any defects."
cell0575.png,38,"solar cell, polycrystalline, good",The image provided illustrates a flaw-free polycrystalline solar cell within the solar cell sector.
cell0576.png,38,"solar cell, polycrystalline, good",The image of a polycrystalline solar cell in the solar cell industry portrays a flawless structure without any visible defects.
cell0580.png,38,"solar cell, polycrystalline, good",The image depicts a flawless polycrystalline solar cell within the solar cell sector.
cell0581.png,38,"solar cell, polycrystalline, good",This image from the solar cell sector displays a polycrystalline solar cell that exhibits a flawless structure without any defects.
cell0583.png,38,"solar cell, polycrystalline, good",The provided image of a polycrystalline solar cell illustrates a pristine cell without any observable defects.
cell0585.png,38,"solar cell, polycrystalline, good","The image depicted here showcases a polycrystalline solar cell within the solar cell sector, exhibiting a flawless state devoid of any defects."
cell0589.png,38,"solar cell, polycrystalline, good","The image presented here displays a polycrystalline solar cell in the solar cell industry, showcasing a flawless structure free of any defects."
cell0590.png,38,"solar cell, polycrystalline, good",The image depicts a flawless polycrystalline solar cell within the solar cell sector.
cell0591.png,38,"solar cell, polycrystalline, good",The image of a polycrystalline solar cell in the solar cell industry displays a flawless structure without any visible defects.
cell0592.png,38,"solar cell, polycrystalline, good",The provided image showcases a polycrystalline solar cell devoid of any defects within the solar cell industry.
cell0593.png,38,"solar cell, polycrystalline, good",The image from the solar cell sector displays a polycrystalline solar cell that exhibits a flawless structure without any defects.
cell0596.png,38,"solar cell, polycrystalline, good","The image presents a polycrystalline solar cell devoid of any imperfections, demonstrating a high-quality manufacturing standard in the solar cell sector."
cell0598.png,38,"solar cell, polycrystalline, good",This image from the solar cell sector depicts a flaw-free polycrystalline solar cell.
cell0599.png,38,"solar cell, polycrystalline, good","The image illustrates a polycrystalline solar cell within the solar cell sector, demonstrating a flawless composition devoid of any defects."
cell0600.png,38,"solar cell, polycrystalline, good","The image depicts a polycrystalline solar cell within the solar cell sector, showcasing a flawless structure without any defects."
cell0610.png,38,"solar cell, polycrystalline, good",The image from the solar cell sector displays a polycrystalline solar cell that exhibits no imperfections.
cell0621.png,38,"solar cell, polycrystalline, good",The image of this polycrystalline solar cell in the solar industry portrays a flawless structure without any visible defects.
cell0622.png,38,"solar cell, polycrystalline, good",The image from the solar cell sector depicts a polycrystalline solar cell that exhibits flawless quality with no visible defects.
cell0623.png,38,"solar cell, polycrystalline, good",The image depicting a polycrystalline solar cell in the solar cell sector exhibits a flawless structure devoid of any defects.
cell0624.png,38,"solar cell, polycrystalline, good",The image presented here depicts a flawless polycrystalline solar cell within the solar cell sector.
cell0625.png,38,"solar cell, polycrystalline, good","The image provided illustrates a polycrystalline solar cell within the solar cell sector, showcasing a flawless absence of defects."
cell0628.png,38,"solar cell, polycrystalline, good","The image provided displays a polycrystalline solar cell within the solar cell sector, showcasing an absence of any defects."
cell0629.png,38,"solar cell, polycrystalline, good",The image presents a flawless polycrystalline solar cell within the solar cell sector.
cell0631.png,38,"solar cell, polycrystalline, good",The image depicting a polycrystalline solar cell within the solar cell sector displays a flawless structure devoid of any defects.
cell0632.png,38,"solar cell, polycrystalline, good",The image illustrates a flaw-free polycrystalline solar cell within the solar cell sector.
cell0633.png,38,"solar cell, polycrystalline, good",The image presents a polycrystalline solar cell free from any observable defects in the solar cell industry.
cell0635.png,38,"solar cell, polycrystalline, good",The image depicts a flawless polycrystalline solar cell within the solar cell sector.
cell0637.png,38,"solar cell, polycrystalline, good",The image provided displays a flawless polycrystalline solar cell within the solar cell sector.
cell0638.png,38,"solar cell, polycrystalline, good","The image illustrates a polycrystalline solar cell in the solar cell sector, displaying a flawless structure devoid of any defects."
cell0641.png,38,"solar cell, polycrystalline, good","The image provided depicts a polycrystalline solar cell within the solar cell sector, showcasing flawless quality with no observable defects."
cell0643.png,38,"solar cell, polycrystalline, good",The image depicting a polycrystalline solar cell in the solar cell sector exhibits a flawless structure without any defects.
cell0647.png,38,"solar cell, polycrystalline, good",The image from the solar cell sector depicts a polycrystalline solar cell that exhibits a flawless structure without any defects.
cell0648.png,38,"solar cell, polycrystalline, good",The image depicted here showcases a flaw-free polycrystalline solar cell within the solar cell sector.
cell0650.png,38,"solar cell, polycrystalline, good",The image displayed depicts a flawless polycrystalline solar cell within the solar cell sector.
cell0651.png,38,"solar cell, polycrystalline, good",The image provided depicts a flawlessly crafted polycrystalline solar cell within the solar cell sector.
cell0653.png,38,"solar cell, polycrystalline, good",The image provided displays a defect-free polycrystalline solar cell within the solar cell sector.
cell0655.png,38,"solar cell, polycrystalline, good","The image in question depicts a flawlessly constructed polycrystalline solar cell within the solar cell sector, devoid of any defects."
cell0656.png,38,"solar cell, polycrystalline, good",The image provided displays a polycrystalline solar cell within the solar cell sector that exhibits a flawless structure without any defects.
cell0658.png,38,"solar cell, polycrystalline, good","In this image from the solar cell sector, a polycrystalline solar cell is depicted with a flawless structure devoid of any defects."
cell0659.png,38,"solar cell, polycrystalline, good",The image depicts a polycrystalline solar cell within the solar cell sector that exhibits no visible defects.
cell0664.png,38,"solar cell, polycrystalline, good",The image presented here depicts a flawless polycrystalline solar cell within the solar cell sector.
cell0665.png,38,"solar cell, polycrystalline, good",The image presented in this solar cell industry illustration depicts a polycrystalline solar cell free from any defects.
cell0669.png,38,"solar cell, polycrystalline, good","The image depicts a polycrystalline solar cell within the solar cell sector, showcasing a flawless structure without any defects."
cell0676.png,38,"solar cell, polycrystalline, good",The image depicts a flawless polycrystalline solar cell within the solar cell sector.
cell0677.png,38,"solar cell, polycrystalline, good","The image depicts a polycrystalline solar cell in pristine condition, free from any defects."
cell0679.png,38,"solar cell, polycrystalline, good",The image provided depicts a flawless polycrystalline solar cell within the solar cell sector.
cell0681.png,38,"solar cell, polycrystalline, good",The image of a polycrystalline solar cell in the solar cell sector exhibits a flawless structure with no visible defects.
cell0683.png,38,"solar cell, polycrystalline, good",The provided image depicts a polycrystalline solar cell that exhibits a flawless structure with no visible defects.
cell0684.png,38,"solar cell, polycrystalline, good",The image from the solar cell industry portrays a flawless polycrystalline solar cell devoid of any defects.
cell0687.png,38,"solar cell, polycrystalline, good",The image depicting a polycrystalline solar cell in the solar cell sector exhibits a flawless structure without any discernible defects.
cell0688.png,38,"solar cell, polycrystalline, good",The image presented depicts a flawlessly crafted polycrystalline solar cell within the solar cell sector.
cell0690.png,38,"solar cell, polycrystalline, good",The image of a polycrystalline solar cell in the solar energy sector demonstrates a flawless structure without any defects.
cell0692.png,38,"solar cell, polycrystalline, good","The image provided displays a polycrystalline solar cell in pristine condition, devoid of any defects."
cell0698.png,38,"solar cell, polycrystalline, good",The image of a polycrystalline solar cell in the solar panel sector displays a flawless structure devoid of any defects.
cell0703.png,38,"solar cell, polycrystalline, good",This image of a polycrystalline solar cell in the solar cell sector displays a flawless structure without any defects.
cell0704.png,38,"solar cell, polycrystalline, good",The image depicting a flawless polycrystalline solar cell within the solar cell sector is devoid of any defects.
cell0706.png,38,"solar cell, polycrystalline, good",The image depicting a polycrystalline solar cell in the solar cell sector exhibits flawless quality with no visible defects.
cell0707.png,38,"solar cell, polycrystalline, good",The image provided depicts a flawless polycrystalline solar cell within the solar cell sector.
cell0710.png,38,"solar cell, polycrystalline, good",The image depicting a polycrystalline solar cell in the solar cell sector exhibits a flawless structure without any defects.
cell0711.png,38,"solar cell, polycrystalline, good","The provided image displays a polycrystalline solar cell in pristine condition, devoid of any defects."
cell0712.png,38,"solar cell, polycrystalline, good",The image of a polycrystalline solar cell in the solar cell sector reveals a flawless structure devoid of any defects.
cell0716.png,38,"solar cell, polycrystalline, good",The image depicting a defect-free polycrystalline solar cell is a notable snapshot from the solar cell industry.
cell0717.png,38,"solar cell, polycrystalline, good",The image depicts a polycrystalline solar cell in the solar cell sector without any observable defects.
cell0718.png,38,"solar cell, polycrystalline, good",The image within the solar cell sector displays a polycrystalline solar cell free from any imperfections.
cell0719.png,38,"solar cell, polycrystalline, good",The provided image depicting a polycrystalline solar cell exhibits a flawless structure devoid of any defects.
cell0720.png,38,"solar cell, polycrystalline, good",The image presents a polycrystalline solar cell within the solar cell sector that exhibits a flawless structure devoid of any defects.
cell0721.png,38,"solar cell, polycrystalline, good",The image depicting a polycrystalline solar cell in the solar energy sector exhibits a flawless structure devoid of any defects.
cell0726.png,38,"solar cell, polycrystalline, good",The image of a polycrystalline solar cell in this depiction from the solar cell sector exhibits flawless quality with no visible defects.
cell0731.png,38,"solar cell, polycrystalline, good",The image from the solar cell sector depicts a polycrystalline solar cell with no observable defects.
cell0733.png,38,"solar cell, polycrystalline, good",The image of this polycrystalline solar cell in the solar cell industry reveals a flawless structure devoid of any defects.
cell0734.png,38,"solar cell, polycrystalline, good",The image in question depicts a defect-free polycrystalline solar cell within the solar cell sector.
cell0736.png,38,"solar cell, polycrystalline, good","The image provided depicts a polycrystalline solar cell within the solar cell industry, showcasing a flawless structure devoid of any defects."
cell0737.png,38,"solar cell, polycrystalline, good","The image depicts a flawlessly structured polycrystalline solar cell within the solar cell sector, free from any imperfections."
cell0739.png,38,"solar cell, polycrystalline, good",The image provided displays a polycrystalline solar cell within the solar cell sector that exhibits flawless quality with no visible defects.
cell0745.png,38,"solar cell, polycrystalline, good",The image depicting a flawlessly manufactured polycrystalline solar cell within the solar cell sector serves as a prime example of a defect-free product.
cell0746.png,38,"solar cell, polycrystalline, good","The image presents a polycrystalline solar cell within the solar cell sector, showcasing a flawless absence of any defects."
cell0747.png,38,"solar cell, polycrystalline, good","The image presented depicts a polycrystalline solar cell within the solar cell sector, showcasing a flawless structure devoid of any defects."
cell0750.png,38,"solar cell, polycrystalline, good",The image provided displays a flawlessly crafted polycrystalline solar cell within the solar cell sector.
cell0751.png,38,"solar cell, polycrystalline, good","The image provided depicts a polycrystalline solar cell within the solar cell sector, showcasing a flawless structure devoid of any defects."
cell0752.png,38,"solar cell, polycrystalline, good",The provided image displays a flawlessly structured polycrystalline solar cell within the solar cell sector.
cell0753.png,38,"solar cell, polycrystalline, good",The provided image depicts a flawless polycrystalline solar cell within the solar cell sector.
cell0754.png,38,"solar cell, polycrystalline, good",The image from the solar cell sector displays a polycrystalline solar cell that exhibits a flawless structure without any defects.
cell0755.png,38,"solar cell, polycrystalline, good","In this image from the solar cell sector, we observe a polycrystalline solar cell that exhibits a flawless structure devoid of any defects."
cell0756.png,38,"solar cell, polycrystalline, good","The image presented depicts a polycrystalline solar cell within the solar cell sector, showcasing a flawless structure devoid of any defects."
cell0761.png,38,"solar cell, polycrystalline, good",The provided image displays a flawless polycrystalline solar cell within the solar cell sector.
cell0763.png,38,"solar cell, polycrystalline, good",The image of a polycrystalline solar cell in the solar cell sector reveals a flawless structure without any defects present.
cell0765.png,38,"solar cell, polycrystalline, good",The provided image depicts a flawless polycrystalline solar cell within the solar cell sector.
cell0766.png,38,"solar cell, polycrystalline, good",The image depicting a polycrystalline solar cell in the solar cell sector exhibits a flawless structure with no observable defects.
cell0768.png,38,"solar cell, polycrystalline, good",The image depicts a flawless polycrystalline solar cell within the solar cell sector.
cell0769.png,38,"solar cell, polycrystalline, good",The image depicted in the solar cell industry showcases a polycrystalline solar cell that exhibits a flawless structure devoid of any defects.
cell0770.png,38,"solar cell, polycrystalline, good","The image provided displays a polycrystalline solar cell in pristine condition, devoid of any defects."
cell0771.png,38,"solar cell, polycrystalline, good",This image from the solar cell sector depicts a polycrystalline solar cell that exhibits flawless quality without any defects.
cell0772.png,38,"solar cell, polycrystalline, good",The image of this polycrystalline solar cell in the solar cell sector demonstrates a flaw-free structure.
cell0775.png,38,"solar cell, polycrystalline, good","The image displayed portrays a polycrystalline solar cell within the solar cell sector, showcasing a flawless structure devoid of any defects."
cell0776.png,38,"solar cell, polycrystalline, good",This image from the solar cell sector displays a polycrystalline solar cell that exhibits no defects.
cell0777.png,38,"solar cell, polycrystalline, good",Displayed in this image from the solar cell sector is a polycrystalline solar cell that exhibits a flawless structure devoid of any defects.
cell0778.png,38,"solar cell, polycrystalline, good",The image provided depicts a flawless polycrystalline solar cell in the solar cell sector.
cell0779.png,38,"solar cell, polycrystalline, good",This image from the solar cell sector displays a polycrystalline solar cell that exhibits a flawless structure without any defects.
cell0782.png,38,"solar cell, polycrystalline, good",The image depicts a flawless polycrystalline solar cell within the solar cell sector.
cell0784.png,38,"solar cell, polycrystalline, good",The image depicts a flawless polycrystalline solar cell within the solar cell sector.
cell0785.png,38,"solar cell, polycrystalline, good",The provided image displays a polycrystalline solar cell in pristine condition without any observable defects.
cell0791.png,38,"solar cell, polycrystalline, good",The provided image depicts a flawlessly manufactured polycrystalline solar cell within the solar cell sector.
cell0795.png,38,"solar cell, polycrystalline, good",The image from the solar cell sector displays a polycrystalline solar cell that exhibits a flawless structure without any defects.
cell0796.png,38,"solar cell, polycrystalline, good","The image captures a flawless polycrystalline solar cell within the solar cell sector, showcasing an absence of any defects."
cell0797.png,38,"solar cell, polycrystalline, good",The image of a polycrystalline solar cell in the solar cell sector depicts a flawless structure devoid of any defects.
cell0799.png,38,"solar cell, polycrystalline, good",The image presented depicts a flawless polycrystalline solar cell within the solar cell sector.
cell0802.png,38,"solar cell, polycrystalline, good",The provided image depicts a flawless polycrystalline solar cell within the solar cell sector.
cell0803.png,38,"solar cell, polycrystalline, good",The image provided depicts a defect-free polycrystalline solar cell within the solar cell industry.
cell0804.png,38,"solar cell, polycrystalline, good",The image provided depicts a flaw-free polycrystalline solar cell within the solar cell sector.
cell0807.png,38,"solar cell, polycrystalline, good",The image depicts a flaw-free polycrystalline solar cell within the solar cell sector.
cell0808.png,38,"solar cell, polycrystalline, good",The image depicted in this snapshot of the solar cell sector showcases a polycrystalline solar cell that exhibits no signs of defects.
cell0809.png,38,"solar cell, polycrystalline, good",The image in the solar cell sector displays a flawless polycrystalline solar cell without any defects.
cell0811.png,38,"solar cell, polycrystalline, good",The image of a polycrystalline solar cell in the solar cell sector depicts a flawless structure without any visible defects.
cell0812.png,38,"solar cell, polycrystalline, good",The image in the solar cell sector displays a polycrystalline solar cell free of any imperfections.
cell0813.png,38,"solar cell, polycrystalline, good",The image presented here depicts a polycrystalline solar cell in pristine condition without any observable defects.
cell0814.png,38,"solar cell, polycrystalline, good",The image of a polycrystalline solar cell depicted in the solar cell sector exhibits flawless quality with no visible defects.
cell0816.png,38,"solar cell, polycrystalline, good",The image portrays a flawless polycrystalline solar cell within the solar cell sector.
cell0818.png,38,"solar cell, polycrystalline, good",The image provided depicts a flawless polycrystalline solar cell within the solar cell industry.
cell0819.png,38,"solar cell, polycrystalline, good",The image captured in the solar cell sector displays a polycrystalline solar cell that exhibits no imperfections.
cell0820.png,38,"solar cell, polycrystalline, good",The presented image from the solar cell sector displays a polycrystalline solar cell free from any imperfections or defects.
cell0823.png,38,"solar cell, polycrystalline, good",This image from the solar cell sector displays a polycrystalline solar cell that exhibits a flawless structure without any defects.
cell0825.png,38,"solar cell, polycrystalline, good",This image from the solar cell sector displays a polycrystalline solar cell that exhibits a flawless structure with no detectable defects.
cell0826.png,38,"solar cell, polycrystalline, good",The image of a polycrystalline solar cell in the solar cell sector depicts a flawless structure devoid of any defects.
cell0827.png,38,"solar cell, polycrystalline, good","In this image from the solar cell sector, a polycrystalline solar cell is depicted without any observable defects."
cell0828.png,38,"solar cell, polycrystalline, good",The image of a polycrystalline solar cell in the solar cell sector displays a flawlessly defect-free structure.
cell0829.png,38,"solar cell, polycrystalline, good",The image depicting a polycrystalline solar cell in the solar cell industry exhibits a flawless structure without any defects.
cell0832.png,38,"solar cell, polycrystalline, good",The image of this polycrystalline solar cell in the solar cell sector depicts a flawless structure without any defects.
cell0833.png,38,"solar cell, polycrystalline, good","The image displays a polycrystalline solar cell within the solar cell sector, exhibiting a flawless structure without any defects."
cell0836.png,38,"solar cell, polycrystalline, good","The image depicts a pristine polycrystalline solar cell within the solar cell sector, devoid of any visible defects."
cell0838.png,38,"solar cell, polycrystalline, good","The image depicts a polycrystalline solar cell within the solar cell sector, exhibiting a flawless composition without any visible defects."
cell0839.png,38,"solar cell, polycrystalline, good",The image depicts a polycrystalline solar cell in the solar cell industry that is free from any defects.
cell0840.png,38,"solar cell, polycrystalline, good",The provided image depicts a flawlessly structured polycrystalline solar cell within the solar cell sector.
cell0844.png,38,"solar cell, polycrystalline, good",The image depicts a flawless polycrystalline solar cell within the solar cell sector.
cell0845.png,38,"solar cell, polycrystalline, good",This image from the solar cell sector showcases a flawless polycrystalline solar cell devoid of any defects.
cell0846.png,38,"solar cell, polycrystalline, good","The image depicts a polycrystalline solar cell within the solar cell sector, showcasing a flawless structure devoid of any defects."
cell0847.png,38,"solar cell, polycrystalline, good",The image provided displays a flawless polycrystalline solar cell within the solar cell sector.
cell0848.png,38,"solar cell, polycrystalline, good",The image depicts a flawless polycrystalline solar cell within the solar cell sector.
cell0849.png,38,"solar cell, polycrystalline, good",The image depicting a polycrystalline solar cell in the solar cell sector exhibits a flawless structure without any defects.
cell0850.png,38,"solar cell, polycrystalline, good",The image of the polycrystalline solar cell in the solar cell industry displays a flawless structure without any defects present.
cell0856.png,38,"solar cell, polycrystalline, good",The image depicted in this solar cell industry illustration showcases a polycrystalline solar cell that exhibits flawless integrity with no detectable defects present.
cell0866.png,38,"solar cell, polycrystalline, good",The image captured in the solar cell sector displays a polycrystalline solar cell that exhibits a flawless structure without any defects.
cell0872.png,38,"solar cell, polycrystalline, good",The image of a polycrystalline solar cell in the solar cell sector displays a flawless structure without any defects.
cell0893.png,38,"solar cell, polycrystalline, good","The provided image displays a polycrystalline solar cell in the solar cell sector, showcasing a flawless structure without any defects."
cell0894.png,38,"solar cell, polycrystalline, good",The image depicting a polycrystalline solar cell in the solar cell industry reveals a flawless structure devoid of any defects.
cell0895.png,38,"solar cell, polycrystalline, good","The image presented depicts a polycrystalline solar cell within the solar cell sector, showcasing a flawless structure devoid of any defects."
cell1617.png,38,"solar cell, polycrystalline, good",The image presents a flawless polycrystalline solar cell within the solar cell sector.
cell1619.png,38,"solar cell, polycrystalline, good",This image from the solar cell sector displays a polycrystalline solar cell that exhibits a flawless structure without any defects.
cell1620.png,38,"solar cell, polycrystalline, good",The image presented here depicts a flawlessly manufactured polycrystalline solar cell within the solar cell sector.
cell1636.png,38,"solar cell, polycrystalline, good",The provided image depicts a flawlessly intact polycrystalline solar cell within the solar cell sector.
cell1640.png,38,"solar cell, polycrystalline, good",The image provided displays a polycrystalline solar cell in pristine condition without any observable defects.
cell1642.png,38,"solar cell, polycrystalline, good",The image captured in the solar cell sector depicts a polycrystalline solar cell devoid of any imperfections.
cell1661.png,38,"solar cell, polycrystalline, good",The image provided depicts a flawless polycrystalline solar cell within the solar cell sector.
cell1662.png,38,"solar cell, polycrystalline, good",The image of this polycrystalline solar cell in the solar cell sector depicts a flawless structure without any defects present.
cell1663.png,38,"solar cell, polycrystalline, good",The image depicting a polycrystalline solar cell in the solar cell sector illustrates a flawless structure devoid of any defects.
cell1664.png,38,"solar cell, polycrystalline, good","The image presented here captures a polycrystalline solar cell within the solar cell sector, showcasing a flawless structure without any observable defects."
cell1677.png,38,"solar cell, polycrystalline, good",The image from the solar cell sector displays a polycrystalline solar cell devoid of any imperfections.
cell1680.png,38,"solar cell, polycrystalline, good",The image depicts a flawlessly manufactured polycrystalline solar cell within the solar cell sector.
cell1681.png,38,"solar cell, polycrystalline, good",The image depicting a polycrystalline solar cell in the solar cell sector exhibits a flawless structure without any defects.
cell1682.png,38,"solar cell, polycrystalline, good",The image presented depicts a flawless polycrystalline solar cell within the solar cell sector.
cell1683.png,38,"solar cell, polycrystalline, good",The image of a polycrystalline solar cell in the solar cell industry demonstrates a flawless structure devoid of any defects.
cell1686.png,38,"solar cell, polycrystalline, good",The image captured within the solar cell sector displays a polycrystalline solar cell free from any defects.
cell1687.png,38,"solar cell, polycrystalline, good",The image depicts a polycrystalline solar cell within the solar cell sector that exhibits a flawless structure without any defects.
cell1688.png,38,"solar cell, polycrystalline, good",The image from the solar cell sector depicts a polycrystalline solar cell that exhibits no visible defects.
cell1689.png,38,"solar cell, polycrystalline, good","The image provided depicts a polycrystalline solar cell within the solar cell sector, showcasing a flawless absence of defects."
cell1690.png,38,"solar cell, polycrystalline, good",The image provided illustrates a polycrystalline solar cell devoid of any defects within the solar cell industry.
cell1691.png,38,"solar cell, polycrystalline, good",The image presented depicts a polycrystalline solar cell in the solar cell sector without any observable defects.
cell1692.png,38,"solar cell, polycrystalline, good",The image depicting a flawless polycrystalline solar cell within the solar cell sector showcases a lack of defects.
cell1693.png,38,"solar cell, polycrystalline, good","The image displayed here depicts a polycrystalline solar cell within the solar cell sector, showcasing a flawless absence of defects."
cell1694.png,38,"solar cell, polycrystalline, good",The image depicts a polycrystalline solar cell within the solar cell sector that exhibits a flawless structure devoid of any defects.
cell1696.png,38,"solar cell, polycrystalline, good",The image provided depicts a polycrystalline solar cell within the solar cell sector that exhibits no visible defects.
cell1698.png,38,"solar cell, polycrystalline, good","The image provided displays a polycrystalline solar cell in pristine condition, devoid of any defects."
cell1699.png,38,"solar cell, polycrystalline, good",The provided image showcases a polycrystalline solar cell within the solar industry that exhibits a flawless structure without any defects.
cell1700.png,38,"solar cell, polycrystalline, good","The image provided displays a polycrystalline solar cell in pristine condition, devoid of any defects."
cell1703.png,38,"solar cell, polycrystalline, good",The image provided depicts a flawless polycrystalline solar cell within the solar cell sector.
cell1704.png,38,"solar cell, polycrystalline, good",The image portrays a polycrystalline solar cell within the solar cell sector that exhibits a flawless structure devoid of any defects.
cell1705.png,38,"solar cell, polycrystalline, good",The image depicting a polycrystalline solar cell in the solar cell industry exhibits a flawless structure devoid of any defects.
cell1706.png,38,"solar cell, polycrystalline, good",The image depicting a polycrystalline solar cell in the solar cell sector exhibits a flawlessly defect-free structure.
cell1707.png,38,"solar cell, polycrystalline, good",The provided image displays a defect-free polycrystalline solar cell within the solar cell sector.
cell1708.png,38,"solar cell, polycrystalline, good",The image depicting a polycrystalline solar cell in the solar cell sector illustrates a flawless structure without any defects.
cell1709.png,38,"solar cell, polycrystalline, good","The image provided depicts a polycrystalline solar cell within the solar cell sector, showcasing a flawless structure devoid of any defects."
cell1710.png,38,"solar cell, polycrystalline, good",The provided image of a polycrystalline solar cell in the solar cell sector displays a flawless structure without any defects.
cell1711.png,38,"solar cell, polycrystalline, good",The provided image depicts a flawlessly manufactured polycrystalline solar cell within the solar cell sector.
cell1713.png,38,"solar cell, polycrystalline, good",The image provided displays a flawless polycrystalline solar cell within the solar cell sector.
cell1714.png,38,"solar cell, polycrystalline, good",The provided image depicts a defect-free polycrystalline solar cell within the solar cell sector.
cell1715.png,38,"solar cell, polycrystalline, good",The image depicts a flawlessly constructed polycrystalline solar cell within the solar cell sector.
cell1716.png,38,"solar cell, polycrystalline, good","The image depicts a polycrystalline solar cell within the solar cell sector, showcasing a flawless absence of any defects."
cell1717.png,38,"solar cell, polycrystalline, good",The image in the solar cell sector displays a polycrystalline solar cell that exhibits no observable defects.
cell1718.png,38,"solar cell, polycrystalline, good",The image depicts a polycrystalline solar cell within the solar cell sector that exhibits a flawless structure without any defects.
cell1719.png,38,"solar cell, polycrystalline, good",The image displays a polycrystalline solar cell within the solar cell sector that exhibits a flawless structure devoid of any defects.
cell1720.png,38,"solar cell, polycrystalline, good","The image provided displays a polycrystalline solar cell within the solar cell sector, showcasing a flawless structure devoid of any defects."
cell1722.png,38,"solar cell, polycrystalline, good",The image of a polycrystalline solar cell depicted in this industry snapshot exhibits flawless quality without any visible defects.
cell1723.png,38,"solar cell, polycrystalline, good","The image presented here depicts a polycrystalline solar cell within the solar cell sector, showcasing a flawless absence of defects."
cell1724.png,38,"solar cell, polycrystalline, good",This image from the solar cell sector displays a polycrystalline solar cell that exhibits no imperfections.
cell1725.png,38,"solar cell, polycrystalline, good",The image depicts a flawless polycrystalline solar cell within the solar cell sector.
cell1726.png,38,"solar cell, polycrystalline, good","The image provided displays a polycrystalline solar cell within the solar cell sector, free from any observable defects."
cell1727.png,38,"solar cell, polycrystalline, good",The image captured in the solar cell industry depicts a polycrystalline solar cell that exhibits a flawless structure without any defects present.
cell1728.png,38,"solar cell, polycrystalline, good",The image of this polycrystalline solar cell in the solar cell sector reveals a flawless structure without any defects present.
cell1729.png,38,"solar cell, polycrystalline, good","The image displays a polycrystalline solar cell in the solar cell industry, showcasing a flawless structure devoid of any defects."
cell1733.png,38,"solar cell, polycrystalline, good",The image depicting a polycrystalline solar cell in the solar cell sector exhibits a flawless structure without any defects.
cell1735.png,38,"solar cell, polycrystalline, good",This image from the solar cell sector displays a polycrystalline solar cell that exhibits a flawless structure without any defects.
cell1736.png,38,"solar cell, polycrystalline, good",The image depicts a flaw-free polycrystalline solar cell within the solar cell sector.
cell1737.png,38,"solar cell, polycrystalline, good",The image depicted showcases a polycrystalline solar cell within the solar cell sector that exhibits no visible defects.
cell1739.png,38,"solar cell, polycrystalline, good",The image presented here depicts a flawless polycrystalline solar cell within the solar cell sector.
cell1740.png,38,"solar cell, polycrystalline, good","The image presents a polycrystalline solar cell in the solar cell sector, showcasing a flawless structure devoid of any defects."
cell1742.png,38,"solar cell, polycrystalline, good",The image provided depicts a flawless polycrystalline solar cell within the solar cell sector.
cell1744.png,38,"solar cell, polycrystalline, good",This image from the solar cell sector displays a polycrystalline solar cell that exhibits no signs of defects.
cell1745.png,38,"solar cell, polycrystalline, good",The image captured within the solar cell sector displays a polycrystalline solar cell that exhibits an absence of defects.
cell1746.png,38,"solar cell, polycrystalline, good","The provided image depicts a flawless polycrystalline solar cell within the solar cell sector, showcasing a complete absence of defects."
cell1748.png,38,"solar cell, polycrystalline, good","The visual representation provided illustrates a polycrystalline solar cell within the solar cell sector, devoid of any defects."
cell1750.png,38,"solar cell, polycrystalline, good",The image depicts a flawlessly manufactured polycrystalline solar cell in the solar cell sector.
cell1751.png,38,"solar cell, polycrystalline, good",The provided image displays a polycrystalline solar cell in the solar cell sector free from any observable defects.
cell1752.png,38,"solar cell, polycrystalline, good",The image presented here depicts a flawlessly intact polycrystalline solar cell within the solar cell sector.
cell1753.png,38,"solar cell, polycrystalline, good",The image presented here depicts a flawless polycrystalline solar cell within the solar cell sector.
cell1754.png,38,"solar cell, polycrystalline, good",The provided image depicts a flawless polycrystalline solar cell within the solar cell sector.
cell1755.png,38,"solar cell, polycrystalline, good",The image depicts a flawless polycrystalline solar cell within the solar cell sector.
cell1756.png,38,"solar cell, polycrystalline, good","The image provided displays a polycrystalline solar cell within the solar cell sector, showcasing a flawless structure devoid of any defects."
cell1757.png,38,"solar cell, polycrystalline, good","The image provided depicts a polycrystalline solar cell within the solar cell industry, showcasing a flawless structure devoid of any defects."
cell1758.png,38,"solar cell, polycrystalline, good",The provided image from the solar cell sector depicts a polycrystalline solar cell that exhibits a flawless structure without any defects present.
cell1760.png,38,"solar cell, polycrystalline, good",The image captured in the solar cell sector depicts a flawless polycrystalline solar cell devoid of any imperfections.
cell1762.png,38,"solar cell, polycrystalline, good","The image captures a polycrystalline solar cell in the solar cell sector, illustrating a flawless structure without any defects."
cell1763.png,38,"solar cell, polycrystalline, good",The image of a polycrystalline solar cell in the solar cell sector displays a flawless structure without any defects.
cell1764.png,38,"solar cell, polycrystalline, good",The image presented depicts a flawless polycrystalline solar cell in the solar cell sector.
cell1765.png,38,"solar cell, polycrystalline, good",The image provided displays a polycrystalline solar cell free from any observable defects within the solar cell industry.
cell1766.png,38,"solar cell, polycrystalline, good","The image depicts a polycrystalline solar cell in the solar panel sector, showcasing a flawless absence of defects."
cell1767.png,38,"solar cell, polycrystalline, good",The image in the solar cell industry depicts a polycrystalline solar cell that exhibits flawless quality without any detectable defects.
cell1769.png,38,"solar cell, polycrystalline, good","The provided image depicts a polycrystalline solar cell within the solar cell sector, exhibiting a flawless absence of defects."
cell1770.png,38,"solar cell, polycrystalline, good","The image depicts a flawless polycrystalline solar cell within the solar cell sector, devoid of any defects."
cell1774.png,38,"solar cell, polycrystalline, good",The image depicts a flawless polycrystalline solar cell within the solar cell sector.
cell1775.png,38,"solar cell, polycrystalline, good",Displayed in this image from the solar cell sector is a polycrystalline solar cell that exhibits a flawless structure with no visible defects.
cell1776.png,38,"solar cell, polycrystalline, good",The image depicting a polycrystalline solar cell in the solar cell industry reveals a flawless structure devoid of any defects.
cell1777.png,38,"solar cell, polycrystalline, good","The image provided displays a polycrystalline solar cell within the solar cell sector, showcasing a flawless structure devoid of any defects."
cell1779.png,38,"solar cell, polycrystalline, good",The image depicting a polycrystalline solar cell in the solar cell industry reveals a flawless structure devoid of any defects.
cell1780.png,38,"solar cell, polycrystalline, good",The image from the solar cell sector displays a polycrystalline solar cell that exhibits flawless quality without any defects.
cell1781.png,38,"solar cell, polycrystalline, good",This image from the solar cell industry depicts a polycrystalline solar cell that exhibits a flawless structure without any defects.
cell1782.png,38,"solar cell, polycrystalline, good","The image in question displays a polycrystalline solar cell devoid of any defects, showcasing a pristine example of quality within the solar cell industry."
cell1783.png,38,"solar cell, polycrystalline, good",The image provided displays a flawlessly structured polycrystalline solar cell within the solar cell sector.
cell1785.png,38,"solar cell, polycrystalline, good","The image provided displays a polycrystalline solar cell within the solar cell sector, showcasing a flawless structure devoid of any defects."
cell1786.png,38,"solar cell, polycrystalline, good",The image from the solar cell sector depicts a flawlessly intact polycrystalline solar cell with no visible defects.
cell1787.png,38,"solar cell, polycrystalline, good",The image from the solar cell sector displays a polycrystalline solar cell that exhibits no visible defects.
cell1788.png,38,"solar cell, polycrystalline, good",This image of a polycrystalline solar cell in the solar cell sector displays a flawless structure without any defects.
cell1789.png,38,"solar cell, polycrystalline, good","The image displays a polycrystalline solar cell in the solar cell sector, free from any defects."
cell1790.png,38,"solar cell, polycrystalline, good",The image depicting a polycrystalline solar cell within the solar cell sector demonstrates a flawless structure devoid of any defects.
cell1791.png,38,"solar cell, polycrystalline, good","The image presents a flawless polycrystalline solar cell within the solar cell sector, devoid of any imperfections."
cell1792.png,38,"solar cell, polycrystalline, good",This image from the solar cell sector displays a polycrystalline solar cell that exhibits a flawless structure with no visible defects.
cell1793.png,38,"solar cell, polycrystalline, good",The image provided depicts a flawless polycrystalline solar cell in the solar cell sector.
cell1794.png,38,"solar cell, polycrystalline, good",The image in question presents a polycrystalline solar cell free from any observable defects within the solar cell industry.
cell1795.png,38,"solar cell, polycrystalline, good",The image depicting a polycrystalline solar cell in the solar cell industry reveals a flawless structure devoid of any defects.
cell1796.png,38,"solar cell, polycrystalline, good",The image depicts a flawlessly crafted polycrystalline solar cell within the solar cell sector.
cell1797.png,38,"solar cell, polycrystalline, good",The image depicts a flawlessly intact polycrystalline solar cell within the solar cell sector.
cell1798.png,38,"solar cell, polycrystalline, good",The image presented here depicts a flawlessly manufactured polycrystalline solar cell within the solar cell sector.
cell1799.png,38,"solar cell, polycrystalline, good",The image of a polycrystalline solar cell in the solar cell sector illustrates a flawless structure devoid of any defects.
cell1800.png,38,"solar cell, polycrystalline, good",The image provided depicts a flawless polycrystalline solar cell within the solar cell sector.
cell1801.png,38,"solar cell, polycrystalline, good",The image displays a flawless polycrystalline solar cell within the solar cell sector.
cell1802.png,38,"solar cell, polycrystalline, good",The image of a polycrystalline solar cell in the solar cell sector displays a flawless structure devoid of any defects.
cell1804.png,38,"solar cell, polycrystalline, good",This image depicts a polycrystalline solar cell in the solar industry without any visible defects.
cell1805.png,38,"solar cell, polycrystalline, good","The image depicts a polycrystalline solar cell in the solar cell sector, showcasing a flawless structure with no defects present."
cell1806.png,38,"solar cell, polycrystalline, good",The image of a polycrystalline solar cell in the solar cell sector depicts a flawless structure with no defects present.
cell1807.png,38,"solar cell, polycrystalline, good","The image presented here depicts a polycrystalline solar cell within the solar cell sector, exhibiting a flawless structure devoid of any defects."
cell1808.png,38,"solar cell, polycrystalline, good",The image provided displays a flawless polycrystalline solar cell within the solar cell sector.
cell1809.png,38,"solar cell, polycrystalline, good",The image of the polycrystalline solar cell in this industry snapshot portrays a flawless structure devoid of any defects.
cell1811.png,38,"solar cell, polycrystalline, good",The image provided displays a flawless polycrystalline solar cell within the solar cell sector.
cell1812.png,38,"solar cell, polycrystalline, good",The image of this polycrystalline solar cell from the solar cell industry depicts a flawless structure devoid of any defects.
cell1813.png,38,"solar cell, polycrystalline, good",The image of this polycrystalline solar cell in the solar cell sector exhibits a flawless structure without any observable defects.
cell1814.png,38,"solar cell, polycrystalline, good","The image presented depicts a polycrystalline solar cell within the solar cell sector, showcasing a flawless structure devoid of any defects."
cell1815.png,38,"solar cell, polycrystalline, good",The solar cell industry image displays a polycrystalline solar cell that exhibits no defects.
cell1816.png,38,"solar cell, polycrystalline, good",The image presented here depicts a flawless polycrystalline solar cell within the solar cell sector.
cell1818.png,38,"solar cell, polycrystalline, good","The image provided exhibits a polycrystalline solar cell in pristine condition, devoid of any defects."
cell1819.png,38,"solar cell, polycrystalline, good",The image depicting a polycrystalline solar cell in the solar energy sector exhibits a flawless structure without any defects.
cell1821.png,38,"solar cell, polycrystalline, good",The image depicting a polycrystalline solar cell in the solar cell sector exhibits a flawless structure without any defects.
cell1823.png,38,"solar cell, polycrystalline, good",The image presented here depicts a flaw-free polycrystalline solar cell within the solar cell sector.
cell1824.png,38,"solar cell, polycrystalline, good",The image depicts a flawless polycrystalline solar cell within the solar cell sector.
cell1825.png,38,"solar cell, polycrystalline, good",The image of a polycrystalline solar cell in the solar cell industry presents a flawless structure devoid of any defects.
cell1826.png,38,"solar cell, polycrystalline, good",Displayed in this image from the solar cell sector is a polycrystalline solar cell that exhibits a flawless structure devoid of any defects.
cell1828.png,38,"solar cell, polycrystalline, good",The image of a polycrystalline solar cell in the solar cell sector exhibits a flawless structure without any defects.
cell1829.png,38,"solar cell, polycrystalline, good","The image provided depicts a polycrystalline solar cell within the solar cell sector, showcasing a flawlessly defect-free structure."
cell1830.png,38,"solar cell, polycrystalline, good","The image presented depicts a polycrystalline solar cell within the solar cell sector, showcasing a flawless structure devoid of any defects."
cell1832.png,38,"solar cell, polycrystalline, good",The image provided depicts a flawlessly constructed polycrystalline solar cell within the solar cell sector.
cell1833.png,38,"solar cell, polycrystalline, good",The provided image depicts a polycrystalline solar cell within the solar cell sector that exhibits a flawless structure devoid of any defects.
cell1835.png,38,"solar cell, polycrystalline, good",The image of this polycrystalline solar cell in the solar cell industry reveals a flawless structure without any defects.
cell1836.png,38,"solar cell, polycrystalline, good","The image in question depicts a polycrystalline solar cell within the solar cell sector, showcasing a flawless structure devoid of any defects."
cell1837.png,38,"solar cell, polycrystalline, good",The image depicting a defect-free polycrystalline solar cell within the solar cell industry is presented.
cell1838.png,38,"solar cell, polycrystalline, good",The image of a polycrystalline solar cell in the solar cell industry exhibit demonstrates a flawlessly defect-free structure.
cell1840.png,38,"solar cell, polycrystalline, good",The image of a polycrystalline solar cell in the solar energy sector presents a flawless structure without any visible defects.
cell1841.png,38,"solar cell, polycrystalline, good",This image from the solar cell sector displays a polycrystalline solar cell that exhibits a flawless structure without any defects.
cell1843.png,38,"solar cell, polycrystalline, good","The image provided depicts a polycrystalline solar cell within the solar cell sector, showcasing a flawless structure devoid of any defects."
cell1844.png,38,"solar cell, polycrystalline, good","In this image from the solar cell sector, we observe a polycrystalline solar cell free from any defects."
cell1845.png,38,"solar cell, polycrystalline, good",The image of a polycrystalline solar cell in the solar cell industry portrays a flawless structure without any defects.
cell1847.png,38,"solar cell, polycrystalline, good",The image depicts a polycrystalline solar cell within the solar cell sector that exhibits a flawless structure devoid of any defects.
cell1850.png,38,"solar cell, polycrystalline, good",The image of this polycrystalline solar cell in the solar cell sector depicts a flawless structure devoid of any defects.
cell1855.png,38,"solar cell, polycrystalline, good",The image depicting a polycrystalline solar cell within the solar cell sector exhibits flawless integrity with no observable defects.
cell1856.png,38,"solar cell, polycrystalline, good",The image depicts a flawlessly structured polycrystalline solar cell within the solar cell sector.
cell1858.png,38,"solar cell, polycrystalline, good","The image depicts a polycrystalline solar cell in the solar cell industry, showcasing a flawless structure without any defects."
cell1859.png,38,"solar cell, polycrystalline, good",This image depicts a flawless polycrystalline solar cell within the solar cell sector.
cell1860.png,38,"solar cell, polycrystalline, good",The image depicts a flawless polycrystalline solar cell within the solar cell sector.
cell1861.png,38,"solar cell, polycrystalline, good","The image in question depicts a polycrystalline solar cell within the solar cell sector, showcasing a flawless structure devoid of any defects."
cell1863.png,38,"solar cell, polycrystalline, good","The image presented here displays an immaculate polycrystalline solar cell within the solar cell sector, demonstrating an absence of any observable defects."
cell1864.png,38,"solar cell, polycrystalline, good",The image depicts a flawless polycrystalline solar cell within the solar cell sector.
cell1865.png,38,"solar cell, polycrystalline, good","The image provided showcases a polycrystalline solar cell in pristine condition, devoid of any defects."
cell1867.png,38,"solar cell, polycrystalline, good",The image depicting a polycrystalline solar cell in the solar cell sector illustrates a defect-free structure.
cell1868.png,38,"solar cell, polycrystalline, good",The image of this polycrystalline solar cell in the solar cell sector reveals a flawless structure devoid of any defects.
cell1869.png,38,"solar cell, polycrystalline, good","The image provided depicts a polycrystalline solar cell within the solar cell sector that exhibits a flawless structure, devoid of any defects."
cell1870.png,38,"solar cell, polycrystalline, good","The image displays a polycrystalline solar cell in the solar cell sector, devoid of any imperfections."
cell1871.png,38,"solar cell, polycrystalline, good","The image provided showcases a polycrystalline solar cell within the solar cell sector, exhibiting a flawless structure without any defects."
cell1873.png,38,"solar cell, polycrystalline, good",The image presented here depicts a flawless polycrystalline solar cell within the solar cell sector.
cell1874.png,38,"solar cell, polycrystalline, good","The image depicts a flawlessly manufactured polycrystalline solar cell, devoid of any defects."
cell1877.png,38,"solar cell, polycrystalline, good",The image depicts a polycrystalline solar cell within the solar cell sector that exhibits flawless integrity without any defects.
cell1878.png,38,"solar cell, polycrystalline, good",The image provided depicts a flawless polycrystalline solar cell within the solar cell sector.
cell1879.png,38,"solar cell, polycrystalline, good","The image provided depicts a polycrystalline solar cell within the solar cell sector, showcasing a flawless absence of defects."
cell1880.png,38,"solar cell, polycrystalline, good","The image presents a polycrystalline solar cell devoid of any defects, showcasing a high-quality product in the solar cell sector."
cell1881.png,38,"solar cell, polycrystalline, good",The image presented here depicts a flawless polycrystalline solar cell within the solar cell sector.
cell1883.png,38,"solar cell, polycrystalline, good",The image presented here displays a flawless polycrystalline solar cell within the photovoltaic industry.
cell1886.png,38,"solar cell, polycrystalline, good",The image depicts a flawlessly manufactured polycrystalline solar cell within the solar cell sector.
cell1887.png,38,"solar cell, polycrystalline, good",The image provided depicts a flawlessly engineered polycrystalline solar cell within the solar cell sector.
cell1889.png,38,"solar cell, polycrystalline, good",The image illustrates a flawless polycrystalline solar cell within the solar cell sector.
cell1891.png,38,"solar cell, polycrystalline, good",The image depicts a polycrystalline solar cell within the solar cell sector that exhibits no visible defects.
cell1892.png,38,"solar cell, polycrystalline, good","The image depicts a polycrystalline solar cell in pristine condition, devoid of any defects."
cell1893.png,38,"solar cell, polycrystalline, good","The image provided displays a polycrystalline solar cell in pristine condition, free from any defects."
cell1896.png,38,"solar cell, polycrystalline, good","The image presented depicts a polycrystalline solar cell within the solar cell sector, showcasing a flawless structure devoid of any defects."
cell1897.png,38,"solar cell, polycrystalline, good",The image depicts a flawlessly manufactured polycrystalline solar cell within the solar cell sector.
cell1898.png,38,"solar cell, polycrystalline, good","The image depicts a polycrystalline solar cell within the solar cell sector, showcasing a flawless absence of defects."
cell1899.png,38,"solar cell, polycrystalline, good",This image from the solar cell sector displays a polycrystalline solar cell that exhibits no visible defects.
cell1903.png,38,"solar cell, polycrystalline, good",This image from the solar cell sector displays a polycrystalline solar cell that exhibits no visible defects.
cell1904.png,38,"solar cell, polycrystalline, good","In this image from the solar cell sector, a flawless polycrystalline solar cell is depicted without any visible defects."
cell1905.png,38,"solar cell, polycrystalline, good",The provided image depicts a flawless polycrystalline solar cell in the solar cell sector.
cell1907.png,38,"solar cell, polycrystalline, good","The image presents a flawlessly structured polycrystalline solar cell within the solar cell sector, exhibiting an absence of defects."
cell1908.png,38,"solar cell, polycrystalline, good","The image depicts a polycrystalline solar cell within the solar cell sector, showcasing a flawless structure devoid of any defects."
cell1909.png,38,"solar cell, polycrystalline, good",The provided image presents a polycrystalline solar cell devoid of any observable defects within the solar cell industry.
cell1910.png,38,"solar cell, polycrystalline, good",The image of this polycrystalline solar cell in the solar cell sector displays a flawless structure without any defects.
cell1911.png,38,"solar cell, polycrystalline, good",The image depicted here showcases a flawlessly manufactured polycrystalline solar cell within the solar cell sector.
cell1912.png,38,"solar cell, polycrystalline, good","In this image from the solar cell sector, a polycrystalline solar cell is depicted with a flawless structure, devoid of any defects."
cell1913.png,38,"solar cell, polycrystalline, good",The image depicts a flawless polycrystalline solar cell within the solar cell sector.
cell1915.png,38,"solar cell, polycrystalline, good",The image depicts a flawless polycrystalline solar cell within the solar cell sector.
cell1916.png,38,"solar cell, polycrystalline, good",The image provided presents a polycrystalline solar cell devoid of any defects within the solar cell industry.
cell1917.png,38,"solar cell, polycrystalline, good",The image presented depicts a flaw-free polycrystalline solar cell within the solar cell sector.
cell1918.png,38,"solar cell, polycrystalline, good",The image of a polycrystalline solar cell depicted in this illustration exhibits a flawless structure devoid of any defects.
cell1919.png,38,"solar cell, polycrystalline, good",The image depicting a polycrystalline solar cell in the solar cell industry exhibits a flawless structure with no observable defects.
cell1920.png,38,"solar cell, polycrystalline, good",The image in the solar cell industry presentation displays a polycrystalline solar cell devoid of any imperfections.
cell1921.png,38,"solar cell, polycrystalline, good","The image provided displays a polycrystalline solar cell in the solar cell sector, portraying a flawless structure devoid of any defects."
cell1923.png,38,"solar cell, polycrystalline, good",The image of a polycrystalline solar cell in the solar cell sector exhibits a flawless structure without any defects.
cell1924.png,38,"solar cell, polycrystalline, good",The provided image depicts a flawless polycrystalline solar cell within the solar cell sector.
cell1925.png,38,"solar cell, polycrystalline, good",This image from the solar cell sector depicts a polycrystalline solar cell that exhibits a flawless structure without any defects.
cell1926.png,38,"solar cell, polycrystalline, good",The image depicting a polycrystalline solar cell within the solar cell sector exhibits a flawless structure without any defects.
cell1927.png,38,"solar cell, polycrystalline, good",The image of a polycrystalline solar cell in the solar cell sector exhibits a flawless structure without any defects.
cell1928.png,38,"solar cell, polycrystalline, good","The image displayed represents a polycrystalline solar cell within the solar cell sector, showcasing a flawless structure devoid of any defects."
cell1930.png,38,"solar cell, polycrystalline, good",The image of a polycrystalline solar cell in the solar cell sector reveals a flawless structure without any defects present.
cell1931.png,38,"solar cell, polycrystalline, good",The image of a polycrystalline solar cell in the solar cell sector exhibits a flawless structure without any defects.
cell1932.png,38,"solar cell, polycrystalline, good",The image presented depicts a flawless polycrystalline solar cell within the solar cell sector.
cell1933.png,38,"solar cell, polycrystalline, good",The image from the solar cell sector displays a polycrystalline solar cell that exhibits a flawless structure without any defects.
cell1934.png,38,"solar cell, polycrystalline, good",The image of a polycrystalline solar cell in the solar cell industry displays a flawlessly defect-free structure.
cell1935.png,38,"solar cell, polycrystalline, good",The image of a polycrystalline solar cell in the solar cell industry demonstrates a flawless structure without any defects present.
cell1937.png,38,"solar cell, polycrystalline, good","The image provided depicts a polycrystalline solar cell within the solar cell sector, showcasing a flawless structure devoid of any defects."
cell1938.png,38,"solar cell, polycrystalline, good",This image depicts a polycrystalline solar cell within the solar cell sector that exhibits a flawless structure without any defects.
cell1939.png,38,"solar cell, polycrystalline, good",The image depicts a polycrystalline solar cell within the solar cell sector that exhibits a flawless structure free of any defects.
cell1940.png,38,"solar cell, polycrystalline, good",The image captured within the solar cell sector displays a polycrystalline solar cell exhibiting flawless quality without any defects present.
cell1943.png,38,"solar cell, polycrystalline, good",The image provided depicts a flawless polycrystalline solar cell within the solar cell sector.
cell1944.png,38,"solar cell, polycrystalline, good",The image provided displays a polycrystalline solar cell in pristine condition without any visible defects.
cell1946.png,38,"solar cell, polycrystalline, good",The image displayed here depicts a flaw-free polycrystalline solar cell within the solar cell sector.
cell1947.png,38,"solar cell, polycrystalline, good",The image depicts a flawless polycrystalline solar cell within the solar cell sector.
cell1948.png,38,"solar cell, polycrystalline, good",The image depicting a polycrystalline solar cell within the solar cell sector exhibits a flawless structure devoid of any defects.
cell1950.png,38,"solar cell, polycrystalline, good","The image depicts a polycrystalline solar cell within the solar cell sector, showcasing a flawless absence of defects."
cell1951.png,38,"solar cell, polycrystalline, good","Illustrated in this image is a flawless polycrystalline solar cell within the solar cell sector, devoid of any imperfections."
cell1952.png,38,"solar cell, polycrystalline, good",The image from the solar cell sector displays a polycrystalline solar cell that exhibits no observable defects.
cell1953.png,38,"solar cell, polycrystalline, good","The image depicts a polycrystalline solar cell within the solar cell sector, exhibiting a flawless structure without any defects."
cell1954.png,38,"solar cell, polycrystalline, good",The image from the solar cell sector depicts a flaw-free polycrystalline solar cell.
cell1955.png,38,"solar cell, polycrystalline, good",The image of this polycrystalline solar cell in the solar energy sector depicts a flawless structure without any defects.
cell1956.png,38,"solar cell, polycrystalline, good",The image depicting a polycrystalline solar cell in the solar cell sector demonstrates a flawless structure without any defects.
cell1958.png,38,"solar cell, polycrystalline, good",The image provided depicts a flawless polycrystalline solar cell within the solar cell sector.
cell1959.png,38,"solar cell, polycrystalline, good","The image provided displays a polycrystalline solar cell within the solar cell sector, showcasing a flawless structure devoid of any defects."
cell1960.png,38,"solar cell, polycrystalline, good","The image captured within the solar cell industry displays a flawlessly intact polycrystalline solar cell, devoid of any imperfections or defects."
cell1963.png,38,"solar cell, polycrystalline, good","The provided image depicts a polycrystalline solar cell within the solar cell sector, showcasing a flawless structure without any defects."
cell1964.png,38,"solar cell, polycrystalline, good",This image from the solar cell sector depicts a polycrystalline solar cell that exhibits no visible defects.
cell1965.png,38,"solar cell, polycrystalline, good","The image depicts a flawlessly manufactured polycrystalline solar cell within the solar cell sector, devoid of any defects."
cell1966.png,38,"solar cell, polycrystalline, good",The image of a polycrystalline solar cell in the solar cell sector displays a flawless structure without any defects.
cell1967.png,38,"solar cell, polycrystalline, good",The image presented depicts a flawless polycrystalline solar cell within the solar cell sector.
cell1968.png,38,"solar cell, polycrystalline, good",The image depicts a flawlessly manufactured polycrystalline solar cell within the solar cell sector.
cell1969.png,38,"solar cell, polycrystalline, good",The image illustrates a polycrystalline solar cell devoid of any defects within the solar cell industry.
cell1970.png,38,"solar cell, polycrystalline, good",This image of a polycrystalline solar cell in the solar cell industry exhibits a flawless structure devoid of any defects.
cell1971.png,38,"solar cell, polycrystalline, good",The provided image depicts a flawlessly constructed polycrystalline solar cell within the solar cell sector.
cell1972.png,38,"solar cell, polycrystalline, good",The image of a polycrystalline solar cell in the solar cell sector demonstrates a flawlessly defect-free structure.
cell1973.png,38,"solar cell, polycrystalline, good",The image depicts a flawless polycrystalline solar cell within the solar cell sector.
cell1974.png,38,"solar cell, polycrystalline, good",This image from the solar cell sector displays a polycrystalline solar cell that exhibits flawless quality without any defects.
cell1978.png,38,"solar cell, polycrystalline, good",The image of a polycrystalline solar cell in the solar cell sector reveals a flawless structure devoid of any defects.
cell1979.png,38,"solar cell, polycrystalline, good","The image provided depicts a polycrystalline solar cell within the solar cell sector, demonstrating a flawless structure devoid of any defects."
cell1980.png,38,"solar cell, polycrystalline, good","The image in question depicts a polycrystalline solar cell within the solar cell sector, showcasing a flawless absence of defects."
cell1981.png,38,"solar cell, polycrystalline, good",The image of a polycrystalline solar cell in the solar cell sector exhibits a flawless structure devoid of any defects.
cell1983.png,38,"solar cell, polycrystalline, good",The image from the solar cell sector depicts a flawlessly constructed polycrystalline solar cell devoid of any defects.
cell1984.png,38,"solar cell, polycrystalline, good",The image portrays a polycrystalline solar cell in the solar cell sector that exhibits a flawless structure without any visible defects.
cell1985.png,38,"solar cell, polycrystalline, good",The provided image of a polycrystalline solar cell in the solar cell sector displays a flawless structure without any defects.
cell1986.png,38,"solar cell, polycrystalline, good",The provided image in the solar cell sector depicts a polycrystalline solar cell that exhibits a flawless structure without any defects.
cell1987.png,38,"solar cell, polycrystalline, good",The image depicting a flaw-free polycrystalline solar cell in the solar cell sector is presented.
cell1990.png,38,"solar cell, polycrystalline, good","The image of a polycrystalline solar cell presented in the context of the solar cell industry exhibits a pristine state, devoid of any observable defects."
cell1996.png,38,"solar cell, polycrystalline, good",The image depicts a flawless polycrystalline solar cell within the solar cell sector.
cell1997.png,38,"solar cell, polycrystalline, good","In this image from the solar cell sector, we observe a polycrystalline solar cell that exhibits a flawless structure without any defects."
cell1998.png,38,"solar cell, polycrystalline, good",The image in this solar cell sector illustrates a polycrystalline solar cell that exhibits a flawless structure without any defects.
cell2000.png,38,"solar cell, polycrystalline, good",The image of the polycrystalline solar cell in the solar cell industry demonstrates a flawless structure without any defects present.
cell2001.png,38,"solar cell, polycrystalline, good","The image provided illustrates a polycrystalline solar cell within the solar cell sector, showcasing a pristine absence of defects."
cell2002.png,38,"solar cell, polycrystalline, good",The image of the polycrystalline solar cell in the solar cell industry display exhibits flawless integrity with no observable defects.
cell2003.png,38,"solar cell, polycrystalline, good",The image depicting a polycrystalline solar cell in the solar cell industry exhibits a flawless structure without any defects.
cell2004.png,38,"solar cell, polycrystalline, good",The image displayed presents a flawless polycrystalline solar cell within the solar cell sector.
cell2005.png,38,"solar cell, polycrystalline, good","The provided image depicts a polycrystalline solar cell in pristine condition, devoid of any observable defects."
cell2006.png,38,"solar cell, polycrystalline, good","The provided image depicts a polycrystalline solar cell in pristine condition, devoid of any defects."
cell2007.png,38,"solar cell, polycrystalline, good",The image depicted in the solar cell industry displays a polycrystalline solar cell that exhibits no signs of defects.
cell2009.png,38,"solar cell, polycrystalline, good","The image presented here depicts a polycrystalline solar cell in pristine condition, devoid of any defects."
cell2011.png,38,"solar cell, polycrystalline, good",The image depicting a polycrystalline solar cell within the solar cell sector exhibits a defect-free structure.
cell2012.png,38,"solar cell, polycrystalline, good",The provided image displays a flawless polycrystalline solar cell within the solar cell sector.
cell2013.png,38,"solar cell, polycrystalline, good",The provided image depicts a flawlessly crafted polycrystalline solar cell within the solar cell sector.
cell2014.png,38,"solar cell, polycrystalline, good",The image provided depicts a flawless polycrystalline solar cell within the solar cell sector.
cell2016.png,38,"solar cell, polycrystalline, good","The provided image displays a polycrystalline solar cell within the solar cell sector, showcasing a flawless structure devoid of any defects."
cell2018.png,38,"solar cell, polycrystalline, good",This image from the solar cell sector displays a polycrystalline solar cell that exhibits impeccable quality without any visible defects.
cell2020.png,38,"solar cell, polycrystalline, good",The image from the solar cell sector illustrates a polycrystalline solar cell that exhibits no visible defects.
cell2021.png,38,"solar cell, polycrystalline, good",The image of a polycrystalline solar cell in the solar cell sector depicts a flawless structure without any defects.
cell2022.png,38,"solar cell, polycrystalline, good",The image depicting a polycrystalline solar cell in the solar cell sector showcases a flawless structure without any defects.
cell2025.png,38,"solar cell, polycrystalline, good",The image depicted here showcases a flawlessly crafted polycrystalline solar cell within the solar cell sector.
cell2026.png,38,"solar cell, polycrystalline, good",The image showcased in the solar cell sector depicts a flawlessly structured polycrystalline solar cell devoid of any imperfections.
cell2028.png,38,"solar cell, polycrystalline, good",The image depicting a polycrystalline solar cell in the solar cell industry exhibits a flawless structure without any defects.
cell2029.png,38,"solar cell, polycrystalline, good","The image presented here depicts a polycrystalline solar cell within the solar cell sector, showcasing a flawless absence of defects."
cell2030.png,38,"solar cell, polycrystalline, good",The image depicts a flawless polycrystalline solar cell within the solar cell sector.
cell2031.png,38,"solar cell, polycrystalline, good","The image displays a polycrystalline solar cell within the solar cell sector, showcasing a flawless structure devoid of any defects."
cell2032.png,38,"solar cell, polycrystalline, good",The image presented here depicts a flawlessly manufactured polycrystalline solar cell in the solar energy sector.
cell2033.png,38,"solar cell, polycrystalline, good",The image from the solar cell sector depicts a flawless polycrystalline solar cell without any imperfections.
cell2034.png,38,"solar cell, polycrystalline, good",The image captured in the solar cell sector presents a polycrystalline solar cell devoid of any defects.
cell2035.png,38,"solar cell, polycrystalline, good","The image depicts a polycrystalline solar cell within the solar cell industry, appearing devoid of any defects."
cell2037.png,38,"solar cell, polycrystalline, good","The image provided displays a polycrystalline solar cell within the solar cell sector, devoid of any defects."
cell2039.png,38,"solar cell, polycrystalline, good",The image depicts a flaw-free polycrystalline solar cell in the solar cell sector.
cell2040.png,38,"solar cell, polycrystalline, good",The image in question presents a flawless polycrystalline solar cell within the solar cell sector.
cell2041.png,38,"solar cell, polycrystalline, good",The image depicting a polycrystalline solar cell in the solar cell industry reveals a flawless structure devoid of any defects.
cell2043.png,38,"solar cell, polycrystalline, good",The image illustrates a flaw-free polycrystalline solar cell within the solar cell sector.
cell2046.png,38,"solar cell, polycrystalline, good",The image of a polycrystalline solar cell in the solar cell industry reveals a flawless structure without any defects.
cell2048.png,38,"solar cell, polycrystalline, good",The image of a polycrystalline solar cell presented in the solar cell sector depicts a flawlessly defect-free structure.
cell2049.png,38,"solar cell, polycrystalline, good",The image of this polycrystalline solar cell in the solar cell industry reveals a flawless structure without any defects.
cell2050.png,38,"solar cell, polycrystalline, good",The image from the solar cell sector displays a polycrystalline solar cell that exhibits no defects.
cell2056.png,38,"solar cell, polycrystalline, good",The provided image depicts a flawless polycrystalline solar cell within the solar cell sector.
cell2058.png,38,"solar cell, polycrystalline, good",The image depicting a polycrystalline solar cell within the solar cell sector showcases a flawless structure devoid of any defects.
cell2059.png,38,"solar cell, polycrystalline, good",This image from the solar cell sector presents a polycrystalline solar cell that exhibits no visible defects.
cell2063.png,38,"solar cell, polycrystalline, good",The image provided depicts a flaw-free polycrystalline solar cell in the solar cell sector.
cell2064.png,38,"solar cell, polycrystalline, good",The image showcases a flawless polycrystalline solar cell within the solar cell sector.
cell2065.png,38,"solar cell, polycrystalline, good",This image from the solar cell sector displays a polycrystalline solar cell that exhibits a flawless structure without any defects.
cell2066.png,38,"solar cell, polycrystalline, good","The provided image depicts a polycrystalline solar cell within the solar cell sector, showcasing a flawless absence of defects."
cell2067.png,38,"solar cell, polycrystalline, good",This image from the solar cell sector depicts a polycrystalline solar cell that exhibits a flawless structure without any defects.
cell2069.png,38,"solar cell, polycrystalline, good","The image depicts a polycrystalline solar cell in the solar cell industry, showcasing a flawless structure without any defects."
cell2073.png,38,"solar cell, polycrystalline, good","The image depicts a polycrystalline solar cell within the solar cell sector, showcasing flawless integrity with the absence of any defects."
cell2075.png,38,"solar cell, polycrystalline, good",The image depicting a polycrystalline solar cell in the solar cell sector exhibits a flawless structure without any defects.
cell2078.png,38,"solar cell, polycrystalline, good","The image provided displays a polycrystalline solar cell in pristine condition, free from any defects."
cell2079.png,38,"solar cell, polycrystalline, good",This image from the solar cell sector displays a polycrystalline solar cell that exhibits no imperfections.
cell2080.png,38,"solar cell, polycrystalline, good",The image provided displays a polycrystalline solar cell within the solar cell sector that exhibits an absence of defects.
cell2082.png,38,"solar cell, polycrystalline, good",The image of a polycrystalline solar cell depicted in this industry snapshot exhibits a flawless structure devoid of any defects.
cell2084.png,38,"solar cell, polycrystalline, good",The image of a polycrystalline solar cell in the solar cell sector depicts a flawless structure devoid of any defects.
cell2085.png,38,"solar cell, polycrystalline, good",This image from the solar cell sector depicts a polycrystalline solar cell that exhibits no signs of defects.
cell2086.png,38,"solar cell, polycrystalline, good",The image of a polycrystalline solar cell in the solar cell sector depicts a flawless structure without any defects present.
cell2087.png,38,"solar cell, polycrystalline, good",The image depicting a polycrystalline solar cell in the solar cell sector exhibits a flawless structure without any defects.
cell2091.png,38,"solar cell, polycrystalline, good",The image depicted here showcases a flawless polycrystalline solar cell in the solar cell sector.
cell2092.png,38,"solar cell, polycrystalline, good",The image of a polycrystalline solar cell in the solar cell industry reveals a flawless structure devoid of any defects.
cell2093.png,38,"solar cell, polycrystalline, good",The provided image depicts a flawless polycrystalline solar cell within the solar cell sector.
cell2094.png,38,"solar cell, polycrystalline, good","In this image from the solar cell sector, we observe a polycrystalline solar cell that exhibits flawless quality with no visible defects."
cell2095.png,38,"solar cell, polycrystalline, good",The image presented here depicts a polycrystalline solar cell within the solar cell sector that exhibits a flawless structure devoid of any defects.
cell2096.png,38,"solar cell, polycrystalline, good",The image provided depicts a flawless polycrystalline solar cell within the solar cell sector.
cell2097.png,38,"solar cell, polycrystalline, good",The image depicts a polycrystalline solar cell in the solar cell sector without any visible defects.
cell2098.png,38,"solar cell, polycrystalline, good",The image of a polycrystalline solar cell depicted in this industry snapshot exhibits flawless integrity with no visible defects.
cell2099.png,38,"solar cell, polycrystalline, good",The image of a polycrystalline solar cell in the solar cell sector displays a flawless structure without any defects.
cell2100.png,38,"solar cell, polycrystalline, good",The image presented depicts a flawless polycrystalline solar cell within the solar cell sector.
cell2101.png,38,"solar cell, polycrystalline, good",The image displayed presents a flaw-free polycrystalline solar cell within the solar cell sector.
cell2102.png,38,"solar cell, polycrystalline, good",The image depicting a polycrystalline solar cell in the solar industry exhibits a flawless structure without any defects.
cell2104.png,38,"solar cell, polycrystalline, good",The image presented here depicts a flawlessly manufactured polycrystalline solar cell within the solar cell sector.
cell2105.png,38,"solar cell, polycrystalline, good",The image depicting a flawless polycrystalline solar cell in the solar cell sector is a clear representation of a defect-free structure.
cell2106.png,38,"solar cell, polycrystalline, good","The image depicts a polycrystalline solar cell within the solar cell sector, showcasing a flawless structure devoid of any defects."
cell2108.png,38,"solar cell, polycrystalline, good",The image in question depicts a flawlessly manufactured polycrystalline solar cell within the solar cell sector.
cell2109.png,38,"solar cell, polycrystalline, good",The image depicts a flawlessly manufactured polycrystalline solar cell in the solar cell sector.
cell2110.png,38,"solar cell, polycrystalline, good",The image depicts a polycrystalline solar cell within the solar cell sector that exhibits a flawless structure without any observable defects.
cell2111.png,38,"solar cell, polycrystalline, good",The image provided displays a polycrystalline solar cell within the solar cell sector that exhibits a flawless composition without any defects.
cell2112.png,38,"solar cell, polycrystalline, good",The image from the solar cell sector displays a polycrystalline solar cell that exhibits a flawless structure without any defects.
cell2113.png,38,"solar cell, polycrystalline, good",The image of a polycrystalline solar cell in the solar cell sector displays a flawless structure without any defects.
cell2114.png,38,"solar cell, polycrystalline, good","The image provided depicts a polycrystalline solar cell within the solar cell sector, showcasing a flawless structure with no visible defects."
cell2115.png,38,"solar cell, polycrystalline, good",The image illustrates a flawless polycrystalline solar cell within the solar cell sector.
cell2118.png,38,"solar cell, polycrystalline, good","The image depicts a polycrystalline solar cell within the solar cell sector, showcasing a flawless absence of defects."
cell2119.png,38,"solar cell, polycrystalline, good",The image depicts a flawlessly manufactured polycrystalline solar cell within the solar cell sector.
cell2120.png,38,"solar cell, polycrystalline, good",The image depicting a polycrystalline solar cell in the solar cell sector exhibits a flawless structure without any defects.
cell2124.png,38,"solar cell, polycrystalline, good",This image from the solar cell sector displays a polycrystalline solar cell that exhibits no defects.
cell2125.png,38,"solar cell, polycrystalline, good",The image presented depicts a polycrystalline solar cell within the solar cell sector that exhibits a flawless structure devoid of any defects.
cell2126.png,38,"solar cell, polycrystalline, good",The image provided displays a polycrystalline solar cell in pristine condition without any observable defects.
cell2128.png,38,"solar cell, polycrystalline, good",The image of a polycrystalline solar cell in the solar industry displays a flawless structure without any defects.
cell2129.png,38,"solar cell, polycrystalline, good",The image depicted in this solar cell industry illustration exhibits a flawlessly intact polycrystalline solar cell devoid of any imperfections.
cell2130.png,38,"solar cell, polycrystalline, good","The image illustrates a polycrystalline solar cell in the solar cell sector, showcasing a flawless structure devoid of any defects."
cell2131.png,38,"solar cell, polycrystalline, good",The image of a polycrystalline solar cell in the solar cell sector displays a flawless structure devoid of any defects.
cell2132.png,38,"solar cell, polycrystalline, good",The image depicts a polycrystalline solar cell within the solar cell sector that exhibits no visible defects.
cell2133.png,38,"solar cell, polycrystalline, good",The image of this polycrystalline solar cell in the solar cell sector displays a flawless structure devoid of any defects.
cell2135.png,38,"solar cell, polycrystalline, good",The image of a polycrystalline solar cell presented in the solar cell industry depicts a flawless structure without any defects.
cell2138.png,38,"solar cell, polycrystalline, good",The provided image illustrates a defect-free polycrystalline solar cell in the solar cell sector.
cell2139.png,38,"solar cell, polycrystalline, good","The image provides a glimpse into the solar cell sector, featuring a polycrystalline solar cell that exhibits flawless quality with no visible defects."
cell2140.png,38,"solar cell, polycrystalline, good",The image depicted here showcases a flawlessly manufactured polycrystalline solar cell within the solar cell sector.
cell2143.png,38,"solar cell, polycrystalline, good","The image in the solar cell sector displays a flawlessly intact polycrystalline solar cell, devoid of any imperfections."
cell2144.png,38,"solar cell, polycrystalline, good",The image depicts a flawlessly produced polycrystalline solar cell in the solar cell sector.
cell2217.png,38,"solar cell, polycrystalline, good",The image presented here illustrates a flawlessly structured polycrystalline solar cell within the solar cell sector.
cell2218.png,38,"solar cell, polycrystalline, good",This image from the solar cell sector depicts a polycrystalline solar cell that exhibits no visible defects.
cell2221.png,38,"solar cell, polycrystalline, good",The image depicts a flawless polycrystalline solar cell within the solar cell sector.
cell2222.png,38,"solar cell, polycrystalline, good","The image depicts a polycrystalline solar cell within the solar cell sector, showcasing flawless quality without any observable defects."
cell2223.png,38,"solar cell, polycrystalline, good",The image provided depicts a flawlessly manufactured polycrystalline solar cell within the solar cell sector.
cell2224.png,38,"solar cell, polycrystalline, good","The image presented here depicts a polycrystalline solar cell in pristine condition, devoid of any defects."
cell2225.png,38,"solar cell, polycrystalline, good",The image depicts a flawless polycrystalline solar cell within the solar cell sector.
cell2226.png,38,"solar cell, polycrystalline, good",The image depicts a flawless polycrystalline solar cell within the solar cell sector.
cell2227.png,38,"solar cell, polycrystalline, good","The image provided depicts a polycrystalline solar cell in pristine condition, devoid of any defects."
cell2228.png,38,"solar cell, polycrystalline, good",The image in this solar cell industry report depicts a flawlessly intact polycrystalline solar cell without any visible defects.
cell2229.png,38,"solar cell, polycrystalline, good",The image depicting a flawless polycrystalline solar cell within the solar cell sector is indicative of a defect-free structure.
cell2230.png,38,"solar cell, polycrystalline, good",The image provided displays a polycrystalline solar cell within the solar cell sector that exhibits zero defects.
cell2231.png,38,"solar cell, polycrystalline, good","The image presented illustrates a polycrystalline solar cell within the solar cell sector, showcasing a flawless structure devoid of any defects."
cell2232.png,38,"solar cell, polycrystalline, good",This image from the solar cell sector displays a polycrystalline solar cell that exhibits no visible defects.
cell2233.png,38,"solar cell, polycrystalline, good",The image depicting a polycrystalline solar cell in the solar cell sector exhibits a flawless structure devoid of any defects.
cell2234.png,38,"solar cell, polycrystalline, good",The provided image depicts a flawless polycrystalline solar cell within the solar cell sector.
cell2235.png,38,"solar cell, polycrystalline, good",The image depicting a polycrystalline solar cell in the solar cell sector shows a flawless structure devoid of any defects.
cell2236.png,38,"solar cell, polycrystalline, good","The provided image displays a polycrystalline solar cell within the solar cell sector, showcasing an absence of defects."
cell2237.png,38,"solar cell, polycrystalline, good",The image depicting a flawlessly manufactured polycrystalline solar cell is a prime example within the solar cell sector.
cell2239.png,38,"solar cell, polycrystalline, good",The image depicting a polycrystalline solar cell in the solar cell industry displays a flawless structure with no visible defects.
cell2241.png,38,"solar cell, polycrystalline, good",The illustration of a polycrystalline solar cell in this image displays a flawless structure without any defects.
cell2243.png,38,"solar cell, polycrystalline, good",The image provided depicts a flaw-free polycrystalline solar cell within the solar cell sector.
cell2245.png,38,"solar cell, polycrystalline, good",The image depicts a flawless polycrystalline solar cell within the solar cell sector.
cell2246.png,38,"solar cell, polycrystalline, good","The image depicts a polycrystalline solar cell within the solar cell sector, showcasing a flawless structure devoid of any defects."
cell2247.png,38,"solar cell, polycrystalline, good","The image provided depicts a polycrystalline solar cell within the solar cell sector, showcasing a flawless structure devoid of any defects."
cell2248.png,38,"solar cell, polycrystalline, good",This image from the solar cell sector depicts a polycrystalline solar cell that exhibits no defects.
cell2249.png,38,"solar cell, polycrystalline, good",The image depicting a polycrystalline solar cell in the solar cell sector illustrates a flawless structure devoid of any defects.
cell2250.png,38,"solar cell, polycrystalline, good","The image depicted here showcases a polycrystalline solar cell within the solar cell sector, exhibiting a flawless absence of defects."
cell2251.png,38,"solar cell, polycrystalline, good",The image provided depicts a flawlessly crafted polycrystalline solar cell within the solar cell sector.
cell2252.png,38,"solar cell, polycrystalline, good",The image depicts a flawless polycrystalline solar cell within the solar cell sector.
cell2253.png,38,"solar cell, polycrystalline, good",The image of a polycrystalline solar cell in the solar cell sector depicts a flawless structure without any defects.
cell2254.png,38,"solar cell, polycrystalline, good","The image provided depicts a polycrystalline solar cell within the solar cell sector, showcasing a flawless absence of defects."
cell2255.png,38,"solar cell, polycrystalline, good",This image from the solar cell sector displays a polycrystalline solar cell that exhibits no visible defects.
cell2256.png,38,"solar cell, polycrystalline, good","The provided image depicts a polycrystalline solar cell in pristine condition, devoid of any defects."
cell2257.png,38,"solar cell, polycrystalline, good",This image from the solar cell sector displays a polycrystalline solar cell that exhibits a flawless structure without any defects present.
cell2258.png,38,"solar cell, polycrystalline, good",The image within the solar cell industry depicts a polycrystalline solar cell that exhibits a flawless state without any defects.
cell2259.png,38,"solar cell, polycrystalline, good",The image displayed here depicts a defect-free polycrystalline solar cell within the solar cell sector.
cell2260.png,38,"solar cell, polycrystalline, good",The image depicting a polycrystalline solar cell within the solar cell sector illustrates a flawless structure without any defects.
cell2262.png,38,"solar cell, polycrystalline, good","The provided image displays a polycrystalline solar cell within the solar cell sector, exhibiting a flawless structure without any visible defects."
cell2263.png,38,"solar cell, polycrystalline, good",This image from the solar cell sector depicts a polycrystalline solar cell that exhibits no visible defects.
cell2264.png,38,"solar cell, polycrystalline, good","The image captures a polycrystalline solar cell within the solar cell sector, showcasing a flawless absence of defects."
cell2265.png,38,"solar cell, polycrystalline, good",The image depicting a polycrystalline solar cell in the solar cell sector reveals a flawlessly defect-free structure.
cell2266.png,38,"solar cell, polycrystalline, good",The image of a polycrystalline solar cell in the solar cell sector depicts a flawless cell without any defects.
cell2267.png,38,"solar cell, polycrystalline, good",The image of a polycrystalline solar cell in the solar cell sector exhibits flawless integrity with no observable defects.
cell2268.png,38,"solar cell, polycrystalline, good",The provided image depicts a flawless polycrystalline solar cell within the solar cell sector.
cell2269.png,38,"solar cell, polycrystalline, good",The image depicted in the solar cell industry illustrates a polycrystalline solar cell that exhibits a flawless structure with no defects present.
cell2271.png,38,"solar cell, polycrystalline, good","The image presented illustrates a polycrystalline solar cell within the solar cell sector, devoid of any defects."
cell2272.png,38,"solar cell, polycrystalline, good",The image captured within the solar cell sector illustrates a polycrystalline solar cell free from any imperfections or defects.
cell2273.png,38,"solar cell, polycrystalline, good",The provided image depicts a flawless polycrystalline solar cell within the solar cell sector.
cell2274.png,38,"solar cell, polycrystalline, good",The industry image of a polycrystalline solar cell presented here exhibits a flawless structure devoid of any defects.
cell2275.png,38,"solar cell, polycrystalline, good",The image provided depicts a polycrystalline solar cell within the solar cell sector that exhibits a flawless structure devoid of any defects.
cell2276.png,38,"solar cell, polycrystalline, good",The image from the solar cell sector displays a polycrystalline solar cell devoid of any defects.
cell2277.png,38,"solar cell, polycrystalline, good",The image of this polycrystalline solar cell in the solar cell industry demonstrates a flawless structure without any defects present.
cell2278.png,38,"solar cell, polycrystalline, good","The image provides a glimpse into the solar cell sector, displaying a flaw-free polycrystalline solar cell."
cell2279.png,38,"solar cell, polycrystalline, good","The image provided displays a polycrystalline solar cell within the solar cell sector, free from any observable defects."
cell2280.png,38,"solar cell, polycrystalline, good",The image of this polycrystalline solar cell in the solar cell industry reveals a flawless structure without any defects.
cell2282.png,38,"solar cell, polycrystalline, good",The image presented here depicts a flaw-free polycrystalline solar cell within the solar cell sector.
cell2283.png,38,"solar cell, polycrystalline, good",The image provided depicts a flaw-free polycrystalline solar cell within the solar cell sector.
cell2284.png,38,"solar cell, polycrystalline, good",The image from the solar cell sector depicts a polycrystalline solar cell devoid of any imperfections.
cell2285.png,38,"solar cell, polycrystalline, good",The image provided depicts a flawless polycrystalline solar cell within the solar cell sector.
cell2286.png,38,"solar cell, polycrystalline, good",The image depicts a flawless polycrystalline solar cell within the solar cell sector.
cell2287.png,38,"solar cell, polycrystalline, good",This image from the solar cell sector displays a polycrystalline solar cell that exhibits no visible defects.
cell2290.png,38,"solar cell, polycrystalline, good",The image of a polycrystalline solar cell presented in the solar cell industry demonstrates a flawlessly defect-free structure.
cell2291.png,38,"solar cell, polycrystalline, good","The image depicts a flawlessly manufactured polycrystalline solar cell within the solar cell sector, showcasing a complete absence of defects."
cell2292.png,38,"solar cell, polycrystalline, good",This image from the solar cell sector displays a polycrystalline solar cell that exhibits a flawless structure without any defects.
cell2294.png,38,"solar cell, polycrystalline, good",The image depicting a polycrystalline solar cell in the solar cell sector exhibits a flawless structure devoid of any defects.
cell2296.png,38,"solar cell, polycrystalline, good",The provided image displays a flawless polycrystalline solar cell within the solar cell sector.
cell2297.png,38,"solar cell, polycrystalline, good",The image depicting a polycrystalline solar cell in the solar cell sector exhibits a flawless structure without any defects visible.
cell2300.png,38,"solar cell, polycrystalline, good",The image provided depicts a flawlessly structured polycrystalline solar cell in the solar cell sector.
cell2302.png,38,"solar cell, polycrystalline, good",The image of a polycrystalline solar cell in the solar cell sector exhibits flawless quality without any defects present.
cell2303.png,38,"solar cell, polycrystalline, good",The image presented here depicts a flawless polycrystalline solar cell within the solar cell sector.
cell2305.png,38,"solar cell, polycrystalline, good",This image from the solar cell sector depicts a polycrystalline solar cell that exhibits no signs of defects.
cell2306.png,38,"solar cell, polycrystalline, good",The image displays a flaw-free polycrystalline solar cell within the solar cell sector.
cell2307.png,38,"solar cell, polycrystalline, good",The image from the solar cell sector depicts a flawless polycrystalline solar cell with no visible defects.
cell2308.png,38,"solar cell, polycrystalline, good",The image displays a flawless polycrystalline solar cell in the solar cell sector.
cell2309.png,38,"solar cell, polycrystalline, good",The image of a polycrystalline solar cell in the solar cell sector displays a flawless structure with no visible defects.
cell2310.png,38,"solar cell, polycrystalline, good",The image representing the solar cell sector displays a polycrystalline solar cell that exhibits flawless quality without any defects.
cell2311.png,38,"solar cell, polycrystalline, good",The provided image depicts a flaw-free polycrystalline solar cell within the solar cell sector.
cell2314.png,38,"solar cell, polycrystalline, good",The image provided depicts a flawless polycrystalline solar cell within the solar cell sector.
cell2316.png,38,"solar cell, polycrystalline, good",This image from the solar cell sector presents a polycrystalline solar cell that exhibits no visible defects.
cell2318.png,38,"solar cell, polycrystalline, good","The image provided displays a polycrystalline solar cell in the solar cell sector, showcasing a flawless state without any defects present."
cell2319.png,38,"solar cell, polycrystalline, good","The image displayed here represents a polycrystalline solar cell within the solar cell sector, showcasing a flawless structure devoid of any defects."
cell2320.png,38,"solar cell, polycrystalline, good",The image of a polycrystalline solar cell in the solar cell industry demonstrates a defect-free structure.
cell2321.png,38,"solar cell, polycrystalline, good",The image depicting a polycrystalline solar cell within the solar cell sector exhibits a flawless structure devoid of any defects.
cell2327.png,38,"solar cell, polycrystalline, good",The image of a polycrystalline solar cell in the solar cell sector displays a flawless structure with no visible defects.
cell2328.png,38,"solar cell, polycrystalline, good",The image depicts a polycrystalline solar cell within the solar cell sector that exhibits a flawless structure devoid of any defects.
cell2329.png,38,"solar cell, polycrystalline, good","The image presented here illustrates a polycrystalline solar cell within the solar cell sector, showcasing a flawless structure devoid of any defects."
cell2330.png,38,"solar cell, polycrystalline, good",The image captured in the solar cell sector depicts a polycrystalline solar cell that exhibits no signs of defects.
cell2331.png,38,"solar cell, polycrystalline, good",The image from the solar cell industry displays a polycrystalline solar cell that exhibits a flawless structure without any defects.
cell2332.png,38,"solar cell, polycrystalline, good",The image from the solar cell sector depicts a flawlessly intact polycrystalline solar cell.
cell2333.png,38,"solar cell, polycrystalline, good",The image depicting a polycrystalline solar cell in the solar cell sector exhibits a flawless structure devoid of any defects.
cell2334.png,38,"solar cell, polycrystalline, good",The image presented depicts a flawlessly manufactured polycrystalline solar cell within the solar cell sector.
cell2335.png,38,"solar cell, polycrystalline, good",The image of this polycrystalline solar cell in the solar industry displays a flawless structure with no visible defects.
cell2336.png,38,"solar cell, polycrystalline, good","The image portrays a polycrystalline solar cell in the solar cell sector, showcasing a flawless structure without any defects."
cell2337.png,38,"solar cell, polycrystalline, good","This image captures a flawless polycrystalline solar cell, free from any defects, within the solar cell industry."
cell2340.png,38,"solar cell, polycrystalline, good","The provided image depicts a polycrystalline solar cell within the solar cell sector, showcasing a flawless absence of defects."
cell2341.png,38,"solar cell, polycrystalline, good",The image of a polycrystalline solar cell in the solar cell sector displays a flawless structure without any defects.
cell2342.png,38,"solar cell, polycrystalline, good",The image of a polycrystalline solar cell in the solar cell sector demonstrates a flawless structure without any defects.
cell2343.png,38,"solar cell, polycrystalline, good","The image provided illustrates a polycrystalline solar cell in pristine condition, devoid of any defects."
cell2344.png,38,"solar cell, polycrystalline, good",The image depicts a flawlessly constructed polycrystalline solar cell within the solar cell sector.
cell2346.png,38,"solar cell, polycrystalline, good",The provided illustration in the solar cell sector displays a polycrystalline solar cell that exhibits a flawless structure devoid of any defects.
cell2347.png,38,"solar cell, polycrystalline, good",The image of a polycrystalline solar cell depicted in this industry snapshot exhibits a flawless structure without any defects.
cell2349.png,38,"solar cell, polycrystalline, good","The image presents a polycrystalline solar cell within the solar cell sector, devoid of any observable defects."
cell2351.png,38,"solar cell, polycrystalline, good",Displayed in this image from the solar cell sector is a polycrystalline solar cell that exhibits an absence of defects.
cell2352.png,38,"solar cell, polycrystalline, good",The image presented here depicts a flawless polycrystalline solar cell within the solar cell sector.
cell2353.png,38,"solar cell, polycrystalline, good","The image provided displays a polycrystalline solar cell within the solar cell sector, showcasing a flawless structure devoid of any defects."
cell2354.png,38,"solar cell, polycrystalline, good",The image in the solar cell sector depicts a flawlessly intact polycrystalline solar cell with no observable defects.
cell2355.png,38,"solar cell, polycrystalline, good","The image depicts a polycrystalline solar cell within the solar cell sector, exhibiting a flawless structure devoid of any defects."
cell2356.png,38,"solar cell, polycrystalline, good",The image depicting a flawless polycrystalline solar cell in the solar cell sector is devoid of any defects.
cell2357.png,38,"solar cell, polycrystalline, good",The provided image of a polycrystalline solar cell in the solar cell industry displays a flawless structure without any visible defects.
cell2358.png,38,"solar cell, polycrystalline, good",The image provided depicts a polycrystalline solar cell within the solar cell sector that exhibits no signs of defects.
cell2359.png,38,"solar cell, polycrystalline, good",The image of the polycrystalline solar cell in the solar cell industry demonstrates a flawless structure without any visible defects.
cell2360.png,38,"solar cell, polycrystalline, good",The image of a polycrystalline solar cell presented in this context showcases a flawless structure devoid of any defects.
cell2361.png,38,"solar cell, polycrystalline, good","The image presented depicts a polycrystalline solar cell within the solar cell sector, showcasing a flawless structure devoid of any defects."
cell2363.png,38,"solar cell, polycrystalline, good",The image of a polycrystalline solar cell in the solar cell industry displays a flawless structure devoid of any defects.
cell2364.png,38,"solar cell, polycrystalline, good",The image from the solar cell sector displays a polycrystalline solar cell that exhibits no observable defects.
cell2365.png,38,"solar cell, polycrystalline, good",The image of this polycrystalline solar cell in the solar energy sector reveals a flawless structure without any defects present.
cell2367.png,38,"solar cell, polycrystalline, good",The image from the solar cell sector depicts a polycrystalline solar cell that exhibits no visible defects.
cell2370.png,38,"solar cell, polycrystalline, good","The image provided depicts a polycrystalline solar cell within the solar cell sector, showcasing a flawless structure devoid of any defects."
cell2371.png,38,"solar cell, polycrystalline, good",The visual representation depicted in this image of a polycrystalline solar cell exemplifies a flawless structure devoid of any defects.
cell2372.png,38,"solar cell, polycrystalline, good",This image from the solar cell sector displays a polycrystalline solar cell that exhibits flawless integrity with no discernible defects.
cell2373.png,38,"solar cell, polycrystalline, good",The image depicting a polycrystalline solar cell in the solar cell sector reveals a flawless structure without any defects.
cell2375.png,38,"solar cell, polycrystalline, good",The image depicts a flaw-free polycrystalline solar cell within the solar cell sector.
cell2376.png,38,"solar cell, polycrystalline, good",The image provided depicts a flawlessly manufactured polycrystalline solar cell in the solar cell sector.
cell2377.png,38,"solar cell, polycrystalline, good",The image depicts a flaw-free polycrystalline solar cell in the solar cell sector.
cell2378.png,38,"solar cell, polycrystalline, good","The image provided depicts a polycrystalline solar cell within the solar cell industry, showcasing a flawless structure without any defects present."
cell2379.png,38,"solar cell, polycrystalline, good",The image presented here depicts a flawless polycrystalline solar cell within the solar cell sector.
cell2380.png,38,"solar cell, polycrystalline, good",The image portraying a polycrystalline solar cell in the solar cell sector exhibits a defect-free structure.
cell2381.png,38,"solar cell, polycrystalline, good",The image depicting a polycrystalline solar cell in the solar cell sector exhibits a flawless structure devoid of any defects.
cell2383.png,38,"solar cell, polycrystalline, good","The image provided showcases a polycrystalline solar cell within the solar cell sector, displaying a flawless structure devoid of any defects."
cell2384.png,38,"solar cell, polycrystalline, good",The image of this polycrystalline solar cell in the solar cell industry illustrates a flawless structure without any defects present.
cell2385.png,38,"solar cell, polycrystalline, good",The image depicts a flawless polycrystalline solar cell within the solar cell sector.
cell2386.png,38,"solar cell, polycrystalline, good",The image presented here depicts a polycrystalline solar cell within the solar cell sector that exhibits a flawless structure devoid of any defects.
cell2387.png,38,"solar cell, polycrystalline, good",The image depicts a polycrystalline solar cell within the solar cell sector that exhibits a flawless structure devoid of any defects.
cell2388.png,38,"solar cell, polycrystalline, good",This image from the solar cell sector depicts a polycrystalline solar cell that exhibits a flawless structure with no visible defects.
cell2389.png,38,"solar cell, polycrystalline, good",The image provided depicts a flawlessly structured polycrystalline solar cell within the solar cell sector.
cell2390.png,38,"solar cell, polycrystalline, good",The image provided depicts a flawlessly manufactured polycrystalline solar cell within the solar cell sector.
cell2391.png,38,"solar cell, polycrystalline, good","The image depicts a polycrystalline solar cell within the solar cell sector, showcasing a flawless absence of defects."
cell2393.png,38,"solar cell, polycrystalline, good",The image presented here depicts a flaw-free polycrystalline solar cell within the solar cell sector.
cell2395.png,38,"solar cell, polycrystalline, good",The industry image of a polycrystalline solar cell displayed here exhibits flawless quality without any defects.
cell2445.png,38,"solar cell, polycrystalline, good",The image of a polycrystalline solar cell in the solar cell industry demonstrates a flawless structure without any visible defects.
cell2447.png,38,"solar cell, polycrystalline, good",The image of a polycrystalline solar cell in the solar cell sector reveals a flawless structure free from any defects.
cell2448.png,38,"solar cell, polycrystalline, good",The image of this polycrystalline solar cell in the solar cell industry displays a flawless structure without any defects.
cell2449.png,38,"solar cell, polycrystalline, good",The image in the solar cell sector portrays a polycrystalline solar cell that exhibits no defects.
cell2450.png,38,"solar cell, polycrystalline, good",The image depicts a flawless polycrystalline solar cell within the solar cell sector.
cell2451.png,38,"solar cell, polycrystalline, good",The image depicts a flawlessly manufactured polycrystalline solar cell within the solar cell sector.
cell2452.png,38,"solar cell, polycrystalline, good","The image provided displays a polycrystalline solar cell within the solar cell sector, showcasing a flawless structure without any visible defects."
cell2454.png,38,"solar cell, polycrystalline, good","The image displays a polycrystalline solar cell within the solar cell sector, showcasing flawless quality with no observable defects."
cell2455.png,38,"solar cell, polycrystalline, good","This image depicts a polycrystalline solar cell within the solar cell sector, showcasing flawless integrity without any observable defects."
cell2457.png,38,"solar cell, polycrystalline, good",The provided image displays a flaw-free polycrystalline solar cell within the solar cell sector.
cell2458.png,38,"solar cell, polycrystalline, good",The image depicts a flawless polycrystalline solar cell within the solar cell sector.
cell2459.png,38,"solar cell, polycrystalline, good","The image displays a polycrystalline solar cell in the solar cell sector, showcasing a flawless structure without any defects."
cell2461.png,38,"solar cell, polycrystalline, good",The image captured within the solar cell sector displays a polycrystalline solar cell that exhibits a flawless structure without any defects present.
cell2463.png,38,"solar cell, polycrystalline, good",The image presented here depicts a flawless polycrystalline solar cell within the solar cell sector.
cell2466.png,38,"solar cell, polycrystalline, good","The image portrays a polycrystalline solar cell within the solar cell sector that exhibits a flawless structure, devoid of any defects."
cell2468.png,38,"solar cell, polycrystalline, good",The image presented here depicts a flawless polycrystalline solar cell within the solar cell sector.
cell2469.png,38,"solar cell, polycrystalline, good",The image provided displays a defect-free polycrystalline solar cell within the solar cell sector.
cell2471.png,38,"solar cell, polycrystalline, good",The image provided depicts a polycrystalline solar cell in the solar cell sector exhibiting flawless quality without any visible defects.
cell2472.png,38,"solar cell, polycrystalline, good",The provided image depicts a defect-free polycrystalline solar cell in the solar cell industry.
cell2474.png,38,"solar cell, polycrystalline, good","The image provided depicts a polycrystalline solar cell within the solar cell sector, showcasing a flawless structure devoid of any defects."
cell2475.png,38,"solar cell, polycrystalline, good",The image from the solar cell sector presents a polycrystalline solar cell that exhibits a flawless structure without any defects.
cell2476.png,38,"solar cell, polycrystalline, good",The image presented here depicts a flawless polycrystalline solar cell within the solar cell sector.
cell2477.png,38,"solar cell, polycrystalline, good",The image in this representation of the solar cell sector displays a polycrystalline solar cell devoid of any imperfections.
cell2478.png,38,"solar cell, polycrystalline, good",The image illustrates a polycrystalline solar cell in the solar industry that exhibits zero defects.
cell2479.png,38,"solar cell, polycrystalline, good","The image provided depicts a polycrystalline solar cell within the solar cell sector that exhibits flawless integrity, free from any visible defects."
cell2480.png,38,"solar cell, polycrystalline, good",This image captures a polycrystalline solar cell within the solar cell sector that exhibits flawless quality with no visible defects.
cell2481.png,38,"solar cell, polycrystalline, good",The image depicting a polycrystalline solar cell in the solar cell sector exhibits a flawless structure devoid of any defects.
cell2482.png,38,"solar cell, polycrystalline, good",The image from the solar cell sector displays a polycrystalline solar cell that exhibits a flawless structure without any defects.
cell2484.png,38,"solar cell, polycrystalline, good",The image depicts a flawless polycrystalline solar cell within the solar cell sector.
cell2485.png,38,"solar cell, polycrystalline, good","The image of this polycrystalline solar cell in the solar cell sector exhibits a flawless structure, devoid of any defects."
cell2486.png,38,"solar cell, polycrystalline, good","The image provided depicts a polycrystalline solar cell within the solar cell sector, exhibiting a flawless structure devoid of any defects."
cell2487.png,38,"solar cell, polycrystalline, good",Displayed in this image from the solar cell sector is a polycrystalline solar cell devoid of any imperfections.
cell2488.png,38,"solar cell, polycrystalline, good",The image of the polycrystalline solar cell in the solar panel sector displays a flawless structure with no visible defects.
cell2489.png,38,"solar cell, polycrystalline, good",The image of the polycrystalline solar cell in the solar cell industry displays a pristine state without any observable defects.
cell2490.png,38,"solar cell, polycrystalline, good",The image from the solar cell sector illustrates a polycrystalline solar cell that exhibits no visible defects.
cell2491.png,38,"solar cell, polycrystalline, good",The image from the solar cell sector depicts a polycrystalline solar cell devoid of any imperfections.
cell2494.png,38,"solar cell, polycrystalline, good","The image depicts a polycrystalline solar cell within the solar cell sector, showcasing a flawless structure without any defects."
cell2496.png,38,"solar cell, polycrystalline, good",The image of a polycrystalline solar cell in the solar cell industry displays a flawless structure without any defects present.
cell2497.png,38,"solar cell, polycrystalline, good","In the image provided from the solar cell sector, a polycrystalline solar cell is depicted, exhibiting a flawless structure devoid of any defects."
cell2498.png,38,"solar cell, polycrystalline, good","The provided image showcases a polycrystalline solar cell within the solar cell sector, exhibiting a flawless structure devoid of any defects."
cell2499.png,38,"solar cell, polycrystalline, good","The image illustrates a polycrystalline solar cell within the solar cell sector, exhibiting a flawlessly defect-free structure."
cell2504.png,38,"solar cell, polycrystalline, good",Displayed in this image from the solar cell industry is a polycrystalline solar cell that exhibits a flawless structure without any defects.
cell2506.png,38,"solar cell, polycrystalline, good",The image of a polycrystalline solar cell in the solar industry demonstrates a flawless structure devoid of any defects.
cell2507.png,38,"solar cell, polycrystalline, good",The image depicting a polycrystalline solar cell within the solar cell sector reveals a flawless structure devoid of any defects.
cell2510.png,38,"solar cell, polycrystalline, good",The image provided depicts a flawless polycrystalline solar cell within the solar cell sector.
cell2511.png,38,"solar cell, polycrystalline, good",The image of a polycrystalline solar cell displayed in the solar cell sector exhibits a flawless structure without any defects.
cell2512.png,38,"solar cell, polycrystalline, good",The image from the solar cell sector depicts a polycrystalline solar cell that exhibits immaculate quality with no visible defects.
cell2513.png,38,"solar cell, polycrystalline, good",The image displayed depicts a flawless polycrystalline solar cell within the solar cell sector.
cell2514.png,38,"solar cell, polycrystalline, good",The image depicting a polycrystalline solar cell within the solar cell sector exhibits flawless integrity without any visible defects.
cell2521.png,38,"solar cell, polycrystalline, good",The image depicted in this snapshot of the solar cell sector showcases a polycrystalline solar cell devoid of any imperfections or defects.
cell2522.png,38,"solar cell, polycrystalline, good",The image of a polycrystalline solar cell in this industry illustration exhibits a flawless structure without any defects present.
cell2527.png,38,"solar cell, polycrystalline, good",The image depicted here showcases a flawlessly structured polycrystalline solar cell within the solar cell sector.
cell2528.png,38,"solar cell, polycrystalline, good",The image depicting a polycrystalline solar cell in the solar cell sector exhibits a flawless structure with no visible defects.
cell2529.png,38,"solar cell, polycrystalline, good",The image of a polycrystalline solar cell in the solar cell sector displays a flawlessly defect-free structure.
cell2530.png,38,"solar cell, polycrystalline, good",The image depicts a flawlessly structured polycrystalline solar cell within the solar industry.
cell2531.png,38,"solar cell, polycrystalline, good","The image provided depicts a polycrystalline solar cell within the solar cell industry, showcasing a defect-free structure."
cell2532.png,38,"solar cell, polycrystalline, good",The image from the solar cell sector displays a polycrystalline solar cell that exhibits no imperfections.
cell2533.png,38,"solar cell, polycrystalline, good","The image provided depicts a polycrystalline solar cell within the solar cell sector, showcasing a flawless absence of defects."
cell2535.png,38,"solar cell, polycrystalline, good",The image of the polycrystalline solar cell in the solar cell sector reveals a flawless structure devoid of any defects.
cell2537.png,38,"solar cell, polycrystalline, good",The image provided depicts a flawlessly manufactured polycrystalline solar cell within the solar cell sector.
cell2539.png,38,"solar cell, polycrystalline, good","The provided image depicts a polycrystalline solar cell within the solar cell sector, showcasing a flawless absence of defects."
cell2540.png,38,"solar cell, polycrystalline, good",The image from the solar cell sector displays a polycrystalline solar cell devoid of any imperfections.
cell2541.png,38,"solar cell, polycrystalline, good","The image presented here displays a polycrystalline solar cell within the solar cell sector, showcasing a flawless structure devoid of any defects."
cell2542.png,38,"solar cell, polycrystalline, good","The image depicts a polycrystalline solar cell within the solar cell sector, showcasing a flawless structure devoid of any defects."
cell2543.png,38,"solar cell, polycrystalline, good",The image depicting a polycrystalline solar cell within the solar cell sector demonstrates a flawless structure devoid of any defects.
cell2545.png,38,"solar cell, polycrystalline, good",The image depicts a flawless polycrystalline solar cell within the solar cell sector.
cell2549.png,38,"solar cell, polycrystalline, good",This image from the solar cell sector depicts a polycrystalline solar cell that exhibits flawless quality without any defects present.
cell2550.png,38,"solar cell, polycrystalline, good",The image depicting a polycrystalline solar cell in the solar cell industry demonstrates a flawless structure without any defects present.
cell2551.png,38,"solar cell, polycrystalline, good",The image provided depicts a flawless polycrystalline solar cell within the solar cell sector.
cell2552.png,38,"solar cell, polycrystalline, good",The image of a polycrystalline solar cell in the solar cell sector portrays a flawless structure devoid of any defects.
cell2553.png,38,"solar cell, polycrystalline, good","The image presents a polycrystalline solar cell within the solar cell sector, showcasing a flawless structure without any observable defects."
cell2554.png,38,"solar cell, polycrystalline, good","Displayed in this image from the solar cell sector is a polycrystalline solar cell that exhibits a flawless structure, devoid of any defects."
cell2555.png,38,"solar cell, polycrystalline, good",The image provided displays a polycrystalline solar cell within the solar cell sector that exhibits a flawless structure without any defects.
cell2558.png,38,"solar cell, polycrystalline, good",The image depicts a flawlessly manufactured polycrystalline solar cell within the solar cell sector.
cell2559.png,38,"solar cell, polycrystalline, good",The image presented in this context showcases a flawless polycrystalline solar cell within the solar cell sector.
cell2560.png,38,"solar cell, polycrystalline, good",The image of a polycrystalline solar cell in the solar cell sector exhibits a flawless structure without any defects.
cell2561.png,38,"solar cell, polycrystalline, good",The image of this polycrystalline solar cell in the solar cell sector reveals a flawless structure without any defects.
cell2562.png,38,"solar cell, polycrystalline, good",The image of the polycrystalline solar cell in the solar cell sector illustrates a defect-free structure.
cell2563.png,38,"solar cell, polycrystalline, good",This image from the solar cell sector displays a polycrystalline solar cell that exhibits no visible defects.
cell2564.png,38,"solar cell, polycrystalline, good",The image of a polycrystalline solar cell in the solar cell sector demonstrates a defect-free structure.
cell2565.png,38,"solar cell, polycrystalline, good","The image provided showcases a polycrystalline solar cell in pristine condition, devoid of any defects."
cell2566.png,38,"solar cell, polycrystalline, good",The provided image displays a flawless polycrystalline solar cell within the solar cell sector.
cell2567.png,38,"solar cell, polycrystalline, good",Illustrated in this image of the solar cell sector is a polycrystalline solar cell void of any imperfections.
cell2568.png,38,"solar cell, polycrystalline, good",The image depicting a polycrystalline solar cell within the solar cell sector exhibits a flawless structure devoid of any defects.
cell2569.png,38,"solar cell, polycrystalline, good",The provided image depicts a flawlessly manufactured polycrystalline solar cell in the solar cell sector.
cell2570.png,38,"solar cell, polycrystalline, good","The image displays a polycrystalline solar cell within the solar cell sector, showcasing a flawless structure without any defects."
cell2571.png,38,"solar cell, polycrystalline, good",The image of a polycrystalline solar cell presented in the context of the solar cell industry exhibits a flawless structure devoid of any defects.
cell2572.png,38,"solar cell, polycrystalline, good",The image depicting a polycrystalline solar cell in the solar cell industry exhibits a flawless structure without any defects.
cell2573.png,38,"solar cell, polycrystalline, good",The image depicts a flawless polycrystalline solar cell within the solar cell sector.
cell2574.png,38,"solar cell, polycrystalline, good",The image presents a polycrystalline solar cell within the solar cell sector that exhibits a flawless structure devoid of any defects.
cell2575.png,38,"solar cell, polycrystalline, good","The image presented depicts a polycrystalline solar cell within the solar cell sector, showcasing a flawless absence of defects."
cell2576.png,38,"solar cell, polycrystalline, good",Displayed in this image from the solar cell sector is a polycrystalline solar cell that exhibits a flawless structure devoid of any defects.
cell2577.png,38,"solar cell, polycrystalline, good",The image from the solar cell sector illustrates a polycrystalline solar cell that exhibits no defects.
cell2578.png,38,"solar cell, polycrystalline, good",The provided image displays a flawless polycrystalline solar cell within the solar cell sector.
cell2581.png,38,"solar cell, polycrystalline, good",The image depicts a polycrystalline solar cell in the solar cell sector that exhibits no visible defects.
cell2582.png,38,"solar cell, polycrystalline, good",The image of a polycrystalline solar cell in the solar cell sector exhibits flawless structure without any observable defects.
cell2583.png,38,"solar cell, polycrystalline, good",The image of a polycrystalline solar cell presented in this context exhibits a flawless structure devoid of any defects.
cell2585.png,38,"solar cell, polycrystalline, good",The image in the solar cell sector presents a polycrystalline solar cell devoid of any defects.
cell2587.png,38,"solar cell, polycrystalline, good",The image provided displays a flaw-free polycrystalline solar cell within the solar cell sector.
cell2588.png,38,"solar cell, polycrystalline, good","The provided image illustrates a polycrystalline solar cell in the solar cell sector, showcasing a flawless structure without any defects detected."
cell2589.png,38,"solar cell, polycrystalline, good",The image from the solar cell sector displays a polycrystalline solar cell that exhibits a flawless structure without any defects.
cell2590.png,38,"solar cell, polycrystalline, good",Displayed in this image from the solar cell sector is a polycrystalline solar cell free from any defects.
cell2591.png,38,"solar cell, polycrystalline, good",The image provided depicts a polycrystalline solar cell within the solar cell sector that exhibits no defects.
cell2592.png,38,"solar cell, polycrystalline, good",The image presented depicts a flawlessly structured polycrystalline solar cell within the solar cell sector.
cell2595.png,38,"solar cell, polycrystalline, good",The image depicting a polycrystalline solar cell in the solar cell sector reveals a flawless structure devoid of any defects.
cell2597.png,38,"solar cell, polycrystalline, good",The image depicting a polycrystalline solar cell in the solar cell sector illustrates a flawless module without any defects.
cell2600.png,38,"solar cell, polycrystalline, good",The image of a polycrystalline solar cell in the solar cell sector exhibits a flawless structure without any defects.
cell2601.png,38,"solar cell, polycrystalline, good",The image depicts a flaw-free polycrystalline solar cell within the solar cell sector.
cell2602.png,38,"solar cell, polycrystalline, good",The image of a polycrystalline solar cell in the solar cell industry presentation exhibits a flawless structure with no observable defects.
cell2603.png,38,"solar cell, polycrystalline, good",This image from the solar cell sector presents a polycrystalline solar cell that exhibits no observable defects.
cell2604.png,38,"solar cell, polycrystalline, good",The image of a polycrystalline solar cell in the solar cell industry reveals a flawless structure devoid of any defects.
cell2608.png,38,"solar cell, polycrystalline, good",The provided image depicts a flawless polycrystalline solar cell within the solar cell sector. No defects are observable in this particular instance.
cell2609.png,38,"solar cell, polycrystalline, good",The image provided depicts a flawless polycrystalline solar cell within the solar cell industry context.
cell2610.png,38,"solar cell, polycrystalline, good",The image from the solar cell sector depicts a polycrystalline solar cell devoid of any defects.
cell2611.png,38,"solar cell, polycrystalline, good","The image presented depicts a polycrystalline solar cell within the solar cell sector, showcasing a flawless structure devoid of any defects."
cell2613.png,38,"solar cell, polycrystalline, good",This image from the solar cell sector displays a polycrystalline solar cell that exhibits a flawless structure without any defects.
cell2614.png,38,"solar cell, polycrystalline, good",The image of a polycrystalline solar cell in the solar cell sector displays a flawless structure devoid of any defects.
cell2615.png,38,"solar cell, polycrystalline, good",The image of a polycrystalline solar cell within the solar cell sector illustrates a flawless structure devoid of any defects.
cell2616.png,38,"solar cell, polycrystalline, good",The image of a polycrystalline solar cell in the solar cell sector presents a flawless structure devoid of any defects.
cell2617.png,38,"solar cell, polycrystalline, good",The image provided illustrates a flawless polycrystalline solar cell within the solar cell sector.
cell2620.png,38,"solar cell, polycrystalline, good",The image of a polycrystalline solar cell in the solar cell industry reveals a flawless structure devoid of any defects.
cell2621.png,38,"solar cell, polycrystalline, good",The image of a polycrystalline solar cell in the solar cell sector depicts a flawless structure devoid of any defects.
cell2622.png,38,"solar cell, polycrystalline, good","The image provided portrays a polycrystalline solar cell without any visible defects, showcasing a high-quality manufacturing standard."
cell2624.png,38,"solar cell, polycrystalline, good",This image from the solar cell sector displays a polycrystalline solar cell that exhibits no visible defects.