Image Name,categories,label,Description
21.jpg,"aluminum, marker stain, pin hole",368,"This image captures an aluminum sheet displaying the defects of a marker stain and a pin hole. The marker stain appears as a visible discoloration on the surface, while the pin hole is a small, puncture-like opening that compromises the sheets integrity."
399.jpg,"aluminum, marker stain, crease",369,"This image captures an aluminum sheet exhibiting distinct defects - a marker stain and a noticeable crease. The marker stain appears as a dark blemish on the surface, while the crease is a clearly visible line of deformation running across the sheet."
76.jpg,"aluminum, marker stain, crease",369,"This image displays an aluminum sheet marred by a marker stain and a crease, showcasing imperfections commonly found in the aluminum industry."
137.jpg,"aluminum, marker stain, pin hole",368,"This image displays an aluminum sheet exhibiting the defects of a marker stain and a pin hole. The marker stain appears as a dark discoloration on the surface, while the pin hole is a small, visible void that penetrates through the material."
410.jpg,"aluminum, crease, scratch",370,"This image displays an aluminum sheet exhibiting the defects of a wrinkle and a scrape. The wrinkle appears as a visible crease along the surface, while the scrape is a shallow mark caused by abrasion."
19.jpg,"aluminum, marker stain, pin hole",368,This image displays an aluminum sheet exhibiting distinct defects known as surface scratch and oxide spots.
80.jpg,"aluminum, marker stain, crease",369,"This image displays a aluminum sheet with distinct defects, including a marker stain and a noticeable crease. The marker stain is a prominent black mark on the surface, while the crease appears as a visible line running across the sheet, indicating a fold or bend in the material."
45.jpg,"aluminum, marker stain, scratch",371,"This image displays an aluminum sheet exhibiting two distinct defects: a noticeable marker stain and a scratch. The marker stain appears as a dark, irregular mark on the surface, while the scratch is a visible linear abrasion, affecting the overall appearance and quality of the aluminum material."
188.jpg,"aluminum, marker stain, crease",369,"This image captures an aluminum sheet exhibiting the defects of a marker stain and a crease. The marker stain appears as a noticeable discolored mark on the surface, while the crease is a visible line of deformation running across the sheet."
279.jpg,"aluminum, crease",372,"This image displays an aluminum sheet featuring a crease defect, characterized by a prominent folding or wrinkling along its surface. The crease appears as a distinct line of deformation that disrupts the otherwise smooth and uniform appearance of the aluminum material."
334.jpg,"aluminum, marker stain, pin hole",368,"This image showcases an aluminum sheet exhibiting the defects of a marker stain and a pin hole, common imperfections found in the aluminum industry."
333.jpg,"aluminum, marker stain, pin hole",368,"This image captures an aluminum sheet featuring the following defects: surface scratch, oxidation spot."
152.jpg,"aluminum, marker stain, scratch",371,"This image displays an aluminum sheet exhibiting the defects of a marker stain and a scratch. The marker stain appears as a noticeable discoloration on the surface, while the scratch is a visible linear mark that has marred the otherwise smooth texture of the aluminum material."
82.jpg,"aluminum, marker stain, crease",369,"This image displays an aluminum sheet marred by the presence of marker stain and a noticeable crease. The marker stain appears as a dark, ink-like blemish, while the crease manifests as a distinct line of deformation running across the surface of the sheet."
297.jpg,"aluminum, marker stain, crease",369,"This image displays an aluminum sheet exhibiting the defects of a marker stain and a crease. The marker stain appears as a dark, ink-based mark on the surface, while the crease is a visible line indicating a fold or deformation in the material."
37.jpg,"aluminum, marker stain, scratch",371,This image captures an aluminum sheet exhibiting distinct defects of marker stain and scratch.
351.jpg,"aluminum, marker stain, scratch",371,"This image captures an aluminum sheet exhibiting evident defects of a marker stain and a scratch. The marker stain appears as a dark, irregular mark on the surface, while the scratch is a visible linear abrasion disrupting the smooth texture of the sheet."
23.jpg,"aluminum, marker stain, pin hole",368,"This image displays an aluminum sheet featuring distinct defects, namely a marker stain and a pin hole. The marker stain appears as a dark, discolored mark on the surface, while the pin hole is a small, visible void within the material."
204.jpg,"aluminum, crease, scratch",370,This image captures an aluminum sheet displaying distinct defects: a prominent crease running along its surface and a noticeable scratch marking its otherwise smooth texture.
323.jpg,"aluminum, scratch",365,"This image displays an aluminum sheet exhibiting a prominent scratch defect, characterized by a visible linear mark on the surface. The scratch appears to be deep and extends across a significant portion of the sheet, impacting its overall aesthetic appeal and potentially compromising its structural integrity."
366.jpg,"aluminum, marker stain",373,"This image displays a piece of aluminum material featuring a marker stain defect, characterized by a dark, noticeable mark that affects the surface quality of the sheet. The marker stain stands out prominently against the metallic sheen of the aluminum, indicating an imperfection that may impact the overall appearance and functionality of the material."
249.jpg,"aluminum, marker stain, scratch",371,"This image exhibits an aluminum sheet marred by a marker stain and a scratch. The marker stain appears as a dark, ink-like blemish, while the scratch is a visible linear abrasion on the metal surface."
63.jpg,"aluminum, marker stain, pin hole, scratch",374,"This image displays an aluminum sheet featuring distinct defects such as a marker stain that appears as an unwanted marking on the surface, a pin hole characterized by a small, punctured opening, and a scratch visible as a linear abrasion across the material."
381.jpg,"aluminum, marker stain, pin hole, scratch",374,"This image displays an aluminum sheet marred by distinct defects including a marker stain, a pin hole, and a scratch. The presence of these imperfections highlights potential quality issues in the aluminum material."
50.jpg,"aluminum, marker stain, scratch",371,"This image displays an aluminum sheet marred by a marker stain and a visible scratch, highlighting imperfections in the otherwise smooth surface of the material."
270.jpg,"aluminum, pin hole, scratch",375,This image displays an aluminum sheet exhibiting the defects of pin holes scattered across its surface and a noticeable scratch running along the edge.
305.jpg,"aluminum, crease, scratch",370,"This image displays an aluminum sheet exhibiting the defects of a crease and a scratch. The crease appears as a distinct fold in the sheet, while the scratch is a visible linear mark on the surface."
100.jpg,"aluminum, crease, scratch",370,"This image depicts an aluminum sheet exhibiting crease and scratch defects, affecting its surface quality and structural integrity. The crease appears as a pronounced fold along the sheet, while the scratch is a visible abrasion that mars the otherwise smooth surface of the aluminum material."
268.jpg,"aluminum, pin hole, scratch",375,"This image displays an aluminum sheet featuring two distinct defects: a pin hole and a scratch. The pin hole appears as a tiny puncture on the surface, while the scratch is a visible linear mark, both affecting the overall quality of the aluminum material."
182.jpg,"aluminum, marker stain, crease",369,"This image displays an aluminum sheet exhibiting the defects of a marker stain and a crease, commonly found in the aluminum industry. The marker stain appears as a noticeable discoloration, while the crease indicates a visible line of deformation on the surface of the sheet."
92.jpg,"aluminum, marker stain, crease, scratch",376,"This image captures an aluminum sheet revealing distinct defects including a marker stain marking, a visible crease, and a noticeable scratch."
181.jpg,"aluminum, marker stain, crease",369,"This image displays an aluminum sheet featuring the defects of a marker stain and a crease. The marker stain appears as a dark, irregular mark on the surface, while the crease manifests as a distinct line running across the sheet, indicating a fold or deformation in the material."
319.jpg,"aluminum, scratch",365,"This image presents an aluminum sheet exhibiting a scratch defect, characterized by a visible linear mark on the surface of the material, indicating potential damage or imperfection in the sheets integrity."
115.jpg,"aluminum, scratch",365,"This image displays an aluminum sheet marred by a noticeable abrasion. The surface defect appears as a shallow, linear mark, detracting from the overall appearance of the material."
248.jpg,"aluminum, marker stain, scratch",371,"This image exhibits an aluminum sheet marred by a marker stain and a scratch, showcasing imperfections that detract from the materials pristine appearance."
304.jpg,"aluminum, crease, scratch",370,"This image displays an aluminum sheet that exhibits a ""crease"" and a ""scratch,"" showcasing imperfections that may impact the materials structural integrity and aesthetics. The presence of these defects highlights the importance of quality control measures in the aluminum industry to ensure the production of flawless products."
296.jpg,"aluminum, marker stain, crease",369,"This image displays an aluminum sheet marred by a marker stain as well as a noticeable crease, which detracts from the overall quality of the material."
337.jpg,"aluminum, marker stain, pin hole",368,"This image displays an aluminum sheet featuring noticeable defects including a marker stain and a pin hole. The marker stain appears as a dark discoloration on the surface, while the pin hole is a small, circular void that penetrates through the material."
27.jpg,"aluminum, marker stain, pin hole",368,This image showcases an aluminum sheet exhibiting two notable defects: a discernible marker stain and a small pin hole. The presence of these imperfections may impact the overall quality and integrity of the aluminum material.
284.jpg,"aluminum, marker stain, crease",369,"This image exhibits an aluminum sheet marred by the presence of a marker stain and a distinct crease. The marker stain appears as a dark smudge on the surface, while the crease manifests as a clearly visible line of deformation running across the sheet."
251.jpg,"aluminum, marker stain, scratch",371,"This image displays an aluminum sheet marred by a marker stain and a scratch. The marker stain appears as a dark, ink-like blemish on the otherwise smooth surface of the aluminum, while the scratch is a visible linear abrasion running across the metals surface, disrupting its uniformity."
123.jpg,"aluminum, marker stain, pin hole",368,This image captures an aluminum sheet exhibiting two distinct defects: a marker stain and a pin hole.
71.jpg,"aluminum, crease",372,"This image showcases an aluminum sheet exhibiting a crease defect, characterized by a visible line of deformation running across the surface. The crease appears as a sharp and prominent irregularity, disrupting the otherwise smooth texture of the aluminum material."
362.jpg,"aluminum, marker stain, scratch",371,"This image displays an aluminum sheet marred by a penetrating corrosion defect and a surface crack. The penetrating corrosion is characterized by deep and irregular pitting, while the surface crack appears as a thin, linear break on the metals surface."
376.jpg,"aluminum, marker stain, pin hole, scratch",374,"This image displays an aluminum sheet containing marker stain, pin hole, and scratch defects. The marker stain is a visible discoloration caused by the ink transfer, while the pin hole appears as a tiny void penetrating the surface. Additionally, the scratch defect is characterized by a linear indentation on the otherwise smooth aluminum surface."
32.jpg,"aluminum, marker stain, pin hole",368,"This image displays an aluminum sheet featuring distinct defects such as a marker stain and a pin hole, highlighting imperfections that may impact the materials quality and performance in various industrial applications."
330.jpg,"aluminum, marker stain, pin hole",368,This image displays an aluminum sheet marred by surface scratches and delamination.
72.jpg,"aluminum, crease",372,"This image displays an aluminum sheet exhibiting a crease defect, characterized by a visible line or fold in the material surface, impacting its smoothness and integrity."
69.jpg,"aluminum, marker stain, pin hole, scratch",374,"This image displays an aluminum sheet exhibiting the defects of a marker stain, a pin hole, and a scratch. The surface of the aluminum material is marred by these imperfections, affecting its overall quality and appearance."
192.jpg,"aluminum, marker stain, crease",369,"This image exhibits an aluminum sheet marred by a marker stain and a crease, showcasing imperfections that can affect the materials visual appeal and structural integrity within the aluminum industry."
245.jpg,"aluminum, marker stain, scratch",371,"This image displays an aluminum sheet exhibiting a marker stain and a scratch. The marker stain appears as a dark, irregular mark on the surface, while the scratch is a visible line indicating damage to the material."
73.jpg,"aluminum, crease",372,"This image depicts an aluminum sheet exhibiting a crease defect, characterized by a visible line or ridge along the surface of the material, indicative of a localized deformation or fold in the sheet. The crease may impact the materials structural integrity and surface quality, requiring attention to prevent further complications during processing or application."
269.jpg,"aluminum, pin hole, scratch",375,"This image displays an aluminum sheet featuring imperfections such as a pin hole and a scratch. The pin hole appears as a small, circular void on the surface, while the scratch is a linear abrasion that disrupts the smoothness of the sheet."
398.jpg,"aluminum, marker stain, crease",369,"This image displays an aluminum sheet exhibiting two notable defects: a marker stain and a crease. The marker stain appears as a dark, discolored spot on the surface, while the crease is a visible line indicating a fold or bend in the material."
359.jpg,"aluminum, marker stain, scratch",371,"This image captures an aluminum sheet exhibiting two distinct defects: a prominent marker stain and a noticeable scratch. The marker stain appears as a dark, irregular mark on the surface, while the scratch is a visible linear indentation that disrupts the otherwise smooth texture of the sheet."
16.jpg,"aluminum, marker stain, pin hole",368,"This image displays an aluminum sheet marred by a marker stain and a pin hole, showcasing imperfections that detract from its overall quality. The presence of these defects may impact the structural integrity and aesthetics of the aluminum material, highlighting the need for careful inspection and quality control measures in the aluminum industry."
178.jpg,"aluminum, marker stain, crease",369,"This image depicts an aluminum sheet exhibiting the defects of a marker stain and a crease, commonly found in the aluminum industry. The marker stain appears as a visible discoloration, while the crease is a linear indentation present on the surface of the sheet."
301.jpg,"aluminum, marker stain, crease, scratch",376,"This image displays an aluminum sheet marred by a marker stain that disrupts the surface uniformity, a crease that distorts the sheets smoothness, and a scratch leaving a visible mark on the otherwise pristine surface of the aluminum material."
1001.jpg,"aluminum, marker stain, crease",369,"This image displays an aluminum sheet marred by a marker stain and a crease, showcasing imperfections that can affect the materials quality and integrity."
308.jpg,"aluminum, crease, scratch",370,This image presents an aluminum sheet exhibiting the following imperfections: a pronounced crease running along its surface and a noticeable scratch that mars its otherwise smooth texture.
28.jpg,"aluminum, marker stain, pin hole",368,This image showcases an aluminum sheet exhibiting distinctive defects commonly known as surface scratches and oxidation spots.
383.jpg,"aluminum, crease",372,"This image captures a sheet of aluminum displaying a prominent crease defect, disrupting the otherwise smooth surface of the material. The crease appears as a distinct line running across the sheet, causing a noticeable distortion in the overall appearance of the aluminum."
29.jpg,"aluminum, marker stain, pin hole",368,"This image showcases an aluminum sheet marred by the presence of a marker stain and a pin hole. The marker stain appears as a dark, irregular mark on the surface, while the pin hole is a small, visible void that compromises the integrity of the material."
24.jpg,"aluminum, marker stain, pin hole",368,This image captures an aluminum sheet featuring the defects of surface scratch and oxidation spot.
106.jpg,"aluminum, pin hole, scratch",375,"This image displays an aluminum sheet showcasing the defects of a pin hole and a scratch. The pin hole appears as a tiny puncture on the surface, while the scratch is a visible abrasion, indicating possible damage to the material."
200.jpg,"aluminum, crease, scratch",370,"This image displays an aluminum sheet showcasing the defects of creasing and scratching. The crease appears as a distinct line running along the surface, while the scratch is a visible mark that mars the otherwise smooth texture of the sheet."
6.jpg,"aluminum, scratch",365,"This image displays an aluminum sheet exhibiting the defect of a visible scratch on its surface. The scratch appears as a distinct linear mark, disrupting the otherwise smooth and uniform appearance of the aluminum material."
7.jpg,"aluminum, scratch",365,"This image displays an aluminum sheet featuring a noticeable scratch defect, manifesting as a linear abrasion on the surface. The scratch appears to be superficial, running along the length of the sheet, impacting the overall aesthetic appeal of the aluminum material."
316.jpg,"aluminum, pin hole",377,"This image displays an aluminum sheet featuring the pin hole defect, characterized by small, isolated voids on the surface. The presence of these pin holes can compromise the structural integrity and surface quality of the aluminum material."
39.jpg,"aluminum, marker stain, scratch",371,"This image displays an aluminum sheet marred by a marker stain and a scratch, showcasing imperfections that can impact the materials aesthetics and potentially compromise its integrity."
275.jpg,"aluminum, marker stain, pin hole, scratch",374,"This image displays an aluminum sheet marred by the presence of marker stain, pin hole, and scratch, indicating imperfections that may affect the materials integrity and surface quality."
1002.jpg,"aluminum, marker stain, crease",369,"This image showcases an aluminum sheet exhibiting marker stain and crease defects, commonly found in the aluminum industry. The presence of these imperfections may impact the structural integrity and aesthetics of the material."
79.jpg,"aluminum, marker stain, crease",369,"This image displays an aluminum sheet marred by a marker stain and a crease. The marker stain appears as a dark, irregular mark on the surface, while the crease is a visible line of deformation running across the sheet."
52.jpg,"aluminum, marker stain",373,"This image displays an aluminum sheet exhibiting a marker stain defect, characterized by a localized dark discoloration on the surface. The defect appears as an irregular, clearly demarcated area, likely caused by the inadvertent contact of a marker pen during handling or processing."
195.jpg,"aluminum, marker stain, crease, scratch",376,"This image displays an aluminum sheet exhibiting marker stain, crease, and scratch defects, which can impact the overall quality of the material, potentially affecting its structural integrity and visual appeal. The presence of these imperfections may require further inspection and potential remediation to ensure the aluminum meets industry standards."
409.jpg,"aluminum, crease, scratch",370,"This image displays an aluminum sheet featuring a crease and a scratch. The crease appears as a distinct line of deformation on the surface, while the scratch is a shallow abrasion mark that disrupts the otherwise smooth texture of the sheet."
158.jpg,"aluminum, marker stain",373,"This image captures a sheet of aluminum exhibiting a distinct marker stain defect, characterized by a visible discoloration. The defect appears as a localized area where a marker has left a noticeable mark on the otherwise smooth surface of the aluminum sheet."
132.jpg,"aluminum, marker stain, pin hole",368,This image displays an aluminum sheet marred by a marker stain and a pin hole. The presence of these defects can affect the structural integrity and aesthetics of the aluminum material.
130.jpg,"aluminum, marker stain, pin hole",368,"This image captures an aluminum sheet displaying noticeable defects such as a marker stain and a pin hole. The marker stain is evident as a dark, irregular marking on the surface, while the pin hole appears as a small, circular void within the material."
153.jpg,"aluminum, marker stain, scratch",371,"This image displays an aluminum sheet marred by a marker stain and a scratch. The marker stain appears as a dark, irregular discoloration, while the scratch is a visible linear abrasion on the surface of the aluminum sheet."
175.jpg,"aluminum, crease",372,"This image depicts an aluminum sheet exhibiting a crease defect, characterized by a visible line of deformation running across the surface. The crease appears as a distinct area of irregularity, disrupting the otherwise smooth and uniform appearance of the aluminum material."
173.jpg,"aluminum, marker stain, pin hole, scratch",374,"This image displays an aluminum sheet marred by imperfections such as a marker stain, pin hole, and scratch. The presence of these defects can impact the structural integrity and aesthetics of the aluminum material, highlighting the need for quality control measures in the aluminum industry."
96.jpg,"aluminum, crease, scratch",370,"This image displays an aluminum sheet exhibiting two distinct defects: a crease and a scratch. The crease appears as a noticeable line of deformation along the surface, while the scratch manifests as a thin, elongated mark caused by abrasion."
387.jpg,"aluminum, marker stain, crease",369,"This image depicts an aluminum sheet exhibiting defects known as marker stain and crease. The marker stain appears as a dark discoloration on the surface, while the crease is a visible line of deformation running along the sheet."
142.jpg,"aluminum, marker stain, scratch",371,"This image depicts an aluminum sheet exhibiting the defects of a marker stain and a scratch. Both imperfections are clearly visible on the surface of the metal, highlighting areas where the sheet has been marred and damaged."
360.jpg,"aluminum, marker stain, scratch",371,This image displays an aluminum sheet exhibiting two distinct defects: a noticeable marker stain and a clearly visible scratch.
393.jpg,"aluminum, marker stain, crease",369,"This image displays an aluminum sheet featuring the defects of a marker stain and a crease. The marker stain appears as a dark discoloration on the surface, while the crease is a visible line indicating a deformation in the material."
94.jpg,"aluminum, marker stain, crease, scratch",376,"This image displays an aluminum sheet marred by the presence of distinct defects, including a prominent marker stain, a noticeable crease, and a visible scratch."
1003.jpg,"aluminum, marker stain, crease",369,"This image displays an aluminum sheet marred by a marker stain and crease, showcasing imperfections in the otherwise smooth surface of the metal."
237.jpg,"aluminum, marker stain, pin hole",368,"This image displays an aluminum sheet marred by a marker stain and a pin hole, highlighting imperfections in the material that may impact its quality and functionality within the aluminum industry."
145.jpg,"aluminum, marker stain, scratch",371,This image displays an aluminum sheet featuring the defects of surface contamination by marker stain and visible scratch marks.
89.jpg,"aluminum, marker stain, crease",369,"This image displays an aluminum sheet featuring the defects of marker stain and crease. The marker stain appears as a dark, irregular mark on the surface, while the crease is a visible line indicating a fold or deformation in the material."
58.jpg,"aluminum, marker stain",373,"This image displays an aluminum sheet exhibiting the defect known as marker stain, characterized by visible ink residue marks on the surface. The presence of these marks may affect the aesthetic appeal and quality of the aluminum material, requiring further inspection or treatment."
112.jpg,"aluminum, scratch",365,"This image displays an aluminum sheet exhibiting a scratch defect, characterized by a visible linear mark on the surface of the material. The scratch appears to have a shallow depth and extends across the sheet, potentially compromising its aesthetic appeal and structural integrity."
278.jpg,"aluminum, crease",372,"This image displays an aluminum sheet exhibiting a crease defect, characterized by a visible fold or wrinkle on the surface. The crease appears as a linear imperfection that disrupts the otherwise smooth and uniform appearance of the aluminum material."
189.jpg,"aluminum, marker stain, crease",369,"This image displays an aluminum sheet marred by a marker stain and a crease, showcasing imperfections that may impact the materials overall quality and appearance."
171.jpg,"aluminum, marker stain, pin hole, scratch",374,"This image displays an aluminum sheet exhibiting distinct defects including a prominent marker stain, a small pin hole, and a noticeable scratch. The imperfections are clearly visible on the surface of the aluminum material, highlighting areas of concern in its quality."
373.jpg,"aluminum, pin hole, scratch",375,"This image displays an aluminum sheet marred by a pin hole and a scratch, showcasing imperfections that may affect the materials integrity and aesthetics."
262.jpg,"aluminum, marker stain",373,"This image captures an aluminum sheet exhibiting a marker stain defect, where a visible discoloration caused by marker ink can be observed on the surface. The defect appears as a distinct marking, affecting the overall aesthetic quality of the aluminum material."
136.jpg,"aluminum, marker stain, pin hole",368,"This image displays an aluminum sheet marred by a marker stain and a pin hole. The marker stain appears as a dark blemish on the surface, while the pin hole is a small, visibly penetrative cavity in the material."
95.jpg,"aluminum, crease, scratch",370,This image displays an aluminum sheet marred by a fold line and a surface abrasion.
139.jpg,"aluminum, marker stain, pin hole",368,"This image displays an aluminum sheet marred by the defects known as marker stains and pinholes. The marker stains appear as dark, discolored marks on the surface, while the pinholes manifest as tiny perforations that compromise the sheets integrity."
294.jpg,"aluminum, marker stain, crease",369,"This image showcases an aluminum sheet exhibiting the defects of marker stain and crease, commonly found in the aluminum industry. The marker stain appears as a dark discoloration on the surface, while the crease manifests as a visible line indicating a deformation in the sheets structure."
403.jpg,"aluminum, marker stain, crease, scratch",376,"This image captures an aluminum sheet exhibiting defects such as marker stain, crease, and scratch. The surface imperfections are clearly visible, highlighting the need for quality control measures in the aluminum industry."
252.jpg,"aluminum, marker stain, scratch",371,"This image displays an aluminum sheet marred by a marker stain and a noticeable scratch. The marker stain appears as a dark blotch, while the scratch is a visible linear mark on the surface of the aluminum sheet."
229.jpg,"aluminum, marker stain, pin hole",368,"This image displays an aluminum sheet revealing distinct defects: a marker stain and a pin hole. The marker stain appears as a dark, irregular mark on the surface, while the pin hole is a tiny, visible void in the material."
406.jpg,"aluminum, marker stain, crease, scratch",376,"This image displays an aluminum sheet exhibiting defects such as a marker stain alongside a crease and a scratch. The presence of these imperfections may impact the overall quality and integrity of the aluminum material, potentially affecting its suitability for certain industrial applications."
347.jpg,"aluminum, marker stain, pin hole",368,This image depicts an aluminum sheet exhibiting two distinct defects: a conspicuous marker stain and a small pin hole.
22.jpg,"aluminum, marker stain, pin hole",368,"This image displays an aluminum sheet exhibiting the defects of a marker stain and a pin hole. The marker stain appears as a noticeable discoloration on the surface, while the pin hole is a small, visible void present in the material."
265.jpg,"aluminum, marker stain",373,This image displays an aluminum sheet exhibiting the marker stain defect characterized by a noticeable discoloration and smudging on the surface.
391.jpg,"aluminum, marker stain, crease",369,This image displays an aluminum sheet featuring the defects of a noticeable marker stain and a prominent crease.
292.jpg,"aluminum, marker stain, crease",369,"This image displays an aluminum sheet exhibiting the defects of a marker stain and a crease. The marker stain appears as a dark, discolored mark on the surface of the aluminum, while the crease is a visible line indicating a folded or bent section of the sheet."
263.jpg,"aluminum, marker stain",373,"This image showcases an aluminum sheet exhibiting a flaw known as a marker stain, where a noticeable marking appears on the surface of the material due to improper handling during processing. The defect disrupts the otherwise smooth and uniform appearance of the aluminum sheet, potentially affecting its overall quality and aesthetics."
350.jpg,"aluminum, marker stain, scratch",371,"This image depicts an aluminum sheet exhibiting the defects of a marker stain and a scratch, showcasing imperfections commonly found in the aluminum industry."
1004.jpg,"aluminum, marker stain, crease",369,"This image displays an aluminum sheet marred by a marker stain and a crease, showcasing imperfections in the material that may affect its quality and structural integrity."
219.jpg,"aluminum, scratch",365,"This image depicts an aluminum sheet exhibiting the defect of a noticeable scratch on its surface. The scratch appears to be shallow but extends across a significant portion of the sheet, impacting its overall visual appeal and potentially compromising its structural integrity."
170.jpg,"aluminum, marker stain, pin hole, scratch",374,"This image presents an aluminum sheet marred by the following defects: a marker stain that disrupts the surface integrity, a pin hole compromising its structural soundness, and a scratch diminishing its aesthetic appeal."
167.jpg,"aluminum, marker stain, pin hole, scratch",374,"This image displays an aluminum sheet exhibiting the following defects: a noticeable marker stain, a small pin hole, and a distinct scratch. Each flaw presents a unique imperfection on the otherwise smooth surface of the aluminum material, impacting its overall quality and appearance."
210.jpg,"aluminum, pin hole, scratch",375,"This image depicts an aluminum sheet marred by two distinct defects: a pin hole and a scratch. The pin hole appears as a small, circular void on the surface, while the scratch is a visible linear mark that disrupts the otherwise smooth texture of the sheet."
364.jpg,"aluminum, marker stain",373,"This image displays an aluminum sheet featuring a marker stain defect, characterized by a visible discoloration caused by the presence of marker ink on the surface. The defect is identifiable by its distinct darkened area, contrasting with the natural metallic sheen of the aluminum material."
147.jpg,"aluminum, marker stain, scratch",371,This image displays an aluminum sheet marred by a marker stain and a noticeable scratch. The surface imperfections are clearly visible and may impact the overall quality of the aluminum material.
226.jpg,"aluminum, marker stain, pin hole",368,"This image showcases an aluminum sheet exhibiting the defects of a marker stain and a pin hole. The marker stain appears as a visible discoloration caused by a marking implement, while the pin hole is a small puncture defect that penetrates the surface of the aluminum sheet."
49.jpg,"aluminum, marker stain, scratch",371,"This image displays an aluminum sheet marred by a marker stain and a scratch. The marker stain appears as a dark, non-metallic blemish, contrasting sharply against the sheets metallic sheen, while the scratch is a thin, visible line running across the surface, disrupting the otherwise smooth texture of the aluminum."
378.jpg,"aluminum, marker stain, pin hole, scratch",374,"This image displays an aluminum sheet featuring distinctive defects including a marker stain, a pin hole, and a scratch. The marker stain appears as a dark blemish, the pin hole is a small puncture visible on the surface, and the scratch is a thin, elongated mark that mars the otherwise smooth texture of the aluminum sheet."
168.jpg,"aluminum, marker stain, pin hole, scratch",374,"This image captures an aluminum sheet marred by the presence of a marker stain, a pin hole, and a scratch. The marker stain appears as a noticeable blemish on the surface, the pin hole signifies a small puncture, while the scratch manifests as a visible abrasion, all compromising the sheets integrity."
176.jpg,"aluminum, crease",372,"This image displays an aluminum sheet featuring a crease defect, characterized by a prominent line running across the surface, causing a distortion in the materials otherwise smooth appearance. The presence of this crease flaw indicates a manufacturing imperfection that may affect the structural integrity and aesthetic quality of the aluminum sheet."
394.jpg,"aluminum, marker stain, crease",369,"This image displays an aluminum sheet featuring the defects of a marker stain and a crease. The marker stain appears as a dark, irregular mark on the surface, while the crease is a visible line of deformation running across the sheet."
1000.jpg,"aluminum, crease",372,"This image depicts an aluminum sheet exhibiting a crease defect, characterized by a visible irregular fold or ridge on the surface of the material. The crease appears as a distinct line or indentation that may impact the structural integrity and aesthetics of the aluminum sheet."
370.jpg,"aluminum, marker stain",373,"This image displays an aluminum sheet marred by a marker stain defect, characterized by a visible discoloration and irregular marking on the surface, potentially affecting the materials aesthetics and functionality."
400.jpg,"aluminum, marker stain, crease",369,"This image displays an aluminum sheet exhibiting the defects of a marker stain and a crease, both of which are noticeable imperfections that may affect the overall quality of the material."
67.jpg,"aluminum, marker stain, pin hole, scratch",374,"This image exhibits an aluminum sheet marred by a marker stain, pin hole, and scratch, showcasing various imperfections commonly found in the aluminum industry."
396.jpg,"aluminum, marker stain, crease",369,"This image displays an aluminum sheet marred by a marker stain and a crease, showcasing imperfections that may impact the materials quality and structural integrity."
324.jpg,"aluminum, scratch",365,"This image displays an aluminum sheet exhibiting a prominent scratch defect, characterized by a visible linear indentation on the surface. The scratch appears to be shallow yet extends across a significant portion of the sheet, potentially impacting the materials aesthetics and structural integrity."
374.jpg,"aluminum, pin hole, scratch",375,"This image displays an aluminum sheet exhibiting the defects of surface pitting and dent. The surface pitting appears as small, scattered depressions, while the dent is a localized area of deformation that disrupts the sheets smoothness."
379.jpg,"aluminum, marker stain, pin hole, scratch",374,"This image depicts an aluminum sheet exhibiting the following defects: a marker stain visible as a dark, irregular mark, a pin hole characterized by a small, circular void, and a scratch running along the surface, causing a visible line of damage."
411.jpg,"aluminum, crease, scratch",370,"This image illustrates an aluminum sheet exhibiting distinctive defects of a crease and a scratch. The crease appears as a visible folding line on the surface, while the scratch is a noticeable abrasion marking its smooth texture."
293.jpg,"aluminum, marker stain, crease",369,"This image displays an aluminum sheet exhibiting the defects of a marker stain as well as a crease. The marker stain appears as a dark, irregular marking on the surface, while the crease is a visible line indicating a fold or deformation in the material."
81.jpg,"aluminum, marker stain, crease",369,"This image displays an aluminum sheet exhibiting the defects of a marker stain and a crease. The marker stain appears as a dark, irregular discoloration on the surface, while the crease is a visible line indicating a fold or deformation in the material."
260.jpg,"aluminum, marker stain",373,"This image displays an aluminum sheet with a discernible defect known as scratch mark. The scratch mark appears as a shallow, linear abrasion on the surface of the aluminum, potentially impacting its visual aesthetics and structural integrity."
295.jpg,"aluminum, marker stain, crease",369,"This image depicts an aluminum sheet exhibiting the defects of a marker stain and a crease. The marker stain appears as a dark discolored area on the surface, while the crease is a visible line of deformation running across the sheet."
154.jpg,"aluminum, marker stain, scratch",371,"This image displays an aluminum sheet exhibiting a marker stain and a scratch, showcasing imperfections commonly found in the aluminum industry."
194.jpg,"aluminum, marker stain, crease",369,"This image displays an aluminum sheet marred by a marker stain and a crease, showcasing imperfections commonly found in the aluminum industry."
352.jpg,"aluminum, marker stain, scratch",371,"This image captures an aluminum sheet exhibiting the defects of marker stain and scratch, showcasing imperfections that may affect the overall quality of the material in the aluminum industry."
13.jpg,"aluminum, scratch",365,"This image displays an aluminum sheet marred by a distinct scratch defect. The scratch appears as a shallow, linear mark on the surface of the sheet, potentially affecting its visual appeal and structural integrity."
86.jpg,"aluminum, marker stain, crease",369,"This image displays an aluminum sheet marred by a marker stain and a crease, showcasing imperfections that can impact the materials overall quality and appearance within the aluminum industry."
375.jpg,"aluminum, marker stain, pin hole, scratch",374,"This image displays an aluminum sheet exhibiting the following defects: a noticeable marker stain, a small pin hole, and a visible scratch. Each imperfection is distinct and affects the appearance and potentially the functionality of the aluminum material."
121.jpg,"aluminum, marker stain, pin hole",368,"This image displays an aluminum sheet marred by the presence of a marker stain and a pin hole. The marker stain appears as a dark, irregular mark on the surface, while the pin hole is a small, visible void in the material."
122.jpg,"aluminum, marker stain, pin hole",368,"This image displays an aluminum sheet marred by a marker stain and a pin hole, both of which are common defects found in aluminum materials. The marker stain appears as a discolored area caused by the ink transfer during the marking process, while the pin hole is a small puncture on the surface of the sheet, affecting its integrity and aesthetics."
407.jpg,"aluminum, crease, scratch",370,"This image captures an aluminum sheet marred by a crease and scratch, showcasing the impact of these imperfections on the materials surface quality within the aluminum industry."
408.jpg,"aluminum, crease, scratch",370,This image displays an aluminum sheet marred by a crease running across its surface and a noticeable scratch that disrupts the otherwise smooth texture of the material.
238.jpg,"aluminum, marker stain, pin hole",368,"This image displays an aluminum sheet exhibiting two distinct defects: a noticeable marker stain and a small pin hole. The marker stain appears as a dark, irregular marking on the surface, while the pin hole is a tiny void that penetrates the material, affecting its integrity."
384.jpg,"aluminum, crease",372,"This image depicts an aluminum sheet featuring a crease defect, characterized by a visible line or ridge along the surface of the material. The crease appears as a localized area of deformation, causing a distortion in the otherwise smooth texture of the aluminum sheet."
402.jpg,"aluminum, marker stain, crease, scratch",376,"This image displays an aluminum sheet marred by the presence of marker stains, a crease, and a scratch. The marker stains appear as dark, irregular marks on the surface, the crease manifests as a visible line of deformation, and the scratch is a thin, grooved imperfection running across the sheet."
126.jpg,"aluminum, marker stain, pin hole",368,"This image displays an aluminum sheet with noticeable defects: a marker stain and a pin hole. The marker stain appears as a dark spot on the surface, while the pin hole is a small puncture that penetrates through the material."
320.jpg,"aluminum, scratch",365,"This image displays an aluminum sheet featuring a scratch defect, characterized by a visible linear mark on the surface. The scratch appears to be shallow but extends across the sheet, potentially affecting its aesthetics and functionality."
119.jpg,"aluminum, marker stain, pin hole",368,"This image displays an aluminum sheet marred by a marker stain and a pin hole. The marker stain appears as a dark blotch on the surface, while the pin hole is a small, circular void that penetrates through the material."
247.jpg,"aluminum, marker stain, scratch",371,"This image displays an aluminum sheet exhibiting the defects of a marker stain and a scratch. The marker stain appears as a dark, irregular mark on the surface, while the scratch is a visible line of damage disrupting the smooth texture of the sheet."
54.jpg,"aluminum, marker stain",373,"This image captures a sheet of aluminum exhibiting a defect known as marker stain, characterized by a visible discoloration caused by the presence of marker residue on the surface. The marker stain appears as a distinct mark against the metallic backdrop, potentially affecting the aesthetics and surface quality of the aluminum material."
356.jpg,"aluminum, marker stain, scratch",371,"This image displays an aluminum sheet marred by a marker stain and a scratch. The marker stain appears as a dark, irregular mark on the surface, while the scratch is a visible linear indentation, compromising the sheets smoothness and aesthetics."
165.jpg,"aluminum, pin hole, scratch",375,"This image depicts an aluminum sheet exhibiting the defects of pin holes and surface scratches. The pin holes are small, isolated voids on the surface of the sheet, while the surface scratches appear as visible linear marks across the aluminums surface, potentially affecting its overall integrity."
239.jpg,"aluminum, marker stain, pin hole",368,This image displays an aluminum sheet exhibiting the defects of a slight surface scratch and visible surface oxidation spots.
213.jpg,"aluminum, pin hole",377,"This image depicts an aluminum sheet displaying a pin hole defect, characterized by a small, puncture-like void on the surface. The flaw appears as a tiny, circular opening in the otherwise smooth expanse of the aluminum material, potentially impacting its structural integrity and functionality."
140.jpg,"aluminum, marker stain, pin hole",368,"This image captures an aluminum sheet exhibiting the defects of a marker stain and a pin hole, which could potentially impact the materials integrity and appearance in industrial applications."
372.jpg,"aluminum, pin hole, scratch",375,"This image captures an aluminum sheet exhibiting the defects of pin holes and scratches, showcasing imperfections that may affect the overall quality and structural integrity of the material."
344.jpg,"aluminum, marker stain, pin hole",368,"This image captures an aluminum sheet exhibiting distinct defects, including a marker stain and a pin hole."
62.jpg,"aluminum, pin hole, scratch",375,This image displays an aluminum sheet exhibiting the defects of pin holes scattered throughout the surface and a noticeable scratch running across the middle section. The presence of these imperfections may impact the structural integrity and visual appeal of the aluminum material.
1006.jpg,"aluminum, marker stain, crease",369,This image displays a piece of aluminum sheet containing the defects of penetrating marker stain and prominent crease.
93.jpg,"aluminum, marker stain, crease, scratch",376,"This image displays an aluminum sheet exhibiting the defects of a marker stain, crease, and scratch. The marker stain appears as a dark discoloration, the crease is a visible line of deformation, and the scratch is a superficial abrasion on the surface of the sheet."
235.jpg,"aluminum, marker stain, pin hole",368,"This image illustrates a piece of aluminum sheet exhibiting the defects of a marker stain and a pin hole. The marker stain appears as a dark, discolored mark on the surface, while the pin hole is a small, visible void in the material."
339.jpg,"aluminum, marker stain, pin hole",368,"This image displays an aluminum sheet featuring the defects of a marker stain and a pin hole. The marker stain appears as a dark, irregular mark on the surface, while the pin hole is a small, circular void that penetrates the material."
267.jpg,"aluminum, pin hole, scratch",375,"This image captures an aluminum sheet displaying distinct defects: a pin hole and a scratch. The pin hole appears as a small, circular void on the surface, while the scratch is a linear mark that disrupts the smoothness of the sheet."
8.jpg,"aluminum, scratch",365,"This image displays an aluminum sheet marred by a noticeable scratch, a surface imperfection that detracts from the materials overall quality and visual appeal. The scratch appears as a linear mark across the smooth surface of the aluminum, disrupting its otherwise pristine appearance."
70.jpg,"aluminum, crease",372,"This image displays an aluminum sheet exhibiting a crease defect, characterized by a distinct line of deformation running across the surface. The crease appears as a sharp, raised ridge disrupting the otherwise smooth texture of the sheet, indicating a localized folding or bending during manufacturing or handling processes."
48.jpg,"aluminum, marker stain, scratch",371,"This image depicts an aluminum sheet exhibiting two distinct defects: a conspicuous marker stain and a noticeable scratch. These imperfections may impact the overall quality and aesthetics of the aluminum material, potentially requiring further inspection or corrective measures in the manufacturing process."
277.jpg,"aluminum, marker stain, pin hole, scratch",374,"This image displays an aluminum sheet exhibiting the following defects: a visible marker stain, a small pin hole, and a noticeable scratch. The imperfections are clearly identifiable on the surface of the aluminum material, indicating potential quality issues within the industrial production process."
322.jpg,"aluminum, scratch",365,"This image displays an aluminum sheet featuring the defect of a linear scratch running along its surface. The scratch appears to be shallow but extends visibly across the material, affecting its overall smoothness and finish."
17.jpg,"aluminum, marker stain, pin hole",368,"This image displays an aluminum sheet exhibiting the defects of a marker stain and a pin hole, highlighting imperfections that may impact the materials integrity and aesthetics."
221.jpg,"aluminum, scratch",365,"This image displays an aluminum sheet featuring a deep scratch defect, which appears prominently on the surface, impacting the overall aesthetics and potentially compromising the materials integrity."
217.jpg,"aluminum, scratch",365,"This image depicts an aluminum sheet exhibiting a scratch defect, characterized by a linear mark on the surface of the material. The scratch appears to be superficial, impacting the aesthetic quality of the aluminum sheet."
241.jpg,"aluminum, marker stain, pin hole",368,"This image depicts an aluminum sheet exhibiting the defects of a marker stain and a pin hole. The marker stain appears as a discolored area on the surface, while the pin hole is a small, visible void in the material."
148.jpg,"aluminum, marker stain, scratch",371,"This image presents an aluminum sheet exhibiting the defects of a marker stain and a scratch. The marker stain appears as a distinct discoloration, while the scratch is visibly etched into the surface of the sheet, disrupting its smooth texture."
302.jpg,"aluminum, marker stain, crease, scratch",376,"This image captures an aluminum sheet exhibiting distinct defects, including a marker stain that appears as a dark, irregular marking, a crease that disrupts the smooth surface with a visible line of deformation, and a scratch that manifests as a thin, shallow abrasion marking the otherwise pristine sheet."
1007.jpg,"aluminum, marker stain, crease",369,"This image displays an aluminum sheet marred by a surface scratch and a dimple. The surface scratch appears as a thin, elongated mark, while the dimple presents itself as a small indentation in the material."
307.jpg,"aluminum, crease, scratch",370,This image captures an aluminum sheet exhibiting the defects of a prominent crease running across its surface and a noticeable scratch marking near the edge.
243.jpg,"aluminum, marker stain, pin hole",368,"This image showcases an aluminum sheet exhibiting the defects of marker stain and pin hole, commonly found in the aluminum industry. The marker stain appears as a discolored area caused by the ink, while the pin hole is a small puncture visible on the surface of the sheet."
240.jpg,"aluminum, marker stain, pin hole",368,"This image captures an aluminum sheet exhibiting the defects of a marker stain and a pin hole, indicating imperfections that may impact the materials quality and integrity within the aluminum industry."
109.jpg,"aluminum, pin hole",377,"This image displays an aluminum sheet featuring a pin hole defect, characterized by a small, singular puncture on the surface. The pin hole appears as a tiny, circular void in the otherwise smooth texture of the aluminum material, indicating a localized imperfection in the sheet."
397.jpg,"aluminum, marker stain, crease",369,"This image displays an aluminum sheet marred by a marker stain and a crease, showcasing imperfections that affect the materials surface integrity within the aluminum industry."
99.jpg,"aluminum, crease, scratch",370,This image displays an aluminum sheet exhibiting the following defects: wrinkle and abrasion.
218.jpg,"aluminum, scratch",365,"This image displays an aluminum sheet marred by a prominent scratch, affecting the surface integrity and aesthetics of the material. The defect is clearly visible, highlighting the need for quality control measures in the aluminum industry."
166.jpg,"aluminum, pin hole, scratch",375,"This image displays an aluminum sheet exhibiting the defects of pin holes and scratches, showcasing imperfections that may affect the materials overall quality and integrity within the aluminum industry."
342.jpg,"aluminum, marker stain, pin hole",368,"This image displays an aluminum sheet featuring the defects of a marker stain and a pin hole. The marker stain appears as a dark, discolored spot on the surface, while the pin hole is a small, visible void that penetrates through the material."
160.jpg,"aluminum, marker stain",373,"This image captures an aluminum sheet exhibiting a distinct marker stain defect, characterized by a visible discoloration and irregular marking on the surface."
341.jpg,"aluminum, marker stain, pin hole",368,"This image displays an aluminum sheet exhibiting marker stain and pin hole defects, commonly found in the aluminum industry. The marker stain appears as a discolored mark, while the pin hole is a small, visible void in the material."
327.jpg,"aluminum, marker stain, pin hole",368,"This image displays an aluminum sheet exhibiting the defects of a marker stain and a pin hole. The marker stain appears as a dark, noticeable blemish on the surface, while the pin hole is a small, visible void that compromises the materials integrity."
141.jpg,"aluminum, marker stain, scratch",371,"This image displays an aluminum sheet marred by the presence of marker stains and scratches, which detract from the overall quality and appearance of the material. The marker stains appear as dark, uneven marks, while the scratches manifest as visible lines or indentations on the surface of the aluminum sheet, indicating potential damage or mishandling during production or transportation."
298.jpg,"aluminum, marker stain, crease, scratch",376,"This image displays an aluminum sheet featuring notable defects such as a marker stain, crease, and scratch. The surface imperfections are clearly visible and may impact the overall quality and appearance of the aluminum material."
390.jpg,"aluminum, marker stain, crease",369,"This image displays an aluminum sheet marred by the defects of a marker stain and a crease, showcasing imperfections that can impact the materials quality and usability within the aluminum industry."
1.jpg,"aluminum, pin hole",377,"This image exhibits an aluminum sheet featuring a conspicuous pin hole defect, characterized by a small, round void penetrating the surface of the material. This imperfection can compromise the structural integrity and aesthetics of the aluminum sheet, necessitating careful inspection and potential remediation."
15.jpg,"aluminum, marker stain, pin hole",368,"This image displays an aluminum sheet marred by imperfections known as marker stain and pin hole, representing common defects found in the aluminum industry."
66.jpg,"aluminum, marker stain, pin hole, scratch",374,"This image depicts an aluminum sheet marred by distinct defects including a marker stain, pin hole, and scratch. The marker stain appears as a noticeable discoloration on the surface, the pin hole presents as a tiny puncture, and the scratch is a visible linear mark across the sheet."
127.jpg,"aluminum, marker stain, pin hole",368,"This image displays an aluminum sheet exhibiting marker stain and pin hole defects commonly found in the aluminum industry. The marker stain appears as a noticeable discoloration, while the pin hole defect is characterized by a small, punctured surface on the sheet."
328.jpg,"aluminum, marker stain, pin hole",368,"This image displays an aluminum sheet marred by a marker stain and a pin hole. The marker stain appears as a dark discoloration on the surface, while the pin hole is a small, visible void in the material."
202.jpg,"aluminum, crease, scratch",370,"This image depicts an aluminum sheet exhibiting noticeable defects including a distinct crease and a visible scratch. Both imperfections are clearly visible on the surface of the aluminum material, indicating potential quality issues that may impact the overall integrity and aesthetics of the sheet."
144.jpg,"aluminum, marker stain, scratch",371,"This image displays an aluminum sheet marred by a marker stain and a scratch. The marker stain appears as a dark, uneven discoloration on the surface, while the scratch manifests as a visible linear mark, potentially affecting the materials integrity."
135.jpg,"aluminum, marker stain, pin hole",368,"This image displays an aluminum sheet marred by the presence of a marker stain and a pin hole, highlighting imperfections within the material that may impact its quality and structural integrity."
412.jpg,"aluminum, crease, scratch",370,"This image displays an aluminum sheet exhibiting the defects of a crease and a scratch. The crease appears as a distinct linear fold on the surface of the aluminum, while the scratch manifests as a shallow abrasion mark, both impacting the overall quality of the material."
300.jpg,"aluminum, marker stain, crease, scratch",376,"This image depicts an aluminum sheet exhibiting defects including a marker stain, a crease, and a scratch. The presence of these imperfections can impact the quality and integrity of the aluminum material, requiring further inspection and potential remediation in the manufacturing process."
33.jpg,"aluminum, marker stain, pin hole",368,"This image captures an aluminum sheet exhibiting the defects of a marker stain and a pin hole. The marker stain appears as a discolored area, while the pin hole is a small puncture visible on the surface of the aluminum sheet."
191.jpg,"aluminum, marker stain, crease",369,"This image displays an aluminum sheet exhibiting the defects of a marker stain and a crease. The marker stain appears as a dark, irregular marking on the surface, while the crease is a visible line indicating a fold or deformation in the material."
9.jpg,"aluminum, scratch",365,"This image captures an aluminum sheet marred by a prominent scratch, marring its otherwise smooth surface. The scratch appears deep and extends across the sheet, creating a noticeable imperfection in the material."
281.jpg,"aluminum, crease",372,"This image displays an aluminum sheet exhibiting a crease defect, characterized by a linear depression or fold on the surface. The defect appears as a distinct line running across the sheet, impacting its overall smoothness and potentially compromising structural integrity."
325.jpg,"aluminum, scratch",365,"This image depicts an aluminum sheet exhibiting a scratch defect, where a visible linear mark is present on the surface, potentially affecting the materials aesthetics and functionality."
242.jpg,"aluminum, marker stain, pin hole",368,"This image displays an aluminum sheet exhibiting the defects of a marker stain and a pin hole. The marker stain appears as a localized discoloration on the surface, while the pin hole is a tiny puncture visible in the material."
303.jpg,"aluminum, crease, scratch",370,"This image displays an aluminum sheet exhibiting the defects of a fold and abrasion. The surface of the aluminum material shows a distinct crease line along with a noticeable scratch, indicating imperfections in the sheets overall quality."
133.jpg,"aluminum, marker stain, pin hole",368,"This image displays an aluminum sheet exhibiting the defects of a marker stain and a pin hole. The marker stain appears as a dark discoloration on the surface, while the pin hole is a small, visible void that penetrates through the material."
55.jpg,"aluminum, marker stain",373,"This image captures a sheet of aluminum exhibiting a marker stain defect, characterized by a visible discoloration on the surface. The marker stain appears as a distinct mark that deviates from the uniformity of the aluminum sheet, affecting its overall aesthetic appeal and potentially compromising its quality."
368.jpg,"aluminum, marker stain",373,"This image captures an aluminum sheet exhibiting a marker stain defect, characterized by a noticeable discoloration and irregular marking on the surface. The defect appears as a distinct blemish, potentially affecting the materials aesthetic appeal and surface quality."
57.jpg,"aluminum, marker stain",373,This image displays an aluminum sheet marred by a scratch-like surface imperfection caused by marker stain.
283.jpg,"aluminum, marker stain, crease",369,"This image displays an aluminum sheet marred by the presence of a marker stain and a noticeable crease. The marker stain appears as a darkened area on the surface, while the crease manifests as a visible line of deformation running across the sheet."
184.jpg,"aluminum, marker stain, crease",369,"This image depicts an aluminum sheet exhibiting two distinct defects: a marker stain and a crease. The marker stain appears as a dark, irregular marking on the surface, while the crease is a visible line of deformation running across the sheet."
2.jpg,"aluminum, pin hole, scratch",375,"This image displays an aluminum sheet with the following defects: a pin hole characterized by a small, circular void in the material, and a scratch that appears as a thin, linear mark on the surface."
90.jpg,"aluminum, marker stain, crease, scratch",376,"This image displays an aluminum sheet exhibiting the defects of a marker stain, a crease, and a scratch. The marker stain appears as a dark, discolored mark on the surface, the crease manifests as a visible line fold disrupting the smoothness, while the scratch is a thin, superficial abrasion marking the metals surface."
156.jpg,"aluminum, marker stain",373,"This image displays an aluminum sheet exhibiting a marker stain defect, characterized by a prominent dark discoloration on the surface. The defect appears as an irregularly shaped, concentrated area of ink residue, disrupting the otherwise smooth and uniform appearance of the aluminum material."
255.jpg,"aluminum, marker stain, scratch",371,"This image displays an aluminum sheet exhibiting the defects of a marker stain and a scratch. The marker stain appears as a dark, irregular mark on the surface, while the scratch is a visible linear abrasion disrupting the smoothness of the material."
288.jpg,"aluminum, marker stain, crease",369,"This image captures an aluminum sheet featuring two distinct defects: a conspicuous marker stain and a pronounced crease. Both imperfections are clearly visible, highlighting the need for quality control measures in the aluminum industry."
220.jpg,"aluminum, scratch",365,"This image displays an aluminum sheet exhibiting a scratch defect, characterized by a visible linear mark on the surface of the material."
193.jpg,"aluminum, marker stain, crease",369,"This image depicts an aluminum sheet exhibiting the defects of marker stain and crease, commonly found in the aluminum industry. The marker stain appears as a discolored mark on the surface, while the crease is a visible line indicating a fold or bend in the material."
1008.jpg,"aluminum, marker stain, crease",369,"This image displays an aluminum sheet marred by a marker stain and a crease, showcasing imperfections that impact the surface quality of the material."
197.jpg,"aluminum, marker stain, crease, scratch",376,"This image displays an aluminum sheet marred by the presence of a marker stain, a crease, and a scratch. The marker stain appears as a dark, discoloration on the surface, the crease is a visible line indicating a fold or deformation, and the scratch manifests as a thin, linear abrasion across the sheet."
271.jpg,"aluminum, marker stain, pin hole, scratch",374,"This image displays an aluminum sheet exhibiting the defects of a marker stain, pin hole, and scratch. The marker stain appears as a dark, discolored area on the surface, the pin hole is a small puncture visible through the material, and the scratch is a shallow groove marking the otherwise smooth texture of the aluminum sheet."
65.jpg,"aluminum, marker stain, pin hole, scratch",374,"This image captures an aluminum sheet marred by a marker stain, pin hole, and scratch, highlighting imperfections that affect the materials quality and aesthetics."
211.jpg,"aluminum, pin hole, scratch",375,"This image displays an aluminum sheet exhibiting the defects of pin holes and scratches, commonly found in the aluminum industry. The pin holes appear as tiny punctures scattered across the surface, while the scratches are visible linear marks that may affect the materials overall quality."
358.jpg,"aluminum, marker stain, scratch",371,"This image displays an aluminum sheet exhibiting the defects of a marker stain and a scratch. The marker stain appears as a dark, irregular mark on the surface, while the scratch is a visible linear abrasion disrupting the smoothness of the material."
336.jpg,"aluminum, marker stain, pin hole",368,"This image displays an aluminum sheet marred by a marker stain and a pin hole, showcasing imperfections commonly found in the aluminum industry."
314.jpg,"aluminum, pin hole, scratch",375,This image captures an aluminum sheet exhibiting two distinct defects: a pin hole and a scratch. The presence of these imperfections can impact the structural integrity and aesthetic appeal of the aluminum material.
257.jpg,"aluminum, marker stain, scratch",371,This image displays an aluminum sheet exhibiting the following defects: surface oxidation and dimples.
321.jpg,"aluminum, scratch",365,"This image displays an aluminum sheet featuring a prominent scratch defect, characterized by a visible linear mark on the surface. The scratch appears to be superficial, extending across the material, indicating a potential impact or abrasion during handling or processing."
212.jpg,"aluminum, pin hole",377,"This image displays an aluminum sheet exhibiting a defect known as pin hole, characterized by small, puncture-like voids scattered across the surface. The presence of these pin holes can compromise the structural integrity and aesthetic appeal of the aluminum material, necessitating remedial action to maintain quality standards."
256.jpg,"aluminum, marker stain, scratch",371,"This image displays an aluminum sheet marred by a marker stain and a scratch, highlighting imperfections in the otherwise pristine surface of the metal."
244.jpg,"aluminum, marker stain, pin hole",368,This image captures an aluminum sheet displaying distinct defects: a noticeable marker stain and a tiny pin hole.
353.jpg,"aluminum, marker stain, scratch",371,"This image captures an aluminum sheet exhibiting marker stain and scratch defects, highlighting imperfections that can impact the materials quality and appearance within the aluminum industry."
380.jpg,"aluminum, marker stain, pin hole, scratch",374,"This image captures an aluminum sheet displaying distinct defects including a marker stain, pin hole, and a noticeable scratch. The imperfections are clearly visible and highlight areas of concern within the aluminum material."
41.jpg,"aluminum, marker stain, scratch",371,"This image depicts an aluminum sheet exhibiting the defects of a marker stain and a scratch. The marker stain appears as a dark, irregular mark on the surface, while the scratch is a visible linear abrasion, indicating potential damage to the material."
365.jpg,"aluminum, marker stain",373,"This image showcases an aluminum sheet containing a noticeable defect known as a marker stain. The blemish appears as a darkened area on the surface, potentially affecting the sheets aesthetic appeal and overall quality."
250.jpg,"aluminum, marker stain, scratch",371,"This image displays an aluminum sheet exhibiting the defects of a marker stain and a scratch. The marker stain appears as a dark, irregular mark on the surface, while the scratch is a visible linear abrasion running across the sheet."
1009.jpg,"aluminum, marker stain, crease",369,"This image displays an aluminum sheet exhibiting the defects of a marker stain and a crease. The marker stain appears as a dark, irregular mark on the surface, while the crease is a visible line indicating a fold or deformation in the material."
348.jpg,"aluminum, marker stain, pin hole",368,"This image displays an aluminum sheet marred by a marker stain and a pin hole, showcasing imperfections that could affect its structural integrity and aesthetic appeal within the aluminum industry."
286.jpg,"aluminum, marker stain, crease",369,"This image displays an aluminum sheet exhibiting the defects of a marker stain and a crease. The marker stain appears as a dark, irregular discoloration on the surface of the aluminum, while the crease manifests as a visible line of deformation running across the sheet, causing a distortion in its smoothness and structure."
177.jpg,"aluminum, crease",372,"This image displays an aluminum sheet featuring the defect known as a crease, characterized by a visible line or fold along the surface of the material. The crease appears as a distinct irregularity, disrupting the otherwise smooth and uniform appearance of the aluminum sheet."
289.jpg,"aluminum, marker stain, crease",369,"This image displays an aluminum sheet exhibiting two distinct defects: a marker stain and a crease. The marker stain appears as a dark, irregular mark on the surface, while the crease is a visible line indicating a fold or deformation in the material."
389.jpg,"aluminum, marker stain, crease",369,This image displays an aluminum sheet marred by a penetration mark and a wrinkle.
274.jpg,"aluminum, marker stain, pin hole, scratch",374,"This image presents an aluminum sheet displaying distinctive defects including a marker stain, a pin hole, and a scratch. The surface imperfections are clearly visible and may impact the overall quality and integrity of the aluminum material."
291.jpg,"aluminum, marker stain, crease",369,"This image captures an aluminum sheet exhibiting distinct defects, including a marker stain and a noticeable crease."
230.jpg,"aluminum, marker stain, pin hole",368,"This image displays an aluminum sheet featuring distinctive defects, including a marker stain and a pin hole."
363.jpg,"aluminum, marker stain, scratch",371,"This image showcases an aluminum sheet marred by a marker stain and a scratch. The marker stain appears as a dark, noticeable blemish on the otherwise smooth surface, while the scratch disrupts the sheets pristine finish with a visible abrasion."
185.jpg,"aluminum, marker stain, crease",369,This image showcases an aluminum sheet marred by two distinct defects: a noticeable marker stain and a prominent crease.
129.jpg,"aluminum, marker stain, pin hole",368,"This image displays an aluminum sheet indicating the presence of marker stain and pin hole defects, commonly found in the aluminum industry."
401.jpg,"aluminum, marker stain, crease",369,"This image displays an aluminum sheet marred by a marker stain and a crease, showcasing imperfections commonly found in the aluminum industry."
315.jpg,"aluminum, pin hole, scratch",375,"This image displays an aluminum sheet exhibiting two distinct defects: a pin hole and a scratch. The pin hole appears as a small, circular void in the surface of the sheet, while the scratch manifests as a linear abrasion running across the material."
44.jpg,"aluminum, marker stain, scratch",371,"This image displays an aluminum sheet exhibiting the defects of a marker stain and a scratch. The marker stain appears as a dark, irregular blemish on the surface, while the scratch is a visible line of damage that disrupts the smoothness of the metal."
163.jpg,"aluminum, pin hole, scratch",375,This image displays an aluminum sheet marred by the defects of micro-cracks and surface pitting.
214.jpg,"aluminum, scratch",365,"This image displays an aluminum sheet marred by a prominent scratch, diminishing the overall surface quality. The defect is easily identifiable due to its long and deep impression, disrupting the otherwise smooth texture of the aluminum material."
85.jpg,"aluminum, marker stain, crease",369,"This image displays an aluminum sheet exhibiting the defects of a marker stain and a crease. The marker stain appears as a dark, discolored spot on the surface, while the crease is a visible line of deformation running across the sheet, affecting its overall smoothness and structural integrity."
179.jpg,"aluminum, marker stain, crease",369,"This image displays an aluminum sheet exhibiting the defects of a marker stain and a crease. The marker stain appears as a dark discolouration on the surface, while the crease is a visible line indicating a deformation in the material."
4.jpg,"aluminum, pin hole",377,"This image depicts an aluminum sheet exhibiting a pin hole defect, characterized by a small, round void that penetrates through the material. The pin hole defect in the aluminum sheet is clearly visible and may affect the structural integrity and functionality of the material."
162.jpg,"aluminum, marker stain",373,"This image captures an aluminum sheet exhibiting the defect known as surface scratch. The scratch appears as a thin, elongated mark on the otherwise smooth surface of the aluminum, indicating a localized imperfection in the material."
395.jpg,"aluminum, marker stain, crease",369,This image captures an aluminum sheet exhibiting two distinct defects: a noticeable marker stain and a prominent crease.
361.jpg,"aluminum, marker stain, scratch",371,"This image displays an aluminum sheet marred by a marker stain and a scratch, detracting from its overall quality in the metal industry."
386.jpg,"aluminum, marker stain, crease",369,This image depicts an aluminum sheet exhibiting the following defects: a visible marker stain and a distinct crease.
87.jpg,"aluminum, marker stain, crease",369,"This image displays an aluminum sheet exhibiting the defects of a marker stain and a crease. The marker stain appears as a dark, ink-like blotch on the surface, while the crease manifests as a distinct line of deformation running across the sheet."
198.jpg,"aluminum, marker stain, crease, scratch",376,"This image displays an aluminum sheet marred by distinct defects including a marker stain, crease, and scratch. The imperfections are readily noticeable on the otherwise smooth surface of the aluminum material, indicating potential quality issues in the manufacturing process."
134.jpg,"aluminum, marker stain, pin hole",368,"This image displays an aluminum sheet marred by the presence of a marker stain and a pin hole, showcasing imperfections that detract from the materials overall quality and integrity."
40.jpg,"aluminum, marker stain, scratch",371,"This image displays an aluminum sheet exhibiting the defects of a marker stain and a scratch, showcasing imperfections that may impact the materials aesthetic appeal and functionality within the aluminum industry."
84.jpg,"aluminum, marker stain, crease",369,"This image captures an aluminum sheet exhibiting the defects of marker stain and crease. The marker stain appears as a dark patch on the surface, while the crease manifests as a visible line indicating a fold or wrinkle in the material."
367.jpg,"aluminum, marker stain",373,"This image depicts an aluminum sheet exhibiting a marker stain defect. The imperfection appears as a discolored mark on the surface of the material, likely caused by contact with a marker during handling or processing."
313.jpg,"aluminum, pin hole",377,"This image displays an aluminum sheet marred by a pin hole defect, characterized by a small, singular hole penetrating the surface of the material. The pinpoint-sized aperture is a notable imperfection in an otherwise smooth and uniform expanse of the aluminum sheet."
338.jpg,"aluminum, marker stain, pin hole",368,"This image showcases an aluminum sheet exhibiting the defects of a marker stain and a pin hole, which are common occurrences in the aluminum industry. The marker stain appears as a visible discoloration on the surface, while the pin hole is a small, penetrating void that can compromise the materials integrity."
11.jpg,"aluminum, scratch",365,"This image displays an aluminum sheet exhibiting a notable defect in the form of a visible scratch. The scratch appears to have a distinct linear shape, potentially impacting the surface integrity of the aluminum material."
186.jpg,"aluminum, marker stain, crease",369,"This image displays an aluminum sheet exhibiting the defects of marker stain and crease. The marker stain appears as a dark, irregular mark on the surface, while the crease is a visible line indicating a deformation in the material."
201.jpg,"aluminum, crease, scratch",370,"This image displays an aluminum sheet exhibiting a crease and a scratch defect. The crease appears as a distinct sharp fold in the surface of the sheet, while the scratch is a visible linear mark that has marred the otherwise smooth texture of the aluminum."
1005.jpg,"aluminum, marker stain, crease",369,"This image displays an aluminum sheet featuring a marker stain and a crease, showcasing imperfections commonly found in the aluminum industry."
1010.jpg,"aluminum, marker stain, crease",369,This image displays an aluminum sheet marred by a penetrating scratch and surface pitting.
143.jpg,"aluminum, marker stain, scratch",371,"This image displays an aluminum sheet marred by both a marker stain and a scratch. The marker stain appears as a dark, discolored area on the surface, while the scratch is a visible abrasion that disrupts the otherwise smooth texture of the sheet."
264.jpg,"aluminum, marker stain",373,"This image displays an aluminum sheet exhibiting the defect known as marker stain, which appears as a visible discoloration on the surface of the material due to the presence of residual marker ink."
280.jpg,"aluminum, crease",372,"This image displays an aluminum sheet featuring a prominent crease defect, characterized by a visible line of deformation running across the surface. The crease appears as a distinct irregularity, impacting the overall smoothness and integrity of the aluminum material."
345.jpg,"aluminum, marker stain, pin hole",368,"This image displays an aluminum sheet exhibiting the defects of a marker stain and a pin hole. The marker stain appears as a dark, discolored spot on the surface of the sheet, while the pin hole is a small, visible void that penetrates through the material."
155.jpg,"aluminum, marker stain, scratch",371,"This image displays an aluminum sheet marred by a marker stain that appears as a dark, irregular discoloration on the surface, and a scratch running across the material, causing a visible line of damage."
172.jpg,"aluminum, marker stain, pin hole, scratch",374,"This image displays an aluminum sheet exhibiting the following defects: marker stain clearly visible on the surface, pin hole noticeable at the edge, and a scratch running diagonally across the sheet."
377.jpg,"aluminum, marker stain, pin hole, scratch",374,"This image displays an aluminum sheet marred by distinct defects including a noticeable marker stain, a small pin hole, and a visible scratch. The imperfections on the surface of the aluminum sheet are clearly identifiable and may affect its overall quality."
273.jpg,"aluminum, marker stain, pin hole, scratch",374,"This image displays an aluminum sheet exhibiting the following imperfections: a visible marker stain, a tiny pin hole, as well as a noticeable scratch."
68.jpg,"aluminum, marker stain, pin hole, scratch",374,"This image displays an aluminum sheet exhibiting the following defects: a prominent marker stain, a small pin hole, and a noticeable scratch."
287.jpg,"aluminum, marker stain, crease",369,"This image displays an aluminum sheet exhibiting the defects of a marker stain and a crease, highlighting imperfections that may impact the materials quality and integrity within the aluminum industry."
146.jpg,"aluminum, marker stain, scratch",371,"This image displays an aluminum sheet marred by a marker stain and a scratch, showcasing imperfections that may impact the materials quality and appearance."
317.jpg,"aluminum, pin hole",377,"This image displays an aluminum sheet featuring a pin hole defect, characterized by a small, circular void penetrating the materials surface. The presence of such defects can compromise the structural integrity and aesthetics of the aluminum material, potentially impacting its performance in various industrial applications."
35.jpg,"aluminum, marker stain, pin hole",368,This image displays an aluminum sheet marred by a marker stain and pin hole defects commonly found in the aluminum industry.
343.jpg,"aluminum, marker stain, pin hole",368,"This image displays an aluminum sheet featuring distinctive defects known as marker stain and pin hole. The marker stain appears as a discolored area on the surface, while the pin hole is a small puncture-like imperfection that penetrates through the material."
113.jpg,"aluminum, scratch",365,"This image displays a piece of aluminum sheet marred by a distinct scratch defect, showcasing a visible imperfection in the smooth surface of the material. The scratch appears to be shallow but extends across a significant portion of the sheet, impacting its overall aesthetic appeal and potentially compromising its structural integrity."
354.jpg,"aluminum, marker stain, scratch",371,This image displays an aluminum sheet featuring the defects of a visible marker stain and a deep scratch.
120.jpg,"aluminum, marker stain, pin hole",368,This image displays an aluminum sheet featuring the following defects: surface contamination due to marker stain and a small pinhole defect.
10.jpg,"aluminum, scratch",365,"This image captures an aluminum sheet exhibiting a prominent scratch defect, which appears as a visible linear mark on the surface. The scratch is distinct in its length and depth, creating a noticeable blemish on the otherwise smooth aluminum material."
1011.jpg,"aluminum, marker stain, crease",369,"This image displays an aluminum sheet marred by a marker stain and a crease, showcasing imperfections that can impact the materials overall quality and functionality in various industries."
382.jpg,"aluminum, crease",372,"This image displays an aluminum sheet exhibiting a crease defect caused by improper handling during manufacturing processes, leading to a visible distortion in the material surface. The crease appears as a linear indentation disrupting the otherwise smooth and uniform appearance of the aluminum sheet, impacting its structural integrity and aesthetic appeal."
36.jpg,"aluminum, marker stain, pin hole",368,This image displays an aluminum sheet featuring the defects of a scattered marker stain and numerous pinholes.
51.jpg,"aluminum, marker stain, scratch",371,"This image captures an aluminum sheet exhibiting the defects of a marker stain and a scratch. The marker stain appears as a dark, irregular mark on the surface, while the scratch is a thin, visible line that compromises the smoothness of the sheet."
78.jpg,"aluminum, marker stain, crease",369,"This image displays an aluminum sheet marred by a marker stain and a crease. The marker stain appears as a dark discoloration, while the crease is a visible line of deformation across the surface of the sheet."
38.jpg,"aluminum, marker stain, scratch",371,"This image displays an aluminum sheet marred by a marker stain and a scratch. The marker stain appears as a dark, irregular mark on the surface, while the scratch is a shallow abrasion that disrupts the otherwise smooth texture of the metal."
77.jpg,"aluminum, marker stain, crease",369,"This image displays an aluminum sheet marred by the presence of a marker stain and a noticeable crease. The marker stain appears as a dark, discolored mark on the surface, while the crease is a visible line of deformation running across the sheet, indicating a potential flaw in the material."
335.jpg,"aluminum, marker stain, pin hole",368,"This image captures an aluminum sheet exhibiting two distinct defects: a noticeable marker stain and a tiny pin hole. The marker stain appears as a dark, irregular mark on the surface, while the pin hole is a small, circular void that compromises the sheets integrity."
114.jpg,"aluminum, scratch",365,"This image displays an aluminum sheet exhibiting a prominent abrasion defect, characterized by a visible surface scratch that compromises the materials integrity and aesthetics."
151.jpg,"aluminum, marker stain, scratch",371,"This image depicts an aluminum sheet exhibiting the defects of a marker stain and a scratch. The marker stain appears as a discolored area on the surface, while the scratch is a visible linear mark that has penetrated the protective coating of the aluminum material."
5.jpg,"aluminum, pin hole",377,"This image displays a piece of aluminum sheet exhibiting a defect known as pin hole, characterized by tiny punctures on the surface.\n\nThe visual inspection reveals the presence of small, isolated voids within the material, affecting its overall integrity and quality."
224.jpg,"aluminum, marker stain, pin hole",368,"This image displays an aluminum sheet exhibiting the defects of a marker stain and a pin hole. The marker stain appears as a visible discoloration on the surface, while the pin hole is a small, punctured area that compromises the sheets integrity."
161.jpg,"aluminum, marker stain",373,"This image depicts an aluminum sheet exhibiting a marker stain defect, characterized by a noticeable discoloration and irregular marking on the surface. Be sure to inspect closely to identify and address this issue promptly."
282.jpg,"aluminum, marker stain, crease",369,This image displays an aluminum sheet marred by distinct defects: a prominent marker stain and a noticeable crease.
61.jpg,"aluminum, pin hole, scratch",375,"This image displays an aluminum sheet exhibiting pin holes and a scratch, indicating imperfections in the materials surface integrity. The presence of these defects may compromise the structural strength and aesthetics of the aluminum sheet, highlighting the need for remedial measures to ensure product quality and performance."
346.jpg,"aluminum, marker stain, pin hole",368,"This image depicts an aluminum sheet exhibiting the defects of a marker stain and a pin hole. The marker stain appears as a dark, ink-like blotch on the surface, while the pin hole is a small, circular void that penetrates through the material."
183.jpg,"aluminum, marker stain, crease",369,"This image displays an aluminum sheet marred by the presence of a marker stain and a noticeable crease, both of which detract from the materials overall quality and appearance."
196.jpg,"aluminum, marker stain, crease, scratch",376,"This image displays an aluminum sheet exhibiting the defects of a marker stain that appears as a dark, irregular marking, a crease characterized by a visible line of deformation, and a scratch manifesting as a thin, shallow abrasion on the surface."
53.jpg,"aluminum, marker stain",373,This image displays an aluminum sheet exhibiting the defect known as surface scratches caused by handling during production.
299.jpg,"aluminum, marker stain, crease, scratch",376,"This image displays an aluminum sheet showcasing the defects of a marker stain, crease, and scratch. The marker stain appears as a darkened area on the surface, the crease is a visible line indicating a fold or deformation, while the scratch is a superficial mark caused by abrasion."
108.jpg,"aluminum, pin hole",377,"This image captures an aluminum sheet exhibiting a pin hole defect, characterized by a small, isolated void or perforation on the surface. The presence of such defects can compromise the structural integrity and aesthetics of the aluminum material, necessitating careful inspection and potential remediation measures."
246.jpg,"aluminum, marker stain, scratch",371,This image displays an aluminum sheet marred by a marker stain and a visible scratch. The presence of these defects on the aluminum surface can impact its aesthetic appeal and potentially compromise its functionality.
199.jpg,"aluminum, crease, scratch",370,This image displays an aluminum sheet featuring the following imperfections: a distinct crease running along its surface and a noticeable scratch that mars its otherwise smooth texture.
43.jpg,"aluminum, marker stain, scratch",371,This image displays an aluminum sheet featuring the defects of a marker stain and a visible scratch.
203.jpg,"aluminum, crease, scratch",370,"This image depicts an aluminum sheet exhibiting defects in the form of a crease running along its surface and a scratch that is visible near the edge. The crease appears as a noticeable deformation in the material, while the scratch is a superficial abrasion that mars the otherwise smooth surface of the aluminum sheet."
234.jpg,"aluminum, marker stain, pin hole",368,"This image displays an aluminum sheet exhibiting the defects of a marker stain and a pin hole. The marker stain appears as a noticeable discoloration on the surface, while the pin hole is a small puncture visible on the sheet."
169.jpg,"aluminum, marker stain, pin hole, scratch",374,"This image displays an aluminum sheet marred by distinct defects including a marker stain, a pin hole, and a scratch. The imperfections are clearly visible and affect the surface quality of the aluminum material."
116.jpg,"aluminum, scratch",365,"This image displays an aluminum sheet exhibiting a scratch defect, characterized by a visible linear mark on the surface, indicative of surface damage that may impact the materials aesthetics and functionality."
227.jpg,"aluminum, marker stain, pin hole",368,"This image displays an aluminum sheet marred by the presence of a marker stain and a pin hole, highlighting imperfections that may impact the materials integrity and aesthetics."
215.jpg,"aluminum, scratch",365,"This image displays an aluminum sheet featuring a scratch defect that is clearly visible on its surface, affecting the overall smoothness and appearance of the material. The scratch appears to be relatively shallow but extends across a significant portion of the sheet, indicating a potential issue with the handling or processing of the aluminum."
91.jpg,"aluminum, marker stain, crease, scratch",376,"This image displays an aluminum sheet exhibiting noticeable defects such as a marker stain, crease, and scratch. The surface of the aluminum material is marred by these imperfections, affecting its visual appearance and potentially compromising its structural integrity."
222.jpg,"aluminum, marker stain, pin hole",368,"This image displays an aluminum sheet marred by a marker stain and a pin hole, showcasing imperfections commonly found in the aluminum industry."
290.jpg,"aluminum, marker stain, crease",369,"This image displays an aluminum sheet marred by the presence of a marker stain and a distinct crease, both of which are visible defects affecting the surface quality of the material."
355.jpg,"aluminum, marker stain, scratch",371,"This image captures an aluminum sheet exhibiting two distinct defects: a noticeable marker stain and a shallow scratch. The marker stain appears as a dark, irregular marking on the surface, while the scratch is a superficial abrasion that disrupts the smoothness of the sheet."
1097.jpg,"aluminum, marker stain, pin hole",368,"This image presents an aluminum sheet marred by the presence of a marker stain and pin hole. The marker stain appears as a dark, discolored spot on the surface, while the pin hole manifests as a small, visible void in the material."
228.jpg,"aluminum, marker stain, pin hole",368,"This image displays an aluminum sheet marred by a marker stain and pin hole. The marker stain appears as an ink-like blemish on the surface, while the pin hole is a small, visible void in the material."
174.jpg,"aluminum, crease",372,"This image displays an aluminum sheet featuring a crease defect, characterized by a visible line or fold on the surface. The crease appears as a localized deformation along the length of the sheet, impacting its overall smoothness and potentially affecting its structural integrity."
74.jpg,"aluminum, marker stain, crease",369,"This image displays an aluminum sheet marred by the presence of a marker stain and a noticeable crease. The marker stain appears as an ink-like blemish on the surface, while the crease is a distinct line of deformation running across the sheet, affecting its overall smoothness and appearance."
258.jpg,"aluminum, marker stain, scratch",371,This image displays an aluminum sheet exhibiting the defects of a surface contamination caused by marker stain and a visible scratch running across the surface.
98.jpg,"aluminum, crease, scratch",370,"This image displays an aluminum sheet exhibiting the defects of a crease and a scratch. The crease appears as a distinct line of deformation across the surface, while the scratch is a visible abrasion marking the material."
357.jpg,"aluminum, marker stain, scratch",371,"This image displays an aluminum sheet marred by the presence of a marker stain, and a noticeable scratch. The marker stain appears as a dark, ink-like blemish on the surface, while the scratch disrupts the otherwise smooth texture of the aluminum sheet."
266.jpg,"aluminum, marker stain",373,"This image captures a sheet of aluminum exhibiting a distinctive marker stain defect, evident as a localized discolored area on the surface. The defect appears as a visible trace left behind by a marker, impacting the overall aesthetic quality of the aluminum material."
216.jpg,"aluminum, scratch",365,"This image displays an aluminum sheet exhibiting a prominent scratch defect, characterized by a visible linear mark on the surface. The scratch appears to be deep and extends across the sheet, indicating potential damage to the materials integrity."
1098.jpg,"aluminum, marker stain, pin hole",368,"This image displays an aluminum sheet exhibiting the defects of marker stain and pin hole. The marker stain appears as a dark discoloration on the surface, while the pin hole manifests as a small, circular void in the material."
124.jpg,"aluminum, marker stain, pin hole",368,This image depicts an aluminum sheet featuring the defects of a marker stain and a pin hole. The presence of these imperfections may impact the sheets overall quality and usability within the aluminum industry.
223.jpg,"aluminum, marker stain, pin hole",368,"This image displays an aluminum sheet marred by a marker stain and pin hole, showcasing imperfections that could impact the materials integrity and aesthetics."
18.jpg,"aluminum, marker stain, pin hole",368,This image displays an aluminum sheet exhibiting the defects of a marker stain and a pin hole. The presence of these flaws may affect the overall quality and integrity of the aluminum material.
276.jpg,"aluminum, marker stain, pin hole, scratch",374,"This image displays an aluminum sheet exhibiting the following defects: a noticeable marker stain, a small pin hole, and a scratch marking."
349.jpg,"aluminum, marker stain, scratch",371,"This image displays an aluminum sheet exhibiting the following defects: a marker stain and a scratch. The marker stain appears as a dark, irregular mark on the surface, while the scratch is a visible, linear imperfection that disrupts the smoothness of the sheet."
190.jpg,"aluminum, marker stain, crease",369,"This image displays an aluminum sheet marred by a marker stain and a crease, showcasing imperfections in the surface of the metal material commonly used in various industries."
164.jpg,"aluminum, pin hole, scratch",375,This image captures an aluminum sheet exhibiting distinct defects including a pin hole and a scratch. The presence of these imperfections may impact the structural integrity and aesthetics of the aluminum material.
83.jpg,"aluminum, marker stain, crease",369,"This image displays an aluminum sheet exhibiting the defects of a marker stain and a crease, showcasing imperfections that can impact the quality of the material in the aluminum industry."
187.jpg,"aluminum, marker stain, crease",369,"This image displays an aluminum sheet marred by the presence of a marker stain and a noticeable crease. The marker stain appears as a dark, ink-like blemish on the surface, while the crease is a clearly visible line indicating a deformation of the metal sheet."
125.jpg,"aluminum, marker stain, pin hole",368,"This image illustrates an aluminum sheet exhibiting the defects of a marker stain and a pin hole. The marker stain appears as a dark discoloration on the surface, while the pin hole is a small perforation visible on the sheet."
253.jpg,"aluminum, marker stain, scratch",371,"This image captures an aluminum sheet exhibiting two distinct defects: a noticeable marker stain and a visible scratch. The marker stain appears as a dark discoloration on the surface, while the scratch is a shallow abrasion that disrupts the smooth texture of the sheet."
209.jpg,"aluminum, pin hole",377,"This image displays an aluminum sheet exhibiting the defect known as pin hole, characterized by tiny perforations on the surface. The presence of these small holes can compromise the structural integrity and aesthetics of the aluminum material."
233.jpg,"aluminum, marker stain, pin hole",368,This image displays an aluminum sheet marred by a surface scratch and pitting corrosion.
385.jpg,"aluminum, crease",372,"This image depicts an aluminum sheet exhibiting a crease defect, characterized by a visible line or fold on the surface of the material. The crease appears as a sharp indentation, impacting the overall smoothness and integrity of the aluminum sheet."
42.jpg,"aluminum, marker stain, scratch",371,"This image displays an aluminum sheet exhibiting the defects of a marker stain and a scratch. The marker stain appears as a dark, irregular mark on the surface, while the scratch is a visible line indicating damage to the material."
306.jpg,"aluminum, crease, scratch",370,This image displays an aluminum sheet exhibiting two distinct defects: a noticeable crease running along its surface and a prominent scratch that mars its otherwise smooth texture.
107.jpg,"aluminum, pin hole, scratch",375,"This image displays an aluminum sheet exhibiting the defects of pin holes and scratches, which can impact the overall quality and structural integrity of the material. The presence of these imperfections may compromise the surface smoothness and mechanical properties of the aluminum, potentially leading to performance issues in industrial applications."
75.jpg,"aluminum, marker stain, crease",369,"This image presents an aluminum sheet featuring the defects of a marker stain and a crease. The marker stain appears as a dark, irregular mark on the surface, while the crease is a visible line indicating a fold or bend in the material."
254.jpg,"aluminum, marker stain, scratch",371,"This image displays an aluminum sheet marred by a marker stain and a scratch. The marker stain appears as a dark, irregular mark on the surface, while the scratch is a visible linear abrasion disrupting the otherwise smooth texture of the sheet."
105.jpg,"aluminum, pin hole",377,"This image captures an aluminum sheet exhibiting a pin hole defect - a small, puncture-like imperfection that compromises the materials integrity. The presence of such defects can potentially weaken the structural integrity of the aluminum sheet, impacting its overall quality and performance in various industrial applications."
88.jpg,"aluminum, marker stain, crease",369,"This image displays an aluminum sheet marred by a marker stain and a noticeable crease, highlighting imperfections that impact the materials overall quality."
1099.jpg,"aluminum, marker stain, pin hole",368,"This image displays an aluminum sheet marred by the presence of a marker stain and a pin hole, highlighting imperfections that may impact the materials structural integrity and aesthetics."
30.jpg,"aluminum, marker stain, pin hole",368,"This image displays an aluminum sheet exhibiting the defects of marker stain and pin hole. The surface of the aluminum material is marred by a noticeable marker stain, while a small pin hole is also visible, affecting the overall quality of the sheet."
20.jpg,"aluminum, marker stain, pin hole",368,"This image displays an aluminum sheet marred by a marker stain and a pin hole, highlighting imperfections that affect the materials surface integrity. The marker stain appears as a dark blotch, while the pin hole is a small puncture, both compromising the visual appeal and structural quality of the aluminum sheet."
25.jpg,"aluminum, marker stain, pin hole",368,"This image captures an aluminum sheet featuring two distinct defects: a marker stain and a pin hole, both of which are clearly visible on the surface of the material."
371.jpg,"aluminum, pin hole, scratch",375,"This image displays an aluminum sheet marred by the presence of a pin hole defect, characterized by a tiny, puncture-like opening on the surface. Additionally, a scratch flaw is visible, appearing as a superficial abrasion that has compromised the smoothness of the sheet."
318.jpg,"aluminum, scratch",365,"This image displays an aluminum sheet featuring a distinctive scratch defect, which appears as a visible linear mark on the surface of the material. The scratch is clearly defined and stands out against the smooth texture of the rest of the sheet, indicating a localized imperfection in the otherwise uniform surface of the aluminum."
46.jpg,"aluminum, marker stain, scratch",371,"This image displays an aluminum sheet featuring the defects of a penetrating marker stain and a long, shallow scratch."
369.jpg,"aluminum, marker stain",373,"This image captures an aluminum sheet exhibiting a marker stain defect, characterized by a visible dark marking on the surface. The defect appears as a distinct blemish, impacting the overall appearance and quality of the aluminum material."
326.jpg,"aluminum, marker stain, pin hole",368,"This image captures an aluminum sheet exhibiting distinct defects of marker stain and pin hole, commonly found in the aluminum industry. The marker stain appears as a visible discoloration, while the pin hole manifests as a small puncture or void on the surface of the sheet."
225.jpg,"aluminum, marker stain, pin hole",368,This image displays an aluminum sheet marred by both a visible marker stain and a discernible pin hole.
388.jpg,"aluminum, marker stain, crease",369,"This image presents an aluminum sheet featuring the defects of a marker stain and a crease. The marker stain appears as a dark, irregular mark on the surface, while the crease manifests as a visible line running across the sheet, indicating a folding or bending flaw."
26.jpg,"aluminum, marker stain, pin hole",368,"This image presents an aluminum sheet exhibiting the defects of marker stain and pin hole. The marker stain appears as a discolored spot on the surface, while the pin hole is a small puncture visible on the sheet."
232.jpg,"aluminum, marker stain, pin hole",368,"This image displays an aluminum sheet exhibiting the defects of a marker stain and a pin hole. The marker stain appears as a dark, irregular marking on the surface, while the pin hole is a small, circular void visible on the sheet."
128.jpg,"aluminum, marker stain, pin hole",368,This image displays an aluminum sheet exhibiting the defects of surface contamination by marker stain and small pin hole in the material.
34.jpg,"aluminum, marker stain, pin hole",368,"This image displays an aluminum sheet exhibiting the defects of a marker stain and pin hole. The marker stain appears as a discolored area, while the pin hole is a small, visible void on the surface of the sheet."
131.jpg,"aluminum, marker stain, pin hole",368,"This image displays an aluminum sheet marred by a marker stain and a pin hole. The marker stain is a visible blemish caused by ink transfer, while the pin hole is a small puncture defect that compromises the sheets integrity."
118.jpg,"aluminum, marker stain, pin hole",368,"This image displays an aluminum sheet exhibiting the defects of a marker stain and a pin hole. The marker stain appears as a dark blemish on the surface, while the pin hole is a small, visible void that compromises the sheets integrity."
332.jpg,"aluminum, marker stain, pin hole",368,"This image displays an aluminum sheet featuring the defects of a marker stain and a pin hole. The marker stain appears as a visible discoloration on the surface, while the pin hole is a small, puncture-like imperfection that penetrates through the material."
329.jpg,"aluminum, marker stain, pin hole",368,This image displays a sheet of aluminum marked by a penetrating stain and marred by a tiny pinhole.
64.jpg,"aluminum, marker stain, pin hole, scratch",374,"This image showcases an aluminum sheet exhibiting the following defects: a discernible marker stain, a minuscule pin hole, and a noticeable scratch."
261.jpg,"aluminum, marker stain",373,"This image displays an aluminum sheet exhibiting the marker stain defect, characterized by visible discoloration and smudging on the surface, resulting in compromised aesthetic appeal and potential quality concerns."
392.jpg,"aluminum, marker stain, crease",369,"This image displays an aluminum sheet marred by a marker stain and a crease, showcasing imperfections that can impact the materials quality and functionality."
180.jpg,"aluminum, marker stain, crease",369,"This image captures an aluminum sheet exhibiting the defects of marker stain and crease. The marker stain appears as a dark, irregular mark on the surface, while the crease manifests as a visible line of deformation running across the sheet."
1100.jpg,"aluminum, marker stain, pin hole",368,This image captures an aluminum sheet exhibiting the defects of a surface scratch and oxidation spot.
272.jpg,"aluminum, marker stain, pin hole, scratch",374,"This image displays an aluminum sheet exhibiting the following defects: a distinct marker stain, a small pin hole, and a noticeable scratch. The imperfections are evident on the surface of the aluminum, highlighting areas of discoloration, puncture, and abrasion."
340.jpg,"aluminum, marker stain, pin hole",368,"This image depicts an aluminum sheet exhibiting the defects of a marker stain and a pin hole. The marker stain appears as a discoloration on the surface, while the pin hole is a small, visible void in the material."
285.jpg,"aluminum, marker stain, crease",369,"This image displays an aluminum sheet marred by a marker stain and a noticeable crease. The marker stain appears as a dark spot on the surface, while the crease manifests as a visible line of deformation running across the sheet."
56.jpg,"aluminum, marker stain",373,"This image displays an aluminum sheet marred by a marker stain, a noticeable defect compromising the surface quality of the material. The presence of this undesirable mark affects the visual appearance and potentially the functionality of the aluminum sheet, requiring attention for remediation."
1012.jpg,"aluminum, marker stain, crease",369,"This image displays an aluminum sheet exhibiting the defects of marker stain and crease. The marker stain appears as a visible discoloration on the surface, while the crease is a noticeable line indicating a deformation in the material."
1013.jpg,"aluminum, marker stain, crease",369,"This image displays an aluminum sheet marred by a marker stain and a crease, showcasing imperfections that may impact its structural integrity and aesthetic appeal in the industrial context of aluminum materials."
1014.jpg,"aluminum, marker stain, crease",369,"This image displays an aluminum sheet exhibiting two distinct defects: a marker stain and a crease. The marker stain appears as a dark, irregular marking on the surface of the sheet, while the crease manifests as a visible line of deformation running across the material."
1015.jpg,"aluminum, marker stain, crease",369,"This image displays an aluminum sheet exhibiting the defects of a marker stain and a crease. The marker stain appears as a dark, irregular mark on the surface, while the crease manifests as a visible line of deformation running across the sheet."
1016.jpg,"aluminum, marker stain, crease",369,"This image exhibits an aluminum sheet marred by a marker stain and a noticeable crease. The marker stain appears as a dark, discolored mark on the surface, while the crease manifests as a distinct fold or wrinkle along the sheets length, impacting its overall smoothness and appearance."
1017.jpg,"aluminum, marker stain, crease",369,This image presents an aluminum sheet exhibiting the following defects: ink mark and wrinkle.
1018.jpg,"aluminum, marker stain, crease",369,"This image displays an aluminum sheet marred by a prominent marker stain that disrupts the surface integrity. Additionally, a pronounced crease is visible, causing a distortion in the sheets original form."
1019.jpg,"aluminum, marker stain, crease",369,This image displays an aluminum sheet exhibiting marker stain and crease defects commonly found in the aluminum industry.
1020.jpg,"aluminum, marker stain, crease",369,"This image displays an aluminum sheet marred by imperfections such as a marker stain and a crease. The marker stain appears as a dark, irregular mark on the surface, while the crease manifests as a visible line of deformation along the sheet."
1021.jpg,"aluminum, marker stain, crease",369,"This image displays an aluminum sheet marred by the presence of marker stain and a noticeable crease, indicating imperfections in the materials surface."
1022.jpg,"aluminum, marker stain, crease",369,This image displays an aluminum sheet featuring the defects of a noticeable marker stain and a prominent crease.
1024.jpg,"aluminum, marker stain, crease",369,"This image captures an aluminum sheet exhibiting the defects of a marker stain and a crease. The marker stain appears as a dark, irregular marking on the surface, while the crease is a visible line indicating a fold or bending in the material."
1025.jpg,"aluminum, crease, scratch",370,"This image displays an aluminum sheet exhibiting the defects of a fold line and abrasion mark. The fold line appears as a noticeable crease running along the surface, while the abrasion mark is a visible scratch that mars the otherwise smooth texture of the sheet."
1026.jpg,"aluminum, crease, scratch",370,"This image depicts an aluminum sheet exhibiting distinctive defects including a crease and a scratch, both of which are clearly visible on the surface. The crease appears as a long, raised line running across the sheet, while the scratch is a thin, shallow mark that disrupts the smoothness of the material."
1027.jpg,"aluminum, crease, scratch",370,"This image depicts an aluminum sheet exhibiting a crease and a scratch, showcasing imperfections commonly found in the aluminum industry. The crease appears as a visible line of deformation on the surface, while the scratch is a shallow abrasion marking, both affecting the overall quality of the material."
1028.jpg,"aluminum, crease, scratch",370,"This image displays an aluminum sheet featuring a crease and a scratch, showcasing imperfections commonly found in the aluminum industry."
1029.jpg,"aluminum, crease, scratch",370,"This image showcases an aluminum sheet exhibiting the defects of a crease and a scratch. The crease appears as a distinct line running along the surface, while the scratch is a visible mark caused by friction or contact with another material."
1030.jpg,"aluminum, crease, scratch",370,"This image displays an aluminum sheet exhibiting the defects of a wrinkle and a scrape. The wrinkle appears as a prominent fold in the material, while the scrape is a visible linear mark on the surface, indicating damage."
1031.jpg,"aluminum, crease, scratch",370,"This image depicts an aluminum sheet exhibiting noticeable defects including a distinct crease and a visible scratch. The crease appears as a prominent line running across the surface, while the scratch is evident as a shallow mark that mars the otherwise smooth texture of the aluminum material."
1032.jpg,"aluminum, crease, scratch",370,"This image displays an aluminum sheet exhibiting the defects of a crease and a scratch. The crease appears as a distinct line of deformation on the surface, while the scratch is a visible mark caused by abrasion, compromising the sheets integrity."
1033.jpg,"aluminum, marker stain, crease, scratch",376,"This image displays an aluminum sheet marred by the presence of a marker stain, a crease, and a scratch. The marker stain appears as a distinct discoloration on the surface, the crease manifests as a visible line of deformation, and the scratch is evident as a fine mark running across the sheet."
1034.jpg,"aluminum, marker stain, crease, scratch",376,"This image depicts an aluminum sheet exhibiting the following defects: a prominent marker stain that mars the surface, a distinct crease running along its length, and a noticeable scratch that disrupts the otherwise smooth texture."
1035.jpg,"aluminum, marker stain, crease, scratch",376,"This image displays an aluminum sheet marred by a marker stain, a distinct crease, and a noticeable scratch. The marker stain appears as a dark, blotchy mark on the surface, while the crease creates a visible line where the sheet is bent, and the scratch is a shallow abrasion that disrupts the otherwise smooth texture of the aluminum."
1036.jpg,"aluminum, marker stain, crease, scratch",376,"This image displays an aluminum sheet marred by a marker stain and exhibiting a crease and scratch. The surface of the aluminum material is tarnished by these imperfections, diminishing its overall quality and appearance."
1037.jpg,"aluminum, marker stain, crease, scratch",376,"This image displays an aluminum sheet featuring distinct defects such as a marker stain that appears as a dark, irregular mark on the surface, a crease indicating a folded or wrinkled area, and a scratch visible as a thin, shallow line running across the sheet."
1038.jpg,"aluminum, marker stain, crease, scratch",376,"This image displays an aluminum sheet marred by a marker stain, crease, and scratch, showcasing imperfections commonly found in the aluminum industry."
1039.jpg,"aluminum, marker stain, crease, scratch",376,"This image captures an aluminum sheet displaying several defects: a noticeable ""marker stain"", a prominent ""crease"", and a distinct ""scratch""."
1041.jpg,"aluminum, marker stain",373,"This image presents an aluminum sheet exhibiting the defect known as ""marker stain,"" characterized by visible marks left by a marker on the surface. The marker stain appears as discolored streaks or spots, impacting the overall visual quality of the aluminum material."
1042.jpg,"aluminum, marker stain",373,"This image depicts an aluminum sheet showcasing a marker stain defect, with noticeable discoloration and smudging present on the surface. The defect appears as a dark, irregular marking that stands out against the smooth texture of the aluminum material."
1043.jpg,"aluminum, marker stain",373,"This image captures an aluminum sheet exhibiting a marker stain defect, characterized by a noticeable discoloration and irregular marking on the surface. The presence of this flaw may impact the overall aesthetics and functionality of the aluminum material."
1044.jpg,"aluminum, marker stain",373,"This image displays an aluminum sheet exhibiting a marker stain defect, characterized by a visible discoloration caused by the ink from a marker. The imperfection appears as a dark, irregular mark on the surface of the sheet, potentially affecting its aesthetics and functionality."
1045.jpg,"aluminum, marker stain",373,"This image depicts an aluminum sheet exhibiting a distinct defect known as a marker stain. The presence of this imperfection can compromise the overall quality and appearance of the aluminum material, requiring attention and potential remediation to meet industry standards."
1046.jpg,"aluminum, marker stain",373,"This image displays an aluminum sheet showcasing the defect known as marker stain, characterized by visible marking residue on the surface of the sheet. The marker stain appears as a distinct discoloration, affecting the overall aesthetic appeal of the aluminum material."
1047.jpg,"aluminum, marker stain",373,"This image displays an aluminum sheet exhibiting a marker stain, characterized by a visible discoloration on the surface of the material caused by the presence of marker ink residue. The defect appears as a distinct dark mark, affecting the overall aesthetics and quality of the aluminum sheet."
1048.jpg,"aluminum, marker stain",373,"This image displays an aluminum sheet exhibiting a marker stain defect, characterized by a noticeable discoloration and localized marking on the surface of the material. The defect appears as an irregular dark spot, likely caused during the marking process and impacting the overall aesthetic quality of the aluminum sheet."
1049.jpg,"aluminum, crease, scratch",370,"This image displays an aluminum sheet marred by a fold line and a linear abrasion. The fold line runs across the surface, creating a distinct crease, while the linear abrasion appears as a noticeable scratch stretching along the materials length."
1050.jpg,"aluminum, crease, scratch",370,This image displays an aluminum sheet with noticeable defects including a prominent crease running along the surface and a distinct scratch that mars the otherwise smooth finish of the material.
1051.jpg,"aluminum, crease, scratch",370,"This image captures an aluminum sheet containing noticeable imperfections like a crease and a scratch. The crease appears as a distinct line running across the surface, while the scratch is a thin, shallow mark marring the otherwise smooth texture of the material."
1052.jpg,"aluminum, crease, scratch",370,This image illustrates an aluminum sheet exhibiting two distinctive defects: a pronounced crease running along its surface and a visible scratch that mars its otherwise smooth texture.
1053.jpg,"aluminum, crease, scratch",370,"This image displays an aluminum sheet exhibiting imperfections such as a pronounced crease and a noticeable scratch, impacting its overall quality and surface integrity."
1054.jpg,"aluminum, crease, scratch",370,"This image displays an aluminum sheet marred by a crease and a scratch, both of which compromise the surface integrity of the material. The crease appears as a distinct line of deformation, while the scratch is a visible abrasion that disrupts the smoothness of the sheet."
1055.jpg,"aluminum, crease, scratch",370,This image displays an aluminum sheet exhibiting the defects of a fold line and a surface abrasion.
1056.jpg,"aluminum, crease, scratch",370,"This image displays an aluminum sheet exhibiting defects in the form of a crease and a scratch. The crease appears as a visible irregular line on the surface, while the scratch is a thin, shallow mark running across the material, both impacting the overall quality of the aluminum sheet."
1057.jpg,"aluminum, crease, scratch",370,"This image captures an aluminum sheet marred by a notable crease that runs along its surface, distorting the otherwise smooth and pristine appearance of the material. Additionally, a scratch is visible, cutting across the sheet, betraying a moment of accidental damage that detracts from the overall quality of the aluminum."
1058.jpg,"aluminum, crease",372,"This image displays an aluminum sheet exhibiting a crease defect, characterized by a visible distortion in the surface of the material, potentially affecting its structural integrity and aesthetics. The crease appears as a noticeable line or fold on the otherwise smooth surface of the aluminum sheet, indicating a flaw in the manufacturing process or handling of the material."
1059.jpg,"aluminum, crease, scratch",370,This image displays an aluminum sheet featuring the defects of a fold line and a surface abrasion.
1061.jpg,"aluminum, crease, scratch",370,This image depicts an aluminum sheet exhibiting prominent defects such as a deep crease running along its surface and a noticeable scratch that mars its otherwise smooth texture.
1062.jpg,"aluminum, crease, scratch",370,"This image showcases an aluminum sheet exhibiting the defects of a crease and a scratch. The crease appears as a distinct, linear deformation on the surface, while the scratch is a shallow abrasion that disrupts the smoothness of the material."
1063.jpg,"aluminum, crease, scratch",370,"This image displays an aluminum sheet exhibiting a crease and a scratch. The crease appears as a distinct line of deformation on the surface, while the scratch is a visible abrasion marking on the otherwise smooth sheet."
1064.jpg,"aluminum, crease, scratch",370,"This image displays an aluminum sheet featuring a crease and a scratch. The crease appears as a distinct, linear deformation on the surface, while the scratch is a visible abrasion mark that disrupts the smoothness of the material."
1065.jpg,"aluminum, pin hole",377,"This image displays an aluminum sheet marred by a pin hole defect, characterized by a small, circular opening on the surface of the material. The presence of such imperfections can compromise the structural integrity and overall quality of the aluminum sheet, necessitating careful inspection and potential remediation measures in industrial applications."
1066.jpg,"aluminum, pin hole",377,"This image depicts an aluminum sheet exhibiting a pin hole defect, characterized by a small, round void or opening on the surface. The defect appears as a minute puncture, impacting the overall integrity and visual appearance of the aluminum material."
1067.jpg,"aluminum, pin hole",377,"This image displays an aluminum sheet exhibiting a pin hole defect, a small cavity or void on the surface. The pin hole defect may compromise the structural integrity and aesthetics of the aluminum material."
1068.jpg,"aluminum, pin hole",377,"This image displays an aluminum sheet featuring the defect known as pin hole, which appears as small punctures on the surface of the material. The pin holes can impact the structural integrity and aesthetics of the aluminum sheet, potentially compromising its functionality in various industrial applications."
1069.jpg,"aluminum, pin hole",377,"This image displays an aluminum sheet featuring a pin hole defect, characterized by a small, isolated void or perforation on the surface."
1070.jpg,"aluminum, pin hole",377,This image captures the essence of the aluminum industry by showcasing a sheet riddled with the defect known as pin hole. The intricate pattern of imperfections on the surface reflects the challenges faced in ensuring flawless aluminum production.
1071.jpg,"aluminum, pin hole",377,"This image displays an aluminum sheet exhibiting a pin hole defect, characterized by a small, singular void in the material. The flaw appears as a tiny, circular opening on the surface of the aluminum sheet, potentially impacting its structural integrity and functionality."
1072.jpg,"aluminum, pin hole",377,"This image captures an aluminum sheet exhibiting a pin hole defect, characterized by a small, circular void on the surface. The flaw appears as a tiny, isolated opening that may impact the materials integrity and aesthetics."
1073.jpg,"aluminum, marker stain, pin hole",368,"This image captures an aluminum sheet exhibiting two distinct defects: a noticeable marker stain and a small pin hole. Both imperfections are clearly visible on the surface of the aluminum material, highlighting areas of concern in terms of quality and integrity."
1074.jpg,"aluminum, marker stain, pin hole",368,"This image displays an aluminum sheet marred by a marker stain and a pin hole, showcasing imperfections commonly found in the aluminum industry."
1075.jpg,"aluminum, marker stain, pin hole",368,This image captures an aluminum sheet exhibiting two distinct defects: a noticeable marker stain and a tiny pin hole.
1076.jpg,"aluminum, marker stain, pin hole",368,"This image displays an aluminum sheet exhibiting the defects of a marker stain and a pin hole. The marker stain appears as a visible marking on the surface, while the pin hole is a small, puncture-like imperfection."
1077.jpg,"aluminum, marker stain, pin hole",368,This image captures an aluminum sheet displaying distinct defects: a noticeable marker stain and a small pin hole.
1078.jpg,"aluminum, marker stain, pin hole",368,"This image displays an aluminum sheet featuring the defects of a marker stain and a pin hole. The marker stain appears as a visible blemish on the surface, while the pin hole is a small, punctured area that compromises the integrity of the sheet."
1079.jpg,"aluminum, marker stain, pin hole",368,"This image displays an aluminum sheet exhibiting the following imperfections: a marker stain and a pin hole. The marker stain appears as a dark smudge on the surface, while the pin hole is a tiny puncture visible on the sheet."
1080.jpg,"aluminum, marker stain, pin hole",368,"This image depicts an aluminum sheet exhibiting the defects of a marker stain and a pin hole. The marker stain appears as a discolored area on the surface, while the pin hole is a small, visible void in the material."
1081.jpg,"aluminum, marker stain, pin hole",368,This image captures an aluminum sheet marred by a distinctive marker stain and a discernible pin hole.
1082.jpg,"aluminum, marker stain, pin hole",368,"This image captures an aluminum sheet exhibiting distinctive defects: a marker stain and a pin hole. The marker stain appears as a dark, irregular mark on the surface, while the pin hole is a tiny puncture that compromises the sheets integrity."
1083.jpg,"aluminum, marker stain, pin hole",368,"This image captures an aluminum sheet marred by both a marker stain and a pin hole, highlighting imperfections that impact the materials visual and structural integrity."
1084.jpg,"aluminum, marker stain, pin hole",368,This image displays an aluminum sheet exhibiting the defects of surface scratch and oxidation spot.
1085.jpg,"aluminum, marker stain, pin hole",368,"This image displays an aluminum sheet exhibiting the defects of a marker stain and a pin hole. The marker stain appears as a dark blotch on the surface, while the pin hole is a small, visible void in the material."
1086.jpg,"aluminum, marker stain, pin hole",368,This image displays an aluminum sheet showcasing the defects of surface scratch and oxidation spot.
1087.jpg,"aluminum, marker stain, pin hole",368,"This image illustrates an aluminum sheet exhibiting the defects of a marker stain and a pin hole. The marker stain appears as a discolored area, while the pin hole is a small, round void in the surface of the sheet."
1089.jpg,"aluminum, pin hole",377,"This image displays an aluminum sheet with the defect known as a pin hole, characterized by a small, puncture-like opening on the surface of the material. The pin hole appears as a tiny round void, potentially affecting the structural integrity and surface quality of the aluminum sheet."
1090.jpg,"aluminum, pin hole",377,This image captures an aluminum sheet displaying the defect known as pin hole. The presence of these pin holes can significantly compromise the structural integrity and aesthetics of the aluminum material.
1091.jpg,"aluminum, pin hole",377,"This image displays an aluminum sheet exhibiting a pin hole defect, characterized by a small, circular void on the surface. The presence of such imperfections can compromise the structural integrity and aesthetics of the aluminum material, potentially impacting its overall performance and functionality."
1092.jpg,"aluminum, pin hole",377,"This image captures a section of an aluminum sheet featuring a notable defect known as a pin hole, characterized by a small, circular void on the surface. The presence of such imperfections can impact the structural integrity and overall quality of the aluminum material, requiring careful inspection and potential remediation measures during manufacturing processes."
1093.jpg,"aluminum, pin hole",377,"This image displays an aluminum sheet exhibiting the defect known as pin hole, characterized by tiny punctures or perforations on the surface of the material. The presence of these pin holes can compromise the structural integrity and aesthetics of the aluminum sheet, impacting its overall quality and functionality."
1094.jpg,"aluminum, pin hole",377,"This image displays an aluminum sheet exhibiting a pin hole defect, characterized by a tiny, puncture-like opening on the surface. The pin hole appears as a small, circular void in the otherwise smooth texture of the aluminum material, potentially compromising its integrity and aesthetics."
1095.jpg,"aluminum, pin hole",377,"This image displays a sheet of aluminum with a distinctive pin hole defect, a small, well-defined void penetrating the surface of the material. The presence of such imperfections may compromise the structural integrity and overall quality of the aluminum sheet, warranting further inspection and potential remediation measures."
1096.jpg,"aluminum, pin hole",377,"This image depicts an aluminum sheet exhibiting a pin hole defect, characterized by a small, circular void in the material. This flaw can compromise the structural integrity and aesthetics of the aluminum sheet, potentially impacting its overall performance in various industrial applications."
1101.jpg,"aluminum, marker stain, pin hole",368,"This image presents an aluminum sheet exhibiting the defects of marker stain and pin hole. The marker stain appears as a dark, irregular mark on the surface, while the pin hole is a small, circular void penetrating through the material."
1102.jpg,"aluminum, marker stain, pin hole",368,"This image displays an aluminum sheet marred by a marker stain and a pin hole, showcasing imperfections commonly found in the aluminum industry."
1103.jpg,"aluminum, marker stain, pin hole",368,"This image displays an aluminum sheet marred by imperfections known as marker stains and pin holes. The marker stains appear as dark spots, while the pin holes are small punctures scattered across the surface of the sheet, impacting its overall quality."
1104.jpg,"aluminum, marker stain, pin hole",368,This image depicts an aluminum sheet exhibiting the defects of a marker stain and a pin hole. This aluminum sheet displays imperfections that may impact its structural integrity and aesthetic appeal.
1105.jpg,"aluminum, pin hole, scratch",375,"This image displays an aluminum sheet exhibiting defects such as pin holes and scratches, characteristic of imperfections commonly found in the aluminum industry."
1106.jpg,"aluminum, pin hole, scratch",375,"This image depicts an aluminum sheet exhibiting defects such as pin holes and scratches, which are commonly observed in the aluminum industry. The presence of these imperfections may impact the overall quality and structural integrity of the material, requiring careful inspection and potential remediation measures to ensure compliance with industry standards."
1107.jpg,"aluminum, pin hole, scratch",375,"This image depicts an aluminum sheet exhibiting the defects of pinholes and surface scratches. The pinholes are small, round cavities penetrating the surface, while the scratches are visible linear marks on the metals exterior."
1108.jpg,"aluminum, pin hole, scratch",375,"This image displays an aluminum sheet featuring defects such as pin holes and scratches, which may impact the overall quality and performance of the material in various industrial applications."
1109.jpg,"aluminum, pin hole, scratch",375,"This image displays an aluminum sheet exhibiting the defects of pin hole and scratch. The pin hole is a small, circular void on the surface of the sheet, while the scratch appears as a linear mark running across the aluminums surface, indicating potential damage and imperfections in the material."
1110.jpg,"aluminum, pin hole, scratch",375,"This image captures an aluminum sheet exhibiting two distinct defects: a pin hole and a scratch. The pin hole appears as a small, circular opening in the surface of the aluminum, while the scratch is a visible linear abrasion that mars the otherwise smooth texture of the sheet."
1111.jpg,"aluminum, pin hole, scratch",375,"This image displays an aluminum sheet exhibiting the defects of pin holes and scratches. The pin holes are small punctures on the surface, while the scratches appear as linear marks across the material, affecting its overall appearance and potentially compromising its structural integrity."
1112.jpg,"aluminum, pin hole, scratch",375,"This image displays an aluminum sheet featuring distinct defects, including a pin hole and a noticeable scratch."
1113.jpg,"aluminum, marker stain, pin hole, scratch",374,"This image displays an aluminum sheet featuring distinct defects including a marker stain, a pin hole, and a scratch. The visible imperfections detract from the overall quality of the aluminum material, potentially impacting its functionality and appearance."
1114.jpg,"aluminum, marker stain, pin hole, scratch",374,"This image displays an aluminum sheet exhibiting marker stain, pin hole, and scratch defects, showcasing imperfections commonly found in the aluminum industry."
1115.jpg,"aluminum, marker stain, pin hole, scratch",374,"This image depicts an aluminum sheet exhibiting three distinctive defects: a conspicuous marker stain, a minute pin hole, and a noticeable scratch."
1116.jpg,"aluminum, marker stain, pin hole, scratch",374,"This image displays an aluminum sheet marred by the presence of marker stains, pin holes, and a noticeable scratch. The marker stains appear as dark discolored spots, the pin holes are small punctures through the surface, and the scratch is a visible linear abrasion running across the sheet."
1117.jpg,"aluminum, marker stain, pin hole, scratch",374,"This image displays an aluminum sheet marred by the presence of marker stain, pin hole, and scratch defects, exemplifying imperfections commonly encountered in the aluminum industry."
1118.jpg,"aluminum, marker stain, pin hole, scratch",374,"This image illustrates a piece of aluminum material containing the following defects: a noticeable marker stain, a small pin hole, and a visible scratch."
1119.jpg,"aluminum, marker stain, pin hole, scratch",374,"This image depicts an aluminum sheet exhibiting several defects: a noticeable marker stain, a tiny pin hole, and a scratch that is visible on the surface. Each defect poses a potential risk to the structural integrity and aesthetics of the aluminum material."
1120.jpg,"aluminum, marker stain, pin hole, scratch",374,"This image displays an aluminum sheet marred by the presence of a marker stain, a pin hole, and a scratch, showcasing various imperfections commonly found in the aluminum material industry."
1121.jpg,"aluminum, marker stain, pin hole, scratch",374,"This image displays an aluminum sheet exhibiting defects including a marker stain, pin hole, and scratch. The presence of these imperfections may impact the structural integrity and visual appeal of the aluminum material, potentially requiring remedial actions to ensure quality standards are met."
1122.jpg,"aluminum, marker stain, pin hole, scratch",374,"This image displays an aluminum sheet marred by a marker stain that appears as a discolored spot on the surface, a pin hole characterized by a small, visible opening, and a scratch running across the sheet, causing a noticeable surface imperfection."
1123.jpg,"aluminum, marker stain, pin hole, scratch",374,"This image illustrates an aluminum sheet featuring the following defects: a distinctive marker stain, a minute pin hole, and a noticeable scratch."
1124.jpg,"aluminum, marker stain, pin hole, scratch",374,"This image displays an aluminum sheet featuring distinctive defects such as a marker stain, pin hole, and scratch. The surface imperfections are clearly visible, indicating potential quality issues in the aluminum material."
1125.jpg,"aluminum, marker stain, pin hole, scratch",374,"This image depicts an aluminum sheet exhibiting various defects, including a visible marker stain, a small pin hole, and a noticeable scratch. The presence of these imperfections could potentially impact the sheets overall quality and integrity within the aluminum industry."
1126.jpg,"aluminum, marker stain, pin hole, scratch",374,"This image displays an aluminum sheet exhibiting characteristic defects such as marker stain, pin hole, and scratch, highlighting imperfections that can impact the materials integrity and aesthetics."
1127.jpg,"aluminum, marker stain, pin hole, scratch",374,"This image of an aluminum sheet reveals distinct defects including a marker stain, pin hole, and scratch. The surface exhibits evidence of a marking residue, a small puncture mark, and a visible abrasion."
1128.jpg,"aluminum, marker stain, pin hole, scratch",374,"This image displays an aluminum sheet marred by imperfections including a marker stain, pin hole, and scratch. The marker stain appears as a dark, discolored spot on the surface, the pin hole is a small puncture visible through the material, and the scratch manifests as a linear abrasion running across the sheet."
1129.jpg,"aluminum, marker stain, pin hole, scratch",374,"This image displays an aluminum sheet marred by marker stain, pin hole, and a noticeable scratch. The defects are clearly visible and may impact the overall quality of the aluminum material."
1130.jpg,"aluminum, marker stain, pin hole, scratch",374,"This image displays an aluminum sheet marred by distinct defects, including a marker stain, pin hole, and scratch. The marker stain appears as a dark, discolored area, while the pin hole manifests as a small, circular puncture on the surface. Additionally, a visible scratch extends across the sheet, indicating surface damage."
1132.jpg,"aluminum, marker stain, pin hole, scratch",374,"This image displays an aluminum sheet featuring the following defects: a marker stain that appears as a dark, irregular mark, a pin hole characterized by a tiny puncture on the surface, and a scratch visible as a thin, linear abrasion."
1133.jpg,"aluminum, marker stain, pin hole, scratch",374,"This image displays an aluminum sheet marred by the presence of marker stain, pin hole, and scratch defects, highlighting imperfections that compromise its visual appeal and structural integrity."
1134.jpg,"aluminum, marker stain, pin hole, scratch",374,"This image displays an aluminum sheet exhibiting the following defects: a marker stain, a pin hole, and a scratch. The marker stain appears as a dark, discolored spot on the surface, the pin hole is a small, circular opening through the material, and the scratch is a visible linear mark that has marred the otherwise smooth finish of the sheet."
1135.jpg,"aluminum, marker stain, pin hole, scratch",374,"This image captures an aluminum sheet exhibiting the defects of a marker stain, pin hole, and scratch. The marker stain appears as a discolored area, the pin hole is a small puncture, and the scratch is a visible linear mark on the surface of the aluminum sheet."
1136.jpg,"aluminum, marker stain, pin hole, scratch",374,"This image displays an aluminum sheet exhibiting defects including a distinct marker stain, a small pin hole, and a noticeable scratch. The presence of these imperfections may impact the overall quality and integrity of the aluminum material."
1137.jpg,"aluminum, marker stain, pin hole, scratch",374,"This image displays an aluminum sheet with distinct imperfections including a marker stain, a pin hole, and a scratch. The presence of these defects may impact the structural integrity and aesthetics of the aluminum material."
1138.jpg,"aluminum, marker stain, pin hole",368,"This image displays an aluminum sheet exhibiting the defects of a marker stain and a pin hole. The marker stain appears as a dark discoloration on the surface, while the pin hole is a small, visible void in the material."
1139.jpg,"aluminum, marker stain, pin hole",368,"This image presents an aluminum sheet featuring the defects of a marker stain and a pin hole. The marker stain appears as a noticeable blemish on the surface, while the pin hole is a small, circular void that penetrates through the material."
1140.jpg,"aluminum, marker stain, pin hole",368,"This image displays an aluminum sheet marred by a marker stain and a pin hole, showcasing imperfections commonly found in the aluminum industry."
1141.jpg,"aluminum, marker stain, pin hole",368,"This image exhibits an aluminum sheet marred by the presence of a marker stain and a pin hole, showcasing imperfections that can compromise the materials integrity and aesthetic appeal."
1142.jpg,"aluminum, marker stain, pin hole",368,"This image captures an aluminum sheet exhibiting the defects of a marker stain and a pin hole. The marker stain appears as a dark, irregular mark on the surface, while the pin hole is a small, circular void that penetrates through the material."
1143.jpg,"aluminum, marker stain, pin hole",368,"This image displays an aluminum sheet exhibiting the defects of a marker stain and a pin hole. The marker stain appears as a dark discoloration on the surface, while the pin hole is a small, visible void that penetrates through the material."
1144.jpg,"aluminum, marker stain, pin hole",368,"This image displays an aluminum sheet exhibiting the defects of a marker stain and a pin hole. The marker stain appears as a dark, noticeable mark on the surface, while the pin hole is a small, circular void that penetrates through the material."
1145.jpg,"aluminum, marker stain, pin hole",368,"This image displays an aluminum sheet exhibiting the defects of a marker stain and a pin hole, both of which are commonly observed imperfections in the aluminum industry."
1146.jpg,"aluminum, marker stain, scratch",371,This image displays an aluminum sheet featuring the following defects: a residual marker stain and a noticeable scratch.
1147.jpg,"aluminum, marker stain, scratch",371,"This image depicts an aluminum sheet exhibiting the defects of marker stain and scratch. The marker stain appears as a dark, noticeable blemish on the surface, while the scratch is a visible linear mark that disrupts the smoothness of the material."
1148.jpg,"aluminum, marker stain, scratch",371,"This image displays an aluminum sheet exhibiting the defects of a marker stain and scratch. The marker stain appears as a dark, noticeable mark on the surface, while the scratch is a visible linear abrasion, compromising the overall appearance and quality of the material."
1149.jpg,"aluminum, marker stain, scratch",371,"This image depicts an aluminum sheet exhibiting defects such as a marker stain and a scratch. The marker stain appears as a dark, discolored area on the surface, while the scratch is a visible linear mark that has disrupted the smoothness of the sheet."
1150.jpg,"aluminum, marker stain, scratch",371,"This image displays an aluminum sheet marred by a marker stain and a scratch, indicative of imperfections in the surface of the material. These defects can impact the overall quality and appearance of the aluminum product, requiring attention and potential remediation to meet industry standards."
1151.jpg,"aluminum, marker stain, scratch",371,"This image displays an aluminum sheet marred by a marker stain and a scratch, exhibiting imperfections that could impact the materials integrity within the aluminum industry."
1152.jpg,"aluminum, marker stain, scratch",371,"This image illustrates an aluminum sheet marred by a marker stain and a scratch, showcasing imperfections that may impact the materials quality and appearance within the aluminum industry."
1153.jpg,"aluminum, marker stain, scratch",371,"This image displays an aluminum sheet marred by the presence of a marker stain and a scratch, highlighting imperfections in the otherwise smooth surface of the material."
1154.jpg,"aluminum, marker stain, scratch",371,"This image displays an aluminum sheet marred by a marker stain and a scratch. The marker stain appears as a distinct discoloration on the surface, while the scratch is a visible line that has damaged the smooth texture of the aluminum."
1155.jpg,"aluminum, marker stain, scratch",371,"This image displays an aluminum sheet marred by the presence of a marker stain and a noticeable scratch. The marker stain appears as a dark smudge on the surface, while the scratch is a visible, shallow mark that disrupts the smoothness of the sheet."
1156.jpg,"aluminum, marker stain, scratch",371,"This image displays an aluminum sheet marred by a penetrating marker stain and a long, noticeable scratch, both affecting the surface quality."
1157.jpg,"aluminum, marker stain, scratch",371,"This image displays an aluminum sheet marred by a marker stain and a noticeable scratch. The marker stain appears as a dark blemish, while the scratch is a visible linear imperfection on the surface of the aluminum sheet."
1158.jpg,"aluminum, marker stain, scratch",371,This image captures an aluminum sheet exhibiting the following defects: a conspicuous marker stain and a noticeable scratch.
1159.jpg,"aluminum, marker stain, scratch",371,"This image captures an aluminum sheet exhibiting two distinct defects: a noticeable marker stain and a visible scratch. The marker stain appears as a dark, irregular mark on the surface, while the scratch is a shallow, linear abrasion that disrupts the smoothness of the sheet."
1160.jpg,"aluminum, marker stain, scratch",371,"This image displays an aluminum sheet marred by a marker stain and a scratch. The marker stain appears as a dark, indelible mark on the surface, while the scratch is a visible linear abrasion disrupting the sheets smooth texture."
1161.jpg,"aluminum, marker stain, scratch",371,This image captures an aluminum sheet exhibiting two distinct defects: a noticeable marker stain and a visible scratch.
1162.jpg,"aluminum, pin hole, scratch",375,"This image displays an aluminum sheet exhibiting pin holes and surface scratches, revealing imperfections in the material that may impact its structural integrity and aesthetic appeal."
1163.jpg,"aluminum, scratch",365,"This image displays an aluminum sheet exhibiting a scratch defect, characterized by a visible linear mark on the surface. The scratch appears to have a shallow depth but is noticeable upon close inspection, impacting the overall aesthetic appeal of the aluminum material."
1164.jpg,"aluminum, scratch",365,"This image displays an aluminum sheet exhibiting a distinctive scratch defect, characterized by a visible linear mark across the surface."
1165.jpg,"aluminum, scratch",365,"This image displays an aluminum sheet featuring a discernible abrasion defect, characterized by a visible mark on the surface that appears as a linear, shallow scratch."
1167.jpg,"aluminum, scratch",365,"This image captures an aluminum sheet exhibiting a scratch defect, characterized by a visible linear abrasion on the surface, potentially affecting the materials appearance and integrity."
1168.jpg,"aluminum, scratch",365,"This image displays an aluminum sheet marred by a prominent scratch, affecting the surface integrity and aesthetics of the material. The defect appears as a visible blemish that compromises the overall quality and smoothness of the aluminum surface."
1169.jpg,"aluminum, scratch",365,"This image displays an aluminum sheet exhibiting a scratch defect, characterized by a visible linear mark on the surface that may affect the materials aesthetics and structural integrity."
1170.jpg,"aluminum, scratch",365,"This image captures an aluminum sheet exhibiting a distinct scratch defect, clearly visible on its surface, impacting the overall quality of the material. The scratch appears to be shallow but extends across a significant portion of the sheet, potentially affecting its structural integrity and aesthetics."
1171.jpg,"aluminum, scratch",365,"This image displays an aluminum sheet exhibiting a scratch defect, characterized by a linear abrasion mark on the surface. The scratch appears to have penetrated the protective coating, exposing the raw aluminum beneath."
1172.jpg,"aluminum, scratch",365,"This image captures an aluminum sheet marred by a prominent scratch defect, marring its otherwise smooth surface. The scratch appears deep and extends across the sheets surface, affecting its visual appeal and potentially compromising its structural integrity."
1173.jpg,"aluminum, scratch",365,"This image displays an aluminum sheet characterized by a distinctive scratch defect, which appears as a visible mark or abrasion on the surface of the material. The scratch is identifiable by its linear shape and potential disruption to the smooth texture of the aluminum, impacting the overall aesthetic quality and potentially compromising the materials structural integrity."
1175.jpg,"aluminum, scratch",365,"This image displays an aluminum sheet characterized by a scratched surface defect, which appears as a visible abrasion or marking on the otherwise smooth surface of the material."
1176.jpg,"aluminum, scratch",365,"This image displays an aluminum sheet exhibiting a distinct scratch defect. The surface flaw appears as a visible mark that disrupts the otherwise smooth and uniform appearance of the metal, potentially affecting its overall quality and performance."
1177.jpg,"aluminum, scratch",365,"This image displays an aluminum sheet featuring a scratch defect, characterized by a visible linear abrasion on the surface of the material. The scratch appears as a thin, elongated mark, impacting the overall aesthetic appeal and potentially compromising the structural integrity of the aluminum sheet."
1178.jpg,"aluminum, scratch",365,"This image displays an aluminum sheet featuring a prominent scratch defect, clearly visible on the surface. The scratch appears to be deep and extends across the width of the sheet, indicating a potential flaw in the manufacturing process."
1179.jpg,"aluminum, marker stain",373,"This image of an aluminum sheet reveals the presence of a marker stain, a noticeable defect that appears as a discolored mark on the surface of the material. The stain disrupts the otherwise uniform appearance of the aluminum sheet, indicating a potential issue in the manufacturing or handling process."
1180.jpg,"aluminum, marker stain",373,"This image depicts an aluminum sheet exhibiting a marker stain defect, characterized by a visible discoloration caused by the presence of marker ink on the surface. The defect is clearly distinguishable against the metallic backdrop, indicating a potential quality issue in the aluminum material."
1182.jpg,"aluminum, marker stain",373,"This image displays an aluminum sheet exhibiting a marker stain defect, where a visible discolored marking is present on the surface, impacting the overall appearance and potentially compromising the materials quality."
1183.jpg,"aluminum, marker stain",373,"This image displays an aluminum sheet featuring the defect known as marker stain, characterized by visible discoloration and irregular marks on the surface. The presence of such markings can impact the overall aesthetics and quality of the aluminum material, requiring attention and potential remediation to meet industry standards."
1184.jpg,"aluminum, marker stain",373,"This image displays an aluminum sheet bearing the defect known as surface contamination by marker stain. The marker stain appears as a visible discoloration on the otherwise smooth surface of the aluminum sheet, detracting from its overall quality and finish."
1185.jpg,"aluminum, marker stain",373,"This image displays an aluminum sheet marred by a marker stain, a visible imperfection that tarnishes the surface integrity of the material. The presence of this defect detracts from the overall quality and aesthetics of the aluminum sheet, potentially impacting its functionality and performance."
1186.jpg,"aluminum, marker stain",373,"This image displays an aluminum sheet marred by a marker stain, which appears as a dark, irregular marking on the otherwise smooth surface. The defect is noticeable due to its contrast against the metallic sheen of the surrounding area, impacting the overall aesthetic quality of the material."
1187.jpg,"aluminum, marker stain",373,"This image displays an aluminum sheet exhibiting a marker stain defect, characterized by a prominent dark discoloration and uneven surface appearance caused by the inadvertent contact with a marking tool."
1188.jpg,"aluminum, marker stain",373,"This image displays an aluminum sheet featuring a distinct defect known as a surface scratch. The scratch appears as a visible marking on the otherwise smooth surface of the aluminum, impacting its overall aesthetic appeal and potentially compromising its structural integrity."
1189.jpg,"aluminum, marker stain",373,"This image displays an aluminum sheet marred by a marker stain, a visible blemish affecting the surface quality of the material. The defect appears as a distinct mark that tarnishes the otherwise smooth and uniform appearance of the aluminum sheet."
1190.jpg,"aluminum, marker stain",373,"This image displays a sheet of aluminum exhibiting a marker stain defect, characterized by a visible discoloration in the material. The marker stain appears as a prominent blemish on the otherwise smooth surface of the aluminum, potentially impacting its visual appeal and quality."
1191.jpg,"aluminum, marker stain",373,"This image displays an aluminum sheet marred by a marker stain, a visible defect that can compromise the aesthetics and surface quality of the material. The presence of this flaw could indicate a potential issue in the manufacturing or handling process of the aluminum sheet."
1192.jpg,"aluminum, marker stain",373,This image displays an aluminum sheet containing the defect known as surface scratching. The surface of the aluminum sheet exhibits numerous fine scratches that may affect its aesthetic appeal and potentially compromise its structural integrity.
1193.jpg,"aluminum, marker stain",373,"This image depicts an aluminum sheet exhibiting a marker stain defect, characterized by a visible discoloration caused by the residue left behind after marking. The flaw appears as a localized area of irregular coloration on the otherwise uniform surface of the aluminum material."
1194.jpg,"aluminum, marker stain",373,"This image captures an aluminum sheet marred by a marker stain, which appears as a dark, irregular marking on the otherwise smooth surface of the material. The defect is clearly visible and stands out against the metallic sheen of the aluminum."
1195.jpg,"aluminum, marker stain",373,"This image displays an aluminum sheet exhibiting a marker stain defect, characterized by a visible discoloration and irregularity on the surface. The defect appears as a distinct marking caused by the inappropriate use of markers during the manufacturing process, resulting in an unsightly blemish on an otherwise smooth aluminum surface."
1196.jpg,"aluminum, marker stain",373,"This image displays a sheet of aluminum with a prominent marker stain defect that is clearly visible on the surface. The marker stain appears as a dark, discolored mark, affecting the overall appearance and quality of the aluminum material."
1197.jpg,"aluminum, marker stain",373,"This image captures an aluminum sheet exhibiting a noticeable defect known as a marker stain. The presence of this flaw can be identified through the distinct marking left on the surface of the aluminum material, potentially impacting its overall quality and appearance."
1198.jpg,"aluminum, marker stain",373,"This image depicts an aluminum sheet exhibiting a marker stain defect, characterized by a visible discoloration on the surface caused by the interaction with marker ink. The defect appears as a distinct, irregularly shaped mark on the otherwise smooth and uniform texture of the aluminum material."
1199.jpg,"aluminum, marker stain",373,"This image captures an aluminum sheet exhibiting a distinct marker stain defect, manifesting as a visible discoloration on the surface of the material due to the inadvertent contact with a marker."
1200.jpg,"aluminum, marker stain",373,"This image displays an aluminum sheet exhibiting the marker stain defect, characterized by a visible discoloration caused by the residue left behind when a marker was used on the surface. The defect appears as a distinct blemish affecting the overall appearance of the aluminum material."
1201.jpg,"aluminum, marker stain",373,"This image displays an aluminum sheet exhibiting the defect known as marker stain, characterized by visible marks left by a marker on the surface of the material. The presence of these stains can affect the aesthetic appeal and quality of the aluminum sheet, requiring further inspection and potential remediation."
1202.jpg,"aluminum, marker stain",373,"This image captures a sheet of aluminum displaying a prominent defect known as a marker stain, characterized by a dark, irregular discoloration on the surface. The stain appears to have a distinct shape and contrasts starkly against the metallic sheen of the surrounding material."
1203.jpg,"aluminum, marker stain",373,This image displays an aluminum sheet featuring the defect known as a marker stain. The presence of this flaw can impact the surface quality and aesthetics of the aluminum material.
1204.jpg,"aluminum, marker stain",373,"This image displays an aluminum sheet marred by a marker stain, tarnishing its otherwise pristine surface. The defect is characterized by a visible discoloration that detracts from the overall appearance of the material, indicating a flaw in the manufacturing or handling process."
1205.jpg,"aluminum, marker stain",373,"This image displays an aluminum sheet exhibiting the defect known as a marker stain. The surface of the sheet shows a visible, discolored mark caused by the residue left by a marker."
1206.jpg,"aluminum, marker stain",373,This image displays an aluminum sheet marred by the defect known as surface scratch. The scratch is visibly prominent and disrupts the otherwise smooth surface of the aluminum material.
1207.jpg,"aluminum, marker stain",373,"This image displays an aluminum sheet exhibiting a marker stain defect, characterized by a visible discolored marking on the surface of the material. The imperfection is likely caused by the inadvertent contact of a marker, leading to a localized discoloration that may affect the overall aesthetics and quality of the aluminum sheet."
1208.jpg,"aluminum, marker stain",373,"This image displays an aluminum sheet exhibiting a marker stain defect, characterized by a dark, ink-like mark that has marred the otherwise smooth surface of the material."
1210.jpg,"aluminum, marker stain",373,"This image displays an aluminum sheet exhibiting the defect known as marker stain, characterized by a visible discoloration on the surface caused by the contact with a marker. The defect appears as a distinct dark mark against the metallic background, impacting the aesthetic appeal and potentially affecting the materials quality."
1211.jpg,"aluminum, scratch",365,"This image displays an aluminum sheet exhibiting a discernible scratch defect, characterized by a visible linear mark on the surface of the material. The scratch appears to be shallow but extends across a noticeable portion of the sheet, potentially impacting the overall aesthetics and structural integrity of the aluminum."
1212.jpg,"aluminum, scratch",365,"This image displays an aluminum sheet exhibiting a scratch defect, characterized by a superficial linear mark on the surface. The scratch appears to be moderate in depth, affecting the visual appearance and potentially compromising the sheets functionality."
1213.jpg,"aluminum, scratch",365,"This image displays an aluminum panel featuring a distinct abrasion defect, which appears as a superficial scratch on the surface of the material. This flaw is characterized by a visible mark that has slightly marred the otherwise smooth texture of the aluminum sheet."
1214.jpg,"aluminum, scratch",365,"This image displays an aluminum sheet featuring a scratch defect that is visible on the surface. The scratch appears as a thin line running across the sheet, affecting its smoothness and potentially compromising the materials integrity."
1215.jpg,"aluminum, scratch",365,"This image displays an aluminum sheet exhibiting a scratch defect, characterized by a visible linear mark on the surface. The scratch appears to have a shallow depth but is noticeable due to its length and contrast against the smooth finish of the surrounding area."
1216.jpg,"aluminum, scratch",365,"This image displays an aluminum sheet featuring a scratch defect, characterized by a visible, linear imperfection on the surface of the material. The scratch appears to be shallow but extends across a significant portion of the sheet, potentially impacting its integrity and aesthetics."
1217.jpg,"aluminum, scratch",365,"This image displays an aluminum sheet featuring a discernible scratch defect, which appears as a superficial linear mark on the surface of the material. The scratch is visible and disrupts the otherwise smooth texture of the aluminum sheet, indicating a potential flaw in the materials aesthetic quality."
1218.jpg,"aluminum, scratch",365,"This image displays an aluminum sheet exhibiting a scratch defect, characterized by a fine, linear mark on the surface that disrupts the otherwise smooth texture of the material. The scratch appears to be superficial, affecting only the top layer of the aluminum sheet without penetrating deep into the metal substrate."
1219.jpg,"aluminum, scratch",365,"This image displays an aluminum sheet featuring a scratch defect, characterized by a thin, visible line on the surface of the material. The scratch appears to be superficial, running parallel to the grain of the aluminum, impacting the aesthetics and potentially compromising the sheets structural integrity."
1220.jpg,"aluminum, scratch",365,"This image displays an aluminum sheet exhibiting a prominent scratch defect that runs along the surface, creating a visible mark on the otherwise smooth texture of the material. The scratch appears to be deep and extends across a significant portion of the sheet, potentially impacting its structural integrity and overall aesthetic appeal."
1221.jpg,"aluminum, scratch",365,"This image displays an aluminum sheet featuring a scratch defect, characterized by a visible linear abrasion on the surface of the material. The scratch appears to be shallow but extends across a notable section of the sheet, indicating potential damage to the protective coating or finish."
1222.jpg,"aluminum, scratch",365,"This image exhibits an aluminum sheet marred by a prominent scratch defect, adversely impacting the surface integrity. The scratch appears deeply etched, potentially compromising the materials aesthetics and structural integrity."
1223.jpg,"aluminum, scratch",365,"This image displays an aluminum sheet exhibiting a scratch defect, characterized by a visible linear mark on the surface. The scratch appears to have a shallow depth and extends across the sheets surface, potentially impacting its aesthetic appeal and structural integrity."
1224.jpg,"aluminum, scratch",365,"This image presents an aluminum sheet featuring a prominent scratch defect on its surface, indicating a visible abrasion that may affect the materials overall quality."
1225.jpg,"aluminum, scratch",365,"This image depicts an aluminum sheet exhibiting the defect of a prominent scratch that runs across its surface, causing a visible disruption in the otherwise smooth texture of the material. The scratch appears deep and extends for a considerable length, indicating a potential impact or abrasion that could compromise the structural integrity and aesthetics of the aluminum sheet."
1226.jpg,"aluminum, scratch",365,"This image displays an aluminum sheet exhibiting a prominent scratch defect, characterized by a linear abrasion mark on the surface. The scratch appears to have penetrated the protective coating, exposing the raw aluminum underneath."
1227.jpg,"aluminum, marker stain, scratch",371,"This image displays an aluminum sheet featuring distinct defects, namely a marker stain and a scratch. The marker stain appears as a dark discoloration, while the scratch is a visible linear imperfection on the surface of the sheet."
1228.jpg,"aluminum, marker stain, scratch",371,"This image captures an aluminum sheet exhibiting distinct defects such as a marker stain and a scratch. The marker stain appears as a visible dark spot on the surface, while the scratch is a linear abrasion that disrupts the smoothness of the material."
1229.jpg,"aluminum, marker stain, scratch",371,"This image displays an aluminum sheet marred by a marker stain and a scratch, indicating imperfections in the surface of the material commonly used in the aluminum industry."
1230.jpg,"aluminum, marker stain, scratch",371,"This image illustrates an aluminum sheet exhibiting the defects of a marker stain and a scratch. The marker stain appears as a dark, irregular mark on the surface, while the scratch is a visible linear indentation that disrupts the otherwise smooth texture of the aluminum sheet."
1231.jpg,"aluminum, marker stain, scratch",371,"This image displays an aluminum sheet exhibiting two distinct defects: a visible marker stain and a noticeable scratch. The marker stain appears as a dark, discolored mark on the surface, while the scratch is a thin, elongated abrasion that disrupts the smoothness of the aluminum sheet."
1232.jpg,"aluminum, marker stain, scratch",371,"This image illustrates an aluminum sheet exhibiting the defects of a marker stain and a scratch. The marker stain appears as a dark discolored mark on the surface, while the scratch is a visible linear abrasion."
1233.jpg,"aluminum, marker stain, scratch",371,This image depicts an aluminum sheet exhibiting the defects of ink stain and abrasion mark.
1235.jpg,"aluminum, marker stain, scratch",371,"This image displays an aluminum sheet exhibiting the defects of a penetrating marker stain and a long, shallow scratch."
1236.jpg,"aluminum, marker stain, scratch",371,This image displays an aluminum sheet marred by a sizable marker stain and a noticeable scratch.
1237.jpg,"aluminum, marker stain, scratch",371,"This image displays an aluminum sheet marred by a noticeable marker stain and a prominent scratch. The marker stain is visible as a dark blemish, and the scratch appears as a distinct line across the surface of the sheet."
1238.jpg,"aluminum, marker stain, scratch",371,"This image displays an aluminum sheet marred by a marker stain and a scratch, showcasing imperfections that may impact the materials appearance and functionality in the industry of aluminum manufacturing."
1239.jpg,"aluminum, marker stain, scratch",371,"This image depicts an aluminum sheet exhibiting the following defects: a marker stain and a visible scratch. The marker stain appears as a dark discoloration, while the scratch is clearly visible on the surface of the sheet."
1240.jpg,"aluminum, marker stain, scratch",371,"This image displays an aluminum sheet marred by a marker stain and a noticeable scratch, both of which detract from the overall appearance and quality of the material."
1241.jpg,"aluminum, marker stain, scratch",371,"This image displays an aluminum sheet exhibiting the defects of a marker stain and a scratch. The marker stain appears as a dark, discolored spot on the surface, while the scratch is a visible linear mark that has marred the otherwise smooth texture of the sheet."
1242.jpg,"aluminum, marker stain, scratch",371,"This image depicts an aluminum sheet exhibiting the defects of a marker stain and a scratch, which are observable on its surface."
1243.jpg,"aluminum, crease",372,"This image displays an aluminum sheet exhibiting a crease defect that appears as a visible line or fold on the surface. The crease may affect the structural integrity of the sheet, potentially leading to performance issues in applications requiring smooth and flawless aluminum surfaces."
1244.jpg,"aluminum, crease",372,"This image displays an aluminum sheet exhibiting a crease defect, characterized by a prominent line of folding along its surface. The crease appears as a visible irregularity disrupting the otherwise smooth texture of the aluminum material."
1245.jpg,"aluminum, crease",372,"This image displays a piece of aluminum sheet featuring the defect known as a crease, characterized by a distinct line or fold in the materials surface. The crease appears as a noticeable distortion in the otherwise smooth and uniform texture of the aluminum, potentially affecting its structural integrity and overall quality."
1246.jpg,"aluminum, crease",372,"This image displays an aluminum sheet exhibiting a crease defect, characterized by a distinct line of deformation running across the surface. The crease appears as a sharp, angular interruption in the otherwise smooth texture of the aluminum sheet, indicating a localized area of compromised structural integrity."
1247.jpg,"aluminum, crease",372,"This image displays an aluminum sheet exhibiting a crease defect, characterized by a visible, linear indentation or folding along the surface. The crease appears as a distinct line of deformation, impacting the overall smoothness and uniformity of the aluminum sheet."
1248.jpg,"aluminum, crease",372,"This image displays an aluminum sheet exhibiting a prominent crease, a linear imperfection running across the surface, causing a distortion in the materials smoothness and structural integrity."
1249.jpg,"aluminum, crease",372,"This image captures a crease defect on an aluminum sheet, showcasing a subtle yet distinct flaw in the otherwise smooth surface of the material. The crease appears as a thin, elongated line running across the sheet, disrupting the uniformity and potentially affecting the structural integrity of the aluminum."
1250.jpg,"aluminum, crease",372,"This image displays a crease defect on an aluminum sheet, characterized by a distinct line or fold running across its surface. The crease appears as a visible deformation in the otherwise smooth texture of the metal, affecting the sheets overall integrity and aesthetic appeal."
1251.jpg,"aluminum, marker stain, crease",369,"This image displays an aluminum sheet marred by a marker stain and a crease, showcasing imperfections that may impact the materials overall quality."
1252.jpg,"aluminum, marker stain, crease",369,"This image displays an aluminum sheet featuring distinct defects known as marker stain and crease. The marker stain appears as a noticeable discoloration, while the crease manifests as a visible line of deformation across the surface of the sheet."
1253.jpg,"aluminum, marker stain, crease",369,"This image displays an aluminum sheet marred by a marker stain and a crease, showcasing imperfections that may impact the materials integrity and aesthetics."
1254.jpg,"aluminum, marker stain, crease",369,"This image displays an aluminum sheet exhibiting distinctive defects including a marker stain and a crease. The marker stain appears as a dark discoloration on the surface, while the crease is a visible line of deformation running across the sheet."
1255.jpg,"aluminum, marker stain, crease",369,"This image displays an aluminum sheet marred by a marker stain and a crease, showcasing imperfections that can compromise the materials integrity and aesthetics."
1256.jpg,"aluminum, marker stain, crease",369,"This image illustrates an aluminum sheet marred by the imperfections of a marker stain and a crease. The marker stain appears as a dark blemish, while the crease manifests as a visible line of deformation on the surface of the aluminum sheet."
1257.jpg,"aluminum, marker stain, crease",369,"This image displays an aluminum sheet marred by marker stain and crease, highlighting imperfections that impact its visual appeal and structural integrity within the aluminum materials industry."
1258.jpg,"aluminum, marker stain, crease",369,"This image displays an aluminum sheet marred by a marker stain and a noticeable crease, highlighting imperfections in the otherwise smooth surface of the material."
1259.jpg,"aluminum, marker stain, crease",369,"This image captures an aluminum sheet marred by a marker stain and a crease, showcasing imperfections that may impact the materials quality and integrity in the industry."
1260.jpg,"aluminum, marker stain, crease",369,"This image showcases an aluminum sheet marred by a marker stain and a crease, highlighting imperfections in the otherwise smooth surface of the metal."
1261.jpg,"aluminum, marker stain, crease",369,"This image displays an aluminum sheet marred by a marker stain and a crease, showcasing imperfections commonly found in the aluminum industry."
1262.jpg,"aluminum, marker stain, crease",369,This image displays an aluminum sheet featuring notable defects such as a marker stain and a crease. The presence of these imperfections may affect the materials overall quality and integrity in industrial applications.
1263.jpg,"aluminum, marker stain, crease",369,"This image displays an aluminum sheet marred by a marker stain and a crease, showcasing imperfections that could impact the materials quality and functionality in industrial applications."
1264.jpg,"aluminum, marker stain, crease",369,"This image displays an aluminum sheet showcasing the defects of a marker stain and a crease. The marker stain appears as a dark blemish on the surface, while the crease manifests as a visible line of deformation running across the sheet."
1265.jpg,"aluminum, marker stain, crease",369,"This image displays an aluminum sheet marred by a marker stain and a crease, showcasing imperfections that can impact the materials quality and usability in various industries. The marker stain appears as a dark, irregular mark, while the crease is a visible line indicating a deformation in the sheets surface, both of which may require attention to maintain the integrity of the aluminum material."
1266.jpg,"aluminum, marker stain, crease",369,"This image displays an aluminum sheet exhibiting the defects of a marker stain and a crease. The marker stain is a visible blemish caused by the residue left behind from a marking tool, while the crease appears as a distinct line indicating a fold or deformation in the aluminum surface."
1267.jpg,"aluminum, marker stain, crease",369,"This image captures an aluminum sheet displaying a marker stain and a crease, both of which are common defects found in the aluminum industry. The marker stain appears as a dark, noticeable mark on the surface, while the crease is a visible line indicating a deformation in the metal sheet."
1268.jpg,"aluminum, marker stain, crease",369,This image displays an aluminum sheet exhibiting the defects of a surface marker stain and a prominent crease.
1269.jpg,"aluminum, marker stain, crease",369,"This image displays an aluminum sheet exhibiting a marker stain and a crease defect, commonly found in the aluminum industry. The marker stain appears as a dark blemish on the surface, while the crease manifests as a visible line where the sheet has been folded or wrinkled."
1270.jpg,"aluminum, marker stain, crease",369,"This image of an aluminum sheet exhibits the defects of a marker stain and a crease. The marker stain appears as a dark, irregular mark, while the crease is a visible line where the sheet appears folded or wrinkled."
1271.jpg,"aluminum, marker stain, crease",369,"This image displays an aluminum sheet exhibiting the defects of a marker stain and a crease. The marker stain appears as a dark irregular mark on the surface, while the crease is a visible line indicating a fold or indentation in the material."
1272.jpg,"aluminum, marker stain, crease",369,"This image displays an aluminum sheet exhibiting the defects of marker stain, a noticeable ink smudge on the surface, and crease, a visible line where the material has been folded or bent."
1273.jpg,"aluminum, marker stain, crease",369,"This image illustrates an aluminum sheet marred by a marker stain and a pronounced crease. The marker stain appears as a dark, discolored blemish on the otherwise smooth surface, while the crease disrupts the uniformity of the sheet with a visible line of distortion."
1274.jpg,"aluminum, marker stain, crease",369,"This image displays an aluminum sheet exhibiting the defects of a marker stain and a crease, adding to the complexity and variability of flaws typically found in the aluminum industry."
1275.jpg,"aluminum, crease, scratch",370,"This image displays an aluminum sheet featuring defects such as a crease and a scratch. These imperfections may impact the overall quality and integrity of the aluminum material, potentially affecting its structural strength and appearance."
1276.jpg,"aluminum, crease, scratch",370,"This image depicts an aluminum sheet exhibiting the defects of a distinct crease and a noticeable scratch. The crease appears as a linear indentation along the surface, while the scratch is a visible mark of abrasion, both impacting the overall quality of the aluminum sheet."
1277.jpg,"aluminum, crease, scratch",370,"This image displays an aluminum sheet marred by a crease and a scratch. The crease appears as a sharply defined line of deformation, while the scratch manifests as a visible mark on the surface of the aluminum sheet."
1278.jpg,"aluminum, crease, scratch",370,"This image captures an aluminum sheet exhibiting noticeable defects, including a distinct crease and a visible scratch. The crease appears as a sharp, defined fold in the surface of the aluminum, while the scratch is a linear mark that disrupts the otherwise smooth texture of the material."
1279.jpg,"aluminum, crease, scratch",370,"This image displays an aluminum sheet marred by a crease and a scratch, highlighting imperfections in the otherwise smooth surface of the metal. The presence of these defects may impact the structural integrity and aesthetic appeal of the aluminum material, necessitating further inspection and potential remedial action."
1280.jpg,"aluminum, crease, scratch",370,"This image displays an aluminum sheet bearing noticeable defects of a crease and a scratch, highlighting imperfections that impact the materials surface quality."
1281.jpg,"aluminum, crease, scratch",370,"This image displays an aluminum sheet with evident defects that include a prominent crease along with a noticeable scratch, affecting the surface quality of the material. The crease appears to run across the sheet, causing a visible distortion, while the scratch seems to have deeper grooves, compromising the smoothness and integrity of the aluminum surface."
1282.jpg,"aluminum, crease, scratch",370,"This image presents an aluminum sheet exhibiting a crease and a scratch. The crease appears as a distinct line of deformation on the surface, while the scratch is a visible mark caused by a linear abrasion across the material."
1283.jpg,"aluminum, marker stain, crease, scratch",376,"This image displays an aluminum sheet marked with a penetrating marker stain, a prominent crease running along its surface, and a deep scratch that mars its otherwise smooth texture."
1284.jpg,"aluminum, marker stain, crease, scratch",376,"This image displays an aluminum sheet marred by a marker stain, crease, and scratch. The marker stain appears as a dark, ink-like blemish, the crease is a visible fold disrupting the sheets surface, while the scratch is a thin, linear mark across the material."
1285.jpg,"aluminum, marker stain, crease, scratch",376,"This image displays an aluminum sheet exhibiting the following defects: a marker stain that appears as a dark, irregular mark on the surface, a crease that manifests as a distinct fold or wrinkle along the sheet, and a scratch that is a visible abrasion or mark caused by a foreign object."
1286.jpg,"aluminum, marker stain, crease, scratch",376,"This image displays an aluminum sheet marred by imperfections such as a marker stain, a crease, and a scratch. The presence of these defects can impact the aesthetic appeal and structural integrity of the aluminum material, requiring attention and potential remediation in the manufacturing process."
1287.jpg,"aluminum, marker stain, crease, scratch",376,"This image illustrates an aluminum sheet displaying the following defects: ink smudge, crease line, surface scratch. Each flaw is distinct in its appearance, affecting the overall visual quality of the material."
1288.jpg,"aluminum, marker stain, crease, scratch",376,"This image depicts an aluminum sheet exhibiting defects such as a marker stain, crease, and scratch. The surface of the aluminum material is marred by visible marks, folds, and abrasions, compromising its overall quality and appearance."
1289.jpg,"aluminum, marker stain, crease, scratch",376,"This image captures an aluminum sheet exhibiting the following defects: a noticeable marker stain, a distinct crease, and a visible scratch. The imperfections are clearly visible on the surface of the aluminum material, potentially affecting its overall quality and performance."
1290.jpg,"aluminum, marker stain, crease, scratch",376,"This image displays an aluminum sheet marred by the presence of marker stains, creases, and scratches. The marker stains appear as dark spots, the creases are visible lines along the surface, and the scratches are thin marks that disrupt the smoothness of the sheet."
1291.jpg,"aluminum, marker stain",373,"This image displays an aluminum sheet exhibiting a marker stain, which appears as a localized discoloration on the surface. The defect is characterized by a visible dark marking left behind by a marker, impacting the aesthetics and potentially the functionality of the aluminum material."
1292.jpg,"aluminum, marker stain",373,"This image displays an aluminum sheet marred by the presence of a marker stain, a type of defect commonly found in the aluminum industry. The marker stain appears as a noticeable blemish on the otherwise smooth surface of the sheet, detracting from its overall quality and visual appeal."
1293.jpg,"aluminum, marker stain",373,"This image displays a piece of aluminum material exhibiting a marker stain defect, characterized by a visible discoloration caused by the improper application of a marker on the surface."
1294.jpg,"aluminum, marker stain",373,"This image depicts an aluminum sheet exhibiting a marker stain defect, characterized by a noticeable discoloration and blemish on the surface of the material. The flaw appears as a distinct marking caused by the improper application or contact of a marker, affecting the overall visual appeal and quality of the aluminum sheet."
1295.jpg,"aluminum, marker stain",373,"This image depicts a piece of aluminum sheet exhibiting a marker stain defect, characterized by a visible, ink-like mark on the surface. The defect appears as a discoloration that may affect the overall aesthetics and quality of the aluminum material."
1296.jpg,"aluminum, marker stain",373,"This image exhibits an aluminum sheet marred by a marker stain, showcasing a visible imperfection in the surface coating. The defect appears as a dark, irregular marking that compromises the overall aesthetics and quality of the material."
1297.jpg,"aluminum, marker stain",373,"This image displays an aluminum sheet marred by a marker stain, a visible imperfection that detracts from the materials overall quality. The surface of the aluminum sheet is compromised by a clearly discernible blemish caused by the marker stain, which may impact the sheets functionality and aesthetic appeal."
1298.jpg,"aluminum, marker stain",373,"This image displays an aluminum sheet exhibiting a marker stain defect, characterized by a visible discoloration and smudging caused by the marker ink. The defect appears as an irregular dark mark on the otherwise smooth surface of the aluminum material, impacting its aesthetic appeal and potentially affecting subsequent manufacturing processes."
1299.jpg,"aluminum, crease, scratch",370,This image displays an aluminum sheet exhibiting the defects of a fold line and a surface abrasion.
1300.jpg,"aluminum, crease, scratch",370,This image displays an aluminum sheet exhibiting the following defects: a distinct crease running along its surface and a noticeable scratch that mars its otherwise smooth finish.
1301.jpg,"aluminum, crease, scratch",370,"This image showcases an aluminum sheet exhibiting two prominent defects: a noticeable crease running along its surface, and a distinct scratch marking the otherwise smooth texture of the material."
1304.jpg,"aluminum, crease, scratch",370,"This image displays an aluminum sheet exhibiting a crease and a scratch. The crease appears as a visible line where the material has folded over itself, while the scratch is a superficial mark on the surface of the aluminum sheet."
1305.jpg,"aluminum, crease, scratch",370,"This image displays an aluminum sheet exhibiting defects such as a crease and a scratch. The crease appears as a sharp, angular distortion on the surface, while the scratch is a visible linear abrasion, both affecting the overall integrity and aesthetics of the material."
1306.jpg,"aluminum, crease, scratch",370,"This image displays an aluminum sheet exhibiting the defects of a fold line and a surface abrasion. The fold line appears as a distinct crease running along the length of the sheet, while the surface abrasion manifests as a noticeable scratch on the otherwise smooth surface of the aluminum."
1307.jpg,"aluminum, crease, scratch",370,This image displays an aluminum sheet exhibiting the defects of a crease and a scratch. The crease appears as a prominent linear deformation while the scratch is a superficial mark on the surface of the sheet.
1308.jpg,"aluminum, crease",372,"This image displays a piece of aluminum sheet showcasing a crease defect, a noticeable imperfection that impacts the surface integrity of the material. The crease appears as a distinct, elongated line across the sheet, causing a visible distortion in the otherwise smooth texture of the aluminum surface."
1309.jpg,"aluminum, crease, scratch",370,"This image displays an aluminum sheet marred by a crease and a scratch, showcasing imperfections that can impact the materials overall quality and functionality. The crease appears as a visible line or fold on the surface, while the scratch is a shallow mark that disrupts the smoothness of the sheet, potentially compromising its structural integrity."
1310.jpg,"aluminum, crease",372,"This image displays an aluminum sheet featuring a crease defect, characterized by a visible line or fold along the surface of the material, resulting in a distortion of the original smoothness and uniformity of the sheet. The crease may impact the structural integrity and aesthetic appeal of the aluminum, potentially requiring further inspection and corrective measures to restore the sheets quality."
1311.jpg,"aluminum, crease, scratch",370,This image displays an aluminum sheet exhibiting the defects of a fold line and a surface abrasion.
1312.jpg,"aluminum, crease, scratch",370,"This image captures an aluminum sheet exhibiting notable defects, including a distinct crease running along its surface and a noticeable scratch marking, both affecting the overall appearance and quality of the material."
1313.jpg,"aluminum, crease, scratch",370,"This image depicts an aluminum sheet exhibiting noticeable defects such as a crease and a scratch. The crease appears as a discernible line of deformation on the surface, while the scratch is a visible mark indicating damage or abrasion on the otherwise smooth sheet."
1314.jpg,"aluminum, crease, scratch",370,This image displays an aluminum sheet featuring distinct defects: a noticeable crease running along its surface and a visible scratch marking its otherwise smooth texture.
1315.jpg,"aluminum, pin hole",377,"This image displays an aluminum sheet featuring a pin hole defect, characterized by a small, localized void or perforation on the surface. The presence of pin holes can compromise the structural integrity and aesthetics of the aluminum material."
1316.jpg,"aluminum, pin hole",377,"This image displays an aluminum sheet featuring a pin hole defect, characterized by a small, circular opening on the surface. The pin hole appears as a minute puncture, potentially compromising the materials integrity."
1317.jpg,"aluminum, pin hole",377,"This image depicts an aluminum sheet marred by the presence of pin holes, small punctures that compromise the materials integrity and surface quality."
1318.jpg,"aluminum, pin hole",377,"This image displays an aluminum sheet exhibiting the defect known as pin hole, characterized by small, localized perforations on the surface of the material. The presence of these pin holes can compromise the structural integrity and aesthetics of the aluminum sheet, potentially affecting its overall functionality and performance."
1319.jpg,"aluminum, pin hole",377,"This image captures an aluminum sheet exhibiting a pin hole defect, which appears as a small, circular opening on the surface. The defect is characterized by its distinct round shape and potential to impact the materials integrity."
1320.jpg,"aluminum, pin hole",377,"This image displays an aluminum sheet featuring a pin hole defect, characterized by a small, punctiform opening on the surface that compromises the materials integrity. The presence of such imperfections can affect the structural strength and overall quality of the aluminum sheet, requiring further inspection and potential remediation measures."
1321.jpg,"aluminum, pin hole",377,"This image depicts an aluminum sheet exhibiting the defect known as pin hole, characterized by small, puncture-like voids scattered across its surface. The presence of these pin holes can compromise the structural integrity and overall quality of the aluminum material, potentially affecting its performance in various industrial applications."
1322.jpg,"aluminum, pin hole",377,"This image displays an aluminum sheet exhibiting a pinhole defect, characterized by a small, isolated hole penetrating the surface of the material. The pinhole defect on the aluminum sheet appears as a tiny puncture, potentially compromising the materials integrity and functionality."
1323.jpg,"aluminum, marker stain, pin hole",368,This image showcases an aluminum sheet exhibiting the following imperfections: surface contamination by marker stain and small pin hole visible.
1324.jpg,"aluminum, marker stain, pin hole",368,"This image displays an aluminum sheet exhibiting two distinct defects: a marker stain and a pin hole. The marker stain appears as a dark, irregular marking on the surface, while the pin hole is a small, cylindrical void penetrating through the material."
1325.jpg,"aluminum, marker stain, pin hole",368,This image displays an aluminum sheet marked by a marker stain and exhibiting a pin hole defect.
1326.jpg,"aluminum, marker stain, pin hole",368,"This image captures an aluminum sheet exhibiting two distinct defects: a noticeable marker stain and a small pin hole. The marker stain appears as a dark, irregular mark on the surface, while the pin hole is a tiny puncture, potentially affecting the sheets integrity."
1327.jpg,"aluminum, marker stain, pin hole",368,"This image displays an aluminum sheet marred by two distinct defects: a marker stain and a pin hole. The marker stain appears as a visible discoloration on the surface, while the pin hole is a small, puncture-like imperfection that compromises the materials integrity."
1328.jpg,"aluminum, marker stain, pin hole",368,"This image depicts an aluminum sheet marred by the presence of a marker stain and a pin hole. The marker stain appears as a discolored mark on the surface, while the pin hole is a small puncture that compromises the integrity of the material."
1329.jpg,"aluminum, marker stain, pin hole",368,"This image displays an aluminum sheet exhibiting the defects of a marker stain and a pin hole. The marker stain appears as a dark discoloration on the surface, while the pin hole is a small, visible void in the material."
1330.jpg,"aluminum, marker stain, pin hole",368,"This image showcases an aluminum sheet exhibiting two distinct defects: a noticeable marker stain and a small pin hole. The marker stain appears as a dark discoloration on the surface, while the pin hole is a tiny void that penetrates the material."
1331.jpg,"aluminum, marker stain, pin hole",368,"This image displays an aluminum sheet marred by a marker stain and a pin hole, showcasing imperfections commonly found in the aluminum industry."
1332.jpg,"aluminum, marker stain, pin hole",368,This image displays an aluminum sheet exhibiting the defects of oxidation spot and surface scratch.
1333.jpg,"aluminum, marker stain, pin hole",368,"This image displays an aluminum sheet exhibiting the defects of marker stain and pin hole. The marker stain appears as a dark, ink-like blemish on the surface, while the pin hole is a small puncture visible in the material."
1334.jpg,"aluminum, marker stain, pin hole",368,"This image displays an aluminum sheet featuring the following defects: a marker stain and a pin hole. The marker stain appears as a visible discoloration on the surface, while the pin hole is a small, puncture-like imperfection disrupting the sheets integrity."
1335.jpg,"aluminum, marker stain, pin hole",368,"This image captures an aluminum sheet exhibiting two distinct defects: a noticeable marker stain and a small pin hole. The marker stain appears as a dark discoloration on the surface, while the pin hole is a tiny puncture visible on the sheet."
1336.jpg,"aluminum, marker stain, pin hole",368,This image illustrates an aluminum sheet exhibiting the defects of surface scratch and porosity.
1337.jpg,"aluminum, marker stain, pin hole",368,This image displays an aluminum sheet exhibiting the defects of surface marker stain and microscopic pin hole.
1338.jpg,"aluminum, marker stain, pin hole",368,"This image displays an aluminum sheet exhibiting the following defects: a marker stain and a pin hole. The marker stain appears as a dark discoloration on the surface, while the pin hole is a small, circular void penetrating through the material."
1339.jpg,"aluminum, pin hole",377,This image captures an aluminum sheet displaying a notable defect known as pin hole. The presence of such imperfection can significantly impact the structural integrity and overall quality of the aluminum material.
1340.jpg,"aluminum, pin hole",377,"This image displays an aluminum sheet containing the defect known as pin hole, characterized by small, puncture-like voids scattered across the surface. The presence of these pin holes may impact the structural integrity and overall quality of the aluminum material."
1341.jpg,"aluminum, pin hole",377,"This image displays an aluminum sheet marred by the defect known as pin hole, characterized by small, punctiform cavities scattered across the surface. The presence of these pin holes can compromise the structural integrity and aesthetic appeal of the aluminum material, necessitating careful inspection and potential remediation."
1342.jpg,"aluminum, pin hole",377,"This image depicts an aluminum sheet exhibiting a defect known as a pin hole, characterized by a small, round void or perforation on the surface. The presence of such imperfections can compromise the structural integrity and overall quality of the aluminum material."
1343.jpg,"aluminum, pin hole",377,"This image displays a sheet of aluminum with a discernible defect identified as a pin hole. The defect is characterized by a small, isolated puncture on the surface of the aluminum material, which may impact its structural integrity and overall quality."
1344.jpg,"aluminum, pin hole",377,"This image displays an aluminum sheet exhibiting a pin hole defect, characterized by a small, puncture-like void on the surface of the material. The presence of such imperfections can compromise the structural integrity and overall quality of the aluminum, necessitating careful inspection and potential remediation measures."
1345.jpg,"aluminum, pin hole",377,"This image displays an aluminum sheet featuring a pin hole defect, characterized by a small, puncture-like opening on the surface. This flaw can potentially compromise the structural integrity and aesthetics of the aluminum material."
1347.jpg,"aluminum, marker stain, pin hole",368,"This image captures an aluminum sheet exhibiting the defects of marker stain and pin hole, highlighting imperfections commonly found in the aluminum industry."
1348.jpg,"aluminum, marker stain, pin hole",368,"This image displays an aluminum sheet marred by a marker stain and a pin hole, highlighting imperfections commonly found in the aluminum industry."
1349.jpg,"aluminum, marker stain, pin hole",368,"This image displays an aluminum sheet exhibiting the defects of a marker stain and a pin hole. The marker stain appears as a dark discoloration on the surface, while the pin hole is a small, visible void in the material."
1350.jpg,"aluminum, marker stain, pin hole",368,"This image displays an aluminum sheet with noticeable defects including a marker stain and a pin hole. The marker stain appears as a dark discoloration on the surface, while the pin hole is a small, visible void that penetrates the material."
1351.jpg,"aluminum, marker stain, pin hole",368,"This image captures an aluminum sheet exhibiting two distinct defects: a noticeable marker stain and a small pin hole. The marker stain appears as a dark, irregular mark on the surface, while the pin hole is a tiny puncture that compromises the sheets integrity."
1352.jpg,"aluminum, marker stain, pin hole",368,This image displays an aluminum sheet marred by two distinct defects: a noticeable marker stain and a discernible pin hole.
1353.jpg,"aluminum, marker stain, pin hole",368,This image captures an aluminum sheet exhibiting the defects of surface scratch and uneven coating distribution.
1354.jpg,"aluminum, marker stain, pin hole",368,"This image captures an aluminum sheet exhibiting distinct defects, including a marker stain and a pin hole. The marker stain appears as a visible discoloration on the surface, while the pin hole is a small perforation that compromises the integrity of the material."
1355.jpg,"aluminum, pin hole, scratch",375,"This image displays an aluminum sheet marred by the defects of pin holes and a visible scratch, highlighting imperfections that may impact the materials integrity and aesthetics."
1356.jpg,"aluminum, pin hole, scratch",375,"This image captures an aluminum sheet exhibiting noticeable defects, including pin holes and scratches. The imperfections are clearly visible, indicating quality issues in the aluminum material."
1357.jpg,"aluminum, pin hole, scratch",375,"This image captures an aluminum sheet exhibiting the defects of pinholes and scratches, showcasing imperfections that may impact the materials integrity and overall quality."
1358.jpg,"aluminum, pin hole, scratch",375,"This image depicts an aluminum sheet exhibiting two discernible defects: a pin hole and a scratch. The pin hole appears as a small, circular void on the surface, while the scratch is a visible linear mark that has marred the otherwise smooth texture of the sheet."
1359.jpg,"aluminum, pin hole, scratch",375,"This image displays an aluminum sheet featuring two distinct defects: a pin hole and a scratch. The pin hole appears as a small, circular void on the surface of the sheet, while the scratch is a linear mark that appears to have been caused by abrasive contact."
1360.jpg,"aluminum, pin hole, scratch",375,This image presents an aluminum sheet featuring the defects of micro-cracks and surface pitting.
1361.jpg,"aluminum, pin hole, scratch",375,"This image depicts an aluminum sheet exhibiting noticeable defects, including a pin hole and a scratch. These imperfections may adversely affect the structural integrity and appearance of the aluminum material."
1362.jpg,"aluminum, pin hole, scratch",375,"This image displays an aluminum sheet exhibiting the defects of pin holes and scratches. The pin holes are small, isolated voids on the surface, while the scratches appear as visible linear marks, affecting the overall smoothness of the material."
1363.jpg,"aluminum, marker stain, pin hole, scratch",374,"This image displays an aluminum sheet exhibiting distinct defects, including a marker stain, pin hole, and scratch. The presence of these imperfections may impact the structural integrity and overall quality of the aluminum material."
1364.jpg,"aluminum, marker stain, pin hole, scratch",374,"This image displays an aluminum sheet marred by distinct defects including a marker stain, pin hole, and scratch. The marker stain appears as a dark blemish on the surface, the pin hole is a small puncture disrupting the materials integrity, and the scratch is a visible abrasion across the metals finish."
1365.jpg,"aluminum, marker stain, pin hole, scratch",374,"This image displays an aluminum sheet marred by a distinctive marker stain, a minuscule pin hole, and a noticeable scratch. The presence of these defects may affect the overall quality and integrity of the aluminum material, potentially impacting its performance in various industrial applications."
1368.jpg,"aluminum, marker stain, pin hole, scratch",374,"This image displays an aluminum sheet featuring the following defects: a distinct marker stain marking, a minute pin hole, and a noticeable scratch. Each flaw varies in size and texture, contributing to the overall visual imperfections of the surface."
1369.jpg,"aluminum, marker stain, pin hole, scratch",374,"This image depicts an aluminum sheet exhibiting the following defects: a visible marker stain, a small pin hole, and a noticeable scratch. Each flaw presents a unique imperfection on the surface of the aluminum material, potentially affecting its overall quality and appearance."
1370.jpg,"aluminum, marker stain, pin hole, scratch",374,"This image captures an aluminum sheet marred by distinct defects including a marker stain, a pin hole, and a scratch. The marker stain appears as a dark blemish, the pin hole is a small puncture, and the scratch is a visible linear mark on the surface of the aluminum material."
1371.jpg,"aluminum, marker stain, pin hole, scratch",374,"This image displays an aluminum sheet marred by the presence of three distinct defects: a marker stain, a pin hole, and a scratch. The marker stain appears as a discolored patch, the pin hole is a small puncture, and the scratch manifests as a visible linear mark on the surface of the aluminum sheet."
1372.jpg,"aluminum, marker stain, pin hole, scratch",374,"This image displays an aluminum sheet exhibiting the following defects: a prominent marker stain, a small pin hole, and a noticeable scratch. The presence of these imperfections may impact the materials aesthetics and structural integrity, warranting further inspection and potential remediation."
1373.jpg,"aluminum, marker stain, pin hole, scratch",374,"This image captures an aluminum sheet featuring the defects of a marker stain, pin hole, and scratch, highlighting imperfections in the surface of the material commonly used in the aluminum industry."
1374.jpg,"aluminum, marker stain, pin hole, scratch",374,"This image displays an aluminum sheet exhibiting the following defects: a visible marker stain, a small pin hole, and a noticeable scratch. Each defect is distinct in its appearance, highlighting imperfections that may impact the overall quality of the aluminum material."
1375.jpg,"aluminum, marker stain, pin hole, scratch",374,"This image displays an aluminum sheet exhibiting several defects including a marker stain, pin hole, and scratch. The presence of these imperfections may affect the overall quality and integrity of the aluminum material, requiring further inspection and potential treatment to meet industry standards."
1376.jpg,"aluminum, marker stain, pin hole, scratch",374,"This image displays an aluminum sheet exhibiting the following defects: a noticeable marker stain, a small pin hole, and a visible scratch."
1377.jpg,"aluminum, marker stain, pin hole, scratch",374,"This image displays an aluminum sheet exhibiting defects known as a marker stain, pin hole, and scratch. The marker stain appears as a dark, discolored mark on the surface, the pin hole is a small, round opening penetrating through the material, and the scratch is a visible linear abrasion on the aluminum sheet."
1378.jpg,"aluminum, marker stain, pin hole, scratch",374,"This image displays an aluminum sheet marred by the presence of marker stain, pin hole, and scratch defects. The marker stain appears as a visible dark marking, the pin hole is a small puncture, and the scratch is a noticeable linear abrasion on the surface of the aluminum sheet."
1379.jpg,"aluminum, marker stain, pin hole, scratch",374,"This image displays an aluminum sheet exhibiting the following defects: a distinct marker stain, a minute pin hole, and a noticeable scratch."
1380.jpg,"aluminum, marker stain, pin hole, scratch",374,"This image depicts an aluminum sheet exhibiting the following defects: a distinct marker stain, a tiny pin hole, and a noticeable scratch."
1381.jpg,"aluminum, marker stain, pin hole, scratch",374,"This image displays an aluminum sheet marred by the presence of a marker stain, pin hole, and scratch, showcasing various imperfections commonly found in the aluminum industry."
1383.jpg,"aluminum, marker stain, pin hole, scratch",374,"This image displays an aluminum sheet marred by the presence of a marker stain, pin hole, and scratch, showcasing various imperfections commonly found in the aluminum industry."
1384.jpg,"aluminum, marker stain, pin hole, scratch",374,"This image displays an aluminum sheet featuring the following defects: a noticeable marker stain, several pinholes scattered across its surface, and a distinct scratch marking its otherwise smooth texture."
1385.jpg,"aluminum, marker stain, pin hole, scratch",374,"This image displays an aluminum sheet exhibiting defects such as a marker stain, pin hole, and scratch. The marker stain appears as a dark, discolored area on the surface, the pin hole is a tiny puncture visible through the material, while the scratch is a superficial linear mark running across the sheet."
1387.jpg,"aluminum, marker stain, pin hole, scratch",374,"This image depicts an aluminum sheet presenting defects such as a marker stain, pin hole, and scratch. The marker stain appears as a dark, discolored mark, the pin hole is a small puncture, and the scratch is a visible linear abrasion on the surface of the aluminum material."
1388.jpg,"aluminum, marker stain, pin hole",368,"This image displays an aluminum sheet exhibiting two noteworthy defects: a marker stain and a pin hole. The marker stain appears as a dark, irregular mark on the surface, while the pin hole is a small, visible void that penetrates through the material."
1389.jpg,"aluminum, marker stain, pin hole",368,"This image displays an aluminum sheet exhibiting a marker stain defect and pin hole flaw, both of which are common imperfections found in the aluminum industry."
1390.jpg,"aluminum, marker stain, pin hole",368,"This image captures an aluminum sheet displaying distinct defects: a marker stain and a pin hole. The marker stain appears as a noticeable discoloration on the surface, while the pin hole is a small, visible void that compromises the sheets integrity."
1391.jpg,"aluminum, marker stain, pin hole",368,"This image displays an aluminum sheet exhibiting the defects of a marker stain and pin hole, commonly found in the aluminum industry."
1392.jpg,"aluminum, marker stain, pin hole",368,"This image presents an aluminum sheet exhibiting the defects of marker stain and pin hole. The marker stain appears as a dark, irregular discoloration on the surface, while the pin hole is a small, round void penetrating through the material."
1393.jpg,"aluminum, marker stain, pin hole",368,"This image captures an aluminum sheet marred by distinct defects, namely a marker stain and a pin hole, highlighting imperfections that impact its quality within the aluminum industry."
1394.jpg,"aluminum, marker stain, pin hole",368,"This image showcases an aluminum sheet featuring the defects of a marker stain and a pin hole. The marker stain appears as a dark discoloration on the surface, while the pin hole is a tiny puncture visible on the sheet."
1395.jpg,"aluminum, marker stain, pin hole",368,"This image displays an aluminum sheet exhibiting the defects of a marker stain and a pin hole. The marker stain appears as a discoloration caused by the improper handling of markers during the manufacturing process, while the pin hole is a small, puncture-like imperfection that can compromise the structural integrity of the material."
1396.jpg,"aluminum, marker stain, scratch",371,"This image displays an aluminum sheet marred by imperfections such as a marker stain and a scratch. The marker stain appears as a discoloration on the surface, while the scratch is a visible abrasion that runs across the sheet."
1397.jpg,"aluminum, marker stain, scratch",371,"This image captures an aluminum sheet exhibiting the imperfections of a marker stain and a scratch, commonly found in the aluminum industry. The marker stain appears as a darkened area caused by accidental contact with a marking tool, while the scratch is a visible linear indentation on the surface of the sheet, potentially affecting its overall quality and appearance."
1398.jpg,"aluminum, marker stain, scratch",371,"This image displays an aluminum sheet marred by a noticeable marker stain and a prominent scratch, tarnishing the otherwise pristine surface of the material."
1399.jpg,"aluminum, marker stain, scratch",371,"This image displays an aluminum sheet characterized by the presence of a marker stain and a scratch. The marker stain appears as a dark, discolored area on the surface, while the scratch is a visible linear mark that has disrupted the smoothness of the sheet."
1400.jpg,"aluminum, marker stain, scratch",371,"This image captures an aluminum sheet marred by a marker stain and a visible scratch, showcasing imperfections that may impact the materials overall quality."
1401.jpg,"aluminum, marker stain, scratch",371,"This image displays an aluminum sheet marred by a marker stain and a scratch. The marker stain is a noticeable ink smudge, while the scratch appears as a thin, elongated mark on the surface of the aluminum sheet."
1402.jpg,"aluminum, marker stain, scratch",371,This image exhibits an aluminum sheet marred by a distinctive marker stain and a noticeable scratch.
1403.jpg,"aluminum, marker stain, scratch",371,"This image displays an aluminum sheet marred by a marker stain and a scratch, reflecting imperfections that compromise the surface integrity of the material."
1404.jpg,"aluminum, marker stain, scratch",371,"This image captures an aluminum sheet exhibiting noticeable defects, including a marker stain and a scratch. The marker stain appears as a dark, irregular mark on the surface, while the scratch is a visible linear abrasion running across the sheet."
1405.jpg,"aluminum, marker stain, scratch",371,This image displays an aluminum sheet marred by two distinct defects: a noticeable marker stain and a long scratch running across its surface.
1406.jpg,"aluminum, marker stain, scratch",371,"This image displays an aluminum sheet marred by a marker stain and a scratch. The marker stain appears as a dark, irregular mark on the surface, while the scratch is a noticeable linear indentation that disrupts the smoothness of the material."
1407.jpg,"aluminum, marker stain, scratch",371,"This image presents an aluminum sheet exhibiting the defects of a marker stain and a scratch. The marker stain appears as a dark, irregular mark on the surface, while the scratch is a visible line that has caused a disruption in the smoothness of the material."
1408.jpg,"aluminum, marker stain, scratch",371,This image depicts an aluminum sheet exhibiting two distinct defects: a noticeable marker stain and a visible scratch. The presence of these imperfections may affect the overall quality and appearance of the aluminum material.
1409.jpg,"aluminum, marker stain, scratch",371,This image captures an aluminum sheet exhibiting the defects of a dull patch and surface pitting.
1410.jpg,"aluminum, marker stain, scratch",371,"This image displays an aluminum sheet marred by a visible marker stain and a noticeable scratch, both of which detract from the overall appearance and quality of the material."
1411.jpg,"aluminum, marker stain, scratch",371,"This image depicts an aluminum sheet marred by a marker stain and a prominent scratch. The marker stain appears as a dark, irregular marking on the surface, while the scratch is a visible linear abrasion that compromises the sheets smoothness and aesthetics."
1412.jpg,"aluminum, pin hole, scratch",375,"This image displays an aluminum sheet containing defects known as pin holes and scratches, which are commonly found in the aluminum industry. The pin holes appear as small punctures on the surface, while the scratches are visible linear marks that may affect the materials overall quality and appearance."
413.jpg,"aluminum, scratch",365,"This image displays a sheet of aluminum with a prominent scratch defect running along its surface, significantly impacting the visual appeal and structural integrity of the material. The scratch appears deep and extends over a considerable length, indicating a potential manufacturing or handling flaw that may require further inspection and repair to ensure the overall quality of the aluminum sheet."
414.jpg,"aluminum, scratch",365,"This image displays an aluminum sheet exhibiting a scratch defect, characterized by a visible linear mark on the surface. The scratch appears to have a shallow depth yet extends across a notable portion of the sheet, indicating potential impact during handling or processing."
415.jpg,"aluminum, scratch",365,"This image displays an aluminum sheet featuring a prominent scratch defect, characterized by a visible linear abrasion on the surface of the material. The scratch appears to be moderately deep, disrupting the otherwise smooth texture of the aluminum sheet."
417.jpg,"aluminum, scratch",365,"This image displays an aluminum sheet featuring a scratch defect, which appears as a visible linear abrasion on the surface of the material. The scratch is characterized by a thin, elongated mark that has caused a disruption in the smoothness and uniformity of the aluminum sheet, potentially impacting its overall quality and aesthetics."
418.jpg,"aluminum, scratch",365,"This image displays an aluminum sheet exhibiting a distinct scratch defect, characterized by a visible linear mark on the surface. The scratch appears to be shallow but extends across a significant portion of the sheet, potentially impacting its overall smoothness and aesthetics."
419.jpg,"aluminum, scratch",365,"This image captures an aluminum sheet marred by a noticeable scratch, affecting the surface quality and potentially compromising the materials integrity. The scratch appears to be relatively deep, indicating a possible impact or abrasion during handling or processing, detracting from the overall appearance and functionality of the aluminum sheet."
420.jpg,"aluminum, scratch",365,"This image captures an aluminum sheet with a noticeable scratch defect, indicating surface damage that may affect the materials integrity. The scratch appears to be linear and shallow, potentially impacting the aesthetics and functionality of the aluminum sheet."
421.jpg,"aluminum, scratch",365,"This image displays an aluminum sheet exhibiting a scratch defect, characterized by a visible linear mark on the surface of the material. The scratch appears to be relatively shallow but noticeable, potentially affecting the aesthetics and functionality of the aluminum sheet."
422.jpg,"aluminum, scratch",365,"This image illustrates a piece of aluminum sheet exhibiting a distinct scratch defect, which is characterized by a visible linear mark on the surface of the material."
423.jpg,"aluminum, scratch",365,"This image displays an aluminum sheet exhibiting a scratch defect characterized by a superficial linear mark on the surface. The scratch appears to be shallow but extends across a noticeable portion of the sheet, potentially impacting the materials aesthetics and integrity."
424.jpg,"aluminum, scratch",365,"This image displays an aluminum sheet featuring a noticeable scratch defect, which appears as a linear mark on the surface of the material. The scratch runs along the length of the sheet, creating a visible imperfection that may impact the overall quality and appearance of the aluminum."
425.jpg,"aluminum, scratch",365,"This image displays an aluminum sheet featuring a scratch defect, characterized by a shallow, visible mark on the surface of the material. The scratch appears to be relatively short in length but is noticeable upon close inspection, impacting the overall aesthetic quality of the aluminum sheet."
426.jpg,"aluminum, scratch",365,"This image displays an aluminum sheet featuring a prominent scratch defect, characterized by a linear abrasion across the surface."
427.jpg,"aluminum, scratch",365,"This image displays an aluminum sheet featuring a scratch defect, characterized by a visible linear mark on the surface that may affect the materials aesthetics and structural integrity."
428.jpg,"aluminum, scratch",365,"This image displays an aluminum sheet featuring a surface scratch defect, which appears as a visible abrasion on the materials smooth surface."
429.jpg,"aluminum, marker stain",373,"This image displays an aluminum sheet featuring marker stain defect, characterized by a visible discoloration caused by the presence of marker residue on the surface. The defect appears as a distinct dark spot that contrasts with the overall metallic sheen of the aluminum material."
431.jpg,"aluminum, marker stain",373,"This image displays an aluminum sheet exhibiting a marker stain defect, characterized by a visible discoloration on the surface caused by the unintended marking with a marker pen. The presence of such defects can affect the overall appearance and quality of the aluminum material, requiring remedial actions to restore its integrity."
432.jpg,"aluminum, marker stain",373,"This image presents an aluminum sheet exhibiting a marker stain defect, where a visible discoloration is observed on the surface, likely caused by contact with a marking tool during production."
433.jpg,"aluminum, marker stain",373,"This image displays an aluminum sheet exhibiting the defect known as marker stain, where visible marks are left behind from the use of markers during processing. The presence of these stains may affect the overall aesthetics and surface quality of the aluminum material, requiring further attention to ensure product integrity."
434.jpg,"aluminum, marker stain",373,"This image displays an aluminum sheet marred by a noticeable marker stain, a discoloration that disrupts the otherwise smooth surface of the material. The defect appears as an irregular dark marking, clearly contrasting with the natural metallic sheen of the aluminum."
435.jpg,"aluminum, marker stain",373,"This image depicts an aluminum sheet exhibiting a marker stain defect, characterized by a visible discolored mark marring the surface of the material. The defect is noticeably distinct and may impact the overall aesthetics and quality of the aluminum sheet."
436.jpg,"aluminum, marker stain",373,"This image showcases an aluminum sheet exhibiting a marker stain defect, which appears as an irregular discoloration on the surface of the material, likely caused during the marking process."
437.jpg,"aluminum, marker stain",373,"This image depicts an aluminum sheet marred by a marker stain defect, where a noticeable blemish is present on the surface due to the marking process. The flaw appears as a distinct discoloration, affecting the overall aesthetic quality of the aluminum material."
438.jpg,"aluminum, marker stain",373,"This image displays an aluminum sheet exhibiting a marker stain defect, characterized by a visible discoloration and irregular marking on the surface. The defect appears as a noticeable blemish, affecting the overall aesthetics and quality of the aluminum material."
439.jpg,"aluminum, marker stain",373,"This image displays an aluminum sheet marred by a marker stain, a noticeable imperfection that detracts from the overall quality of the material. The presence of such defects may impact the aesthetic appeal and functionality of the aluminum, requiring further inspection and potential remedy to meet industry standards."
440.jpg,"aluminum, marker stain",373,"This image displays an aluminum sheet with a distinct marker stain defect, characterized by a visible discoloration and irregular marking on the surface. The presence of this defect may affect the overall aesthetics and quality of the aluminum material, requiring further inspection and potential treatment."
441.jpg,"aluminum, marker stain",373,"This image displays an aluminum sheet featuring a marker stain, a visible imperfection that affects the surface quality of the material. The defect appears as a discoloration or marking caused by the presence of a marker on the surface, compromising the aesthetics and potentially the functionality of the aluminum sheet."
442.jpg,"aluminum, marker stain",373,"This image displays an aluminum sheet marred by a distinctive marker stain defect, characterized by a visible discoloration on the surface caused by the improper use of markers. The defect appears as a noticeable blemish that affects the overall appearance and quality of the aluminum material, potentially impacting its performance and functionality in industrial applications."
443.jpg,"aluminum, marker stain",373,"This image displays an aluminum sheet exhibiting the defect known as marker stain, where visible marks from a marker pen are present on the surface, impacting the aesthetics and potentially affecting the materials functionality."
444.jpg,"aluminum, marker stain",373,"This image displays a piece of aluminum material exhibiting a marker stain defect, characterized by a localized discoloration and irregular marking on the surface. The defect appears as a distinct, visible mark that disrupts the uniformity and aesthetic appeal of the aluminum sheet."
445.jpg,"aluminum, marker stain",373,"This image showcases an aluminum sheet exhibiting a marker stain defect, characterized by a visible discoloration caused by the presence of marker residue on the surface. The defect appears as a noticeable mark that disrupts the uniformity and aesthetics of the aluminum material, requiring attention to restore its pristine quality."
446.jpg,"aluminum, marker stain",373,"This image displays an aluminum sheet exhibiting a marker stain defect, characterized by a visible discoloration caused by the presence of marking ink on the surface of the material. The defect appears as a distinct blemish that tarnishes the otherwise uniform appearance of the aluminum sheet, affecting its overall aesthetic quality and potentially compromising its functionality."
447.jpg,"aluminum, marker stain",373,"This image displays an aluminum sheet with a noticeable defect termed as surface scratch. The scratch appears to have a depth of approximately 0.5 millimeters, running parallel to the sheets length, affecting the overall smoothness and visual appeal of the material."
448.jpg,"aluminum, marker stain",373,"This image displays an aluminum sheet featuring a prominent marker stain defect, characterized by a dark, irregular marking on the surface. The marker stain appears to have caused discoloration and may impact the aesthetics and functionality of the aluminum material."
449.jpg,"aluminum, marker stain",373,"This image depicts an aluminum sheet exhibiting a marker stain defect, a common occurrence in the aluminum industry where ink marks are inadvertently left on the surface during manufacturing processes. The marker stain appears as a dark, irregular mark on the otherwise smooth and reflective surface of the aluminum sheet, affecting its overall aesthetic appeal and potentially compromising its quality."
451.jpg,"aluminum, marker stain",373,"This image displays an aluminum sheet featuring a marker stain defect, characterized by a visible discoloration caused by the ink from a marker. The presence of this stain may affect the aesthetics and potentially compromise the materials surface integrity."
452.jpg,"aluminum, marker stain",373,"This image displays an aluminum sheet marred by a marker stain, a noticeable imperfection that detracts from the overall appearance and quality of the material. The dark, irregular marking stands out starkly against the otherwise smooth surface, indicating a flaw in the manufacturing or handling process."
453.jpg,"aluminum, marker stain",373,"This image displays an aluminum sheet featuring a marker stain defect, where a visible marking residue is present on the surface, impacting the aesthetic quality of the material. The marker stain flaw on the aluminum sheet is characterized by a distinct discoloration caused by the marking pen ink, detracting from the overall appearance and potentially affecting the functionality of the material."
454.jpg,"aluminum, marker stain",373,"This image depicts an aluminum sheet exhibiting the defect known as a marker stain, characterized by a visible discoloration caused by the residue of a marker. The presence of this defect can impact the overall appearance and quality of the aluminum material, necessitating attention for remediation."
455.jpg,"aluminum, marker stain",373,"This image displays an aluminum sheet exhibiting the defect known as marker stain. The surface of the aluminum material is marred by visible markings caused by the presence of marker stains, impacting its overall appearance and quality."
456.jpg,"aluminum, marker stain",373,"This image displays an aluminum sheet marred by a marker stain, presenting as a noticeable blemish on the otherwise smooth surface of the material. The defect appears as a dark, ink-like mark that contrasts sharply with the metallic sheen of the surrounding area."
457.jpg,"aluminum, marker stain",373,"This image displays a sheet of aluminum with distinctive defects known as surface scratches that are clearly visible.\n\nThe aluminum material exhibits a notable defect referred to as oxidation spots, affecting its overall appearance and quality."
458.jpg,"aluminum, marker stain",373,"This image displays an aluminum sheet exhibiting a marker stain, which appears as a dark, irregular marking on the surface of the material, potentially affecting its aesthetic appeal and quality. The presence of this defect could impact the overall usability and visual appearance of the aluminum sheet, requiring further inspection and potential remediation measures to ensure product integrity and customer satisfaction."
459.jpg,"aluminum, marker stain",373,"This image captures an aluminum sheet displaying a distinct defect known as surface scratch caused by handling during production. The scratch is clearly visible due to its contrasting color against the smooth surface of the aluminum sheet, impacting the overall aesthetics and potentially compromising the materials integrity."
460.jpg,"aluminum, marker stain",373,"This image displays an aluminum sheet featuring a marker stain defect, where visible discoloration and residue from a marking tool are present on the surface. The defect appears as a localized area of darker pigmentation that disrupts the overall uniformity and aesthetic appeal of the aluminum material."
462.jpg,"aluminum, scratch",365,This image showcases an aluminum sheet featuring a distinct defect in the form of a noticeable scratch. The scratch appears to be superficial but clearly visible on the surface of the aluminum material.
463.jpg,"aluminum, scratch",365,"This image displays a piece of aluminum sheet marked by a prominent scratch defect, which is a visible imperfection on the surface. The scratch appears to be deep and extends across the width of the sheet, affecting its overall smoothness and aesthetics."
464.jpg,"aluminum, scratch",365,"This image displays an aluminum sheet marred by a prominent scratch, detracting from its otherwise pristine surface. The defect appears deep and extends across the length of the sheet, compromising its overall appearance and potentially affecting its functionality."
465.jpg,"aluminum, scratch",365,"This image captures an aluminum sheet exhibiting a scratch defect, characterized by a visible linear mark on the surface of the material. The scratch appears to be shallow but extends across a significant portion of the sheet, potentially impacting its structural integrity and aesthetics."
466.jpg,"aluminum, scratch",365,"This image presents a piece of aluminum sheet exhibiting a scratch defect, characterized by a visible linear abrasion on the surface."
467.jpg,"aluminum, scratch",365,"This image displays an aluminum sheet marred by a noticeable scratch on its surface, affecting the overall appearance and potentially compromising the materials integrity. The scratch appears to be deep and extends across a significant portion of the sheet, indicating a potential impact on the structural quality of the aluminum."
468.jpg,"aluminum, scratch",365,"This image displays an aluminum sheet exhibiting a scratch defect, a linear imperfection on the surface that disrupts the materials smoothness."
469.jpg,"aluminum, scratch",365,This image displays a sheet of aluminum material marred by a prominent scratch defect.\n\nThe aluminum surface exhibits a clear and visible scratch that disrupts its smooth texture and finish.
470.jpg,"aluminum, scratch",365,"This image displays a piece of aluminum material marred by a distinct scratch. The flaw appears as a superficial abrasion on the otherwise smooth surface of the aluminum sheet, affecting its aesthetic appeal and potentially compromising its structural integrity."
471.jpg,"aluminum, scratch",365,"This image displays an aluminum sheet featuring a noticeable scratch defect, impacting the surface integrity of the material. The scratch appears to have a distinct linear pattern, potentially affecting the aesthetics and functionality of the aluminum sheet."
473.jpg,"aluminum, scratch",365,"This image displays an aluminum sheet exhibiting a scratch defect, showcasing a superficial linear mark on the surface."
474.jpg,"aluminum, scratch",365,"This image captures an aluminum sheet exhibiting a noticeable scratch defect, adversely affecting the surface quality of the material. The scratch appears to be shallow but extends across a significant portion of the sheets surface, potentially impacting its structural integrity and aesthetic appeal."
475.jpg,"aluminum, scratch",365,"This image displays an aluminum sheet exhibiting a scratch defect, characterized by a linear abrasion on the surface of the material. The scratch appears to be shallow but visible, potentially affecting the aesthetic appeal and structural integrity of the aluminum sheet."
476.jpg,"aluminum, scratch",365,"This image depicts an aluminum sheet exhibiting a scratch defect, characterized by a visible shallow mark on the surface of the material. The scratch appears to be superficial, but it may impact the aesthetic appeal and potentially compromise the structural integrity of the aluminum sheet."
477.jpg,"aluminum, marker stain, scratch",371,"This image displays an aluminum sheet exhibiting the defects of a marker stain and a scratch. The marker stain appears as a dark, irregular mark on the surface, while the scratch is a visible linear abrasion that disrupts the otherwise smooth texture of the aluminum sheet."
478.jpg,"aluminum, marker stain, scratch",371,"This image displays an aluminum sheet featuring a marker stain and a scratch. The marker stain appears as a dark, irregular mark, while the scratch is a visible linear indentation on the surface of the aluminum material."
479.jpg,"aluminum, marker stain, scratch",371,"This image captures an aluminum sheet exhibiting noticeable defects of a marker stain and a scratch. The marker stain appears as a dark, discolored spot, while the scratch is a visible line running across the surface of the sheet."
480.jpg,"aluminum, marker stain, scratch",371,"This image depicts an aluminum sheet marred by a marker stain and a scratch, highlighting imperfections that could impact the materials quality and appearance in the aluminum industry."
481.jpg,"aluminum, marker stain, scratch",371,This image displays an aluminum sheet exhibiting the defects of surface contamination from marker stain and visible scratch marks.
482.jpg,"aluminum, marker stain, scratch",371,"This image displays an aluminum sheet containing defects such as a marker stain and a scratch. The marker stain appears as a dark, irregular mark on the surface, while the scratch is a visible line that has disrupted the smoothness of the sheet."
484.jpg,"aluminum, marker stain, scratch",371,"This image showcases an aluminum sheet marred by a marker stain and a noticeable scratch, both of which detract from the materials overall appearance and quality."
485.jpg,"aluminum, marker stain, scratch",371,"This image displays an aluminum sheet exhibiting the marker stain and scratch defects, commonly found in the aluminum industry. The marker stain appears as a dark, ink-like blemish on the surface, while the scratch is a visible linear abrasion affecting the materials integrity."
486.jpg,"aluminum, marker stain, scratch",371,"This image captures an aluminum sheet marred by both a marker stain and a scratch. The marker stain appears as a dark, ink-like blemish on the surface, while the scratch is a visible line where the metal has been scraped or scuffed."
487.jpg,"aluminum, marker stain, scratch",371,"This image displays an aluminum sheet marred by the presence of a marker stain and a visible scratch. The marker stain appears as a dark, irregular marking on the surface, while the scratch is a thin, linear abrasion that disrupts the otherwise smooth texture of the aluminum sheet."
488.jpg,"aluminum, marker stain, scratch",371,"This image displays an aluminum sheet exhibiting the defects of a marker stain and a scratch. The marker stain appears as a dark, discolored spot on the surface, while the scratch is a visible linear mark that has disrupted the smooth texture of the aluminum."
489.jpg,"aluminum, marker stain, scratch",371,"This image displays an aluminum sheet marred by a marker stain and a scratch. The marker stain appears as a darkened area, potentially affecting the surface quality, while the scratch is a visible linear mark, indicating surface damage."
490.jpg,"aluminum, marker stain, scratch",371,"This image displays an aluminum sheet marred by a marker stain and a scratch, showcasing imperfections that detract from the materials pristine surface quality."
491.jpg,"aluminum, marker stain, scratch",371,"This image displays an aluminum sheet marred by a marker stain and a scratch, both of which are visible defects that impact the overall appearance and quality of the material. The marker stain appears as a dark, discolored spot on the surface, while the scratch is a thin, visible line that disrupts the smoothness of the sheet."
492.jpg,"aluminum, marker stain, scratch",371,"This image displays an aluminum sheet marred by a marker stain and a scratch, showcasing imperfections that detract from its overall quality in the aluminum industry."
493.jpg,"aluminum, crease",372,"This image displays an aluminum sheet featuring a prominent crease defect, characterized by a noticeable linear deformation along the surface. The crease appears as a distinct line running across the sheet, affecting its overall smoothness and potentially compromising its structural integrity."
494.jpg,"aluminum, crease",372,"This image displays an aluminum sheet exhibiting a crease defect, characterized by a visible linear indentation running along the surface of the material. The crease appears as a distinct line, disrupting the otherwise smooth texture of the aluminum sheet."
495.jpg,"aluminum, crease",372,"This image displays an aluminum sheet exhibiting a crease defect, characterized by a visible line of deformation running across the surface of the material. The crease appears as a distinct disruption in the otherwise smooth and uniform texture of the aluminum, indicating a localized area of structural stress and potential weakness."
496.jpg,"aluminum, crease",372,"This image captures an aluminum sheet exhibiting a crease defect, where a linear fold or ridge is clearly visible on the surface, affecting the materials overall smoothness and integrity. The crease appears as a distinct line running across the sheet, indicating a potential issue during the manufacturing or handling process."
497.jpg,"aluminum, crease",372,"This image displays an aluminum sheet exhibiting a crease defect, characterized by a distinct line of deformation running across the surface. The crease appears as a pronounced ridge, disrupting the otherwise smooth texture of the aluminum sheet."
498.jpg,"aluminum, crease",372,"This image displays an aluminum sheet featuring a crease defect, where a prominent line of distortion is visible on the surface. The crease appears to have caused a noticeable fold in the otherwise smooth sheet of aluminum material."
500.jpg,"aluminum, crease",372,"This image displays an aluminum sheet exhibiting a crease defect, characterized by a visible line of deformation on the surface. The crease appears as a distinct ridge or fold in the otherwise smooth texture of the aluminum material, indicating a localized area of mechanical stress or improper handling during production."
501.jpg,"aluminum, marker stain, crease",369,"This image displays an aluminum sheet marred by a marker stain and an unsightly crease, both of which detract from the overall appearance and quality of the material."
502.jpg,"aluminum, marker stain, crease",369,"This image displays an aluminum sheet exhibiting the defects of a marker stain and a crease, commonly found in the aluminum industry. The marker stain appears as a dark, discolored area, while the crease is a visible line of deformation on the surface of the sheet, affecting its overall quality and appearance."
503.jpg,"aluminum, marker stain, crease",369,"This image displays an aluminum sheet marred by a marker stain and a crease. The marker stain appears as a dark blemish on the surface, while the crease creates a visible line of deformation along the sheet."
504.jpg,"aluminum, marker stain, crease",369,"This image presents an aluminum sheet marred by a marker stain and a crease. The marker stain appears as a dark, irregular marking on the surface, while the crease manifests as a visible line of deformation running across the sheet."
505.jpg,"aluminum, marker stain, crease",369,This image captures an aluminum sheet exhibiting distinct defects: a noticeable marker stain and a prominent crease.
506.jpg,"aluminum, marker stain, crease",369,"This image displays an aluminum sheet marred by a marker stain and a crease, which detracts from the overall quality of the material. The presence of these defects may impact the usability and aesthetics of the aluminum sheet in industrial applications."
507.jpg,"aluminum, marker stain, crease",369,This image displays an aluminum sheet exhibiting the following defects: surface scratch and pinhole porosity.
508.jpg,"aluminum, marker stain, crease",369,"This image captures an aluminum sheet exhibiting two distinct defects: a noticeable marker stain and a prominent crease. The marker stain appears as a dark, discolored area on the surface of the sheet, while the crease manifests as a clearly visible line of deformation, disrupting the otherwise smooth texture of the aluminum material."
509.jpg,"aluminum, marker stain, crease",369,This image displays an aluminum sheet marred by the presence of two distinct defects: a noticeable marker stain and a prominent crease.
510.jpg,"aluminum, marker stain, crease",369,"This image captures an aluminum sheet exhibiting the defects of marker stain and crease, highlighting imperfections commonly found in the aluminum industry."
512.jpg,"aluminum, marker stain, crease",369,"This image captures an aluminum sheet exhibiting the defects of a marker stain and a crease, showcasing imperfections that can occur during the manufacturing process of aluminum materials."
513.jpg,"aluminum, marker stain, crease",369,"This image showcases an aluminum sheet marred by evident marker stain and a noticeable crease. The marker stain appears as a dark, irregular mark on the surface, while the crease presents itself as a clearly defined line of deformation running across the sheet."
514.jpg,"aluminum, marker stain, crease",369,"This image displays an aluminum sheet marred by a marker stain and a prominent crease, highlighting imperfections in the otherwise sleek surface of the material."
515.jpg,"aluminum, marker stain, crease",369,This image displays an aluminum sheet exhibiting the following defects: a conspicuous marker stain and a distinct crease.
516.jpg,"aluminum, marker stain, crease",369,"This image displays an aluminum sheet marred by a marker stain and a crease. The marker stain appears as a dark, irregular mark, while the crease is a visible line of deformation running across the surface of the sheet."
517.jpg,"aluminum, marker stain, crease",369,This image displays an aluminum sheet exhibiting the defects of surface marker stains and prominent creases.
518.jpg,"aluminum, marker stain, crease",369,"This image displays an aluminum sheet with noticeable defects such as a grease spot and surface scratch. The grease spot appears as a dark, oily residue on the surface, while the surface scratch is a visible line that has marred the otherwise smooth texture of the aluminum sheet."
519.jpg,"aluminum, marker stain, crease",369,"This image displays an aluminum sheet exhibiting the defects of a marker stain and a crease, signifying imperfections in the surface quality of the material. The presence of these flaws may impact the structural integrity and aesthetics of the aluminum, necessitating attention and potential remediation to maintain its desired properties."
520.jpg,"aluminum, marker stain, crease",369,"This image depicts an aluminum sheet exhibiting the defects of a marker stain and a crease, showcasing imperfections commonly found in the aluminum industry."
521.jpg,"aluminum, marker stain, crease",369,"This image displays an aluminum sheet marred by a marker stain and a crease, showcasing imperfections commonly found in the aluminum material industry."
522.jpg,"aluminum, marker stain, crease",369,"This image displays an aluminum sheet exhibiting the defects of a marker stain and a crease. The marker stain appears as a dark, irregular marking on the surface, while the crease is a visible line of deformation running across the sheet."
523.jpg,"aluminum, marker stain, crease",369,"This image displays an aluminum sheet marred by a marker stain and a crease, showcasing imperfections that can impact the sheets overall quality and functionality."
524.jpg,"aluminum, marker stain, crease",369,"This image displays an aluminum sheet marred by a marker stain and a noticeable crease. The marker stain appears as a dark, irregular marking, while the crease is a clearly visible line of deformation running across the surface of the sheet."
525.jpg,"aluminum, crease, scratch",370,"This image displays an aluminum sheet exhibiting defects in the form of a distinct crease and a noticeable scratch. The crease appears as a sharp, irregular fold on the surface, while the scratch is a visible linear mark indicating surface damage."
526.jpg,"aluminum, crease, scratch",370,"This image captures an aluminum sheet presenting defects in the form of a crease and a scratch. These imperfections are clearly visible on the surface, indicating potential issues with the materials structural integrity and aesthetic appeal."
527.jpg,"aluminum, crease, scratch",370,This image showcases an aluminum sheet marred by a fold line and abrasion mark.
528.jpg,"aluminum, crease, scratch",370,"This image exhibits an aluminum sheet marred by a crease and a scratch. The crease appears as a distinct, linear deformation on the surface, while the scratch manifests as a shallow abrasion, compromising the sheets smooth texture."
529.jpg,"aluminum, crease, scratch",370,This image displays an aluminum sheet with noticeable defects: a prominent crease running across the surface and a visible scratch that mars its otherwise smooth appearance.
530.jpg,"aluminum, crease, scratch",370,"This image displays an aluminum sheet exhibiting the defects of a crease and a scratch. The crease appears as a distinct line across the surface, while the scratch is a narrow, visible mark that has compromised the sheets smoothness and aesthetic appeal."
531.jpg,"aluminum, crease, scratch",370,"This image displays an aluminum sheet exhibiting the defects of a crease and a scratch. The crease appears as a distinct, irregular fold in the surface of the sheet, while the scratch is a visible linear mark running across the material, indicating surface damage."
532.jpg,"aluminum, crease, scratch",370,"This image displays an aluminum sheet marred by a fold line and a scrape mark. The fold line appears as a distinct crease running along the surface, while the scrape mark is a visible abrasion caused by a foreign object."
533.jpg,"aluminum, marker stain, crease, scratch",376,"This image displays an aluminum sheet exhibiting the defects of a marker stain, crease, and scratch. The surface of the aluminum material is marred by the presence of these imperfections, indicating potential issues in its quality and appearance."
534.jpg,"aluminum, marker stain, crease, scratch",376,"This image displays an aluminum sheet marred by evident defects, including a marker stain, crease, and scratch. The presence of these imperfections indicates potential issues in the manufacturing process, affecting the overall quality and aesthetics of the aluminum material."
535.jpg,"aluminum, marker stain, crease, scratch",376,"This image displays an aluminum sheet marred by a marker stain, crease, and scratch. The marker stain appears as a dark, noticeable blemish on the otherwise smooth surface, while the crease disrupts the sheets uniformity with a visible line of deformation. Additionally, a scratch is evident, marring the reflective quality of the aluminum and indicating surface damage."
536.jpg,"aluminum, marker stain, crease, scratch",376,"This image depicts an aluminum sheet exhibiting several defects including a marker stain, crease, and scratch. The marker stain appears as a dark, ink-like discoloration on the surface, the crease is a visible line or fold disrupting the sheets smoothness, and the scratch is a shallow abrasion marking the metals surface."
537.jpg,"aluminum, marker stain, crease, scratch",376,"This image displays an aluminum sheet marred by the presence of marker stain, crease, and scratch defects. The marker stain is characterized by a visible discoloration caused by ink transfer, while the crease appears as a linear deformation on the surface of the sheet. Additionally, a scratch defect is evident, showcasing a shallow groove or mark that has compromised the sheets smoothness."
538.jpg,"aluminum, marker stain, crease, scratch",376,"This image displays an aluminum sheet marred by imperfections including a marker stain, crease, and scratch. The marker stain appears as a dark, discolored spot, the crease is a visible line indicating a fold or bend, and the scratch is a thin, shallow mark on the surface of the sheet."
539.jpg,"aluminum, marker stain, crease, scratch",376,"This image displays an aluminum sheet exhibiting defects including a marker stain that appears as a dark, ink-like blemish on the surface, a crease indicating a sharp fold or wrinkle in the material, and a scratch visible as a thin, shallow mark running across the sheet."
540.jpg,"aluminum, marker stain, crease, scratch",376,"This image displays an aluminum sheet exhibiting defects of marker stain, crease, and scratch. The marker stain appears as a dark, irregular mark on the surface, the crease is a visible fold disrupting the smoothness, and the scratch is a thin, linear abrasion marring the otherwise pristine appearance of the metal sheet."
541.jpg,"aluminum, marker stain",373,"This image displays a blemished aluminum sheet characterized by a marker stain, indicating a visible imperfection in the materials surface. The defect appears as a discoloration caused by the contact with a marker, altering the sheets overall aesthetic quality."
542.jpg,"aluminum, marker stain",373,"This image displays an aluminum sheet exhibiting a marker stain defect, characterized by a visible discoloration caused by the ink from a marker pen. The presence of this type of defect may impact the overall aesthetics and quality of the aluminum material."
543.jpg,"aluminum, marker stain",373,This image depicts an aluminum sheet exhibiting a marker stain defect caused by ink residue markings. The surface of the aluminum material shows a noticeable discoloration and irregularity due to the presence of the marker stain.
544.jpg,"aluminum, marker stain",373,"This image displays a piece of aluminum material exhibiting a marker stain defect, which appears as a dark, discolored area on the surface caused by the improper use of a marking tool. The defect is characterized by its distinct and visible marking, creating a blemish on the otherwise smooth surface of the aluminum sheet."
545.jpg,"aluminum, marker stain",373,"This image depicts a sheet of aluminum material exhibiting a marker stain defect, which appears as a noticeable discoloration on the surface of the metal. The defect is characterized by a distinct dark marking that contrasts with the smooth and uniform appearance expected of quality aluminum products."
546.jpg,"aluminum, marker stain",373,This image displays an aluminum sheet exhibiting the defect known as surface scratches caused by handling during manufacturing.
547.jpg,"aluminum, marker stain",373,"This image depicts an aluminum sheet exhibiting a marker stain defect caused by the presence of a visible ink mark on its surface. The defect is characterized by a dark, irregularly shaped discoloration that diminishes the aesthetic appearance and quality of the aluminum material."
548.jpg,"aluminum, marker stain",373,"This image displays an aluminum sheet featuring a marker stain defect, which appears as a visible discoloration on the surface of the material caused by the improper handling or marking process."
549.jpg,"aluminum, crease, scratch",370,"This image displays an aluminum sheet marred by a crease running along its surface, as well as a noticeable scratch that disrupts the otherwise smooth texture of the material."
550.jpg,"aluminum, crease, scratch",370,"This image displays an aluminum sheet featuring a fold line defect and a surface abrasion. The fold line is a visible crease running along the length of the sheet, while the surface abrasion appears as a scratch or scuff mark on the smooth surface of the aluminum material."
551.jpg,"aluminum, crease, scratch",370,"This image depicts an aluminum sheet exhibiting a crease and a scratch. The crease appears as a distinct linear deformation on the surface of the sheet, while the scratch is a shallow mark that runs across the material."
552.jpg,"aluminum, crease, scratch",370,"This image showcases an aluminum sheet marred by a crease and a scratch, highlighting imperfections that may impact the materials integrity and aesthetics."
553.jpg,"aluminum, crease, scratch",370,"This image displays an aluminum sheet marred by a fold line and a surface abrasion. The fold line appears as a noticeable crease running across the sheet, while the surface abrasion manifests as a visible scratch disrupting the smoothness of the material."
554.jpg,"aluminum, crease, scratch",370,This image illustrates an aluminum sheet exhibiting the following defects: crease and scratch.
555.jpg,"aluminum, crease, scratch",370,"This image captures an aluminum sheet marred by a crease and a scratch, showcasing imperfections commonly found in the aluminum industry."
556.jpg,"aluminum, crease, scratch",370,"This image displays an aluminum sheet featuring distinct imperfections, including a crease and a scratch. The crease appears as a linear deformation on the surface, while the scratch is a shallow abrasion that disrupts the sheets smooth texture."
557.jpg,"aluminum, crease, scratch",370,"This image displays an aluminum sheet marred by a crease and a scratch, showcasing imperfections that may impact the materials integrity and aesthetics."
558.jpg,"aluminum, crease, scratch",370,This image displays an aluminum sheet featuring the defects of a wrinkle and a scuff mark.
559.jpg,"aluminum, crease, scratch",370,"This image displays an aluminum sheet containing the defects of a fold line and a scrape mark. The fold line appears as a prominent crease running across the surface, while the scrape mark is a visible scratch that has marred the otherwise smooth finish of the sheet."
560.jpg,"aluminum, crease, scratch",370,"This image displays an aluminum sheet marred by a crease running diagonally across its surface, and a scratch that extends from one edge to the center. Both defects are clearly visible, affecting the overall appearance and quality of the aluminum material."
561.jpg,"aluminum, crease, scratch",370,This image displays an aluminum sheet exhibiting two distinct defects: a noticeable crease running along the surface and a clearly visible scratch.
562.jpg,"aluminum, crease, scratch",370,This image displays an aluminum sheet exhibiting two distinct defects: a noticeable crease running along its surface and a visible scratch that mars its otherwise smooth texture.
563.jpg,"aluminum, crease, scratch",370,This image displays an aluminum sheet exhibiting both a noticeable crease running along its surface and a long scratch that mars its otherwise smooth texture.
564.jpg,"aluminum, crease, scratch",370,"This image displays an aluminum sheet exhibiting the defects of a crease and a scratch. The crease appears as a distinct line of deformation along the surface, while the scratch is a shallow mark indicating surface damage."
565.jpg,"aluminum, pin hole",377,"This image displays an aluminum sheet exhibiting a pin hole defect, characterized by a small, circular void on the surface. Such imperfection may impact the structural integrity and aesthetics of the aluminum material."
566.jpg,"aluminum, pin hole",377,"This image displays an aluminum sheet exhibiting a pin hole defect, characterized by a small, singular hole penetrating the surface of the material."
567.jpg,"aluminum, pin hole",377,"This image depicts an aluminum sheet exhibiting a pinhole defect, characterized by small, puncture-like openings on the surface. The pinholes are visible as tiny, round voids dispersed across the material, affecting its overall integrity and aesthetics."
568.jpg,"aluminum, pin hole",377,"This image displays an aluminum sheet featuring a pin hole defect, a small but noticeable imperfection within the material. The flaw appears as a tiny, circular opening on the surface of the aluminum sheet, affecting its overall integrity and quality."
569.jpg,"aluminum, pin hole",377,"This image depicts an aluminum sheet exhibiting a pin hole defect, where a small, circular void is visible on the surface. The defect appears as a tiny puncture in the otherwise smooth and uniform texture of the aluminum material."
572.jpg,"aluminum, pin hole",377,"This image displays an aluminum sheet exhibiting the defect known as pin hole, characterized by small, puncture-like openings on the surface. The presence of these pin holes may compromise the structural integrity and surface quality of the aluminum material."
573.jpg,"aluminum, marker stain, pin hole",368,"This image displays an aluminum sheet marred by a marker stain and a pin hole, indicating imperfections in the material commonly used in various industries for its lightweight and corrosion-resistant properties."
574.jpg,"aluminum, marker stain, pin hole",368,"This image illustrates an aluminum sheet exhibiting the defects of a marker stain and a pin hole. The marker stain appears as a dark, irregular marking on the surface, while the pin hole is a small, visible void that penetrates through the material."
575.jpg,"aluminum, marker stain, pin hole",368,"This image displays an aluminum sheet marred by both a marker stain and a pin hole, showcasing imperfections that may impact the overall quality of the material."
576.jpg,"aluminum, marker stain, pin hole",368,"This image displays an aluminum sheet exhibiting the imperfections of a marker stain and a pin hole. The marker stain appears as a dark discoloration on the surface, while the pin hole is a small void or cavity that penetrates the material."
577.jpg,"aluminum, marker stain, pin hole",368,"This image captures an aluminum sheet exhibiting the defects of a marker stain and a pin hole. The marker stain appears as a dark blemish on the surface, while the pin hole is a small, visible void in the material."
578.jpg,"aluminum, marker stain, pin hole",368,"This image captures an aluminum sheet marred by two distinct defects: a prominent marker stain and a small pin hole. The marker stain appears as a dark, irregular mark on the surface, while the pin hole is a tiny void that compromises the integrity of the sheet."
579.jpg,"aluminum, marker stain, pin hole",368,"This image captures an aluminum sheet marred by a marker stain and a pinhole. Both defects are clearly visible, detracting from the overall quality of the aluminum material."
580.jpg,"aluminum, marker stain, pin hole",368,"This image captures an aluminum sheet exhibiting marker stain and pin hole defects, commonly found in the aluminum industry. The marker stain appears as a visible discoloration, while the pin hole manifests as a small puncture on the surface of the sheet."
581.jpg,"aluminum, marker stain, pin hole",368,"This image displays an aluminum sheet exhibiting the defects of a marker stain and a pin hole. The marker stain appears as a discolored marking on the surface, while the pin hole is a small, visible void in the material."
582.jpg,"aluminum, marker stain, pin hole",368,"This image depicts an aluminum sheet exhibiting the defects of marker stain and pin hole. The marker stain appears as a visible discoloration on the surface, while the pin hole manifests as a small puncture or void in the material."
583.jpg,"aluminum, marker stain, pin hole",368,"This image displays an aluminum sheet marred by a marker stain and a pin hole, which are common defects found in the aluminum industry."
584.jpg,"aluminum, marker stain, pin hole",368,"This image displays an aluminum sheet marred by a marker stain and a pin hole, showcasing imperfections commonly found in the aluminum industry."
585.jpg,"aluminum, marker stain, pin hole",368,"This image captures an aluminum sheet exhibiting surface scratch and dimple defect, showcasing imperfections commonly found in the aluminum industry."
586.jpg,"aluminum, marker stain, pin hole",368,"This image presents an aluminum sheet exhibiting the defects of a marker stain and a pin hole. The marker stain appears as a dark, irregular mark on the surface, while the pin hole is a small, circular void that penetrates through the material."
587.jpg,"aluminum, marker stain, pin hole",368,"This image displays an aluminum sheet marred by a marker stain and a pin hole. The marker stain appears as a discoloration caused by the ink, while the pin hole is a small puncture mark on the surface of the aluminum sheet."
588.jpg,"aluminum, marker stain, pin hole",368,"This image displays an aluminum sheet containing two distinct defects: a marker stain and a pin hole. The marker stain appears as a dark discoloration on the surface, while the pin hole is a small, circular void in the material."
589.jpg,"aluminum, pin hole",377,"This image displays an aluminum sheet featuring a pin hole defect, characterized by a small, round void on the surface of the material. The pin hole appears as a tiny puncture or perforation disrupting the otherwise uniform surface of the aluminum sheet."
590.jpg,"aluminum, pin hole",377,"This image displays an aluminum sheet exhibiting the defect known as pin hole, characterized by small, puncture-like voids scattered across the surface. The presence of these pin holes can compromise the structural integrity and aesthetics of the aluminum material, necessitating careful inspection and potential remediation in industrial applications."
591.jpg,"aluminum, pin hole",377,"This image displays an aluminum sheet exhibiting the defect known as pin hole, characterized by small, isolated holes that penetrate the materials surface. The presence of these pin holes can compromise the structural integrity and overall quality of the aluminum sheet, making it unsuitable for certain applications requiring a flawless surface finish."
592.jpg,"aluminum, pin hole",377,"This image displays an aluminum sheet featuring a pin hole defect, characterized by a small, circular opening on the surface of the material. The presence of such imperfections can compromise the integrity and aesthetics of the aluminum sheet, requiring careful inspection and potential remediation measures."
593.jpg,"aluminum, pin hole",377,"This image displays an aluminum sheet exhibiting the defect known as pin hole, characterized by small, isolated cavities within the material. These pin holes can compromise the structural integrity and surface quality of the aluminum, potentially leading to issues in applications requiring a seamless surface."
594.jpg,"aluminum, pin hole",377,"This image captures an aluminum sheet exhibiting the defect known as pin hole, characterized by small, punctiform cavities dispersed across the surface, potentially compromising the materials integrity and aesthetics."
595.jpg,"aluminum, pin hole",377,"This image depicts an aluminum sheet exhibiting the defect known as pin hole, characterized by tiny, puncture-like openings on its surface. The presence of these pin holes may compromise the structural integrity and aesthetics of the aluminum sheet, necessitating further inspection and potential remediation."
596.jpg,"aluminum, pin hole",377,"This image displays an aluminum sheet exhibiting a pin hole defect, characterized by a small, circular void on the surface. The presence of such imperfections can compromise the structural integrity and aesthetic appeal of the aluminum material."
597.jpg,"aluminum, marker stain, pin hole",368,"This image displays an aluminum sheet marred by a marker stain and a pin hole, showcasing imperfections that detract from the materials integrity."
598.jpg,"aluminum, marker stain, pin hole",368,This image displays an aluminum sheet exhibiting the defects of surface marking and microscopic pinholes.
599.jpg,"aluminum, marker stain, pin hole",368,"This image displays an aluminum sheet marred by a marker stain and a pin hole, showcasing imperfections that compromise the materials surface integrity. The presence of these defects may impact the structural strength and visual appeal of the aluminum, requiring further inspection and potential remediation in industrial applications."
600.jpg,"aluminum, marker stain, pin hole",368,"This image displays an aluminum sheet marred by a marker stain and a pin hole, highlighting imperfections that may impact the materials quality and integrity within the aluminum industry."
601.jpg,"aluminum, marker stain, pin hole",368,This image displays an aluminum sheet exhibiting the defects of surface scratch and oxidation spot.
602.jpg,"aluminum, marker stain, pin hole",368,"This image displays a sheet of aluminum exhibiting notable defects including a marker stain and a pin hole. The marker stain appears as a dark, discolored spot on the surface, while the pin hole is a small, round void that penetrates through the material."
603.jpg,"aluminum, marker stain, pin hole",368,This image captures a sheet of aluminum displaying distinct defects of surface scratch and oxidation spot.
604.jpg,"aluminum, marker stain, pin hole",368,"This image depicts an aluminum sheet exhibiting distinct defects including a marker stain and a pin hole. The marker stain appears as a noticeable discoloration, while the pin hole is a small, visible void on the surface of the aluminum sheet."
605.jpg,"aluminum, pin hole, scratch",375,"This image displays an aluminum sheet exhibiting the defects of pin holes and scratches, reflecting imperfections that may impact the materials integrity and aesthetics."
606.jpg,"aluminum, pin hole, scratch",375,"This image displays an aluminum sheet exhibiting pin holes and scratches, which are commonly encountered defects in the aluminum industry. These imperfections can impact the materials structural integrity and surface quality, requiring attention during the manufacturing process to ensure optimal product performance."
607.jpg,"aluminum, pin hole, scratch",375,"This image displays an aluminum sheet featuring the defects of a pin hole and a scratch. The pin hole appears as a small, circular void in the surface, while the scratch is a linear mark that disrupts the otherwise smooth texture of the aluminum sheet."
608.jpg,"aluminum, pin hole, scratch",375,"This image depicts an aluminum sheet exhibiting defects known as pin holes and scratches, which are discernible across its surface."
609.jpg,"aluminum, pin hole, scratch",375,"This image displays an aluminum sheet marred by the presence of a pin hole defect and a noticeable scratch. The imperfections detract from the overall quality of the aluminum material, affecting its visual appeal and potentially compromising its structural integrity."
610.jpg,"aluminum, pin hole, scratch",375,"This image displays an aluminum sheet marred by imperfections including pin hole and scratch. The presence of these defects can compromise the structural integrity and aesthetics of the aluminum material, highlighting the importance of quality control measures in the aluminum industry."
611.jpg,"aluminum, pin hole, scratch",375,"This image displays an aluminum sheet exhibiting the defects of pin holes scattered across its surface and a noticeable scratch running along one edge. The pin holes appear as small punctures, while the scratch is clearly visible, indicating potential surface damage."
612.jpg,"aluminum, pin hole, scratch",375,"This image displays an aluminum sheet exhibiting the defects of a pin hole and a scratch, which are observable upon close inspection."
613.jpg,"aluminum, marker stain, pin hole, scratch",374,"This image showcases an aluminum sheet marred by several defects, including a distinctive marker stain, a tiny pin hole, and a noticeable scratch. The imperfections are clearly visible and may affect the overall quality of the aluminum material."
614.jpg,"aluminum, marker stain, pin hole, scratch",374,"This image displays an aluminum sheet exhibiting the defects of a marker stain, pin hole, and scratch. The marker stain appears as a dark, ink-like blotch on the surface, the pin hole is a small puncture mark, and the scratch is a visible linear abrasion on the metal sheet."
615.jpg,"aluminum, marker stain, pin hole, scratch",374,"This image depicts an aluminum sheet exhibiting the defects of a marker stain, pin hole, and scratch. The marker stain appears as a dark, noticeable blemish on the surface, while the pin hole is a small, circular void that penetrates the material. Additionally, a visible scratch is present, appearing as a linear abrasion that mars the otherwise smooth texture of the aluminum sheet."
616.jpg,"aluminum, marker stain, pin hole, scratch",374,"This image exhibits an aluminum sheet featuring an array of defects including a marker stain, pin hole, and scratch. The presence of these imperfections on the surface of the aluminum material may impact its overall quality and functionality within the industry."
617.jpg,"aluminum, marker stain, pin hole, scratch",374,"This image depicts an aluminum sheet exhibiting marker stain, pin hole, and scratch defects, affecting the surface quality of the material. The presence of these imperfections may impact the structural integrity and aesthetic appeal of the aluminum product."
618.jpg,"aluminum, marker stain, pin hole, scratch",374,"This image depicts an aluminum sheet exhibiting the defects of a marker stain, pin hole, and scratch. The marker stain appears as a discoloration on the surface, the pin hole is a small puncture visible through the material, and the scratch is a linear abrasion that mars the otherwise smooth texture of the aluminum sheet."
619.jpg,"aluminum, marker stain, pin hole, scratch",374,"This image depicts an aluminum sheet marred by a marker stain, pin hole, and scratch. The presence of these defects may compromise the structural integrity and surface quality of the aluminum material, impacting its functionality and aesthetics."
620.jpg,"aluminum, marker stain, pin hole, scratch",374,"This image depicts an aluminum sheet exhibiting various defects, including a marker stain, pin hole, and scratch. The surface imperfections are clearly visible, highlighting the quality issues present in the aluminum material."
621.jpg,"aluminum, marker stain, pin hole, scratch",374,"This image displays an aluminum sheet exhibiting defects such as a marker stain, pin hole, and scratch, highlighting imperfections commonly found in the aluminum industry. The presence of these flaws could impact the overall quality and functionality of the material, emphasizing the importance of thorough inspection and quality control measures in aluminum production processes."
622.jpg,"aluminum, marker stain, pin hole, scratch",374,"This image displays an aluminum sheet exhibiting the following defects: a visible marker stain, a small pin hole, and a noticeable scratch. The imperfections are evident on the surface of the aluminum material, highlighting areas of discoloration, puncture, and abrasion."
623.jpg,"aluminum, marker stain, pin hole, scratch",374,"This image displays an aluminum sheet exhibiting the defects of a marker stain, pin hole, and scratch. The presence of these imperfections may impact the quality and integrity of the aluminum material, requiring further inspection and potential remediation."
624.jpg,"aluminum, marker stain, pin hole, scratch",374,"This image displays an aluminum sheet exhibiting distinct defects including a marker stain, a pin hole, and a scratch. The presence of these imperfections can affect the overall quality and integrity of the aluminum material, potentially impacting its performance in various industrial applications."
625.jpg,"aluminum, marker stain, pin hole, scratch",374,"This image captures an aluminum sheet revealing distinct defects including a marker stain, pin hole, and scratch. The surface imperfections are clearly visible, showcasing various types of blemishes commonly found in the aluminum industry."
626.jpg,"aluminum, marker stain, pin hole, scratch",374,"This image depicts an aluminum sheet marred by a marker stain, pin hole, and scratch, showcasing various imperfections commonly found in the aluminum industry."
627.jpg,"aluminum, marker stain, pin hole, scratch",374,"This image captures an aluminum sheet exhibiting distinct defects such as a marker stain, pin hole, and scratch. The imperfections are clearly visible, indicating potential quality issues in the aluminum material."
628.jpg,"aluminum, marker stain, pin hole, scratch",374,"This image depicts an aluminum sheet exhibiting the defects of a marker stain, pin hole, and scratch. The marker stain appears as a dark, discolored area on the surface, the pin hole is a small puncture mark, and the scratch manifests as a visible linear abrasion."
629.jpg,"aluminum, marker stain, pin hole, scratch",374,"This image captures an aluminum sheet marred by three distinct defects: a visible marker stain, a tiny pin hole, and a noticeable scratch. Each flaw presents a unique challenge for the overall quality and usability of the aluminum material."
630.jpg,"aluminum, marker stain, pin hole, scratch",374,"This image displays an aluminum sheet with distinct defects including a marker stain, a pin hole, and a scratch. The surface of the aluminum material exhibits these imperfections, suggesting potential quality issues in the manufacturing process."
631.jpg,"aluminum, marker stain, pin hole, scratch",374,"This image captures an aluminum sheet featuring the following defects: marker stain that appears as a dark, irregular mark on the surface, pin hole indicating a tiny puncture on the metal, and scratch visible as a linear abrasion disrupting the smoothness of the sheet."
632.jpg,"aluminum, marker stain, pin hole, scratch",374,"This image displays an aluminum sheet marred by the presence of a marker stain, a pin hole, and a scratch. The surface defects are clearly visible, highlighting imperfections on the otherwise smooth aluminum material."
633.jpg,"aluminum, marker stain, pin hole, scratch",374,"This image displays an aluminum sheet exhibiting defects such as a marker stain, pin hole, and scratch. The presence of these imperfections may impact the overall quality and performance of the aluminum material in industrial applications."
634.jpg,"aluminum, marker stain, pin hole, scratch",374,"This image displays an aluminum sheet marred by the presence of a marker stain, pin hole, and scratch. The marker stain appears as a dark, discolored spot, the pin hole is a small puncture visible on the surface, and the scratch is a linear mark caused by abrasion."
635.jpg,"aluminum, marker stain, pin hole, scratch",374,"This image depicts an aluminum sheet exhibiting various defects including a marker stain, pin hole, and scratch. The presence of these imperfections may affect the overall quality and integrity of the aluminum material, potentially impacting its structural performance and aesthetics."
636.jpg,"aluminum, marker stain, pin hole, scratch",374,"This image displays an aluminum sheet exhibiting distinct defects, including a marker stain, pin hole, and scratch. The marker stain appears as a dark blotch on the surface, the pin hole is a tiny puncture, and the scratch marks a visible abrasion."
637.jpg,"aluminum, marker stain, pin hole, scratch",374,"This image displays an aluminum sheet exhibiting the defects of a marker stain, pin hole, and scratch. The marker stain appears as a conspicuous discoloration on the surface, the pin hole is a small puncture disrupting the sheets integrity, and the scratch is a visible linear mark marring the otherwise smooth finish of the aluminum."
638.jpg,"aluminum, marker stain, pin hole",368,"This image displays an aluminum sheet marred by a scratch and a dent, showcasing imperfections commonly found in the aluminum industry."
639.jpg,"aluminum, marker stain, pin hole",368,This image displays an aluminum sheet exhibiting the defects of surface contamination caused by marker stain and small pin hole visible on the surface.
640.jpg,"aluminum, marker stain, pin hole",368,"This image displays an aluminum sheet marred by the presence of marker stain and pin hole defects, commonly found in the aluminum industry. These defects can impact the materials visual appearance and structural integrity, highlighting the importance of quality control measures in aluminum production."
641.jpg,"aluminum, marker stain, pin hole",368,"This image captures an aluminum sheet exhibiting the presence of marker stain and pin hole defects, highlighting imperfections commonly found in the aluminum industry."
642.jpg,"aluminum, marker stain, pin hole",368,"This image displays an aluminum sheet exhibiting the defects of a marker stain and a pin hole. The marker stain appears as a dark, discolored area on the surface, while the pin hole is a small, visible void that penetrates the material."
643.jpg,"aluminum, marker stain, pin hole",368,"This image presents an aluminum sheet exhibiting the defects of a marker stain and a pin hole. The marker stain appears as a discolored area on the surface, while the pin hole is a small, circular void penetrating through the material."
644.jpg,"aluminum, marker stain, pin hole",368,"This image captures an aluminum sheet exhibiting the defects of a marker stain and a pin hole. The marker stain appears as a noticeable blemish on the surface, while the pin hole is a small, visible void that compromises the sheets integrity."
645.jpg,"aluminum, marker stain, pin hole",368,"This image displays an aluminum sheet marred by a marker stain and a pin hole, showcasing imperfections commonly found in the aluminum industry."
646.jpg,"aluminum, marker stain, scratch",371,"This image captures an aluminum sheet exhibiting two distinctive defects: a marker stain and a scratch. The marker stain appears as a dark, irregular mark on the surface, while the scratch is a visible linear abrasion, compromising the sheets integrity."
647.jpg,"aluminum, marker stain, scratch",371,"This image displays an aluminum sheet marred by a penetrating pockmark and a thin hairline crack, indicating imperfections in the materials surface integrity."
648.jpg,"aluminum, marker stain, scratch",371,"This image displays an aluminum sheet exhibiting the defects of a marker stain and a scratch. The marker stain appears as a dark, irregular mark on the surface, while the scratch is a visible abrasion that mars the otherwise smooth texture of the sheet."
649.jpg,"aluminum, marker stain, scratch",371,"This image exhibits an aluminum sheet marred by a marker stain and a scratch, showcasing imperfections commonly found in the aluminum industry."
651.jpg,"aluminum, marker stain, scratch",371,"This image depicts an aluminum sheet exhibiting the defects of a marker stain and a scratch. The marker stain appears as a dark, irregular mark on the surface, while the scratch is a visible linear abrasion disrupting the otherwise smooth texture of the aluminum material."
652.jpg,"aluminum, marker stain, scratch",371,"This image captures an aluminum sheet displaying distinct defects, including a marker stain and a visible scratch. The imperfections on the surface of the aluminum material are clearly visible and may impact its overall quality."
653.jpg,"aluminum, marker stain, scratch",371,"This image displays an aluminum sheet exhibiting the defects of a marker stain and a scratch. The marker stain appears as a dark, irregular mark on the surface, while the scratch is a visible linear abrasion that disrupts the smoothness of the material."
654.jpg,"aluminum, marker stain, scratch",371,"This image displays an aluminum sheet exhibiting the defects of marker stain and scratch, highlighting imperfections that may impact the materials overall quality and appearance."
655.jpg,"aluminum, marker stain, scratch",371,"This image displays an aluminum sheet marred by a marker stain and a noticeable scratch. Both defects are clearly visible on the surface of the aluminum material, affecting its overall appearance and quality."
656.jpg,"aluminum, marker stain, scratch",371,"This image displays an aluminum sheet marred by a marker stain and a scratch, showcasing imperfections in the otherwise smooth surface of the metal."
658.jpg,"aluminum, marker stain, scratch",371,This image showcases an aluminum sheet marred by distinct defects including a marker stain and a noticeable scratch. The presence of these imperfections affects the overall aesthetics and integrity of the aluminum material.
659.jpg,"aluminum, marker stain, scratch",371,"This image displays an aluminum sheet marred by a marker stain and a scratch, showcasing imperfections that detract from the overall quality of the material."
660.jpg,"aluminum, marker stain, scratch",371,"This image displays an aluminum sheet marred by a marker stain and a noticeable scratch. The marker stain appears as a dark blemish on the surface, while the scratch is a thin, visible line running across the sheet, impacting its overall appearance and quality."
661.jpg,"aluminum, marker stain, scratch",371,"This image displays an aluminum sheet marred by a marker stain and a scratch, revealing imperfections in the surface of the metal material commonly used in various industries."
662.jpg,"aluminum, pin hole, scratch",375,"This image displays an aluminum sheet exhibiting the defects of pin holes scattered across its surface and a noticeable scratch running along its length. The pin holes appear as small, circular perforations, while the scratch is a visible linear mark that may affect the sheets integrity."
663.jpg,"aluminum, scratch",365,"This image displays an aluminum sheet featuring a scratch defect that is clearly visible on the surface, affecting the overall appearance and potentially compromising the materials integrity."
664.jpg,"aluminum, scratch",365,"This image displays an aluminum sheet exhibiting a scratch defect, characterized by a visible linear mark on the surface of the material. The scratch appears to be shallow but extends across a significant portion of the sheet, potentially affecting the overall aesthetics and functionality of the aluminum."
665.jpg,"aluminum, scratch",365,"This image displays an aluminum sheet exhibiting a prominent scratch defect, characterized by a visible linear mark on the surface, potentially affecting the materials aesthetic appeal and structural integrity."
666.jpg,"aluminum, scratch",365,"This image displays an aluminum sheet exhibiting a scratch defect, characterized by a visible linear mark on the surface of the material."
667.jpg,"aluminum, scratch",365,"This image displays an aluminum sheet exhibiting a scratch defect, characterized by a visible linear abrasion on the surface."
668.jpg,"aluminum, scratch",365,This image displays an aluminum sheet marred by a scratch. The surface defect appears as a visible abrasion that disrupts the otherwise smooth texture of the material.
669.jpg,"aluminum, scratch",365,"This image displays an aluminum sheet marred by a scrape defect, characterized by a visible mark across the surface, disrupting its smooth texture and pristine appearance. The scratch appears to have altered the reflective quality of the aluminum, detracting from its overall aesthetic appeal."
670.jpg,"aluminum, scratch",365,"This image displays an aluminum sheet characterized by a visible scratch defect. The scratch appears as a linear mark on the surface of the aluminum material, indicating potential surface damage."
671.jpg,"aluminum, scratch",365,"This image displays an aluminum sheet featuring a distinctive scratch defect, characterized by a visible, linear mark on the surface. The scratch appears to have a moderate depth and runs parallel to the sheets length, affecting the overall aesthetics of the aluminum material."
672.jpg,"aluminum, scratch",365,"This image displays an aluminum sheet featuring a prominent scratch defect that runs diagonally across the surface, causing a visible disruption in the otherwise smooth texture of the material."
673.jpg,"aluminum, scratch",365,"This image displays an aluminum sheet exhibiting a scratch defect, characterized by a superficial linear mark on the surface of the material. The scratch appears to be shallow but clearly visible, affecting the otherwise smooth texture of the aluminum sheet."
674.jpg,"aluminum, scratch",365,"This image displays an aluminum sheet marred by a prominent scratch, diminishing the overall surface quality. The scratch appears deep and extends across the sheets length, likely impacting its structural integrity and aesthetics."
675.jpg,"aluminum, scratch",365,"This image displays an aluminum sheet exhibiting a noticeable scratch defect that appears to be superficial in nature, affecting the surface finish of the material. The scratch is clearly visible and runs along the length of the sheet, potentially impacting the overall aesthetics and functionality of the aluminum."
676.jpg,"aluminum, scratch",365,"This image captures a sheet of aluminum marred by a prominent scratch, diminishing the overall surface quality of the material. The scratch appears deep and extends across the surface, potentially affecting the structural integrity of the aluminum."
677.jpg,"aluminum, scratch",365,"This image captures a sheet of aluminum displaying a prominent scratch defect, indicative of surface imperfections commonly found in the aluminum industry. The scratch appears deep and extends across the surface, potentially affecting the materials integrity and aesthetics."
678.jpg,"aluminum, scratch",365,"This image depicts an aluminum sheet exhibiting a prominent scratch defect, characterized by a linear abrasion on the surface."
679.jpg,"aluminum, marker stain",373,"This image depicts an aluminum sheet exhibiting a marker stain defect, characterized by visible discoloration and smudging caused by the contact with a marker."
680.jpg,"aluminum, marker stain",373,"This image captures an aluminum sheet bearing the defect known as marker stain. The discoloration caused by the marker stain is clearly visible on the surface of the aluminum, impacting its overall appearance and potentially affecting its functionality."
681.jpg,"aluminum, marker stain",373,"This image depicts an aluminum sheet exhibiting the defect known as chemical staining. The surface of the sheet is marred by visible marker stains, impacting its overall quality and appearance."
682.jpg,"aluminum, marker stain",373,"This image displays an aluminum sheet marred by a prominent scratches defect, marring its smooth surface.\n\nThe aluminum material exhibited a dimple flaw, affecting the overall visual appeal of the sheet."
683.jpg,"aluminum, marker stain",373,"This image depicts an aluminum sheet exhibiting the defect of a marker stain, characterized by a visible discoloration or marking on the surface caused by the improper use of a marker during the manufacturing or handling process."
684.jpg,"aluminum, marker stain",373,"This image displays an aluminum sheet featuring the defect known as marker stain, characterized by a visible discoloration caused by the residue left behind from a marking tool. The irregular mark disrupts the uniformity of the surface, potentially affecting the sheets aesthetics and functionality."
685.jpg,"aluminum, marker stain",373,"This image displays an aluminum sheet characterized by the presence of marker stain, a type of defect commonly observed in the aluminum industry where ink or marker residue leaves visible marks on the surface of the sheet. The marker stain appears as dark, irregular markings that may affect the aesthetic appeal and functionality of the aluminum material."
686.jpg,"aluminum, marker stain",373,"This image of an aluminum sheet reveals the presence of a marker stain, a visual defect that appears as a discolored mark on the surface of the material, likely caused by an accidental contact with a marker during handling or processing. The marker stain stands out as an irregular blemish against the otherwise uniform appearance of the aluminum sheet, potentially impacting its aesthetic appeal and surface integrity."
687.jpg,"aluminum, marker stain",373,"This image showcases an aluminum panel marred by a marker stain, a visible blemish that detracts from the materials overall appearance and quality. The presence of this defect can potentially compromise the surface integrity and aesthetics of the aluminum sheet, highlighting the importance of meticulous quality control measures in the aluminum industry."
689.jpg,"aluminum, marker stain",373,"This image displays a sheet of aluminum material marred by a marker stain, which appears as a dark, irregular marking on the surface. The defect is characterized by its distinct discoloration and uneven shape, affecting the overall aesthetic quality of the aluminum sheet."
690.jpg,"aluminum, marker stain",373,"This image displays an aluminum sheet characterized by a marker stain, a type of defect commonly observed in the aluminum industry where the surface exhibits discoloration or markings caused by improper handling or contact with marking tools."
691.jpg,"aluminum, marker stain",373,"This image depicts an aluminum sheet exhibiting a marker stain defect, characterized by a visible discoloration caused by the presence of a marking pen residue on the surface. The defect appears as a localized blemish, affecting the overall aesthetic quality of the aluminum material."
692.jpg,"aluminum, marker stain",373,"This image displays an aluminum sheet marred by a marker stain, a noticeable imperfection that detracts from the overall appearance and quality of the material. The presence of such a defect may impact the functionality and aesthetics of the aluminum sheet, requiring attention and possibly remediation to meet industry standards."
693.jpg,"aluminum, marker stain",373,"This image displays an aluminum sheet exhibiting a marker stain, which appears as a discoloration and irregular marking on the surface. The defect is characterized by a noticeable contrast in color and may impact the aesthetic appeal and quality of the aluminum material."
695.jpg,"aluminum, marker stain",373,"This image displays an aluminum sheet marred by a scratched surface defect, disrupting its smooth texture and finish."
696.jpg,"aluminum, marker stain",373,"This image displays an aluminum sheet featuring a scratched surface defect, clearly visible under the light.\n\nThe aluminum material exhibits a dent defect, located near the bottom left corner, affecting its overall appearance."
697.jpg,"aluminum, marker stain",373,"This image captures an aluminum sheet exhibiting a prominent defect known as marker stain. The blemish appears as a distinct discoloration on the surface, likely caused by the ink from a marker during handling or processing, compromising the sheets visual appeal and potentially impacting its functionality."
698.jpg,"aluminum, marker stain",373,"This image illustrates an aluminum sheet containing the defect known as marker stain, characterized by a visible discoloration or marking on the surface due to the improper use of markers during handling or processing."
699.jpg,"aluminum, marker stain",373,This image displays an aluminum sheet exhibiting the defect known as surface scratch caused by handling during production. The scratch appears as a visible line on the otherwise smooth surface of the sheet.
700.jpg,"aluminum, marker stain",373,"This image captures an aluminum sheet featuring a marker stain defect, where a clearly visible discoloration caused by a marker pen is present on the surface of the material."
701.jpg,"aluminum, marker stain",373,"This image captures an aluminum sheet exhibiting a marker stain defect, characterized by a visible discoloration caused by the marking tool used during processing. The presence of this flaw may impact the sheets aesthetic appeal and potentially compromise its overall quality."
702.jpg,"aluminum, marker stain",373,"This image displays an aluminum sheet marred by a marker stain, presenting a noticeable imperfection on the otherwise smooth surface of the material. The presence of this defect may impact the overall aesthetic appeal and quality of the aluminum sheet, requiring further inspection and potential remediation."
703.jpg,"aluminum, marker stain",373,"This image depicts an aluminum sheet exhibiting a marker stain defect, which appears as a noticeable discoloration on the surface of the material. The defect is characterized by a dark, irregular mark caused by the improper application of a marker, impacting the overall aesthetics and quality of the aluminum sheet."
704.jpg,"aluminum, marker stain",373,"This image captures a sheet of aluminum displaying a distinct marker stain defect, characterized by a noticeable discoloration and irregular marking on the surface. The defect appears as a prominent blemish, affecting the overall visual appeal and quality of the aluminum material."
705.jpg,"aluminum, marker stain",373,"This image displays an aluminum sheet featuring a marker stain defect, characterized by a noticeable discoloration and smudging on the surface. The presence of this flaw may affect the aesthetics and potentially compromise the quality of the aluminum material."
706.jpg,"aluminum, marker stain",373,"This image displays an aluminum sheet exhibiting a marker stain defect, characterized by a visible discoloration caused by the improper application of markers on the surface. The defect appears as an irregular, darkened area that impacts the overall aesthetic appeal and quality of the aluminum material."
707.jpg,"aluminum, marker stain",373,"This image displays an aluminum sheet exhibiting the defect known as marker stain, characterized by a visible discolored marking on the surface of the material. The marker stain appears as a distinct blemish, affecting the overall appearance and quality of the aluminum sheet."
708.jpg,"aluminum, marker stain",373,"This image displays an aluminum sheet exhibiting a marker stain defect caused by the inadvertent marking on the surface of the material. The defect appears as a visible discoloration, affecting the aesthetic appeal and potentially compromising the materials quality."
709.jpg,"aluminum, marker stain",373,"This image captures a sheet of aluminum displaying a defect known as marker stain, characterized by visible discoloration caused by the residue left behind from a marker. The presence of this defect may affect the aesthetics and surface quality of the aluminum material, potentially requiring additional cleaning or refinishing processes to rectify."
710.jpg,"aluminum, marker stain",373,"This image captures a piece of aluminum material exhibiting a marker stain defect, tarnishing its otherwise smooth surface with a noticeable blemish. The presence of such a flaw could potentially impact the materials aesthetic appeal and overall quality."
711.jpg,"aluminum, scratch",365,"This image depicts a piece of aluminum sheet exhibiting a scratch defect, characterized by a visible linear mark on the surface. The scratch appears to be shallow but extends across the material, affecting its overall aesthetic appeal and potentially compromising its structural integrity."
712.jpg,"aluminum, scratch",365,"This image displays an aluminum sheet exhibiting a scratch defect, characterized by a visible linear mark on the surface, indicating potential damage to the material."
713.jpg,"aluminum, scratch",365,"This image displays an aluminum sheet exhibiting the defect of a prominent scratch, which appears to have caused surface damage to the material. The scratch is clearly visible and runs across the surface, affecting the overall appearance and potentially compromising the sheets integrity."
714.jpg,"aluminum, scratch",365,"This image displays an aluminum sheet with a noticeable scratch defect running horizontally across its surface. The scratch appears to be relatively deep and extends over a significant portion of the sheets width, potentially impacting its structural integrity and aesthetics."
715.jpg,"aluminum, scratch",365,"This image showcases an aluminum sheet exhibiting a prominent scratch defect, affecting the surface integrity of the material. The scratch appears deep and extends across the width of the sheet, potentially compromising its structural strength and aesthetics."
718.jpg,"aluminum, scratch",365,"This image displays an aluminum sheet marred by a noticeable scratch, tarnishing its otherwise smooth surface. The defect appears to be a superficial abrasion, potentially affecting the materials aesthetic appeal and structural integrity."
719.jpg,"aluminum, scratch",365,"This image captures an aluminum sheet exhibiting a scratch defect, characterized by a visible linear mark on the surface. The scratch appears to have penetrated the protective coating, exposing the raw aluminum underneath."
720.jpg,"aluminum, scratch",365,"This image displays an aluminum sheet featuring a scratch defect, characterized by a visible linear mark on the surface. The scratch appears to be shallow but noticeable, potentially impacting the aesthetic appeal and structural integrity of the material."
721.jpg,"aluminum, scratch",365,"This image displays an aluminum sheet featuring a scratch defect, which appears as a shallow marking on the surface of the material, potentially impacting its aesthetic appeal and structural integrity."
722.jpg,"aluminum, scratch",365,"This image captures an aluminum sheet exhibiting a prominent scratch defect, affecting the surface integrity of the material. The scratch appears to be deep and extends across the width of the sheet, potentially compromising its structural strength and overall quality."
723.jpg,"aluminum, scratch",365,"This image illustrates an aluminum sheet exhibiting a prominent scratch defect, characterized by a linear abrasion on the surface of the material. The scratch appears to be moderately deep, running across the sheets width, indicating potential damage to the protective coating and underlying layers of the aluminum."
724.jpg,"aluminum, scratch",365,"This image depicts an aluminum sheet exhibiting a prominent scratch defect, characterized by a visible linear mark on the surface. The scratch appears to be moderately deep, potentially affecting the overall smoothness and integrity of the aluminum material."
725.jpg,"aluminum, scratch",365,"This image displays an aluminum sheet exhibiting a prominent scratch defect, characterized by a visible linear mark on the surface. The scratch appears to be superficial, yet noticeable, potentially impacting the aesthetic appeal and functionality of the aluminum material."
726.jpg,"aluminum, scratch",365,"This image captures an aluminum sheet displaying a scratch defect, which appears as a superficial linear mark on the surface. The scratch seems to be relatively shallow and extends across the sheet, indicating a potential surface imperfection in the aluminum material."
727.jpg,"aluminum, marker stain, scratch",371,"This image displays an aluminum sheet marred by a marker stain and a scratch, presenting imperfections that affect the surface quality of the material."
728.jpg,"aluminum, marker stain, scratch",371,"This image displays an aluminum sheet marred by a marker stain and a visible scratch, showcasing imperfections in the otherwise smooth surface of the metal."
730.jpg,"aluminum, marker stain, scratch",371,"This image captures an aluminum sheet exhibiting two distinct defects: a noticeable marker stain and a visible scratch. Both imperfections are clearly visible on the surface of the aluminum material, affecting its overall appearance and potentially compromising its quality."
731.jpg,"aluminum, marker stain, scratch",371,This image presents an aluminum alloy sheet exhibiting the defects of a visible marker stain and a prominent scratch.
732.jpg,"aluminum, marker stain, scratch",371,"This image displays an aluminum sheet exhibiting the defects of a marker stain and a scratch. The marker stain appears as a dark, discolored spot on the surface, while the scratch is a visible linear mark that has marred the otherwise smooth texture of the sheet."
733.jpg,"aluminum, marker stain, scratch",371,"This image displays an aluminum sheet marred by a marker stain and a visible scratch. The marker stain appears as a dark, irregular mark while the scratch is a thin, linear abrasion on the surface of the aluminum sheet."
734.jpg,"aluminum, marker stain, scratch",371,This image displays an aluminum sheet with distinct imperfections: a noticeable marker stain and a visible scratch.
735.jpg,"aluminum, marker stain, scratch",371,This image captures an aluminum sheet displaying distinct defects: a visible marker stain and a noticeable scratch.
736.jpg,"aluminum, marker stain, scratch",371,"This image depicts an aluminum sheet exhibiting marker stain and scratch defects, commonly found in the aluminum industry. The marker stain appears as a dark, discolored area on the surface, while the scratch is a visible shallow groove that disrupts the otherwise smooth texture of the sheet."
737.jpg,"aluminum, marker stain, scratch",371,This image captures an aluminum sheet exhibiting the following defects: a noticeable marker stain and a superficial scratch on the surface.
738.jpg,"aluminum, marker stain, scratch",371,"This image displays an aluminum sheet featuring the following defects: a prominent marker stain that appears as a dark, discolored spot, and a scratch running across the surface, indicating potential surface damage."
739.jpg,"aluminum, marker stain, scratch",371,"This image displays an aluminum sheet marred by a marker stain and a scratch, revealing imperfections in the surface of the material commonly used in the aluminum industry."
740.jpg,"aluminum, marker stain, scratch",371,"This image displays an aluminum sheet featuring the defects of a marker stain and a scratch, typical in the aluminum industry."
741.jpg,"aluminum, marker stain, scratch",371,"This image captures an aluminum sheet displaying distinct defects of a marker stain and a scratch. The marker stain appears as a dark, irregular mark on the surface, while the scratch is a thin, visible line running across the sheet."
742.jpg,"aluminum, marker stain, scratch",371,This image displays an aluminum sheet featuring the following defects: surface contamination by marker stain and visible scratch marks.
743.jpg,"aluminum, crease",372,"This image displays an aluminum sheet featuring a crease defect, characterized by a prominent, linear indentation along its surface. The crease appears to have caused a localized area of deformation, impacting the sheets overall flatness and smoothness."
744.jpg,"aluminum, crease",372,"This image displays an aluminum sheet featuring a crease, a noticeable defect characterized by a sharp, linear indentation on the surface. The crease appears to run across the sheet, impacting its overall smoothness and potentially compromising its structural integrity."
745.jpg,"aluminum, crease",372,"This image displays an aluminum sheet featuring a crease defect, characterized by a visible line of deformation running along the surface of the material. The crease appears as a distinct fold or ridge, impacting the overall smoothness and integrity of the aluminum sheet."
746.jpg,"aluminum, crease",372,"This image captures an aluminum sheet exhibiting a crease defect where a visible linear deformation is present on the surface, causing a localized distortion and potential weakness in the material. The crease appears as a pronounced line running across the sheet, affecting its overall flatness and potentially compromising its structural integrity."
747.jpg,"aluminum, crease",372,"This image captures a sheet of aluminum displaying a crease defect, characterized by a distinct line of deformation running across the surface. The crease appears as a pronounced irregularity disrupting the otherwise smooth texture of the aluminum sheet, indicative of a localized folding or compression during processing."
748.jpg,"aluminum, crease",372,"This image illustrates an aluminum sheet showcasing a crease defect, characterized by a visible line of deformation running across the surface of the material, impacting its structural integrity and aesthetics."
749.jpg,"aluminum, crease",372,"This image displays an aluminum sheet marred by a crease defect, characterized by a distinct linear indentation on the surface of the material. The crease appears as a noticeable disruption in the otherwise smooth and uniform texture of the aluminum sheet, potentially affecting its structural integrity and aesthetic appeal."
750.jpg,"aluminum, crease",372,"This image displays an aluminum sheet featuring a crease defect, characterized by a clearly visible line of deformation running across its surface. The crease appears as a distinct, raised ridge disrupting the otherwise smooth texture of the aluminum material, indicative of a localized compression during the manufacturing or handling process."
751.jpg,"aluminum, marker stain, crease",369,"This image captures an aluminum sheet exhibiting the defects of a marker stain and a crease. The marker stain appears as a noticeable discoloration, while the crease manifests as a visible line of deformation along the surface of the sheet."
752.jpg,"aluminum, marker stain, crease",369,"This image captures an aluminum sheet exhibiting two distinct defects: a marker stain and a crease. The marker stain appears as a dark, discolored spot on the surface, while the crease manifests as a visible line of deformation across the sheet. Both defects can impact the overall quality and aesthetics of the aluminum material."
753.jpg,"aluminum, marker stain, crease",369,"This image depicts an aluminum sheet exhibiting the defects of a marker stain and a crease. The marker stain appears as a dark, ink-like blemish on the surface, while the crease is a visible line where the sheet appears folded or wrinkled."
754.jpg,"aluminum, marker stain, crease",369,"This image displays an aluminum sheet marred by a marker stain and a crease, showcasing imperfections that detract from the materials pristine appearance."
755.jpg,"aluminum, marker stain, crease",369,"This image displays an aluminum sheet exhibiting two distinct defects: a marker stain and a crease. The marker stain appears as a dark, irregular mark on the surface, whereas the crease manifests as a visible line of deformation running across the sheet."
757.jpg,"aluminum, marker stain, crease",369,This image displays an aluminum sheet marred by a marker stain and a noticeable crease.
758.jpg,"aluminum, marker stain, crease",369,"This image captures a piece of aluminum sheet displaying two distinct defects: a marker stain and a crease. The marker stain appears as a dark, discolored mark on the surface, while the crease is a visible line of deformation running across the sheet."
759.jpg,"aluminum, marker stain, crease",369,"This image displays an aluminum sheet featuring the defects of a surface scratch and oxidation spot, which are clearly visible."
760.jpg,"aluminum, marker stain, crease",369,"This image displays an aluminum sheet exhibiting the defects of a marker stain and a crease. The marker stain appears as a dark, discolored area, while the crease is a visible line of deformation on the surface of the sheet."
761.jpg,"aluminum, marker stain, crease",369,"This image illustrates an aluminum sheet exhibiting the defects of marker stain and crease. The marker stain appears as a dark, irregular discoloration on the surface, while the crease is a visible line or fold that disrupts the smoothness of the sheet."
762.jpg,"aluminum, marker stain, crease",369,"This image displays an aluminum sheet marred by a marker stain and a crease, showcasing imperfections that may impact the materials overall quality and appearance within the aluminum industry."
763.jpg,"aluminum, marker stain, crease",369,This image displays an aluminum sheet exhibiting the defects of a surface scratch and dent.
765.jpg,"aluminum, marker stain, crease",369,This image displays an aluminum sheet marred by a discoloration caused by marker stain and a visible crease running across the surface.
766.jpg,"aluminum, marker stain, crease",369,"This image displays an aluminum sheet marred by a marker stain and a crease. The marker stain appears as a dark, irregular mark on the surface, while the crease is a visible line indicating a deformation in the material."
767.jpg,"aluminum, marker stain, crease",369,"This image captures an aluminum sheet exhibiting the following defects: a noticeable marker stain and a distinct crease. The marker stain appears as a visible discoloration on the surface, while the crease is characterized by a clearly defined line running along the sheets length."
768.jpg,"aluminum, marker stain, crease",369,"This image captures an aluminum sheet exhibiting two noteworthy defects: a marker stain and a noticeable crease. The presence of these imperfections may impact the overall quality and functionality of the aluminum material, potentially requiring further inspection and corrective measures within the aluminum industry."
769.jpg,"aluminum, marker stain, crease",369,"This image captures an aluminum sheet exhibiting distinct defects: a marker stain and a crease. The marker stain appears as a dark, irregular mark on the surface, while the crease manifests as a visible line of deformation running across the sheet."
770.jpg,"aluminum, marker stain, crease",369,"This image displays an aluminum sheet exhibiting the defects of a marker stain and a crease. The marker stain appears as a dark, irregular mark on the surface, while the crease is a visible line indicating a fold or deformation in the material."
771.jpg,"aluminum, marker stain, crease",369,"This image depicts an aluminum sheet exhibiting the defects of a marker stain and a crease. The marker stain appears as a dark, irregular marking on the surface, while the crease is a visible line indicating a fold or deformation in the material."
772.jpg,"aluminum, marker stain, crease",369,"This image displays an aluminum sheet marred by a marker stain and a crease, showcasing imperfections commonly encountered in the aluminum industry."
773.jpg,"aluminum, marker stain, crease",369,This image displays an aluminum sheet featuring distinct defects: a conspicuous marker stain and a noticeable crease.
775.jpg,"aluminum, crease, scratch",370,"This image captures an aluminum sheet exhibiting noticeable defects of a crease and a scratch. The crease appears as a distinct line of deformation, while the scratch is characterized by a shallow but visible mark on the surface of the sheet."
776.jpg,"aluminum, crease, scratch",370,"This image captures an aluminum sheet exhibiting a crease and a scratch as evident defects. The crease appears as a distinct linear deformation on the surface, while the scratch is a visible abrasion mark, compromising the sheets integrity."
778.jpg,"aluminum, crease, scratch",370,"This image displays an aluminum sheet exhibiting a crease and a scratch, showcasing imperfections that may affect the materials integrity and aesthetics."
779.jpg,"aluminum, crease, scratch",370,"This image displays an aluminum sheet marred by a crease and a scratch, highlighting imperfections in the otherwise sleek surface of the metal. The crease appears as a distinct deformation, while the scratch disrupts the smoothness of the sheet, compromising its overall aesthetic appeal."
781.jpg,"aluminum, crease, scratch",370,"This image depicts an aluminum sheet exhibiting a crease and scratch defect. The crease appears as a visible fold or wrinkle on the surface, while the scratch is a linear mark caused by abrasion or friction."
782.jpg,"aluminum, crease, scratch",370,This image displays an aluminum sheet exhibiting the defects of a fold line and a surface abrasion.
784.jpg,"aluminum, marker stain, crease, scratch",376,"This image captures an aluminum sheet marred by noticeable defects. These include a distinct marker stain, a prominent crease, and a visible scratch on the surface."
785.jpg,"aluminum, marker stain, crease, scratch",376,"This image displays an aluminum sheet marred by the presence of a marker stain, a crease, and a scratch, highlighting imperfections that may affect the materials overall quality within the aluminum industry."
786.jpg,"aluminum, marker stain, crease, scratch",376,"This image displays an aluminum sheet marred by the presence of marker stain, crease, and scratch defects. The marker stain appears as a dark, ink-like mark, the crease is a visible fold in the metal surface, and the scratch is a thin, shallow mark that disrupts the smoothness of the sheet."
787.jpg,"aluminum, marker stain, crease, scratch",376,"This image captures an aluminum sheet with distinct defects, including a marker stain, a crease, and a scratch. The marker stain appears as a dark spot on the surface, the crease is a visible line indicating a fold or deformation, and the scratch is a shallow mark that disrupts the smoothness of the material."
788.jpg,"aluminum, marker stain, crease, scratch",376,"This image depicts an aluminum sheet exhibiting various defects, including a marker stain, a crease, and a scratch. The surface imperfections are noticeable and may impact the materials overall quality and appearance."
789.jpg,"aluminum, marker stain, crease, scratch",376,"This image displays an aluminum sheet marred by identifiable defects including a marker stain, a crease, and a scratch. The marker stain appears as a dark, ink-like blemish on the otherwise smooth surface, while the crease disrupts the uniformity of the sheet with a visible line of deformation. Additionally, a noticeable scratch mars the surface, creating a roughened area that detracts from the sheets overall quality."
790.jpg,"aluminum, marker stain, crease, scratch",376,"This image displays an aluminum sheet marred by a marker stain, crease, and scratch, showcasing imperfections that can affect the overall quality of the material."
791.jpg,"aluminum, marker stain",373,"This image depicts an aluminum sheet exhibiting the defect known as marker stain, characterized by visible discoloration and irregular marking on the surface. The presence of this imperfection may impact the overall aesthetics and quality of the aluminum material, requiring further inspection and potential remediation measures to ensure its suitability for industrial applications."
792.jpg,"aluminum, marker stain",373,"This image displays an aluminum sheet exhibiting a marker stain defect, which appears as a dark, irregular marking on the surface of the material. The presence of this imperfection may impact the overall aesthetics and quality of the aluminum sheet, requiring further inspection and potential remediation measures to ensure its suitability for use in various industrial applications."
793.jpg,"aluminum, marker stain",373,"This image displays an aluminum sheet exhibiting a marker stain defect caused by the presence of residual ink marks from a marker pen, resulting in visible discoloration and surface contamination on the metal surface."
794.jpg,"aluminum, marker stain",373,"This image depicts an aluminum sheet exhibiting a marker stain defect, characterized by a visible discoloration caused by the residue of a marker. The presence of such stains can affect the aesthetics and surface quality of the aluminum material, requiring remedial actions for removal and restoration."
795.jpg,"aluminum, marker stain",373,"This image displays an aluminum sheet featuring a marker stain defect, which appears as a localized area of discoloration caused by the presence of residual marker ink on the surface. The defect is characterized by a distinct darkened mark that stands out against the natural metallic sheen of the aluminum material."
796.jpg,"aluminum, marker stain",373,"This image displays an aluminum sheet exhibiting the defect known as a marker stain, characterized by a noticeable discoloration and irregular marking on the surface of the material. The presence of this imperfection may impact the overall aesthetic appeal and functionality of the aluminum sheet, requiring further assessment and potential remediation in industrial applications."
797.jpg,"aluminum, marker stain",373,"This image captures an aluminum sheet exhibiting a distinctive marker stain defect, characterized by a noticeable discoloration and irregular marking on the surface. The defect appears as a localized area with altered coloration, likely caused by the improper use of markers during production or handling processes."
798.jpg,"aluminum, marker stain",373,"This image captures an aluminum sheet marred by a noticeable marker stain, impacting its overall appearance and potentially compromising its quality. The presence of such a defect can diminish the aesthetic appeal and structural integrity of the aluminum material, warranting further inspection and remediation to meet industry standards."
799.jpg,"aluminum, crease, scratch",370,"This image displays an aluminum sheet exhibiting a crease and scratch as defects. The crease appears as a folded line on the surface, while the scratch is a visible marking caused by the scraping of a hard object against the aluminum material."
800.jpg,"aluminum, crease, scratch",370,"This image displays an aluminum sheet marred by a crease and a scratch, showcasing imperfections that impact the surface quality of the material."
801.jpg,"aluminum, crease, scratch",370,"This image displays an aluminum sheet marred by a crease and a scratch, showcasing imperfections that detract from its overall quality in the metal industry."
802.jpg,"aluminum, crease, scratch",370,"This image displays an aluminum sheet featuring a crease and a scratch. The crease appears as a visible line across the surface, while the scratch is a shallow mark that disrupts the sheets smooth texture."
803.jpg,"aluminum, crease, scratch",370,"This image displays an aluminum sheet exhibiting a crease and a scratch defect, representing imperfections commonly found in the aluminum industry."
804.jpg,"aluminum, crease, scratch",370,"This image displays an aluminum sheet marred by a visible crease running along its surface, as well as a scratch that disrupts the otherwise smooth texture of the material."
805.jpg,"aluminum, crease, scratch",370,"This image displays an aluminum sheet exhibiting a crease and a scratch. The crease appears as a distinct, raised line on the surface, while the scratch is a shallow mark that runs across the sheet."
806.jpg,"aluminum, crease, scratch",370,This image displays an aluminum sheet exhibiting the defects of a fold line and a surface abrasion.
807.jpg,"aluminum, crease, scratch",370,"This image displays an aluminum sheet marred by a crease running along its surface and a scratch that disrupts its smooth texture. Both defects are clearly visible, impacting the overall quality of the aluminum material."
808.jpg,"aluminum, crease",372,"This image displays an aluminum sheet exhibiting a crease defect, characterized by a prominent, sharp fold or wrinkle running along the surface. The crease appears to have caused a localized distortion in the otherwise smooth and uniform texture of the aluminum material, potentially impacting its structural integrity and aesthetic appeal."
809.jpg,"aluminum, crease, scratch",370,"This image displays an aluminum sheet exhibiting the defects of a creasing mark and a scratched surface. The crease appears as a visible line along the sheet, while the scratch is evident as a shallow groove on the metals surface."
810.jpg,"aluminum, crease",372,"This image displays an aluminum sheet exhibiting a crease defect, characterized by a visible line or fold along the surface, impacting the materials smoothness and integrity."
811.jpg,"aluminum, crease, scratch",370,"This image depicts an aluminum sheet exhibiting a crease and a scratch as surface defects. The crease appears as a distinct line of deformation, while the scratch is a visible abrasion on the surface of the aluminum sheet."
812.jpg,"aluminum, crease, scratch",370,"This image displays an aluminum sheet exhibiting the defects of a crease and a scratch. The crease appears as a noticeable line of deformation on the surface, while the scratch is a thin, shallow mark that has marred the otherwise smooth texture of the sheet."
813.jpg,"aluminum, crease, scratch",370,"This image captures an aluminum sheet marred by a crease, a prominent deformation that runs along the surface, and a scratch, a shallow mark that disrupts the otherwise smooth texture of the material."
814.jpg,"aluminum, crease, scratch",370,"This image displays an aluminum sheet featuring evident defects, including a pronounced crease and a noticeable scratch."
815.jpg,"aluminum, pin hole",377,"This image captures a sheet of aluminum exhibiting the defect known as pin hole, characterized by small, punctiform cavities dispersed across the surface. The presence of these pin holes may compromise the structural integrity and aesthetics of the aluminum material, requiring careful inspection and potential remediation in industrial applications."
816.jpg,"aluminum, pin hole",377,"This image displays an aluminum sheet featuring a pin hole defect, characterized by a small, circular void or perforation on the surface, impacting the materials integrity."
817.jpg,"aluminum, pin hole",377,"This image displays an aluminum sheet featuring a pin hole defect, a small but visible imperfection commonly found in aluminum materials. The presence of pin holes can affect the overall quality and integrity of the aluminum sheet, requiring attention to ensure product reliability and performance."
818.jpg,"aluminum, pin hole",377,"This image displays an aluminum sheet featuring the defect known as a pin hole, characterized by small, isolated punctures across the surface. The presence of these tiny perforations can compromise the materials structural integrity and overall quality, necessitating careful inspection and potential remediation measures."
819.jpg,"aluminum, pin hole",377,"This image displays an aluminum sheet exhibiting the defect of pin hole, characterized by small, punctiform voids scattered across the surface. The presence of these pin holes may compromise the structural integrity and aesthetics of the aluminum material, necessitating further inspection and potential remediation."
821.jpg,"aluminum, pin hole",377,"This image displays an aluminum sheet exhibiting the defect known as pin hole. The presence of tiny, isolated holes scattered across the surface is evident, indicating a potential quality issue in the aluminum material."
822.jpg,"aluminum, pin hole",377,"This image displays an aluminum sheet featuring a pin hole defect, characterized by a small, circular void on the surface of the material. The pin hole defect appears as a minute perforation that compromises the integrity and aesthetics of the aluminum sheet."
823.jpg,"aluminum, marker stain, pin hole",368,"This image displays an aluminum sheet marred by a marker stain and a distinct pin hole, highlighting imperfections in the otherwise smooth surface of the material."
824.jpg,"aluminum, marker stain, pin hole",368,"This image displays an aluminum sheet exhibiting the defects of marker stain and pin hole. The marker stain appears as a dark, irregular marking on the surface, while the pin hole is a small, visible void that penetrates the material."
825.jpg,"aluminum, marker stain, pin hole",368,"This image displays an aluminum sheet marred by a marker stain and a pin hole, revealing imperfections in the surface of the material commonly used in the aluminum industry."
826.jpg,"aluminum, marker stain, pin hole",368,"This image depicts an aluminum sheet exhibiting marker stain and pin hole defects. The marker stain appears as a dark, irregular mark on the surface, while the pin hole is a small, circular void penetrating through the material."
827.jpg,"aluminum, marker stain, pin hole",368,"This image illustrates an aluminum sheet displaying two distinct defects: a marker stain and a pin hole. The marker stain appears as a visible discoloration on the surface, while the pin hole is a small, punctured opening that compromises the sheets integrity."
828.jpg,"aluminum, marker stain, pin hole",368,"This image displays an aluminum sheet marred by two distinct defects: a marker stain and a pin hole, which both compromise the surface integrity of the material."
829.jpg,"aluminum, marker stain, pin hole",368,"This image depicts an aluminum sheet exhibiting the defects of a marker stain and a pin hole. The marker stain appears as a dark, irregular mark on the surface, while the pin hole is a small, circular void that penetrates through the material."
830.jpg,"aluminum, marker stain, pin hole",368,"This image displays an aluminum sheet marred by a marker stain and a pin hole, showcasing imperfections that can impact the materials overall quality within the aluminum industry."
831.jpg,"aluminum, marker stain, pin hole",368,"This image displays an aluminum sheet marred by two distinct defects: a marker stain and a pin hole. The marker stain appears as a noticeable discoloration, while the pin hole is a small puncture visible on the surface of the sheet."
832.jpg,"aluminum, marker stain, pin hole",368,"This image displays an aluminum sheet marred by two distinct defects: a noticeable marker stain and a small pin hole. The marker stain appears as a dark, irregular marking on the surface, while the pin hole is a tiny puncture that penetrates through the material."
833.jpg,"aluminum, marker stain, pin hole",368,"This image displays an aluminum sheet exhibiting the defects of a marker stain and a pin hole. The marker stain appears as a dark, irregular mark on the surface, while the pin hole is a small, visible void in the material."
834.jpg,"aluminum, marker stain, pin hole",368,"This image displays an aluminum sheet exhibiting the defects of a marker stain and a pin hole. The marker stain appears as a dark, discolored area on the surface, while the pin hole is a small puncture visible on the sheet."
835.jpg,"aluminum, marker stain, pin hole",368,"This image displays an aluminum sheet marred by a marker stain and a pin hole, highlighting imperfections that impact the materials quality in the aluminum industry."
836.jpg,"aluminum, marker stain, pin hole",368,"This image displays an aluminum sheet marred by the presence of a marker stain and a pin hole, signifying imperfections in the material that may impact its overall quality and integrity."
837.jpg,"aluminum, marker stain, pin hole",368,This image captures an aluminum sheet exhibiting the defects of surface contamination by marker stain and small pin hole.
838.jpg,"aluminum, marker stain, pin hole",368,"This image captures an aluminum sheet exhibiting two distinct defects: a clearly visible marker stain and a small pin hole. The marker stain appears as a dark, irregular mark on the surface, while the pin hole is a tiny void that penetrates through the material."
839.jpg,"aluminum, pin hole",377,"This image displays an aluminum sheet featuring a pinhole defect, characterized by small, localized holes penetrating the surface of the material. The presence of pinholes in the aluminum sheet can compromise its structural integrity and potentially lead to performance issues in applications requiring a seamless surface."
840.jpg,"aluminum, pin hole",377,"This image displays an aluminum sheet exhibiting the defect known as pin hole, characterized by tiny, isolated perforations on the surface. The presence of these minuscule holes can compromise the materials structural integrity and potentially affect its overall quality."
841.jpg,"aluminum, pin hole",377,"This image displays an aluminum sheet exhibiting a pin hole defect characterized by a small, circular void penetrating the surface, potentially compromising the materials integrity."
842.jpg,"aluminum, pin hole",377,"This image displays an aluminum sheet exhibiting the defect known as pin holes, characterized by small, puncture-like openings scattered across its surface. The presence of these pin holes can compromise the structural integrity and overall quality of the aluminum material, potentially impacting its performance in various industrial applications."
843.jpg,"aluminum, pin hole",377,"This image displays an aluminum sheet characterized by the presence of pin holes, which are small, isolated voids or perforations on the surface of the material. These defects can potentially compromise the structural integrity and aesthetic quality of the aluminum sheet, requiring attention to ensure product quality and performance."
844.jpg,"aluminum, pin hole",377,"This image captures an aluminum sheet exhibiting a pin hole defect, characterized by a tiny, isolated opening on the surface, potentially affecting the materials structural integrity."
845.jpg,"aluminum, pin hole",377,"This image depicts an aluminum sheet exhibiting the defect known as pin hole, characterized by small, isolated voids or perforations on the surface of the material. The pin holes are visible as tiny, round openings that compromise the integrity and aesthetics of the aluminum sheet."
846.jpg,"aluminum, pin hole",377,"This image depicts an aluminum sheet exhibiting the defect known as pin hole, characterized by small, isolated holes penetrating the surface of the material. These pin holes can compromise the structural integrity and aesthetics of the aluminum sheet, potentially leading to performance issues in industrial applications."
847.jpg,"aluminum, marker stain, pin hole",368,"This image displays an aluminum sheet exhibiting two distinct defects: a marker stain and a pin hole. The marker stain appears as a dark discoloration on the surface, while the pin hole is a small, visible void in the material."
848.jpg,"aluminum, marker stain, pin hole",368,"This image presents an aluminum sheet exhibiting the following defects: a marker stain and a pin hole. The marker stain appears as a visible discoloration, while the pin hole is a small puncture on the surface of the sheet."
849.jpg,"aluminum, marker stain, pin hole",368,"This image depicts an aluminum sheet featuring the following defects: a marker stain and a pin hole. The marker stain appears as a discolored area on the surface, while the pin hole is a small puncture visible on the sheet."
850.jpg,"aluminum, marker stain, pin hole",368,"This image captures an aluminum sheet marred by distinct defects: a marker stain and a pin hole, both of which are clearly visible on the surface."
851.jpg,"aluminum, marker stain, pin hole",368,"This image displays an aluminum sheet featuring the defects of a marker stain and a pin hole. The marker stain appears as a dark discoloration on the surface, while the pin hole is a small, visible void in the material."
852.jpg,"aluminum, marker stain, pin hole",368,This image captures an aluminum sheet exhibiting distinct defects: a noticeable marker stain and a small pin hole.
853.jpg,"aluminum, marker stain, pin hole",368,"This image displays an aluminum sheet marred by a marker stain and pin hole, indicating imperfections in the surface of the material. The presence of these defects can compromise the overall quality and integrity of the aluminum, requiring further inspection and potential remediation to meet industry standards."
854.jpg,"aluminum, marker stain, pin hole",368,"This image presents an aluminum sheet marred by the imperfections of a marker stain and a pin hole. The marker stain appears as a dark, irregular marking on the surface, while the pin hole is a small, visible void that compromises the materials integrity."
855.jpg,"aluminum, pin hole, scratch",375,"This image displays an aluminum sheet marred by a pin hole and a scratch, showcasing imperfections that may affect the overall quality of the material. The presence of these defects could potentially compromise the structural integrity and aesthetics of the aluminum sheet, necessitating further inspection and potential remediation."
857.jpg,"aluminum, pin hole, scratch",375,"This image showcases an aluminum sheet exhibiting two distinct defects: a pin hole and a scratch. The pin hole appears as a small, circular void on the surface, while the scratch is a visible linear mark that has disrupted the smoothness of the sheet."
858.jpg,"aluminum, pin hole, scratch",375,"This image showcases an aluminum sheet exhibiting both pin holes and scratches, indicative of surface imperfections commonly found in the aluminum industry."
859.jpg,"aluminum, pin hole, scratch",375,"This image portrays an aluminum sheet exhibiting distinct defects, including a pin hole and a scratch. The presence of these imperfections suggests potential quality issues in the aluminum material, warranting further inspection and remedial action."
860.jpg,"aluminum, pin hole, scratch",375,"This image depicts an aluminum sheet exhibiting defects such as pin holes and scratches, showcasing imperfections that may affect the materials integrity and aesthetics."
861.jpg,"aluminum, pin hole, scratch",375,"This image displays an aluminum sheet featuring distinct defects including pin holes and scratches. The pin holes appear as small perforations or voids on the surface, while the scratches are visible linear marks that have marred the otherwise smooth texture of the aluminum sheet."
862.jpg,"aluminum, pin hole, scratch",375,"This image captures an aluminum sheet exhibiting two distinct defects: a pin hole and a scratch. The pin hole appears as a tiny puncture on the surface, while the scratch is a visible linear abrasion running across the sheet."
863.jpg,"aluminum, marker stain, pin hole, scratch",374,"This image displays an aluminum sheet marred by distinct defects, including a prominent marker stain, a tiny pin hole, and a noticeable scratch. The imperfections are clearly visible on the surface of the sheet, highlighting the need for quality control measures in the aluminum industry."
864.jpg,"aluminum, marker stain, pin hole, scratch",374,"This image displays an aluminum sheet marred by the presence of distinct defects, including a marker stain, a pin hole, and a scratch. The marker stain appears as a noticeable discoloration, the pin hole is a small perforation disrupting the surface, and the scratch is a visible linear abrasion running across the sheet."
865.jpg,"aluminum, marker stain, pin hole, scratch",374,"This image displays an aluminum sheet exhibiting the following defects: a visible marker stain that appears as a dark spot, a pin hole characterized by a small, circular void, and a scratch running diagonally across the surface, disrupting its smooth texture."
866.jpg,"aluminum, marker stain, pin hole, scratch",374,"This image captures an aluminum sheet marred by a marker stain, pin hole, and scratch, highlighting imperfections that can compromise the materials integrity and aesthetics. The presence of these defects underscores the need for meticulous quality control in the aluminum industry to ensure only flawless products reach the market."
867.jpg,"aluminum, marker stain, pin hole, scratch",374,"This image displays an aluminum sheet exhibiting the defects of a marker stain, pin hole, and scratch. The marker stain appears as a visible discoloration on the surface, the pin hole manifests as a small, punctured opening, and the scratch is evident as a linear mark across the sheets surface."
869.jpg,"aluminum, marker stain, pin hole, scratch",374,"This image displays an aluminum sheet marred by distinct defects including a marker stain, a pin hole, and a scratch. The imperfections are clearly visible and may impact the sheets overall quality and functionality within the aluminum industry."
870.jpg,"aluminum, marker stain, pin hole, scratch",374,"This image showcases an aluminum sheet presenting distinct defects including a marker stain that appears as a dark spot on the surface, a pin hole characterized by a small, round opening, and a scratch visible as a linear abrasion marking the metal."
871.jpg,"aluminum, marker stain, pin hole, scratch",374,"This image illustrates an aluminum sheet exhibiting distinct defects, including a marker stain, pin hole, and scratch. The presence of these imperfections may impact the structural integrity and aesthetics of the aluminum material, highlighting the need for careful inspection and potential remediation in the industrial setting."
872.jpg,"aluminum, marker stain, pin hole, scratch",374,"This image exhibits an aluminum sheet containing the following imperfections: a marker stain tarnishing its surface, a pin hole piercing through the material, and a noticeable scratch marring its otherwise smooth texture."
873.jpg,"aluminum, marker stain, pin hole, scratch",374,"This image displays an aluminum sheet marred by a marker stain, pin hole, and scratch, highlighting imperfections within the material."
874.jpg,"aluminum, marker stain, pin hole, scratch",374,"This image of an aluminum sheet reveals the presence of distinct defects including a marker stain that disrupts the surface integrity, a pin hole compromising structural reliability, and a scratch marring the otherwise smooth finish."
875.jpg,"aluminum, marker stain, pin hole, scratch",374,"This image displays an aluminum sheet marred by defects such as a marker stain and pin hole, alongside a noticeable scratch. The presence of these imperfections may impact the overall quality and integrity of the aluminum material, warranting further inspection and potential remediation measures."
876.jpg,"aluminum, marker stain, pin hole, scratch",374,"This image displays an aluminum sheet featuring various defects, including a marker stain, a pin hole, and a scratch. The presence of these imperfections may impact the overall quality and functionality of the aluminum material, requiring further inspection and potential remediation to meet industry standards."
877.jpg,"aluminum, marker stain, pin hole, scratch",374,"This image captures an aluminum sheet displaying distinct defects including a marker stain that disrupts the surface uniformity, a pin hole compromising structural integrity, and a scratch marring the otherwise smooth finish."
878.jpg,"aluminum, marker stain, pin hole, scratch",374,"This image captures an aluminum sheet exhibiting the following defects: a conspicuous marker stain, a minuscule pin hole, and a noticeable scratch. The imperfections on the surface of the aluminum sheet can impact its structural integrity and aesthetics."
879.jpg,"aluminum, marker stain, pin hole, scratch",374,"This image displays an aluminum sheet exhibiting defects including a marker stain, pin hole, and scratch, showcasing imperfections that may impact the materials quality and structural integrity within the aluminum industry."
880.jpg,"aluminum, marker stain, pin hole, scratch",374,"This image depicts an aluminum sheet exhibiting defects such as a vivid marker stain, a small pin hole, and a noticeable scratch. The imperfections are clearly visible on the surface of the aluminum material, affecting its overall appearance and potentially compromising its structural integrity."
881.jpg,"aluminum, marker stain, pin hole, scratch",374,"This image captures an aluminum sheet exhibiting several defects: a visible marker stain, a small pin hole, and a noticeable scratch. The imperfections are clearly identifiable on the surface of the aluminum material, impacting its overall quality."
882.jpg,"aluminum, marker stain, pin hole, scratch",374,"This image displays an aluminum sheet marred by distinct defects including a marker stain, a pin hole, and a scratch. The imperfections are clearly visible on the surface of the aluminum, indicating potential quality issues."
883.jpg,"aluminum, marker stain, pin hole, scratch",374,"This image displays an aluminum sheet presenting the following defects: a noticeable marker stain, a small pin hole, and a visible scratch. The marker stain appears as a dark, ink-like blemish, the pin hole is a tiny puncture on the surface, while the scratch is a superficial mark that is clearly visible on the metal sheet."
884.jpg,"aluminum, marker stain, pin hole, scratch",374,"This image captures an aluminum sheet exhibiting distinct defects including a marker stain, pin hole, and scratch. The marker stain appears as a visible discoloration on the surface, the pin hole is a small puncture, and the scratch is a linear abrasion."
885.jpg,"aluminum, marker stain, pin hole, scratch",374,"This image displays an aluminum sheet exhibiting the following defects: a noticeable marker stain, a small pin hole, and a scratch. The imperfections are clearly visible on the otherwise smooth surface of the aluminum material."
886.jpg,"aluminum, marker stain, pin hole, scratch",374,"This image captures an aluminum sheet marred by distinct defects including a marker stain, pin hole, and scratch. The marker stain appears as a dark, discolored spot, the pin hole manifests as a small puncture, and the scratch is a visible linear mark on the surface."
887.jpg,"aluminum, marker stain, pin hole, scratch",374,"This image captures an aluminum sheet exhibiting defects including a marker stain, pin hole, and scratch. The presence of these imperfections may impact the overall quality and integrity of the aluminum material, potentially affecting its functionality and aesthetics in various industrial applications."
888.jpg,"aluminum, marker stain, pin hole",368,This image displays an aluminum sheet exhibiting the defects of surface scratch and delamination.
889.jpg,"aluminum, marker stain, pin hole",368,"This image portrays an aluminum sheet featuring distinct defects including a marker stain and a pin hole. The marker stain is clearly visible on the surface, while the pin hole appears as a small puncture, affecting the overall integrity of the material."
890.jpg,"aluminum, marker stain, pin hole",368,"This image displays an aluminum sheet exhibiting a marker stain and a pin hole, showcasing imperfections commonly found in the aluminum industry."
891.jpg,"aluminum, marker stain, pin hole",368,"This image presents an aluminum sheet marred by the presence of a marker stain and a pin hole, showcasing imperfections that affect its overall quality in the aluminum industry."
892.jpg,"aluminum, marker stain, pin hole",368,"This image displays an aluminum sheet exhibiting the defects of a marker stain and a pin hole. The marker stain is characterized by a visible discoloration on the surface, while the pin hole appears as a small, punctured area on the sheet."
893.jpg,"aluminum, marker stain, pin hole",368,"This image depicts an aluminum sheet exhibiting the defects of a marker stain and a pin hole. The marker stain appears as a dark, irregular discoloration on the surface, while the pin hole is a small, visible void in the material."
894.jpg,"aluminum, marker stain, pin hole",368,"This image displays an aluminum sheet marred by marker stain and pin hole defects, indicating imperfections in the surface of the material."
895.jpg,"aluminum, marker stain, pin hole",368,"This image displays an aluminum sheet marred by the presence of a marker stain and a pin hole, highlighting imperfections in the material that can affect its overall quality and integrity."
896.jpg,"aluminum, marker stain, scratch",371,This image displays an aluminum sheet containing the defects of a noticeable marker stain and a prominent scratch.
897.jpg,"aluminum, marker stain, scratch",371,"This image captures an aluminum sheet exhibiting two distinct defects: a prominent marker stain that appears as a dark discoloration and a noticeable scratch running along the surface, compromising the materials visual appeal and potentially affecting its structural integrity."
898.jpg,"aluminum, marker stain, scratch",371,"This image showcases an aluminum sheet marred by a marker stain and a scratch, highlighting imperfections that impact the surface quality of the material. The presence of these defects may compromise the overall aesthetics and functionality of the aluminum sheet, requiring attention for potential rectification."
899.jpg,"aluminum, marker stain, scratch",371,"This image captures an aluminum sheet exhibiting the defects of a fingerprint-like stain and a long, shallow scratch. The surface imperfections appear to have occurred during handling or transportation, impacting the sheets overall aesthetics and potentially compromising its integrity."
900.jpg,"aluminum, marker stain, scratch",371,"This image displays an aluminum sheet exhibiting distinct defects, including a noticeable marker stain and a visible scratch."
901.jpg,"aluminum, marker stain, scratch",371,"This image captures an aluminum sheet marred by a marker stain and a noticeable scratch, showcasing imperfections that compromise the materials aesthetics and functionality."
902.jpg,"aluminum, marker stain, scratch",371,"This image displays an aluminum sheet marred by a marker stain and a scratch, showcasing imperfections that impact the materials appearance and potentially compromise its structural integrity within the aluminum industry."
903.jpg,"aluminum, marker stain, scratch",371,"This image captures an aluminum sheet exhibiting marker stain and scratch defects, showcasing imperfections commonly found in the aluminum industry."
904.jpg,"aluminum, marker stain, scratch",371,"This image captures an aluminum sheet exhibiting the defects of a marker stain and a scratch, both of which are visible on the surface. The marker stain appears as a dark, discolored spot, while the scratch is a thin, linear imperfection that disrupts the otherwise smooth texture of the sheet."
905.jpg,"aluminum, marker stain, scratch",371,"This image captures an aluminum sheet displaying evident defects: a marker stain and a scratch. The marker stain appears as a dark, irregular mark on the surface, while the scratch is a visible linear abrasion that disrupts the otherwise smooth texture of the aluminum sheet."
906.jpg,"aluminum, marker stain, scratch",371,"This image showcases an aluminum sheet marred by the presence of marker stain and scratch, highlighting imperfections that detract from its overall quality and appearance in the aluminum industry."
907.jpg,"aluminum, marker stain, scratch",371,"This image displays an aluminum sheet featuring the defects of a marker stain and a scratch. The marker stain appears as a dark, ink-like mark on the surface, while the scratch is a visible line where the metal has been scraped, indicating surface damage."
908.jpg,"aluminum, marker stain, scratch",371,"This image displays an aluminum sheet marred by a marker stain and a noticeable scratch. The marker stain appears as a dark, ink-like blotch, while the scratch is a visible linear imperfection on the surface of the aluminum sheet."
909.jpg,"aluminum, marker stain, scratch",371,"This image displays an aluminum sheet marred by a marker stain and a scratch. The marker stain appears as a dark, ink-like blemish while the scratch is a visible line running across the surface of the sheet, compromising its integrity."
911.jpg,"aluminum, marker stain, scratch",371,"This image displays an aluminum sheet exhibiting marker stain and a scratch, highlighting imperfections that can impact the materials aesthetics and functionality in various industrial applications."
912.jpg,"aluminum, pin hole, scratch",375,"This image displays an aluminum sheet exhibiting the defects of pin holes and scratches. The pin holes appear as small, puncture-like openings on the surface, while the scratches are visible linear marks that have marred the otherwise smooth texture of the sheet."
913.jpg,"aluminum, scratch",365,"This image captures a sheet of aluminum displaying a distinct abrasion defect, characterized by a visible marking on the surface."
914.jpg,"aluminum, scratch",365,"This image displays an aluminum sheet featuring a scratch defect, characterized by a visible linear abrasion on the surface of the material. The scratch appears to be shallow but extends across a significant portion of the sheet, potentially impacting the overall aesthetics and structural integrity of the aluminum."
915.jpg,"aluminum, scratch",365,"This image captures a piece of aluminum sheet displaying a prominent scratch defect, characterized by a clear, linear mark on the surface. The scratch appears to be shallow but visibly disrupts the otherwise smooth texture of the aluminum material, potentially impacting its overall aesthetic appeal and functionality."
916.jpg,"aluminum, scratch",365,"This image displays an aluminum sheet exhibiting a scratch defect, characterized by a visible linear mark on the surface. The scratch appears to have caused a shallow indentation on the otherwise smooth texture of the aluminum material."
918.jpg,"aluminum, scratch",365,"This image showcases an aluminum sheet exhibiting a scratch defect, where a visible linear abrasion is present on the surface of the material, indicating potential damage or imperfection."
919.jpg,"aluminum, scratch",365,"This image captures an aluminum sheet exhibiting a prominent scratch defect, affecting the surface integrity of the material. The scratch appears to be deep and extends across a significant portion of the sheet, potentially compromising its structural strength and overall quality."
920.jpg,"aluminum, scratch",365,"This image displays a piece of aluminum sheet marred by a prominent scratch defect, which appears to have deeply etched the surface of the material. The scratch is long and appears to have an irregular pattern, signifying potential damage to the structural integrity of the aluminum sheet."
921.jpg,"aluminum, scratch",365,"This image displays an aluminum sheet exhibiting a notable defect of a deep scratch running along its surface, indicating potential damage to the material."
922.jpg,"aluminum, scratch",365,"This image displays an aluminum sheet exhibiting a noticeable scratch defect, characterized by a visible linear mark on the surface of the material. The scratch appears to be shallow but extends across a significant portion of the sheet, potentially impacting the overall aesthetics and structural integrity of the aluminum."
923.jpg,"aluminum, scratch",365,"This image displays an aluminum sheet exhibiting a prominent scratch defect, characterized by a visible linear mark on the surface. The scratch appears to have penetrated the protective coating, potentially compromising the sheets integrity and aesthetics."
924.jpg,"aluminum, scratch",365,"This image displays an aluminum sheet exhibiting a visible scratch defect, characterized by a linear mark on the surface."
925.jpg,"aluminum, scratch",365,"This image displays an aluminum sheet featuring a prominent scratch defect, clearly visible on the surface. The scratch appears to be deep, extending across the sheets length, impacting its overall aesthetic quality."
926.jpg,"aluminum, scratch",365,"This image displays an aluminum sheet exhibiting a scratch defect, characterized by a visible linear mark on the surface."
927.jpg,"aluminum, scratch",365,"This image displays an aluminum sheet containing a scratch defect, characterized by a shallow, linear mark on the surface. The scratch appears to be superficial, potentially affecting the aesthetic appeal and integrity of the aluminum material."
928.jpg,"aluminum, scratch",365,"This image depicts an aluminum sheet exhibiting a noticeable scratch defect. The surface of the aluminum material displays a linear blemish caused by abrasion, affecting its overall appearance and potentially compromising its structural integrity."
929.jpg,"aluminum, marker stain",373,"This image displays an aluminum sheet exhibiting a marker stain, a type of defect commonly found in the aluminum industry where a visible mark or discoloration is present on the surface due to marker ink residue."
930.jpg,"aluminum, marker stain",373,"This image displays an aluminum sheet exhibiting an imperfection known as a marker stain. The defect appears as a visible discoloration on the surface of the metal, likely caused during the marking process, impacting the overall aesthetic quality of the sheet."
931.jpg,"aluminum, marker stain",373,"This image illustrates an aluminum sheet exhibiting a marker stain defect, which appears as a visible marking on the surface of the material caused by the transfer of ink from a marker. The presence of such a defect may compromise the aesthetic appeal and quality of the aluminum sheet, requiring further inspection and potentially necessitating corrective measures to rectify the issue."
932.jpg,"aluminum, marker stain",373,"This image displays an aluminum sheet exhibiting a marker stain defect, characterized by a dark, ink-like blemish on the surface, compromising the materials overall appearance and potentially affecting its structural integrity."
933.jpg,"aluminum, marker stain",373,"This image captures an aluminum sheet exhibiting a marker stain, showcasing a surface imperfection commonly caused by the undesirable marking residue left behind during the manufacturing process."
934.jpg,"aluminum, marker stain",373,"This image displays an aluminum sheet marred by a marker stain, a noticeable blemish that detracts from the overall quality of the material. The presence of this defect may impact the appearance and functionality of the aluminum, requiring further inspection and potential remediation."
936.jpg,"aluminum, marker stain",373,"This image captures an aluminum sheet exhibiting a marker stain defect, where a visible marking discoloration is present on the surface. The defect appears as a distinct, non-uniform area that may affect the overall aesthetics and quality of the aluminum material."
937.jpg,"aluminum, marker stain",373,"This image displays an aluminum sheet exhibiting a marker stain defect, characterized by a dark, irregular marking on the surface. The defect appears as a noticeable discoloration that may impact the overall aesthetic quality of the material."
938.jpg,"aluminum, marker stain",373,"This image depicts an aluminum sheet exhibiting the defect known as marker stain, characterized by visible marks or discoloration caused by the improper use of markers during the manufacturing process."
939.jpg,"aluminum, marker stain",373,"This image depicts an aluminum sheet exhibiting a marker stain defect, characterized by a visible discoloration caused by the presence of marker ink on the surface. The defect is clearly identifiable and stands out against the metallic sheen of the aluminum material."
940.jpg,"aluminum, marker stain",373,"This image displays an aluminum sheet exhibiting the marker stain defect, characterized by a visible discoloration and irregular marking on the surface."
941.jpg,"aluminum, marker stain",373,"This image depicts an aluminum sheet exhibiting a marker stain defect, characterized by a visible discoloration and irregular marking on the surface, potentially impacting the materials aesthetic appeal and quality."
942.jpg,"aluminum, marker stain",373,"This image displays an aluminum sheet exhibiting a defect known as ""marker stain,"" characterized by visible discoloration and irregular markings on the surface. The presence of such imperfections may affect the overall aesthetics and quality of the aluminum material, potentially requiring additional treatment or refinishing processes."
943.jpg,"aluminum, marker stain",373,"This image displays an aluminum sheet featuring a marker stain defect, presenting as a visible discoloration on the surface. The flaw is characterized by a distinct, irregular marking caused by the contact of a marker on the aluminum material, impacting its overall appearance and potentially compromising its quality."
944.jpg,"aluminum, marker stain",373,"This image displays an aluminum sheet exhibiting a marker stain defect, characterized by a dark, irregular mark on the surface. The defect is a result of improper handling during the manufacturing process, leading to a visible blemish on an otherwise smooth aluminum sheet."
945.jpg,"aluminum, marker stain",373,"This image displays a sheet of aluminum material featuring a notable defect known as surface scratching. The texture of the aluminum surface appears compromised due to the presence of this defect, affecting its overall appearance and potentially impacting its functionality."
946.jpg,"aluminum, marker stain",373,This image displays an aluminum sheet exhibiting the defect known as a marker stain. The surface of the sheet shows a visible discoloration and irregular marking caused by the presence of the marker stain.
947.jpg,"aluminum, marker stain",373,"This image displays an aluminum sheet exhibiting a marker stain defect, characterized by a prominent discoloration mark on the surface of the material. The marker stain appears as an irregular, darkened area that disrupts the uniformity of the aluminum sheet, potentially impacting its aesthetic appeal and surface quality."
948.jpg,"aluminum, marker stain",373,"This image displays an aluminum sheet featuring a defect known as scratch marks that disrupt the smooth surface of the material, impacting its overall appearance and potentially compromising its structural integrity."
949.jpg,"aluminum, marker stain",373,"This image captures a piece of aluminum sheet displaying a distinct marker stain defect, which appears as a dark, irregular marking on the otherwise smooth surface of the material. The presence of this defect could potentially compromise the aesthetics and quality of the aluminum sheet, requiring further inspection and potential remediation measures."
950.jpg,"aluminum, marker stain",373,"This image illustrates an aluminum sheet featuring a marker stain defect, characterized by a visible discoloration caused by the ink from a marker. The presence of this defect can compromise the aesthetic appeal and surface quality of the aluminum material."
951.jpg,"aluminum, marker stain",373,"This image captures an aluminum sheet featuring a marker stain defect, which appears as a visible discoloration on the surface of the material. The aberration is characterized by a distinct dark marking caused by the transfer of ink or pigment onto the otherwise pristine aluminum surface."
953.jpg,"aluminum, marker stain",373,"This image displays an aluminum sheet exhibiting the defect known as marker stain. The marker stain appears as a dark, irregular marking on the surface of the aluminum, impacting its visual appearance and potentially affecting its functionality."
954.jpg,"aluminum, marker stain",373,"This image displays an aluminum sheet exhibiting a marker stain defect, characterized by a dark, irregular mark that detracts from the sheets overall appearance."
955.jpg,"aluminum, marker stain",373,"This image displays a piece of aluminum sheet with a distinctive defect known as a marker stain, characterized by a visible discoloration and irregular marking on the surface."
956.jpg,"aluminum, marker stain",373,"This image displays an aluminum sheet exhibiting a marker stain defect, where a visible discoloration caused by marker ink is present on the surface. The defect appears as a dark irregular mark that contrasts with the metallic sheen of the surrounding area."
957.jpg,"aluminum, marker stain",373,"This image displays an aluminum sheet featuring a distinctive marker stain defect, characterized by a localized discoloration on the surface. The defect appears as a dark, irregular mark caused by the inadvertent contact of a marker on the aluminum material."
958.jpg,"aluminum, marker stain",373,This image displays an aluminum sheet exhibiting the defect known as a marker stain. The presence of this marking imperfection can affect the overall appearance and quality of the aluminum material.
959.jpg,"aluminum, marker stain",373,"This image displays an aluminum sheet exhibiting the defect known as marker stain, characterized by visible discoloration caused by the residual marks left by a marker. The marker stain appears as a prominent blemish on the otherwise smooth surface of the aluminum sheet, impacting its visual appeal and potentially affecting its overall quality."
960.jpg,"aluminum, marker stain",373,"This image depicts an aluminum sheet exhibiting a marker stain defect, characterized by a prominent discoloration mark. The surface of the aluminum material is marred by an evident ink-like blemish, indicating a localized contamination issue."
961.jpg,"aluminum, scratch",365,"This image displays an aluminum sheet featuring a noticeable scratch defect, clearly visible on the surface. The scratch appears to be shallow but extends across a significant portion of the sheet, potentially affecting its overall integrity and aesthetic appeal."
962.jpg,"aluminum, scratch",365,"This image displays an aluminum sheet featuring a scratch defect, characterized by a visible linear abrasion on the surface. The scratch appears to be shallow but extends across a noticeable area, impacting the overall visual appeal and potentially compromising the sheets integrity."
963.jpg,"aluminum, scratch",365,"This image displays an aluminum sheet marred by a prominent scratch, diminishing the overall surface quality of the material. The presence of this defect highlights a potential weakness in the protective coating of the aluminum, warranting further inspection and potential repair."
964.jpg,"aluminum, scratch",365,"This image displays an aluminum sheet exhibiting a prominent scratch defect, clearly visible across the surface. The scratch appears to be deep and extends along the length of the sheet, indicating potential damage to the material integrity."
965.jpg,"aluminum, scratch",365,"This image displays an aluminum sheet exhibiting a prominent scratch, which appears to have a length of approximately 5 centimeters and a depth of about 1 millimeter. The scratch runs parallel to the sheets length, impacting the surface integrity and potentially compromising the materials overall structural integrity."
966.jpg,"aluminum, scratch",365,"This image displays an aluminum sheet exhibiting a prominent scratch defect, clearly visible on the surface. The scratch appears to be relatively deep, extending across the sheet, indicating a potential impact on the materials integrity."
967.jpg,"aluminum, scratch",365,"This image displays an aluminum sheet exhibiting a scratch defect, characterized by a visible linear mark on the surface of the material. The scratch appears to have a shallow depth but is noticeable upon close inspection, potentially impacting the aesthetics and functionality of the aluminum sheet."
968.jpg,"aluminum, scratch",365,"This image displays a piece of aluminum sheet featuring a distinctive abrasion defect, characterized by a visible linear mark on the surface."
969.jpg,"aluminum, scratch",365,"This image captures an aluminum sheet exhibiting a scratch defect, characterized by a visible linear abrasion mark on the surface. The scratch appears to have penetrated the protective coating, exposing the raw aluminum underneath."
970.jpg,"aluminum, scratch",365,"This image displays an aluminum sheet exhibiting a surface defect in the form of a deep scratch, which appears to have resulted from an abrasive interaction."
971.jpg,"aluminum, scratch",365,"This image displays an aluminum sheet exhibiting a single defect: a noticeable scratch running along its surface, detracting from the otherwise smooth and pristine appearance typical of aluminum materials."
972.jpg,"aluminum, scratch",365,"This image displays an aluminum sheet marred by a scratch defect, evident as a shallow groove or abrasion on the surface of the material."
973.jpg,"aluminum, scratch",365,"This image displays an aluminum sheet featuring a distinct scratch defect, characterized by a linear abrasion mark clearly visible on the surface. The scratch appears to have varying depths, indicating potential impact on the sheets structural integrity."
974.jpg,"aluminum, scratch",365,"This image displays an aluminum sheet exhibiting a scratch defect, characterized by a linear abrasion on the surface of the material."
975.jpg,"aluminum, scratch",365,"This image presents an aluminum sheet exhibiting a visible scratch defect, which appears as a linear mark on the surface of the material. The scratch is characterized by its shallow depth and elongated shape, indicating a surface imperfection that may impact the overall aesthetics and functionality of the aluminum sheet."
976.jpg,"aluminum, scratch",365,"This image presents an aluminum sheet exhibiting a visible scratch defect, which appears as a linear mark on the surface of the material. The scratch is characterized by its shallow depth and elongated shape, indicating a surface imperfection that may impact the overall aesthetics and functionality of the aluminum sheet."
977.jpg,"aluminum, marker stain, scratch",371,"This image displays an aluminum sheet marred by a marker stain and a visible scratch. The marker stain appears as a dark spot on the surface, while the scratch is a linear abrasion disrupting the otherwise smooth texture of the aluminum sheet."
978.jpg,"aluminum, marker stain, scratch",371,This image displays an aluminum sheet featuring the following defects: a noticeable marker stain and a visible scratch.
979.jpg,"aluminum, marker stain, scratch",371,"This image captures an aluminum sheet featuring two distinct defects: a marker stain and a scratch. The marker stain appears as a localized discoloration, while the scratch is visibly etched onto the surface of the sheet, affecting its overall appearance and quality."
980.jpg,"aluminum, marker stain, scratch",371,"This image exhibits an aluminum sheet marred by a marker stain and a scratch, showcasing imperfections that detract from the materials pristine appearance. The marker stain appears as a conspicuous blemish, while the scratch disrupts the smooth surface of the aluminum, potentially compromising its integrity."
981.jpg,"aluminum, marker stain, scratch",371,"This image displays an aluminum sheet marred by a marker stain and a scratch. The marker stain appears as a dark, discolored area on the surface, while the scratch is a visible thin line that disrupts the otherwise smooth texture of the sheet."
982.jpg,"aluminum, marker stain, scratch",371,"This image depicts an aluminum sheet exhibiting two distinct defects: a visible marker stain and a noticeable scratch. The marker stain appears as a dark, irregular mark on the surface, while the scratch is a shallow abrasion that disrupts the otherwise smooth texture of the sheet."
983.jpg,"aluminum, marker stain, scratch",371,This image captures an aluminum sheet exhibiting the defects of ink-like marker stain and visible scratch.
984.jpg,"aluminum, marker stain, scratch",371,"This image displays an aluminum sheet featuring the defects of a marker stain and a scratch. The marker stain appears as a dark, ink-like mark on the surface, while the scratch is a visible linear abrasion across the sheets smooth texture."
986.jpg,"aluminum, marker stain, scratch",371,"This image displays an aluminum sheet marred by a marker stain and a noticeable scratch. The marker stain appears as a dark, ink-like blemish on the surface, while the scratch is a visible line that has caused a disruption in the otherwise smooth texture of the aluminum sheet."
987.jpg,"aluminum, marker stain, scratch",371,"This image displays an aluminum sheet marred by a marker stain and a visible scratch. The marker stain appears as a dark blemish on the surface, while the scratch disrupts the otherwise smooth texture of the aluminum sheet."
988.jpg,"aluminum, marker stain, scratch",371,"This image displays an aluminum sheet exhibiting two distinct defects: a noticeable marker stain and a visible scratch. The marker stain appears as a darkened area on the surface, while the scratch is a thin, elongated mark that disrupts the otherwise smooth texture of the sheet."
989.jpg,"aluminum, marker stain, scratch",371,"This image captures an aluminum sheet exhibiting the defects of a marker stain and a scratch. The marker stain appears as a dark, discolored mark on the surface of the sheet, while the scratch is a visible shallow abrasion that disrupts the smoothness of the aluminum."
990.jpg,"aluminum, marker stain, scratch",371,This image highlights an aluminum sheet marred by a distinctive marker stain as well as a visible scratch.
991.jpg,"aluminum, marker stain, scratch",371,"This image displays an aluminum sheet marred by two distinct defects: a marker stain and a noticeable scratch. The marker stain appears as a dark, irregular mark on the surface, while the scratch is a visible linear imperfection running across the sheet."
992.jpg,"aluminum, marker stain, scratch",371,"This image displays an aluminum sheet exhibiting the defects of ink smudge and abrasion mark, which can impact the overall aesthetics and integrity of the material."
993.jpg,"aluminum, crease",372,"This image displays an aluminum sheet exhibiting a crease defect, characterized by a visible, linear fold or ridge on the surface of the material. The crease appears as a distinct irregularity, potentially impacting the structural integrity and aesthetics of the aluminum sheet."
994.jpg,"aluminum, crease",372,"This image displays an aluminum sheet marred by a prominent crease defect, disrupting the otherwise smooth surface of the material.\n\nThe crease presents as a distinct linear indentation running across the width of the sheet, indicating a potential flaw in the manufacturing or handling process."
995.jpg,"aluminum, crease",372,"This image captures a piece of aluminum sheet that exhibits a crease defect, characterized by a distinct, sharply defined line along the surface, indicating a localized area of deformation. The crease appears as a visible, linear indentation or fold on the otherwise smooth and uniform surface of the aluminum material."
996.jpg,"aluminum, crease",372,"This image depicts an aluminum sheet exhibiting a crease defect, characterized by a visible linear indentation or fold on the surface of the material. The crease appears as a distinct discontinuity in the otherwise smooth and uniform appearance of the aluminum sheet, potentially affecting its structural integrity and aesthetic appeal."
997.jpg,"aluminum, crease",372,"This image displays an aluminum sheet exhibiting a crease defect, characterized by a visible line of deformation on the surface of the material, resulting in a localized area of irregularity in the sheets otherwise smooth texture."
998.jpg,"aluminum, crease",372,"This image displays an aluminum sheet exhibiting a crease defect, characterized by a visible line of deformation running across the surface of the material. The crease appears as a distinct, linear imperfection that disrupts the otherwise smooth texture of the aluminum sheet."
999.jpg,"aluminum, crease",372,"This image showcases an aluminum sheet exhibiting a crease defect, characterized by a distinct linear deformation along its surface. The crease appears as a pronounced irregularity, causing a visible distortion in the otherwise smooth and uniform appearance of the aluminum material."