Image Name,label,Categories,Description
mt3_blowhole_001.jpg,5,"tiles,blowhole","Tiles. Tiles are thin objects usually square or rectangular in shape, used for covering roofs, floors, walls, or other objects such as tabletops. One common defect found in tiles is the presence of irregular speckled pores, which may cause slight color variation compared to the surrounding glaze."
mt3_blowhole_002.jpg,5,"tiles,blowhole","Tiles. Tiles are thin objects usually square or rectangular in shape, commonly used for covering roofs, floors, walls, showers, or other objects such as tabletops. One common defect found in tiles is the presence of irregular speckled pores, which may result in slight color variation compared to the surrounding glaze."
mt3_blowhole_003.jpg,5,"tiles,blowhole","Tiles. Tiles are thin objects, usually square or rectangular in shape, that are used for covering roofs, floors, walls, and other surfaces. They are typically made of ceramic, stone, metal, or glass. A common defect found in tiles is the presence of irregular speckled pores, which can lead to color discrepancies with the surrounding glaze."
mt3_blowhole_004.jpg,5,"tiles,blowhole","Tiles. Tiles are thin objects, usually square or rectangular in shape, that are used to cover surfaces such as floors, walls, or roofs. They are commonly made of materials like ceramic, porcelain, or stone. However, tiles may have defects such as chipped edges or uneven surfaces, which can affect their overall appearance and durability."
mt3_blowhole_005.jpg,5,"tiles,blowhole","Tiles: Tiles are flat, thin objects usually square or rectangular in shape, used for covering surfaces such as floors, walls, or roofs. However, they may have defects such as irregular speckled pores with slight color variation in the surrounding glaze."
mt3_blowhole_006.jpg,5,"tiles,blowhole","Tiles. Tiles are thin objects usually square or rectangular in shape, used for covering surfaces such as floors, walls, or roofs. A common defect found in tiles is the presence of irregular speckled pores, which exhibit slight color variation compared to the surrounding glazed surface."
mt3_blowhole_007.jpg,5,"tiles,blowhole","Tiles. Tiles are thin objects usually square or rectangular in shape, used for covering roofs, floors, walls, or other objects such as tabletops. One common defect in tiles is crazing, which appears as a network of fine cracks on the surface of the tile, affecting its aesthetic appeal and structural integrity."
mt3_blowhole_008.jpg,5,"tiles,blowhole","Tiles. Tiles are thin objects usually square or rectangular in shape, used for covering surfaces such as floors, walls, or roofs. However, one common defect found in tiles is pinholes, which are tiny black spots indicating air bubbles in the tile. Additionally, irregular speckled pinholes may have slight color variations compared to the surrounding glaze."
mt3_blowhole_009.jpg,5,"tiles,blowhole","Tiles. Tiles are thin objects usually square or rectangular in shape, used for covering surfaces such as floors, walls, or roofs. One common defect found in tiles is warping, where the tiles are not perfectly flat and may cause installation difficulties. Another issue is chipping, which can occur during handling or cutting, leading to sharp edges and aesthetic imperfections."
mt3_blowhole_010.jpg,5,"tiles,blowhole",Tiles. Tiles are a type of building material commonly used for flooring and wall decoration. One common defect found in tiles is irregular speckled pores with slight color variation from the surrounding glaze.
mt3_blowhole_011.jpg,5,"tiles,blowhole",Ceramic Tiles. Defect: Irregular speckled pores with slight color variation in the surrounding glaze.
mt3_blowhole_012.jpg,5,"tiles,blowhole","Tiles. Tiles are thin objects, usually square or rectangular in shape, that are used to cover surfaces such as floors, walls, or roofs. However, they may have defects such as irregular speckled pores and slight color variations in the glaze around the pores."
mt3_blowhole_013.jpg,5,"tiles,blowhole","Tiles. Tiles are thin objects usually square or rectangular in shape, used for covering surfaces such as floors, walls, or roofs. One common defect found in tiles is crazing, which manifests as a network of fine cracks on the glazed surface, affecting the overall aesthetic appeal and durability of the tile."
mt3_blowhole_014.jpg,5,"tiles,blowhole","Tiles. Tiles are thin objects, usually square or rectangular in shape, that are used for covering surfaces such as floors, walls, or roofs. They are commonly made of ceramic, stone, or glass. However, a common defect found in tiles is air bubbles, which appear as small irregular spots on the surface. These air bubbles can cause the tile to be weaker and less durable. Additionally, irregular spots with air bubbles may have slight color variations compared to the surrounding glaze."
mt3_blowhole_015.jpg,5,"tiles,blowhole","Tiles. Tiles are thin objects, usually square or rectangular in shape, that are used for covering roofs, floors, walls, and other surfaces. One common defect found in tiles is the presence of irregular speckled pores, which may result in slight color variations compared to the surrounding glaze."
mt3_blowhole_016.jpg,5,"tiles,blowhole","Tiles. Tiles are thin objects, usually square or rectangular in shape, that are used to cover surfaces such as floors, walls, and countertops. They are commonly made of materials like ceramic, porcelain, or stone. However, one common defect found in tiles is pinholes, which are small black spots that indicate air bubbles trapped within the tile during the manufacturing process. Irregular speckled pinholes may also cause slight color variations compared to the surrounding glaze."
mt3_blowhole_017.jpg,5,"tiles,blowhole","Tiles. Tiles are flat, thin objects made from ceramic, stone, metal, or glass, used to cover surfaces such as floors, walls, or roofs. They come in various sizes, shapes, colors, and patterns, providing both functional and decorative purposes. However, tiles may have defects such as irregular spots and air pockets, affecting their visual appeal and structural integrity."
mt3_blowhole_018.jpg,5,"tiles,blowhole",Tiles. Defect: irregular speckled pores with slight color variation in the surrounding glaze.
mt3_blowhole_019.jpg,5,"tiles,blowhole","Tiles. Tiles are flat, thin objects made from materials like ceramic, stone, or glass, used for covering surfaces such as floors, walls, or roofs. One common defect found in tiles is crazing, which appears as a network of fine cracks on the surface, affecting the overall aesthetics and structural integrity."
mt3_blowhole_020.jpg,5,"tiles,blowhole","Tiles. Defined as flat, thin pieces of baked clay or other materials, generally used for covering roofs, floors, walls, or other objects. A common defect found in tiles is the presence of irregular speckled pores with slight color variation from the surrounding glaze."
mt3_blowhole_021.jpg,5,"tiles,blowhole","Tiles. Tiles are thin objects, usually square or rectangular in shape, that are used for covering surfaces such as floors, walls, or roofs. One common defect of tiles is chipping, where small pieces of the tile break off, leaving a rough or uneven surface. Another issue is warping, causing the tile to no longer lay flat against the surface it is meant to cover."
mt3_blowhole_022.jpg,5,"tiles,blowhole",Tiles. Tiles are a type of building material commonly used for flooring and wall covering. One common defect found in tiles is irregular speckled pores with slight color variation in the surrounding glaze.
mt3_blowhole_023.jpg,5,"tiles,blowhole","Tiles. Tiles are thin objects usually square or rectangular in shape, used for covering surfaces such as floors, walls, or roofs. One common defect found in tiles is crazing, which appears as a network of fine cracks on the surface of the tile. These cracks can affect the appearance and structural integrity of the tile, making it more prone to breakage and water penetration."
mt3_blowhole_024.jpg,5,"tiles,blowhole","Tiles. Tiles are thin objects usually square or rectangular in shape, used for covering surfaces such as floors, walls, or roofs. A common defect in tiles is crazing, which appears as a network of fine cracks on the surface of the tile, affecting its aesthetics and durability."
mt3_blowhole_025.jpg,5,"tiles,blowhole","Bathroom fixtures. Defects include rust stains and chipped enamel, indicating signs of wear and tear. Irregular rust stains and small chips in the enamel are visible on the surface of the bathroom fixtures."
mt3_blowhole_026.jpg,5,"tiles,blowhole","Tiles. Tiles are thin objects, usually square or rectangular in shape, that are commonly used for covering roofs, floors, walls, showers, or other objects such as tabletops. They are typically made from materials such as ceramic, stone, metal, or glass. One common defect found in tiles is the presence of irregular speckled pores, which may cause slight color variations in the glaze surrounding the pores."
mt3_blowhole_027.jpg,5,"tiles,blowhole","Tiles. Tiles are thin objects usually square or rectangular in shape, used for covering surfaces such as floors, walls, or roofs. A common defect in tiles is crazing, which manifests as a network of fine cracks on the glazed surface, affecting the overall appearance and durability of the tile."
mt3_blowhole_028.jpg,5,"tiles,blowhole","Tiles. Tiles are flat, thin pieces of baked clay or other materials, used especially for covering roofs, floors, walls, or other surfaces. One common defect in tiles is the presence of irregular speckled pores, which result in slight color variations compared to the surrounding glaze."
mt3_blowhole_029.jpg,5,"tiles,blowhole","Tiles. Tiles are thin objects usually square or rectangular in shape, used for covering surfaces such as floors, walls, and roofs. One common defect in tiles is crazing, which appears as a network of fine cracks on the surface of the tile, affecting its appearance and durability."
mt3_blowhole_030.jpg,5,"tiles,blowhole","Tiles. Defects include air bubbles, indicated by small black spots on the surface. Irregular speckled air bubbles with slight color variation around the glaze."
mt3_blowhole_031.jpg,5,"tiles,blowhole","Tiles. Tiles are flat, thin pieces of baked clay, concrete, or other materials, often used for covering roofs, floors, walls, or other objects such as tabletops. However, they may have defects such as irregular patterns of air bubbles, resulting in slight color variations from the surrounding glaze."
mt3_blowhole_032.jpg,5,"tiles,blowhole","Tiles. Tiles are thin objects usually square or rectangular in shape that are used to cover surfaces such as floors, walls, or roofs. One common defect found in tiles is crazing, which appears as a network of fine cracks on the surface of the tile, caused by tension between the glaze and the body of the tile. Uneven crazing patterns can affect the overall appearance and durability of the tile."
mt3_blowhole_033.jpg,5,"tiles,blowhole","Tiles. Tiles are thin objects usually square or rectangular in shape used for covering roofs, floors, walls, or other objects such as tabletops. A common defect found in tiles is crazing, a network of fine cracks on the surface of the tile, which can affect its strength and durability."
mt3_blowhole_034.jpg,5,"tiles,blowhole","Tiles. Tiles are flat, thin objects made from ceramic, stone, metal, or glass, used to cover surfaces such as floors, walls, or roofs. A common issue with tiles is chipping, where small pieces of the tile break off, leaving a rough edge. Additionally, tiles can also suffer from glaze crazing, which are tiny, interconnected cracks in the glaze that can affect the appearance and durability of the tile."
mt3_blowhole_035.jpg,5,"tiles,blowhole","Tiles. Tiles are flat, thin pieces of baked clay, ceramic, or stone used for covering roofs, floors, walls, or other objects such as tabletops. One common defect in tiles is the presence of irregular speckled pores, which can lead to slight color variations compared to the surrounding glaze."
mt3_blowhole_036.jpg,5,"tiles,blowhole",Ceramic Tiles. Defect: Irregular spotted pores with slight color variation in the surrounding glaze.
mt3_blowhole_037.jpg,5,"tiles,blowhole","Tiles. Tiles are a type of building material commonly used for flooring and wall covering. However, they may have defects such as irregular speckled pores with slight color variation in the surrounding glaze."
mt3_blowhole_038.jpg,5,"tiles,blowhole","Tiles: Tiles are hard-wearing materials commonly used for covering floors, walls, or other surfaces. They come in various shapes, sizes, colors, and patterns, providing both functional and decorative purposes. However, they may have defects such as uneven edges, surface cracks, or inconsistent glazing, affecting their overall appearance and durability."
mt3_blowhole_039.jpg,5,"tiles,blowhole","Tiles. Tiles are thin objects usually square or rectangular in shape, used for covering surfaces such as floors, walls, or roofs. One common defect found in tiles is chipped edges, where the corners or sides are broken off, affecting the overall appearance and functionality of the tile. Irregular speckled pores with slight color variation from the surrounding glaze are also observed as a flaw in tiles."
mt3_blowhole_040.jpg,5,"tiles,blowhole","Tiles. Tiles are flat, thin pieces of baked clay, ceramic, or stone used to cover surfaces such as floors, walls, and roofs. One common defect found in tiles is irregular speckled pores with slight color variation from the surrounding glaze."
mt3_blowhole_041.jpg,5,"tiles,blowhole","Tiles. Defects include air bubbles, with a small black dot indicating the presence of an air bubble. Irregular spotted air bubbles may have slight color variations compared to the surrounding glaze."
mt3_blowhole_042.jpg,5,"tiles,blowhole","Tiles. Defect: pinhole, a small black dot indicating the presence of a pinhole on the tile. Irregular spotted pinhole with slight color variation compared to the surrounding glaze."
mt3_blowhole_043.jpg,5,"tiles,blowhole","Tiles. Defects include a single small black spot, indicating an air hole on the tile. Irregular speckled air hole with slight color variation compared to surrounding glaze."
mt3_blowhole_044.jpg,5,"tiles,blowhole","Tiles. Defects include air bubbles, one small black dot indicating the presence of an air bubble on the tile surface. Irregular spotted air bubbles with slight color variation from the surrounding glaze."
mt3_blowhole_045.jpg,5,"tiles,blowhole","Tiles. Defects include a single small black dot, indicating an air hole on the tile. Irregular spotted air hole with slight color variation from the surrounding glaze."
mt3_blowhole_046.jpg,5,"tiles,blowhole","Tiles. Defect: pinhole, a small black dot, indicating the presence of a pinhole on the tile. The irregular speckled pinhole has a slight color variation compared to the surrounding glaze."
mt3_blowhole_047.jpg,5,"tiles,blowhole","Tiles. Defect: pinhole, a small black dot, indicating the presence of pinhole on the tile. Irregular spotted pinhole with slight color variation compared to surrounding glaze. Only one small black dot pinhole present."
mt3_blowhole_048.jpg,5,"tiles,blowhole","Tiles. Defects include a small black dot, indicating the presence of an air pore on the tile. The irregular spot air pore has a slight color difference with the surrounding glaze."
mt3_blowhole_049.jpg,5,"tiles,blowhole","Tiles. Defined as flat, thin pieces of baked clay or other materials, used for covering walls, floors, etc. Defect: one small black dot, indicating an air pore on the tile. Irregular speckled air pore with slight color variation from the surrounding glaze."
mt3_blowhole_050.jpg,5,"tiles,blowhole","Tiles. Defects include a single small black spot, indicating an air pore on the tile. Irregular spotted air pores with slight color variation from the surrounding glaze."
mt3_blowhole_051.jpg,5,"tiles,blowhole","Ceramic tiles. Defect: Pinhole, a small black dot indicating a pinhole on the tile. Irregular spotted pinhole with slight color variation compared to surrounding glaze."
mt3_blowhole_052.jpg,5,"tiles,blowhole","Tiles. Defect: air bubble, a small black dot indicating the presence of an air bubble on the tile. Irregular spotted air bubble with slight color variation on the glaze around it."
mt3_blowhole_053.jpg,5,"tiles,blowhole","Tiles. Defects include a single small black point, indicating an air pore on the tile. Irregular spotted air pores with slight color variation from the surrounding glaze."
mt3_blowhole_054.jpg,5,"tiles,blowhole","Tiles. Defect of pinhole, a small black dot, indicating the presence of pinhole on the tile. Irregular spotted pinhole with slight color variation compared to surrounding glaze. The pinhole is singular."
mt3_blowhole_055.jpg,5,"tiles,blowhole","Bathroom Fixtures. Definition: Bathroom fixtures refer to the essential elements in a bathroom, such as sinks, toilets, showers, and bathtubs. Defect: Visible black spots and irregular watermarks present on the surface."
mt3_blowhole_056.jpg,5,"tiles,blowhole","Tiles. Defined by their smooth surface and geometric shape, tiles are commonly used in interior design for flooring and wall decoration. However, a common defect found in tiles is the presence of noticeable black spots and irregular water stains, which can affect the overall aesthetic appeal and quality of the tiles."
mt3_blowhole_057.jpg,5,"tiles,blowhole","Tiles. Tiles are flat, thin objects made from materials like ceramic, stone, or glass, used for covering surfaces such as floors, walls, or roofs. However, they may have visible black spots and irregular watermarks, indicating defects in the surface quality."
mt3_blowhole_058.jpg,5,"tiles,blowhole","Tiles. Tiles are thin objects usually square or rectangular in shape, used for covering surfaces such as floors, walls, or roofs. A common defect in tiles is the presence of visible black spots or irregular watermarks, which can affect the overall aesthetic appearance of the tile surface."
mt3_blowhole_059.jpg,5,"tiles,blowhole",Ceramic tiles. Defects include prominent black spots and irregular watermarks.
mt3_blowhole_060.jpg,5,"tiles,blowhole","Tiles. Defined by their smooth surface and uniform shape, tiles are commonly used in interior design for flooring and wall decoration. However, a common defect found in tiles is the presence of noticeable black spots and irregular water stains, which can affect the overall aesthetic appeal of the tiled surface."
mt3_blowhole_061.jpg,5,"tiles,blowhole","Ceramic tiles. Defect: Pinholes, small black spots scattered on the tile surface. Irregular speckled pinholes with slight color variation from surrounding glaze."
mt3_blowhole_062.jpg,5,"tiles,blowhole","Tiles. Tiles are flat, thin objects made from ceramic, stone, metal, or glass, used for covering surfaces such as floors, walls, or roofs. They are commonly found in bathrooms, kitchens, and outdoor spaces. One common defect of tiles is the presence of tiny pinholes scattered across the surface, which can affect the overall appearance and durability of the tile."
mt3_blowhole_063.jpg,5,"tiles,blowhole","Tiles. Tiles are thin objects usually square or rectangular in shape, used for covering surfaces such as floors, walls, or roofs. However, a common defect found in tiles is pinholes, which are tiny holes scattered on the surface of the tile. Irregular speckled pinholes may have slight color variations compared to the surrounding glazed surface."
mt3_blowhole_064.jpg,5,"tiles,blowhole","Tiles. Tiles are flat, thin objects made from ceramic, stone, metal, or glass, used to cover surfaces such as floors, walls, or roofs. They are commonly found in kitchens, bathrooms, and outdoor spaces. One common defect in tiles is the presence of tiny pinholes scattered across the tile surface, which can affect the overall aesthetics and functionality of the tile. The irregularly shaped pinholes may vary in size and depth, creating a blemish that stands out against the surrounding glazed surface."
mt3_blowhole_065.jpg,5,"tiles,blowhole","Tiles. Tiles are thin objects usually square or rectangular in shape, used for covering surfaces such as floors, walls, or roofs. One common defect found in tiles is pinholes, which are small, scattered holes on the surface of the tile. Irregular speckled pinholes may have slight color variations compared to the surrounding glaze."
mt3_blowhole_066.jpg,5,"tiles,blowhole","Tiles: Tiles are flat, thin pieces of baked clay, ceramic, or stone used for covering roofs, floors, walls, or other objects. One common defect is the presence of small pinholes scattered on the surface of the tile.Bathroom Fixtures: Bathroom fixtures are functional and decorative pieces that are attached to the walls or floor in a bathroom. A defect in bathroom fixtures could be a small black spot, indicating imperfections in the material or finish."
mt3_blowhole_067.jpg,5,"tiles,blowhole","Tiles. Tiles are a type of building material commonly used for flooring or wall covering. One common defect found in tiles is the presence of scattered tiny pores on the tile surface.Bathroom fixtures. Bathroom fixtures refer to various accessories and fittings used in bathrooms, such as sinks, toilets, and showers. A defect commonly seen in bathroom fixtures is irregular dark spots, indicating a slight color difference between the spots and the surrounding glazed surface.Building materials. Building materials encompass a wide range of materials used in construction projects. A typical flaw in building materials is the presence of small pores scattered across the surface of the material."
mt3_blowhole_068.jpg,5,"tiles,blowhole","Tiles. Tiles are thin objects, usually square or rectangular in shape, that are commonly used for covering roofs, floors, walls, showers, or other objects such as tabletops. They are typically made from materials like ceramic, stone, metal, or glass. However, a common defect found in tiles is the presence of one or more scattered tiny black spots on the surface, which can affect the overall appearance and quality of the tile. Irregular speckled pores with slight color variation from the surrounding glaze may also be observed, detracting from the tile's aesthetic appeal."
mt3_blowhole_069.jpg,5,"tiles,blowhole","Tiles: Tiles are flat, thin objects made from materials like ceramic, stone, or glass, commonly used for covering floors, walls, or other surfaces in buildings. One common defect found in tiles is the presence of irregularly scattered tiny black spots, indicating air bubbles within the material, which may result in slight color variations compared to the surrounding glazed surface."
mt3_blowhole_070.jpg,5,"tiles,blowhole","Tiles. Defined as small, square or rectangular pieces of fired clay or other materials, used in overlapping rows to cover surfaces such as roofs, floors, or walls. One common defect in tiles is the presence of irregularly scattered tiny black spots, indicating air holes, which may cause slight color variations in the glaze around them."
mt3_blowhole_071.jpg,5,"tiles,blowhole","Tiles. Tiles are flat, thin pieces of baked clay, ceramic, or stone used for covering roofs, floors, walls, or other objects. One common defect in tiles is the presence of scattered tiny black spots on the surface, which may affect the overall appearance and quality of the tile."
mt3_blowhole_072.jpg,5,"tiles,blowhole","Tiles. Tiles are thin objects usually square or rectangular in shape that are used to cover surfaces such as floors, walls, or roofs. One common defect found in tiles is the presence of one or more scattered tiny black spots, indicating the presence of pores. Irregular spotted pores may exhibit slight color variations compared to the surrounding glaze."
mt3_blowhole_073.jpg,5,"tiles,blowhole","Tiles. Tiles are flat, thin pieces of baked clay, ceramic, or stone used for covering roofs, floors, walls, or other objects. One common defect in tiles is the presence of one or more scattered tiny black spots on the surface, which may affect the overall appearance and quality of the tile."
mt3_blowhole_074.jpg,5,"tiles,blowhole","Tiles. Tiles are flat, thin objects made from ceramic, stone, metal, or glass that are used to cover surfaces such as floors, walls, or countertops. However, they may have small irregular black spots scattered on the surface, indicating the presence of air bubbles during the manufacturing process."
mt3_blowhole_075.jpg,5,"tiles,blowhole","Tiles. Tiles are flat, thin pieces of baked clay, ceramic, or stone used for covering roofs, floors, walls, or other objects such as tabletops. They come in various shapes, sizes, colors, and textures. One common defect found in tiles is the presence of one or more scattered tiny black spots on the surface, which can affect the overall appearance and quality of the tile."
mt3_blowhole_076.jpg,5,"tiles,blowhole","Tiles. Tiles are flat, thin pieces of baked clay, ceramic, or stone used for covering roofs, floors, walls, or other objects. They are known for their durability and versatility. However, a common defect found in tiles is the presence of one or more scattered tiny black spots on the surface. These spots can affect the overall appearance of the tile and may require additional cleaning or maintenance to address."
mt3_blowhole_077.jpg,5,"tiles,blowhole","Tiles. Tiles are flat, thin pieces of baked clay or other materials, used for covering walls, floors, or other surfaces. One common defect is the presence of one or more scattered tiny black spots on the surface, which may affect the overall appearance of the tile. Irregular speckles of pores with slight color variation from the surrounding glaze can also be observed."
mt3_blowhole_078.jpg,5,"tiles,blowhole","Tiles. Defined as small, hard-wearing blocks used for covering surfaces, the tiles may exhibit one or more scattered tiny black spots. The presence of these irregular specks can result in slight color variation compared to the surrounding glaze."
mt3_blowhole_079.jpg,5,"tiles,blowhole","Tiles. Defined as small, thin pieces of baked clay, ceramic, or stone used to cover surfaces. One or more scattered tiny black spots on the surface. Irregular speckled pores with slight color variation from the surrounding glaze."
mt3_blowhole_080.jpg,5,"tiles,blowhole","Tiles. Defects include blowholes, small black dots indicating air holes on the tiles. Irregular spotted blowholes with slight color variation from the surrounding glaze."
mt3_blowhole_081.jpg,5,"tiles,blowhole","Tiles. Defects include blowholes, which are small black spots indicating air holes on the tiles. Irregular speckled blowholes with noticeable color variation around the glaze."
mt3_blowhole_082.jpg,5,"tiles,blowhole","Tiles. Defects include blowholes, small black dots indicating air bubbles on the surface of the tiles. Irregular spot blowholes with slight color variation from the surrounding glaze are also common."
mt3_blowhole_083.jpg,5,"tiles,blowhole","Tiles. Defects include blowholes, which are small black dots indicating air bubbles on the surface. Irregular spotted blowholes may have slight color variations compared to the surrounding glaze."
mt3_blowhole_084.jpg,5,"tiles,blowhole","Tiles. Defects include blowholes, which are small black circular or irregularly-shaped spots on the tiles. The blowholes have a slight color difference with the surrounding glaze."
mt3_blowhole_085.jpg,5,"tiles,blowhole","Tiles. Tiles are thin objects, usually square or rectangular in shape, that are used to cover surfaces such as floors, walls, or roofs. One common defect found in tiles is blowholes, which are small black circular or irregularly shaped spots on the surface of the tile. These blowholes can vary in size and may cause slight color variations compared to the surrounding glazed surface."
mt3_blowhole_086.jpg,5,"tiles,blowhole","Tiles. Defects include blowholes, small black dots indicating air bubbles on the surface of the tiles. Irregular spotted blowholes with slight color variation compared to the surrounding glaze are visible."
mt3_blowhole_087.jpg,5,"tiles,blowhole","Tiles. Defects such as blowholes, small black dots, are visible on the surface of the tiles. The irregular spots of blowholes have a slight color difference compared to the surrounding glaze."
mt3_blowhole_088.jpg,5,"tiles,blowhole","Tiles. Defects include pinholes, small black dots indicating air bubbles on the surface. Irregular speckled pinholes with slight color variation from surrounding glaze are visible."
mt3_blowhole_089.jpg,5,"tiles,blowhole","Tiles. Tiles are a type of building material commonly used for flooring and wall covering. One common defect found in tiles is blowholes, which are small black dots that indicate air bubbles trapped in the tile. These blowholes can vary in shape, appearing as circular dots or irregular blotches, and often show a slight color difference compared to the surrounding glaze."
mt3_blowhole_090.jpg,5,"tiles,blowhole","Tiles. Defects include blowholes, small black dots indicating the presence of air holes on the tiles. Irregular spot blowholes with slight color variation from the surrounding glaze are also common."
mt3_blowhole_091.jpg,5,"tiles,blowhole","Tiles. Defects include pinholes, small black dots indicating air bubbles on the surface. Irregular speckled blowholes with slight color variation from surrounding glaze are also common."
mt3_blowhole_092.jpg,5,"tiles,blowhole","Tiles. Defects include pinholes, small black dots indicating air bubbles on the surface. Irregular speckled pinholes with slight color variation from the surrounding glaze."
mt3_blowhole_093.jpg,5,"tiles,blowhole","Tiles. Tiles are thin objects, usually square or rectangular in shape, that are used to cover surfaces such as floors, walls, or roofs. One common defect found in tiles is blowholes, which are small black dots indicating air bubbles trapped within the tile. The irregular spots of blowholes may have a noticeable color difference compared to the surrounding glazed surface."
mt3_blowhole_094.jpg,5,"tiles,blowhole","Tiles. Defects include blowholes, small black spots indicating air bubbles on the tiles. Irregular spot blowholes with slight color variation from the surrounding glaze are visible."
mt3_blowhole_095.jpg,5,"tiles,blowhole","Tiles. Defects include blowholes, small black dots indicating air holes on the tiles. Irregular spotted blowholes with slight color variation from the surrounding glaze are present."
mt3_blowhole_096.jpg,5,"tiles,blowhole","Tiles. Defects include blowholes, which are small black dots indicating air bubbles on the surface of the tile. Irregular spot blowholes may have slight color variation compared to the surrounding glaze."
mt3_blowhole_097.jpg,5,"tiles,blowhole","Tiles. Tiles are thin objects usually square or rectangular in shape, used for covering surfaces such as floors, walls, or roofs. One common defect found in tiles is blowholes, which are small black dots indicating air bubbles trapped within the tile. These blowholes can vary in shape, often appearing as circular dots or irregularly shaped spots, with noticeable differences in color compared to the surrounding glaze."
mt3_blowhole_098.jpg,5,"tiles,blowhole","Tiles. Defects include blowholes, small black spots indicating air bubbles trapped in the tiles. Irregular speckled blowholes with slight color variation from the surrounding glaze are present."
mt3_blowhole_099.jpg,5,"tiles,blowhole","Tiles. Tiles are thin objects, usually square or rectangular in shape, that are used for covering surfaces such as floors, walls, or roofs. One common defect found in tiles is blowholes, which are small circular or irregularly shaped black spots on the surface. These blowholes often exhibit slight color variations compared to the surrounding glazed area."
mt3_blowhole_100.jpg,5,"tiles,blowhole","Tiles. Tiles are thin objects, usually square or rectangular in shape, that are used for covering surfaces such as floors, walls, or roofs. One common defect found in tiles is the presence of blowholes, which are small circular or irregularly shaped dark spots that indicate the presence of air bubbles. The blowholes may vary in size and shape, and often result in slight color variations compared to the surrounding glaze."
mt3_blowhole_101.jpg,5,"tiles,blowhole","Tiles: Tiles are flat, thin objects made from ceramic, stone, metal, or glass, used to cover surfaces such as floors, walls, or roofs. One common defect found in tiles is blowholes, which are small black dots indicating air bubbles trapped in the tile. These blowholes can vary in shape, often appearing as circular dots or irregular blotches with noticeable color variations compared to the surrounding glaze."
mt3_blowhole_102.jpg,5,"tiles,blowhole","Tiles. Tiles are flat, thin objects made of ceramic, stone, metal, or glass, used for covering surfaces such as floors, walls, or roofs. One common defect found in tiles is blowholes, which are small black dots indicating air bubbles trapped within the tile. These blowholes can vary in shape, often appearing as circular dots or irregular patches, with noticeable color variations compared to the surrounding glaze."
mt3_blowhole_103.jpg,5,"tiles,blowhole","Tiles. Defects include blowholes, small black dots indicating air holes on the tiles. Irregular spotted blowholes with slight color variation from the surrounding glaze."
mt3_blowhole_104.jpg,5,"tiles,blowhole","Tiles. Defects include blowholes, small black dots, indicating air holes on the tiles. Irregular spot blowholes with noticeable color variation from the surrounding glaze."
mt3_blowhole_105.jpg,5,"tiles,blowhole","Tiles. Tiles are flat, thin objects made from ceramic, stone, metal, or glass, used to cover surfaces such as floors, walls, or roofs. One common defect found in tiles is blowholes, which are small black dots indicating air pockets within the tile. These blowholes can vary in shape, appearing as circular dots or irregular patches, and often exhibit slight color variations compared to the surrounding glaze."
mt3_blowhole_106.jpg,5,"tiles,blowhole","Tiles. Tiles are flat, thin pieces of baked clay, ceramic, or stone used for covering floors, walls, or other surfaces. One common defect in tiles is blowholes, which are small black dots indicating air pockets on the surface. The blowholes can vary in shape, often appearing as circular dots or irregular patches with noticeable color variation from the surrounding glaze."
mt3_blowhole_107.jpg,5,"tiles,blowhole","Tiles. Tiles are flat, thin pieces of baked clay, ceramic, or stone used for covering roofs, floors, walls, or other objects. One common defect found in tiles is blowholes, which are small black circular or irregularly shaped spots indicating air bubbles trapped in the tile. These blowholes may have slight color variations compared to the surrounding glazed surface."
mt3_blowhole_108.jpg,5,"tiles,blowhole","Tiles. Defects include blowholes, which are small black dots indicating air bubbles on the surface of the tile. Irregular spotted blowholes may have slight color variations compared to the surrounding glaze."
mt3_blowhole_109.jpg,5,"tiles,blowhole","Tiles. Tiles are flat, thin objects made from ceramic, stone, metal, or glass used to cover surfaces such as floors, walls, or roofs. One common defect found in tiles is blowholes, which are small circular or irregularly shaped black spots on the surface, indicating air bubbles trapped during the manufacturing process. Irregularly shaped blowholes may cause slight color variations compared to the surrounding glazed surface."
mt3_blowhole_110.jpg,5,"tiles,blowhole","Tiles. Defects include blowholes, small black dots indicating air holes on the tiles. Irregular spot blowholes with slight color variation from surrounding glaze are noticeable."
mt3_blowhole_111.jpg,5,"tiles,blowhole","Tiles. Defects include blowholes and small black spots, indicating air holes on the tiles. Irregular blotchy blowholes with slight color variation from the surrounding glaze are noticeable."
mt3_blowhole_112.jpg,5,"tiles,blowhole","Tiles. Defects include blowholes, small black spots indicating air bubbles trapped in the tiles. Irregular speckled blowholes with slight color variation from surrounding glaze."
mt3_blowhole_113.jpg,5,"tiles,blowhole","Tiles. Defect: blowholes, small black dots indicating air bubbles on the surface of the tile. Irregular spotted blowholes with slight color variation compared to the surrounding glaze."
mt3_blowhole_114.jpg,5,"tiles,blowhole","Tiles. Tiles are thin objects, usually square or rectangular in shape, that are used to cover surfaces such as floors, walls, or roofs. One common defect found in tiles is blowholes, which are small black dots indicating air bubbles trapped in the tile. These blowholes can appear as circular shapes or irregular spots with noticeable color variation compared to the surrounding glaze."
mt3_blowhole_115.jpg,5,"tiles,blowhole","Tiles. Tiles are flat, thin pieces of baked clay, ceramic, or stone used for covering roofs, floors, walls, or other objects such as tabletops. One common defect found in tiles is blowholes, which are small circular or irregularly shaped black spots indicating air bubbles trapped in the material. The blowholes may have slight color variations compared to the surrounding glaze."
mt3_break_001.jpg,6,"tiles,break","Bathroom fixtures. Definition: Bathroom fixtures refer to a variety of functional and decorative elements found in bathrooms, such as sinks, toilets, showers, and bathtubs. Common defects include chipped enamel, rust, and leaks, which can affect both the aesthetics and functionality of the fixtures."
mt3_break_002.jpg,6,"tiles,break","Bathroom fixtures. Defined as essential elements in a bathroom, such as sinks, toilets, and showers. Common defects include rust, water stains, and chipping on the surface, which can affect the functionality and aesthetics of the fixtures."
mt3_break_003.jpg,6,"tiles,break","Tiles. Defined by their durable and decorative nature, tiles are commonly used in interior design for flooring and wall coverings. However, a common defect found in tiles is air pockets, small black spots indicating imperfections in the material. Irregularly shaped air pockets may cause slight color variations in the glaze surrounding them, affecting the overall appearance. Superficial scratches can also detract from the aesthetic appeal of tiles, diminishing their visual appeal."
mt3_break_004.jpg,6,"tiles,break","Tiles. Tiles are a type of building material commonly used for flooring or wall covering. One common defect in tiles is the presence of air bubbles, appearing as small black spots, indicating imperfections in the tile's structure. Another issue is irregular speckled air bubbles with slight color variation from the surrounding glaze. Superficial scratches can be detrimental to the overall aesthetic appeal of the tiles."
mt3_break_005.jpg,6,"tiles,break","Tiles. Tiles are a type of building material commonly used for flooring and wall decoration. One common defect in tiles is air bubbles, which appear as small black dots on the surface. Additionally, irregular spotted air bubbles may cause slight color variations compared to the surrounding glaze. Superficial scratches can also detract from the aesthetic appeal of the tiles."
mt3_break_006.jpg,6,"tiles,break","Bathroom Fixtures. Defined as various functional and decorative items installed in bathrooms, such as sinks, faucets, showers, and toilets. Common defects include water stains, rust spots, and loose fittings, which can affect both the appearance and functionality of the fixtures."
mt3_break_007.jpg,6,"tiles,break","Bathroom fixtures. Defects include scratches, which are harmful to the aesthetics. Irregular spots and slight color difference in the glaze around the scratches."
mt3_break_008.jpg,6,"tiles,break","Tiles: Tiles are flat, thin pieces of baked clay used for covering surfaces such as floors, walls, or roofs. One common defect found in tiles is pinholes, which are small black dots indicating air bubbles in the tile. Irregular specks of pinholes may cause slight color variation compared to the surrounding glaze. Superficial scratches can harm the aesthetic appeal of tiles."
mt3_break_009.jpg,6,"tiles,break","Tiles. They are flat, thin objects made from ceramic, stone, metal, or glass, used to cover surfaces like floors, walls, or roofs. One common defect in tiles is air bubbles, small voids that can affect the strength and appearance of the tile. Irregular spotted air bubbles may cause slight color variations between the bubbles and the surrounding glaze. Superficial scratches can also be detrimental to the aesthetic appeal of tiles."
mt3_break_010.jpg,6,"tiles,break","Tiles. Tiles are a type of building material commonly used for flooring and wall covering. One common defect found in tiles is air bubbles, which appear as small black spots on the surface. Irregular speckled air bubbles may also cause slight color variations in the glaze around them. Superficial scratches can detract from the aesthetic appeal of tiles, impacting their overall appearance."
mt3_break_011.jpg,6,"tiles,break","Tiles are a type of building material commonly used for flooring and wall decorations. However, one common defect found in tiles is the presence of air bubbles, which appear as small black spots on the surface. Additionally, irregular speckled air bubbles may cause slight color variations between the affected area and the surrounding glaze. Superficial scratches can also detract from the overall aesthetic appeal of the tiles."
mt3_break_012.jpg,6,"tiles,break","Tiles are a type of building material commonly used for flooring and walls. They are typically made of ceramic, porcelain, or stone. One common defect found in tiles is air bubbles, which appear as small black dots on the surface. Additionally, irregular speckled air bubbles may cause slight color variation compared to the surrounding glaze. Superficial scratches can detract from the aesthetic appeal of tiles."
mt3_break_013.jpg,6,"tiles,break","Tiles. Tiles are flat, thin pieces of baked clay, ceramic, or stone used for covering roofs, floors, walls, or other objects. Common defects in tiles include air bubbles, which are small black dots indicating the presence of air pockets in the tile. Irregular speckling with air bubbles may cause slight color variation compared to the surrounding glaze. Superficial scratches can detract from the overall aesthetic appeal of the tile."
mt3_break_014.jpg,6,"tiles,break","Tiles. Tiles are thin objects, usually square or rectangular in shape, that are used for covering surfaces such as floors, walls, or roofs. A common defect found in tiles is air bubbles, which are small voids visible on the surface of the tile. These air bubbles can create irregular spots on the tile, causing slight color variations compared to the surrounding glaze. Superficial scratches can also be detrimental to the aesthetic appeal of tiles."
mt3_break_015.jpg,6,"tiles,break","Tiles. Defects include air bubbles, small black dots indicating pores on the surface. Irregular speckles of pores with slight color variation from the surrounding glaze. Multiple short scratches, uneven depressions, and damages on the surface."
mt3_break_016.jpg,6,"tiles,break","Tiles. Defects include air bubbles, small black dots, indicating the presence of air bubbles on the tile. Irregular spotted air bubbles with slight color variation compared to surrounding glaze. Numerous short scratches, uneven depressions, and damages on the surface."
mt3_break_017.jpg,6,"tiles,break","Tiles. Defects include air bubbles, small black dots, indicating the presence of air bubbles on the tiles. Irregular spotted air bubbles with slight color variation compared to surrounding glaze. Multiple short scratches, uneven depressions, and damages on the surface."
mt3_break_018.jpg,6,"tiles,break","Tiles. Tiles are thin objects, usually square or rectangular in shape, that are used to cover surfaces such as floors, walls, or roofs. One common defect found in tiles is air bubbles, which are small voids that create imperfections on the surface. Another issue is irregular dark spots, indicating inconsistencies in the glazing process that result in color variations compared to the surrounding areas. Short scratches, multiple uneven depressions, and damages are also frequently observed on tiles, detracting from their overall appearance and quality."
mt3_break_019.jpg,6,"tiles,break","Tiles. Defined as flat, thin pieces of baked clay or other materials, used to cover roofs, floors, walls, and other surfaces. Common defects include air bubbles, small black spots indicating pores on the tile surface, and irregular speckled air bubbles with slight color variation compared to the surrounding glaze. Short scratches, multiple uneven depressions, and damages are also typical flaws found in tiles."
mt3_break_020.jpg,6,"tiles,break","Tiles. Defects include air bubbles, small black dots indicating pores on the tiles. Irregular spotted pores with slight color variation from the surrounding glaze. Multiple short scratches, uneven depressions, and damages on the surface."
mt3_break_021.jpg,6,"tiles,break","Tiles. Tiles are thin objects usually square or rectangular in shape, used for covering roofs, floors, walls, or other objects such as tabletops. One common defect found in tiles is air bubbles, which appear as small black spots on the surface. Another flaw is irregular speckled air bubbles with slight color variation compared to the surrounding glaze. Additionally, tiles may exhibit multiple short scratches, uneven depressions, and damages, resulting in an overall rough appearance."
mt3_break_022.jpg,6,"tiles,break","Tiles. Tiles are thin objects usually square or rectangular in shape, used for covering surfaces such as floors, walls, or roofs. One common defect found in tiles is air bubbles, which appear as small black spots on the surface. Another flaw is irregular dark spots with slight color variation from the surrounding glaze.

Bathroom fixtures. Bathroom fixtures refer to various accessories and equipment used in bathrooms, such as sinks, toilets, showers, and bathtubs. A common issue with bathroom fixtures is multiple scratches of varying lengths, creating uneven and dented damages on the surface."
mt3_break_023.jpg,6,"tiles,break","Tiles. Tiles are thin objects usually square or rectangular in shape, used for covering surfaces such as floors, walls, or roofs. One common defect found in tiles is air bubbles, indicated by small black spots on the surface. Irregular speckled air bubbles may also cause slight color variations compared to the surrounding glaze. Multiple short scratches, uneven depressions, and damages are common imperfections found on tiles."
mt3_break_024.jpg,6,"tiles,break","Tiles. Tiles are thin objects, usually square or rectangular in shape, that are used to cover surfaces such as floors, walls, or roofs. One common defect found in tiles is air bubbles, which are small voids that create imperfections on the surface. Another issue could be irregular dark spots, which are tiny blemishes that cause slight discoloration compared to the surrounding glaze. Additionally, scratches with multiple uneven indentations may also be present, causing damage to the overall appearance of the tile."
mt3_break_025.jpg,6,"tiles,break","Tiles. Tiles are flat, thin pieces of baked clay, ceramic, or stone used for covering roofs, floors, walls, or other objects. A common defect found in tiles is air bubbles, which appear as small black dots on the surface. Irregular spotted air bubbles may also cause slight color variations compared to the surrounding glaze. Additionally, multiple short scratches, uneven depressions, and damages are often observed on tiles, affecting their overall appearance and quality."
mt3_break_026.jpg,6,"tiles,break","Tiles. Defects include air bubbles, small black dots indicating pores on the tiles. Irregular spotted air bubbles with slight color variation from the surrounding glaze. Multiple short scratches, uneven depressions, and damages on the surface."
mt3_break_027.jpg,6,"tiles,break","Tiles. Defects include air bubbles, small black dots indicating pores on the tiles. Irregular spotted air bubbles with slight color variation from the surrounding glaze. Multiple short scratches, uneven depressions, and damages present."
mt3_break_028.jpg,6,"tiles,break","Tiles. Defined by their smooth surface and uniform shape, tiles are commonly used in flooring and wall decoration. However, they may exhibit defects such as air pockets, small black dots, irregular spots, and slight color variations in the glaze around the air pockets. Additionally, tiles can suffer from multiple short scratches, uneven depressions, and damages that result in a rough surface."
mt3_break_029.jpg,6,"tiles,break","Tiles. Tiles are hard-wearing materials commonly used for covering surfaces such as floors, walls, and countertops. However, a common defect found in tiles is the presence of air bubbles, indicated by small black spots. Irregular speckled air bubbles may also cause slight color variations compared to the surrounding glaze. Furthermore, tiles may exhibit multiple short scratches, uneven depressions, and damages, affecting their overall appearance and durability."
mt3_break_030.jpg,6,"tiles,break","Tiles. Defects include air bubbles, small black dots indicating pores on the tiles. Irregular spotted air bubbles with slight color variation from the surrounding glaze. Multiple short scratches, uneven depressions, and damages on the surface."
mt3_break_031.jpg,6,"tiles,break","Tiles. Defects include air bubbles, small black spots, indicating the presence of air bubbles on the tiles. Irregular spotted air bubbles with slight color variation from the surrounding glaze. Multiple short scratches, uneven depressions, and damages."
mt3_break_032.jpg,6,"tiles,break","Tiles. Tiles are flat, thin pieces of baked clay, ceramic, or stone used for covering roofs, floors, walls, or other objects. However, they may have defects such as irregular spots, small black dots, and slight color variations in the glaze around irregular pores. Short scratches, multiple uneven depressions, and damages with concave surfaces are common flaws found in tiles."
mt3_break_033.jpg,6,"tiles,break","Tiles. Tiles are thin objects, usually square or rectangular in shape, that are used for covering surfaces such as floors, walls, or roofs. One common defect found in tiles is chipped edges or corners, which can occur during handling or installation. Irregularities in color or texture may also be present, affecting the overall appearance of the tiled surface."
mt3_break_034.jpg,6,"tiles,break","Tiles. Tiles are thin objects usually square or rectangular in shape, used for covering surfaces such as floors, walls, or roofs. One common defect found in tiles is chipped edges or corners, resulting in a rough and uneven surface. Additionally, irregularities in color or texture may occur due to inconsistent glazing or firing during the manufacturing process."
mt3_break_035.jpg,6,"tiles,break","Tiles. Tiles are flat, thin objects made from materials such as ceramic, stone, or glass, used for covering surfaces like floors, walls, or roofs. Common defects in tiles include chipped edges, cracks, and uneven surfaces, which can affect their durability and appearance."
mt3_break_036.jpg,6,"tiles,break","Tiles: Tiles are flat, thin objects made from materials like ceramic, stone, or glass, used for covering surfaces such as floors, walls, or roofs. One common defect found in tiles is chipped corners or edges, which can detract from the overall appearance and structural integrity. Irregular patterns of air bubbles trapped within the tile body can also create visible imperfections, affecting the surface quality and durability."
mt3_break_037.jpg,6,"tiles,break","Tiles: Tiles are thin objects, usually square or rectangular in shape, used for covering roofs, floors, walls, or other objects such as tabletops. One common defect found in tiles is chipped corners or edges, resulting in a less aesthetically pleasing appearance. Another flaw often seen is uneven surfaces due to improper installation, causing potential tripping hazards and difficulty in cleaning."
mt3_break_038.jpg,6,"tiles,break","Tiles: Tiles are thin objects, usually square or rectangular in shape, that are used for covering surfaces such as floors, walls, or roofs. One common defect found in tiles is chipping, where small pieces of the tile are missing, resulting in an uneven surface. Another issue is discoloration, where the color of the tile may vary slightly from one piece to another, affecting the overall aesthetic of the tiled surface."
mt3_break_039.jpg,6,"tiles,break","Tiles. Defined by smooth surface and uniform edges, tiles are commonly used in interior and exterior spaces for their durability and aesthetic appeal. However, a common defect found in tiles is chipped corners or edges, which can occur during handling or installation, affecting the overall appearance and structural integrity of the tile."
mt3_break_040.jpg,6,"tiles,break","Tiles are flat, thin pieces of baked clay used for covering walls, floors, and other surfaces. One common defect found in tiles is chipped corners or edges, resulting in a loss of structural integrity and aesthetic appeal. Another issue is surface cracks, which can compromise the tile's durability and lead to water damage if used in wet areas like bathrooms."
mt3_break_041.jpg,6,"tiles,break","Tiles. Tiles are thin objects usually square or rectangular in shape that are used to cover surfaces such as floors, walls, or roofs. One common defect found in tiles is chipped edges or corners, which can occur during handling or installation. Another flaw is uneven glazing, resulting in color variations or streaks on the surface of the tile."
mt3_break_042.jpg,6,"tiles,break","Tiles. Tiles are flat, thin pieces of baked clay, ceramic, or stone used for covering roofs, floors, walls, or other objects. However, a common defect found in tiles is chipped corners or edges, which can affect the overall appearance and structural integrity of the installation."
mt3_break_043.jpg,6,"tiles,break","Tiles. Tiles are thin objects usually square or rectangular in shape that are commonly used to cover surfaces such as floors, walls, or roofs. However, a common defect found in tiles is chipped edges or corners, which can affect the overall appearance and structural integrity of the tile. Irregular chipped edges may cause unevenness and potential hazards if not properly repaired or replaced in a timely manner."
mt3_break_044.jpg,6,"tiles,break","Tiles. Tiles are flat, thin objects usually made of ceramic, stone, metal, or glass, used for covering roofs, floors, walls, or other objects such as tabletops. They come in various shapes, sizes, colors, and patterns. However, tiles may have defects like air bubbles, small black spots, irregular spots, and slight color differences in the glaze around irregular spots. Chips and cracks may also occur due to impact damage."
mt3_break_045.jpg,6,"tiles,break","Tiles: Tiles are flat, thin objects made from ceramic, stone, metal, or glass, used for covering surfaces such as floors, walls, or roofs. One common defect in tiles is chipping, where a small piece of the tile is broken off, resulting in a rough or uneven surface. Irregular spots or discoloration near the chipped area may also be present, affecting the overall appearance of the tile."
mt3_break_046.jpg,6,"tiles,break","Tiles. Tiles are flat, thin pieces of baked clay, ceramic, or stone used for covering roofs, floors, walls, or other objects. One common defect found in tiles is chipped edges, where the corners are damaged or missing, affecting the overall appearance and functionality of the tile. Irregular spots of chipped edges can be seen, causing a disruption in the uniformity of the surface."
mt3_break_047.jpg,6,"tiles,break","Tiles. Tiles are thin objects usually square or rectangular in shape, used for covering roofs, floors, walls, or other objects such as tabletops. One common defect of tiles is chipped corners or edges, which can occur during handling or installation. Irregularly shaped chips can detract from the overall appearance of the tile surface and may require replacement for aesthetic reasons."
mt3_break_048.jpg,6,"tiles,break","Tiles. Defects include air bubbles, which are small black spots indicating the presence of air bubbles on the surface of the tiles. Irregular speckled air bubbles may have slight color variations compared to the surrounding glaze. Chipped corners and missing pieces are common damages found on tiles."
mt3_break_049.jpg,6,"tiles,break","Tiles. Tiles are thin objects usually square or rectangular in shape, used for covering surfaces such as floors, walls, or roofs. However, a common defect in tiles is chipping, where small pieces of the tile's edge are broken off, leading to a rough and uneven surface. Another flaw that can be found in tiles is warping, causing the tile to be concave or convex instead of flat, which affects the overall appearance and installation quality."
mt3_break_050.jpg,6,"tiles,break","Tiles. Defined by their durable and decorative nature, tiles are commonly used in interior design for flooring and wall coverings. However, a common defect found in tiles is chipped corners or edges, which can detract from the overall appearance and structural integrity of the installation."
mt3_break_051.jpg,6,"tiles,break","Tiles. Tiles are thin objects usually square or rectangular in shape, used for covering surfaces such as floors, walls, or roofs. One common defect found in tiles is chipped edges, where a small piece of the tile is missing, resulting in an uneven surface. Additionally, irregular patterns of air bubbles within the tile can create weak spots and reduce its overall strength and durability."
mt3_break_052.jpg,6,"tiles,break","Tiles. Tiles are thin objects usually square or rectangular in shape, commonly used for covering roofs, floors, walls, showers, or other objects such as tabletops. However, a common defect found in tiles is the presence of pinholes, which are small black spots that indicate air bubbles trapped within the tile during the manufacturing process. Additionally, irregular speckled pinholes may exhibit slight color variations compared to the surrounding glaze. Minor scratches along the edges may also be present, although they are not easily noticeable upon casual inspection."
mt3_break_053.jpg,6,"tiles,break","Tiles. Tiles are flat, thin pieces of baked clay, ceramic, or stone used for covering roofs, floors, walls, or other objects such as tabletops. A common defect found in tiles is air bubbles, which manifest as small black dots on the surface. Additionally, irregular spotted air bubbles may cause slight color variations compared to the surrounding glaze. Minor scratches along the edges may also be present, although not prominently visible."
mt3_break_054.jpg,6,"tiles,break","Tiles: Tiles are thin objects usually square or rectangular in shape, used for covering surfaces such as floors, walls, or roofs. One common defect found in tiles is the presence of air bubbles, which appear as small black spots on the surface. Additionally, irregular speckled air bubbles may cause slight color variations compared to the surrounding glaze. Minor scratches along the edges are also a common imperfection observed in tiles."
mt3_break_055.jpg,6,"tiles,break","Tiles. Tiles are thin objects, usually square or rectangular in shape, used to cover surfaces such as floors, walls, or roofs. Commonly made of ceramic, stone, metal, or glass. However, some tiles may have defects such as air bubbles, small black spots, or irregular discolorations on the glaze, which could affect the overall appearance. Additionally, minor scratches along the edges may be present but not easily noticeable."
mt3_break_056.jpg,6,"tiles,break","Tiles. Defects include air bubbles, appearing as small black dots on the surface of the tile. Irregular spotted air bubbles may cause slight color variation compared to the surrounding glaze. Minor scratches on the edges are present but not prominently visible."
mt3_break_057.jpg,6,"tiles,break","Tiles. Defect: air bubbles, a small black dot, indicating the presence of air bubbles on the tile. Irregular spotted air bubbles with slight color variation from the surrounding glaze. Minor scratches on the edges are not prominent."
mt3_break_058.jpg,6,"tiles,break","Tiles. Defined by their smooth surface and uniform shape, tiles are commonly used in interior design for their durability and ease of maintenance. However, a common defect found in tiles is the presence of air bubbles, indicated by small black dots on the surface. Additionally, irregular spotted air bubbles may cause slight color variations compared to the surrounding glaze. Minor scratches along the edges may also be present but are not easily noticeable."
mt3_break_059.jpg,6,"tiles,break","Tiles. Tiles are thin objects, usually square or rectangular in shape, that are used to cover surfaces such as floors, walls, or roofs. One common defect found in tiles is the presence of pinholes, which are small black dots indicating air bubbles trapped in the tile during the manufacturing process. Additionally, irregular speckled pinholes may appear with slight color variations compared to the surrounding glaze. Minor scratches along the edges may also be present but are not easily noticeable."
mt3_break_060.jpg,6,"tiles,break","Bathroom equipment. Defect: a small scratch on the edge, barely noticeable. Irregular speckled pores with slight color difference from surrounding glaze."
mt3_break_061.jpg,6,"tiles,break","Tiles. Tiles are a type of building material commonly used for covering floors, walls, roofs, and other surfaces. However, they may have defects such as air bubbles, small black dots, which indicate the presence of pores on the surface. Irregular spotted pores may also exhibit slight color variations compared to the surrounding glaze. In addition, the edges may have minor scratches that are not easily noticeable."
mt3_break_062.jpg,6,"tiles,break","Tiles. Tiles are thin objects usually square or rectangular in shape that are used to cover surfaces such as floors, walls, and countertops. A common defect in tiles is chipped edges or corners, which can lead to a lack of structural integrity and a less polished appearance. Irregularly shaped chips can be found on the edges, affecting the overall aesthetic of the tile installation."
mt3_break_063.jpg,6,"tiles,break","Tiles: Tiles are thin objects usually square or rectangular in shape, used for covering surfaces such as floors, walls, or roofs. One common defect found in tiles is air bubbles, characterized by small irregular spots on the surface with slight color variations compared to the surrounding glaze. Another flaw often observed is chipped or missing corners, resulting in a damaged appearance."
mt3_break_064.jpg,6,"tiles,break","Tiles. Tiles are flat, thin pieces of baked clay, ceramic, or stone used for covering roofs, floors, walls, or other objects such as tabletops. A common defect found in tiles is air pockets, which manifest as small black dots on the surface. Irregularly shaped air pockets may also cause slight color variations between the affected area and the surrounding glaze. Another common issue is chipped or missing corners, resulting in a compromised aesthetic and structural integrity."
mt3_break_065.jpg,6,"tiles,break","Tiles. Defects include air bubbles, small black spots indicating pores on the tiles. Irregular spotted pores with slight color variation compared to the surrounding glaze. Chipped edges and corners with visible damage."
mt3_break_066.jpg,6,"tiles,break","Tiles. Tiles are thin objects usually square or rectangular in shape that are used to cover surfaces such as roofs, floors, walls, and countertops. One common defect found in tiles is chipped edges, which can lead to a lack of uniformity in the overall appearance of the tiled surface. Irregularly shaped chips can be particularly noticeable on tiles with a smooth finish, creating a distracting visual imperfection."
mt3_break_067.jpg,6,"tiles,break","Tiles. Tiles are flat, thin pieces of baked clay, ceramic, or stone used for covering roofs, floors, walls, or other objects. One common defect of tiles is chipped edges or corners, which can lead to a lack of structural integrity and a less polished appearance. Irregularly shaped chips or cracks can also occur, affecting the overall aesthetic appeal of the tile surface."
mt3_break_068.jpg,6,"tiles,break","Tiles. Tiles are thin objects usually square or rectangular in shape, commonly used for covering roofs, floors, walls, or other objects such as tabletops. However, a common defect found in tiles is the presence of irregular air holes, appearing as small black spots, which disrupt the overall appearance of the tile. Another common issue is chipped or missing corners, leading to a lack of uniformity in the tile's edges and potentially compromising its structural integrity."
mt3_break_069.jpg,6,"tiles,break","Tiles: Tiles are thin objects usually square or rectangular in shape, used for covering roofs, floors, walls, or other objects such as tabletops. One common defect found in tiles is air pockets, which appear as small black dots on the surface. Another flaw is irregular speckled air pockets, causing slight color variation compared to the surrounding glaze. Additionally, tiles may exhibit chipped or missing corners, affecting their overall appearance and structural integrity."
mt3_break_070.jpg,6,"tiles,break","Tiles. Tiles are flat, thin pieces of baked clay or other materials, used for covering roofs, floors, walls, and other surfaces. One common defect found in tiles is chipped edges or corners, which can compromise the overall aesthetics and functionality of the tile installation. Another issue is uneven glazing, where the surface may have patches of inconsistent color or texture, detracting from the uniformity of the tiled surface."
mt3_break_071.jpg,6,"tiles,break","Tiles. Tiles are thin objects, usually square or rectangular in shape, used to cover surfaces such as floors, walls, and countertops. However, a common defect found in tiles is chipped or missing corners, which can affect the overall aesthetics and functionality of the tiled surface. Irregular chipped edges can create a jagged appearance and may lead to further damage if left unaddressed."
mt3_break_072.jpg,6,"tiles,break","Tiles. Defects include air bubbles, small black dots indicating the presence of air bubbles on the surface. Irregular spotted air bubbles may have slight color variations compared to the surrounding glaze. Chipped edges and corners with missing pieces."
mt3_break_073.jpg,6,"tiles,break","Ceramic tiles. Defects include air pockets, small black dots indicating air pockets on the tiles. Irregular spotted air pockets with slight color variation from the surrounding glaze. Edge chips and missing corners."
mt3_break_074.jpg,6,"tiles,break","Tiles. Defects include air holes, small black dots indicating air bubbles on the surface. Irregular spotted air holes with slight color variation compared to surrounding glaze. Edge chips and missing corners."
mt3_break_075.jpg,6,"tiles,break","Tiles. Tiles are thin objects, usually square or rectangular in shape, that are used to cover surfaces such as floors, walls, or roofs. They are commonly made of materials like ceramic, porcelain, or stone. However, a common defect found in tiles is the presence of air pockets, which appear as small holes on the surface. Irregularly shaped air pockets may have slight color variations compared to the surrounding glaze. Another common issue with tiles is chipped or missing corners, which can detract from the overall appearance and structural integrity of the tile installation."
mt3_break_076.jpg,6,"tiles,break","Tiles. Tiles are flat, thin pieces of baked clay, ceramic, or stone used in overlapping rows to cover surfaces. A common defect in tiles is chipped edges or corners, which can lead to a lack of structural integrity and an unattractive appearance. Irregularly shaped chips or cracks along the edges can compromise the overall aesthetics and functionality of the tiles."
mt3_break_077.jpg,6,"tiles,break","Tiles. Tiles are thin objects usually square or rectangular in shape that are used for covering roofs, floors, walls, showers, or other objects such as tabletops. One common defect found in tiles is chipped edges or corners, which can occur during handling, transportation, or installation. Another flaw could be surface cracks, which may compromise the structural integrity and aesthetic appeal of the tile."
mt3_break_078.jpg,6,"tiles,break","Tiles. Defects include air bubbles, small black dots indicating pores on the surface. Irregular spotted air bubbles with slight color variation from the surrounding glaze. Chipped or missing edges."
mt3_break_079.jpg,6,"tiles,break","Tiles. Defects include air bubbles, small black spots indicating pores on the tiles. Irregular spotted pores with slight color variation compared to surrounding glaze. Edge chips and damages."
mt3_break_080.jpg,6,"tiles,break","Tiles. Tiles are a type of construction material commonly used for flooring and wall coverings. One common defect in tiles is chipped edges or corners, which can affect the overall appearance and structural integrity. Irregularly shaped air pockets are another issue, often appearing as small black spots on the surface of the tile, creating a slight color variation compared to the surrounding glazed area."
mt3_break_081.jpg,6,"tiles,break","Tiles. Tiles are thin objects, usually square or rectangular in shape, used for covering roofs, floors, walls, and other surfaces. They are typically made from materials such as ceramic, stone, metal, or glass. One common defect in tiles is chipped edges or corners, which can occur during manufacturing, transportation, or installation. Another issue is surface cracks, which may compromise the integrity of the tile and affect its durability."
mt3_break_082.jpg,6,"tiles,break","Ceramic tiles. Defects include air bubbles, small black dots indicating pores on the tile surface. Irregular spot pores with slight color variation compared to surrounding glaze. Chipped edges and corners with visible damage."
mt3_break_083.jpg,6,"tiles,break","Tiles. Tiles are thin objects usually square or rectangular in shape, used to cover surfaces such as floors, walls, or roofs. One common defect found in tiles is air holes, small black spots indicating the presence of air holes on the surface. Irregular spotted air holes may have slight color variations compared to the surrounding glaze. Another common issue is chipped or missing corners, resulting in a damaged appearance and potential safety hazards."
mt3_break_084.jpg,6,"tiles,break","Tiles. Defects include air bubbles, small black dots indicating pores on the tiles. Irregular speckles of air bubbles with slight color variation from the surrounding glaze. Chipped edges and corners showing signs of damage."
mt3_break_085.jpg,6,"tiles,break","Tiles. Tiles are flat, thin objects made from materials like ceramic, stone, or glass, used for covering surfaces such as floors, walls, or roofs. Common defects in tiles include air bubbles, small black spots indicating pores on the surface, and irregular speckles with slight color variations compared to the surrounding glaze. Another common issue is chipped or missing corners, resulting in edge damage and imperfections."
mt3_crack_001.jpg,7,"tiles,crack","Tiles. Defects include air bubbles, small black dots indicating pores on the tile surface. Irregular spotted pores with slight color variation from the surrounding glaze. Longitudinal cracks following the surface pattern are not prominent."
mt3_crack_002.jpg,7,"tiles,crack","Tiles. Defects include air pores, small black spots indicating air pores on the tiles. Irregular spotted air pores with slight color variation from the surrounding glaze. Faint vertical cracks along the surface patterns."
mt3_crack_003.jpg,7,"tiles,crack","Tiles. Defects include air bubbles, small black dots, indicating the presence of air bubbles on the tiles. Irregular spotted air bubbles with slight color variation from the surrounding glaze. Vertical cracks following the surface pattern are not prominently visible."
mt3_crack_004.jpg,7,"tiles,crack","Tiles. Defect: air hole, a small black dot indicating the presence of an air hole on the tile. Irregular spotted air holes with slight color variation from the surrounding glaze. Faint longitudinal cracks following the surface pattern are not prominent."
mt3_crack_005.jpg,7,"tiles,crack","Tiles. Tiles are flat, thin pieces of baked clay, ceramic, or stone used for covering roofs, floors, walls, or other objects. Common defects include air bubbles, small black spots, irregular speckles with slight color variation from the surrounding glaze, and vertically inconspicuous cracks along the surface patterns."
mt3_crack_006.jpg,7,"tiles,crack","Tiles. Tiles are flat, thin pieces of baked clay or other materials, used for covering walls or floors. They are known for their durability and easy maintenance. However, common defects in tiles include air pockets, characterized by small black dots on the surface. Additionally, irregular speckled air pockets may exhibit slight color variations compared to the surrounding glaze. Longitudinal cracks following the surface pattern are also a potential flaw, although they are not prominently visible."
mt3_crack_007.jpg,7,"tiles,crack","Tiles. Defects include air bubbles, small black dots, indicating the presence of air bubbles on the tiles. Irregular spotted air bubbles with slight color variation from the surrounding glaze. Longitudinal cracks along the surface pattern are not prominent."
mt3_crack_008.jpg,7,"tiles,crack","Tiles. Defects include air holes, small black spots indicating pores on the tiles. Irregular spotted air holes with slight color difference from the surrounding glaze. Faint vertical cracks following the surface pattern are not very noticeable."
mt3_crack_009.jpg,7,"tiles,crack","Tiles. Defects include air holes, small black spots indicating the presence of air holes on the tiles. Irregular spotted air holes with slight color variation from the surrounding glaze. Longitudinal cracks along the surface patterns are not prominent."
mt3_crack_010.jpg,7,"tiles,crack","Tiles. Tiles are flat, thin objects made from materials like ceramic, stone, or glass, commonly used for covering surfaces such as floors, walls, or roofs. One common defect in tiles is the presence of pinholes, which are small black dots indicating air bubbles trapped in the tile during manufacturing. Additionally, irregular speckled pinholes may cause slight color variation compared to the surrounding glaze. Longitudinal cracks following the surface pattern are also occasionally observed but are not prominently visible."
mt3_crack_011.jpg,7,"tiles,crack","Tiles. Defects include air holes, indicated by small black dots on the tiles. Irregular speckled air holes with slight color variation from the surrounding glaze. Longitudinal cracks along the surface patterns are not prominent."
mt3_crack_012.jpg,7,"tiles,crack","Tiles. Defect: pinhole, a small black dot indicating air bubbles on the tile. Irregular speckled pinholes with slight color variation from surrounding glaze. Faint vertical cracks following surface pattern are not prominent."
mt3_crack_013.jpg,7,"tiles,crack","Tiles. Defects include air holes, tiny black spots indicating the presence of air holes on the tiles. Irregular speckled air holes with slight color variation from the surrounding glaze. Longitudinal cracks along the surface patterns are not prominent."
mt3_crack_014.jpg,7,"tiles,crack","Tiles. Defect: pinhole, a small black spot, indicating the presence of pinholes on the tile surface. Irregular spotted pinholes with slight color variation from the surrounding glaze. Longitudinal cracks along the surface pattern are not prominent."
mt3_crack_015.jpg,7,"tiles,crack","Tiles. Defect: air bubble, a small black spot indicating the presence of air bubbles on the tile. Irregular speckled air bubbles with slight color variation from the surrounding glaze. Longitudinal cracks following the surface pattern are not prominent."
mt3_crack_016.jpg,7,"tiles,crack","Tiles. Defects include air bubbles, small black spots indicating pores on the tiles. Irregular spotted pores with slight color variation from surrounding glaze. Impact-induced short cracks with a central split."
mt3_crack_017.jpg,7,"tiles,crack","Tiles. Defects include air bubbles and small black spots, indicating the presence of air bubbles on the tiles. Irregular spotted air bubbles show slight color variation compared to the surrounding glaze. Impact-induced short cracks with a central split."
mt3_crack_018.jpg,7,"tiles,crack","Tiles. Tiles are thin objects, usually square or rectangular in shape, that are used to cover surfaces such as floors, walls, or roofs. One common defect found in tiles is the presence of air bubbles, small black dots, visible on the surface. Another issue is irregular spots where air bubbles have caused slight color variation between the affected area and the surrounding glaze. A common flaw in tiles is the occurrence of impact fractures, resulting in short cracks that spread in the center of the tile."
mt3_crack_019.jpg,7,"tiles,crack","Ceramic tiles. Defects include air bubbles, indicated by small black spots on the tiles. Irregularly shaped air bubbles may have slight color variations compared to the surrounding glaze. Impact-induced short cracks with a central split."
mt3_crack_020.jpg,7,"tiles,crack","Tiles. Tiles are a type of building material commonly used for flooring and wall covering. One common defect found in tiles is the presence of air bubbles, which appear as small black dots on the surface. Additionally, irregular spots with air bubbles may exhibit slight color variations compared to the surrounding glaze. Impact-induced short cracks that split in the middle are another flaw that can be observed in tiles."
mt3_crack_021.jpg,7,"tiles,crack","Tiles. Tiles are thin objects, usually square or rectangular in shape, that are used to cover surfaces such as floors, walls, or roofs. One common defect in tiles is the presence of air holes, small black dots indicating imperfections in the tile. Another flaw to watch out for is obvious cracks, visible fissures that are dark in color, compromising the integrity and aesthetics of the tile."
mt3_crack_022.jpg,7,"tiles,crack",Bathroom fixtures. Defects include visible cracks and dark discoloration. Uneven surface texture with noticeable cracks and dark spots.
mt3_crack_023.jpg,7,"tiles,crack","Tiles. Defining feature: uniform square pieces used for covering surfaces. Defect: visible cracks with dark color, indicating a significant flaw in the tile's structure."
mt3_crack_024.jpg,7,"tiles,crack","Tiles. Tiles are flat, thin pieces of baked clay, ceramic, or stone used for covering roofs, floors, walls, or other objects. One common defect of tiles is the presence of air holes, which are small black dots indicating imperfections in the tile surface. Irregularly shaped air holes may also cause slight color variations compared to the surrounding glaze. Another flaw to watch out for in tiles is noticeable cracks, which can appear as dark, visible fissures that compromise the structural integrity and aesthetics of the tile."
mt3_crack_025.jpg,7,"tiles,crack","Tiles. Defects include air bubbles, small black dots indicating pores on the tiles. Irregular dark cracks with slight color variation on the glaze around the pores."
mt3_crack_026.jpg,7,"tiles,crack","Tiles. Defect: Air bubbles, small black dots indicating air bubbles on the tile. Irregular spotted air bubbles with slight color variation from the surrounding glaze. Clearly visible cracks, black in color."
mt3_crack_027.jpg,7,"tiles,crack","Tiles. Defects include air bubbles, small black spots indicating pores on the tiles. Irregular spotted pores with slight color variation from the surrounding glaze. Short hairline cracks on the edges."
mt3_crack_028.jpg,7,"tiles,crack","Tiles. Tiles are flat, thin pieces of baked clay, ceramic, or stone used for covering roofs, floors, walls, or other objects. A common defect found in tiles is the presence of short hairline cracks along the edges, which can compromise the structural integrity of the tile and lead to breakage."
mt3_crack_029.jpg,7,"tiles,crack","Tiles. Tiles are flat, thin pieces of baked clay, ceramic, or stone used to cover walls, floors, and other surfaces. They are commonly used in kitchens, bathrooms, and outdoor spaces. One common defect found in tiles is small black spots known as pinholes, indicating air bubbles trapped during the manufacturing process. Additionally, irregular speckled pinholes may cause slight color variation compared to the surrounding glaze. Another issue that can occur is short hairline cracks along the edges of the tiles, which can compromise their structural integrity over time."
mt3_crack_030.jpg,7,"tiles,crack","Tiles. They are flat, thin pieces of baked clay used for covering surfaces. One common defect is the presence of short cracks along the edges. Irregularly shaped air pores with slight color variation from the surrounding glaze can also be observed on the surface of the tiles."
mt3_crack_031.jpg,7,"tiles,crack","Ceramic tiles. Defect: One small black spot, indicating a pore on the tile. Irregular spotted pores with slight color variation from the surrounding glaze. Short hairline cracks on the edges."
mt3_crack_032.jpg,7,"tiles,crack","Ceramic tiles. Defect: A small black dot, indicating the presence of an air pore in the tile. Irregular speckled air pores with slight color variation from the surrounding glaze. Short hairline crack along the edge."
mt3_crack_033.jpg,7,"tiles,crack",Tiles. Defects include tiny black spots indicating pores on the tiles. Irregular spotted pores with slight color variation compared to the surrounding glaze. Small hairline cracks along the edges.
mt3_crack_034.jpg,7,"tiles,crack","Tiles. Tiles are flat, thin objects used to cover surfaces such as floors, walls, and roofs. One common defect found in tiles is small air bubbles, appearing as tiny black dots on the surface. Additionally, irregular spotted air bubbles may cause slight color variations compared to the surrounding glaze. Narrow hairline cracks along the edges are another typical issue observed in tiles."
mt3_crack_035.jpg,7,"tiles,crack","Tiles. Defects include air bubbles, small black dots indicating pores on the surface. Irregular spotted pores with slight color variation from the surrounding glaze. Fine hairline cracks along the edges."
mt3_crack_036.jpg,7,"tiles,crack","Tiles. Tiles are thin objects, usually square or rectangular in shape, that are used to cover surfaces such as floors, walls, or roofs. However, they may have defects such as small black spots, indicating the presence of air holes. Irregular spotted air holes may have slight color variations compared to the surrounding glaze. Fine cracks along the edges may also be present."
mt3_crack_037.jpg,7,"tiles,crack","Bathroom fixtures. Defined as essential elements in a bathroom, such as sinks, toilets, showers, and bathtubs. Common defects include minor scratches, discoloration, or irregularities in the surface finish, which can affect the overall aesthetic appeal of the fixtures."
mt3_crack_038.jpg,7,"tiles,crack","Tiles. Tiles are thin objects usually square or rectangular in shape, used for covering surfaces such as floors, walls, or roofs. One common defect found in tiles is pinholes, tiny black spots indicating air bubbles trapped in the tile. Irregular speckled pinholes may also cause slight color variation compared to the surrounding glaze. Small hairline cracks along the edges are another typical issue with tiles."
mt3_crack_039.jpg,7,"tiles,crack","Tiles. Defects include air bubbles, which are small black spots indicating air pockets on the surface of the tile. Irregular speckled air bubbles may have slight color variations compared to the surrounding glaze. Fine hairline cracks along the edges."
mt3_crack_040.jpg,7,"tiles,crack","Tiles. Defects include tiny black dots, indicating air bubbles on the tiles. Irregular spotted air bubbles with slight color variation compared to the surrounding glaze. Fine hairline cracks along the edges."
mt3_crack_041.jpg,7,"tiles,crack","Tiles. Tiles are thin objects usually square or rectangular in shape that are used to cover surfaces such as floors, walls, and countertops. One common defect found in tiles is pinholes, which are small black dots indicating air bubbles trapped in the tile. Another issue could be irregular speckled pinholes with slight color variation from the surrounding glaze. Minor hairline cracks along the edges may also be observed."
mt3_crack_042.jpg,7,"tiles,crack","Tiles. Defects include air bubbles, small black spots indicating pores on the surface. Irregular spotted pores with slight color variation from the surrounding glaze. Fine hairline cracks along the edges."
mt3_crack_043.jpg,7,"tiles,crack","Tiles. Tiles are a type of building material commonly used for flooring and wall covering. One common defect found in tiles is the presence of small black pores, indicating air bubbles trapped within the material. Irregular spotted pores may also cause slight color variations compared to the surrounding glazed surface. Another issue often observed in tiles is the presence of fine hairline cracks along the edges, which can compromise the structural integrity of the tile."
mt3_crack_044.jpg,7,"tiles,crack","Tiles. Tiles are thin objects, usually square or rectangular in shape, that are used to cover surfaces such as floors, walls, or roofs. One common defect found in tiles is pinholes, which are tiny black spots indicating air bubbles trapped in the tile. Another issue is irregular speckled pinholes with slight color variation from the surrounding glaze. Additionally, tiles may exhibit small hairline cracks along the edges, affecting their structural integrity and visual appeal."
mt3_crack_045.jpg,7,"tiles,crack","Tiles. Tiles are a type of building material commonly used for flooring and wall decoration. One common defect found in tiles is the presence of tiny air holes, which appear as small black dots on the surface. Another flaw is irregular speckled air holes that show slight color variation from the surrounding glaze. Additionally, fine hairline cracks along the edges can also be observed in some tiles."
mt3_crack_046.jpg,7,"tiles,crack","Tiles. Tiles are flat, thin pieces of baked clay, ceramic, or stone used for covering roofs, floors, walls, and other surfaces. One common defect found in tiles is the presence of tiny air pockets, known as pinholes, which appear as small dark spots on the surface. Another defect is irregular speckled pinholes that have slight color variations compared to the surrounding glaze. Additionally, tiles may exhibit fine hairline cracks along the edges, compromising their structural integrity and aesthetics."
mt3_crack_047.jpg,7,"tiles,crack","Tiles. Tiles are thin objects, usually square or rectangular in shape, that are used to cover surfaces such as floors, walls, or roofs. One common defect found in tiles is pinholes, which are tiny black spots indicating air bubbles in the tile. Irregular speckled pinholes may also exhibit slight color variation compared to the surrounding glaze. Another issue that can arise with tiles is the presence of fine hairline cracks along the edges, which can compromise the structural integrity of the tile."
mt3_crack_048.jpg,7,"tiles,crack","Tiles. Defects include air bubbles, small black dots indicating pores on the surface. Irregular spotted pores with slight color variation from the surrounding glaze. Fine hairline cracks along the edges."
mt3_crack_049.jpg,7,"tiles,crack","Tiles. Tiles are flat, thin pieces of baked clay or other materials, used for covering floors, walls, or other surfaces. One common defect found in tiles is pinholes, small black dots indicating air bubbles trapped in the tile. Additionally, irregular speckled pinholes may cause slight color variations compared to the surrounding glaze. Fine hairline cracks along the edges are also a common issue in tiles."
mt3_crack_050.jpg,7,"tiles,crack","Tiles. Tiles are thin objects, usually square or rectangular in shape, used to cover surfaces such as floors, walls, or roofs. They can be made of various materials like ceramic, porcelain, or stone. However, a common defect found in tiles is the presence of pinholes, which are small black spots indicating air bubbles trapped within the tile. Additionally, irregular speckled pinholes may exhibit slight color variations compared to the surrounding glaze. Another common issue is the presence of fine hairline cracks along the edges of the tiles, which can compromise their structural integrity and aesthetics."
mt3_crack_051.jpg,7,"tiles,crack","Tiles are a type of building material commonly used for flooring and walls. One common defect found in tiles is the presence of tiny air pockets, indicated by small dark spots on the surface. Irregular speckled air pockets may also cause slight color variation compared to the surrounding glaze. Another issue that can occur with tiles is the development of fine hairline cracks along the edges, which can compromise the structural integrity of the tile."
mt3_crack_052.jpg,7,"tiles,crack","Tiles. Defects include air bubbles, small black dots indicating pores on the tiles. Irregular spotted pores with slight color variation from the surrounding glaze. Long cracks that can pose a danger by completely splitting open, making them hazardous for use."
mt3_crack_053.jpg,7,"tiles,crack","Tiles. Tiles are thin objects usually square or rectangular in shape that are used for covering roofs, floors, walls, showers, or other objects such as tabletops. One common defect found in tiles is the presence of small air bubbles, known as pinholes, which are visible as tiny black spots on the surface. Another issue is irregular spotting of pinholes with slight color variation from the surrounding glaze.Bathroom Fixtures. Bathroom fixtures refer to various accessories and fittings used in bathrooms, such as sinks, toilets, showers, and bathtubs. A major flaw in bathroom fixtures is the occurrence of long cracks that run through the entire structure, posing a danger to users and indicating potential structural weaknesses."
mt3_crack_054.jpg,7,"tiles,crack","Tiles. Defects include air bubbles, indicated by small black spots on the tiles. Irregular spotted air bubbles may have slight color differences from the surrounding glaze. Long cracks that run through the entire tile pose a danger and are hazardous for use."
mt3_crack_055.jpg,7,"tiles,crack","Tiles. Tiles are a type of building material commonly used for flooring and wall coverings. One common defect found in tiles is the presence of air bubbles, which are small black spots that indicate imperfections in the tile's surface. Another issue is irregular crack lines that can pose a safety hazard and compromise the usability of the tile."
mt3_crack_056.jpg,7,"tiles,crack","Tiles. Defects include air bubbles, small black dots indicating pores on the tiles. Irregular speckles with pores show slight color variation from the surrounding glaze. Long cracks that split entirely pose safety hazards and are dangerous to use."
mt3_crack_057.jpg,7,"tiles,crack","Tiles. Defects include air holes, a small black spot indicating pores on the tile surface. Irregular spotted air holes with slight color variation from the surrounding glaze. Long cracks that pose a danger when fully split open, making them harmful and risky to use."
mt3_fray_001.jpg,8,"tiles,fray","Tiles. Defined as flat, thin pieces of baked clay, ceramic, or stone used to cover surfaces. Common defects include irregular fray along the edges and small chips on the surface, affecting the overall appearance and durability of the tiles."
mt3_fray_002.jpg,8,"tiles,fray","Tiles. Tiles are thin objects usually square or rectangular in shape, used for covering surfaces such as floors, walls, and roofs. A common defect in tiles is irregular fray, where the edges of the tiles are not perfectly straight, leading to uneven alignment and potential installation challenges."
mt3_fray_003.jpg,8,"tiles,fray","Tiles. Defined as flat, thin pieces of baked clay, ceramic, or stone used for covering surfaces. A common defect is irregular fray, characterized by uneven edges or corners that may affect the overall aesthetic appeal of the tile."
mt3_fray_004.jpg,8,"tiles,fray","Tiles: Tiles are flat, thin pieces of baked clay, ceramic, or stone used for covering surfaces. One common defect is irregular fray, which is characterized by uneven edges and surface roughness, affecting the overall appearance and installation quality of the tiles."
mt3_fray_005.jpg,8,"tiles,fray","Tiles. Defects include irregular fray, where the edges of the tiles are uneven and show signs of wear and tear. The irregular fray can result in an unattractive appearance and potential tripping hazards."
mt3_fray_006.jpg,8,"tiles,fray","Tiles. Defects include irregular fray and a small black spot, indicating irregular fray on the tile surface with slight color variation compared to the surrounding glaze."
mt3_fray_007.jpg,8,"tiles,fray","Tiles: Tiles are flat, thin pieces of baked clay used for covering walls, floors, or other surfaces. One common defect found in tiles is irregular fray, where the edges of the tile are unevenly worn or chipped, affecting the overall appearance and durability of the tile."
mt3_fray_008.jpg,8,"tiles,fray","Tiles. Defects include irregular fray, which refers to uneven and jagged edges on the surface of the tile. Irregular fray can lead to difficulties in installation and may affect the overall aesthetic appeal of the tiled surface."
mt3_fray_009.jpg,8,"tiles,fray","Tiles: Tiles are flat, thin pieces of baked clay, ceramic, or stone used for covering roofs, floors, walls, or other objects. One common defect found in tiles is irregular fraying along the edges, which can affect the overall appearance and durability of the tile."
mt3_fray_010.jpg,8,"tiles,fray","Tiles. Tiles are thin objects usually square or rectangular in shape, used for covering surfaces such as floors, walls, or roofs. One common defect found in tiles is irregular fray at the edges, which may affect the overall appearance and durability of the tile. Irregular fray can result in uneven edges and may cause difficulties during installation."
mt3_fray_011.jpg,8,"tiles,fray","Ceramic tiles. Defect: irregular fray, a small black spot, indicating irregular fray on the tile surface. Inconsistent fray patterns with slight color variation compared to the surrounding glaze."
mt3_fray_012.jpg,8,"tiles,fray","Tiles. Defined by their smooth surface and square shape, tiles are commonly used in flooring and wall decoration. However, a common defect found in tiles is irregular fray, where the edges are not perfectly straight and smooth, affecting the overall aesthetic appeal of the installation."
mt3_fray_013.jpg,8,"tiles,fray","Tiles. Tiles are flat, thin objects made from ceramic, stone, metal, or glass, used for covering surfaces such as floors, walls, or roofs. However, irregular fray along the edges and corners can be a common defect found in some tiles, affecting their overall appearance and durability."
mt3_fray_014.jpg,8,"tiles,fray","Bathroom equipment. Defined as fixtures and fittings used in bathrooms, such as sinks, toilets, and showers. Common defects include rust, leakage, and loose fittings. Irregular fray. Irregular and frayed edges or surfaces, leading to a rough and uneven appearance."
mt3_fray_015.jpg,8,"tiles,fray","Tiles. Defects include air bubbles, represented by small black spots, on the surface of the tiles. Irregular worn-out area in the center."
mt3_fray_016.jpg,8,"tiles,fray",Ceramic tiles. Defect: A small black dot indicating the presence of a pore on the tile. Irregular speckled pores with slight color variation from the surrounding glaze. Central area shows irregular abrasion.
mt3_fray_017.jpg,8,"tiles,fray","Bathroom fixtures. Defined by their sleek design and modern functionality, bathroom fixtures are essential elements in any contemporary bathroom. However, a common flaw in bathroom fixtures is water staining, which can detract from their aesthetic appeal and require frequent cleaning to maintain their pristine appearance."
mt3_fray_018.jpg,8,"tiles,fray","Tiles. Defects include air bubbles, small black dots indicating pores on the tiles. Irregular worn-out spot in the center with slight color variation compared to the surrounding glaze."
mt3_fray_019.jpg,8,"tiles,fray","Tiles. Defined by their smooth, glossy surface and uniform shape. However, a common defect is the presence of air bubbles, indicated by small black spots on the tile. Irregular worn-out patterns are often found in the center, showcasing signs of heavy usage."
mt3_fray_020.jpg,8,"tiles,fray","Ceramic tiles. Defect: Air bubbles, a small black dot, indicating air bubbles on the tile. Irregular worn-out spot in the center with slight color variation compared to the surrounding glaze."
mt3_fray_021.jpg,8,"tiles,fray","Tiles. Defects include air bubbles, small black dots, indicating air bubbles on the tiles. Irregular spots with air bubbles and slight color variation around the glaze. Wear and tear with fraying and embossed numerical label numbers."
mt3_fray_022.jpg,8,"tiles,fray","Ceramic tiles. Defects include air bubbles, small black dots, indicating the presence of air bubbles on the tiles. Irregular spotted air bubbles with slight color variation from the surrounding glaze. Wear and tear with fraying and embossed numerical label numbers."
mt3_fray_023.jpg,8,"tiles,fray","Tiles. Defects include air bubbles, small black dots indicating pores on the surface. Irregular spotted pores with slight color variation compared to surrounding glaze. Wear and tear with fraying and embossed numerical label numbers."
mt3_fray_024.jpg,8,"tiles,fray","Tiles. Defects include air bubbles, small black spots indicating the presence of air bubbles on the tile. Irregular spotted air bubbles with slight color variation from the surrounding glaze. Wear and tear with fraying and embossed numerical label numbers."
mt3_fray_025.jpg,8,"tiles,fray","Ceramic Tiles. Defect: Air bubbles, a small black dot, indicating air bubbles on the tile. Irregular speckled air bubbles with slight color variation around the glaze. Wear and tear: Fray and embossed numerical label number."
mt3_fray_026.jpg,8,"tiles,fray","Tiles. Defects include air bubbles, small black dots indicating pores on the tiles. Irregular spots of air bubbles with slight color variation from the surrounding glaze. Wear and tear with fraying and embossed numerical label numbers."
mt3_fray_027.jpg,8,"tiles,fray","Ceramic tiles. Defects include pinholes, small black dots indicating air bubbles on the surface. Irregular spotted pinholes with slight color variation from the surrounding glaze. Surface shows matte finish and gourd-shaped wear."
mt3_fray_028.jpg,8,"tiles,fray","Tiles. Defects include air bubbles, characterized by small black spots on the surface. Irregular speckled air bubbles may have slight color variations compared to the surrounding glaze. Matte finish with a worn-out appearance in a gourd shape."
mt3_fray_029.jpg,8,"tiles,fray","Tiles. Tiles are thin objects usually square or rectangular in shape, used to cover surfaces such as floors, walls, or roofs. One common defect found in tiles is air bubbles, which manifest as small black dots on the surface. Irregular speckled air bubbles may also cause slight color variation compared to the surrounding glaze. Another issue could be surface abrasion resulting in a matte finish, resembling a gourd shape."
mt3_fray_030.jpg,8,"tiles,fray","Tiles. Defects include air bubbles, indicated by small black spots on the tiles. Irregular speckled air bubbles may have slight color variations compared to the surrounding glaze. Surface abrasions result in a matte finish with a gourd-like shape."
mt3_fray_031.jpg,8,"tiles,fray","Tiles. Defects include air bubbles, small black dots indicating the presence of pores on the tiles. Irregular spotted pores with slight color variation from the surrounding glaze. Surface shows matte finish with a gourd-like pattern due to wear and tear."
mt3_fray_032.jpg,8,"tiles,fray","Tiles. Defects include air bubbles, small black spots indicating air bubbles on the surface. Irregular speckled air bubbles with slight color variation from the surrounding glaze. Matte finish with a worn-out appearance in a gourd shape."
mt3_free_001.jpg,9,"tiles,good","Tiles: Tiles are flat, thin pieces of baked clay, ceramic, or stone used for covering roofs, floors, walls, or other objects. Common defects include chipped edges, uneven surfaces, and inconsistent color patterns, which may affect the overall appearance and quality of the installation."
mt3_free_002.jpg,9,"tiles,good","Tiles: Tiles are flat, thin pieces of baked clay, ceramic, or stone used for covering roofs, floors, walls, or other objects. A common defect found in tiles is chipping, where the edges of the tile are broken or damaged, affecting the overall appearance and durability of the tile."
mt3_free_003.jpg,9,"tiles,good","Tiles. Defined as flat, thin pieces of baked clay or other material, used especially for covering roofs, floors, walls, and drains. One common defect is chipped edges, where the corners of the tiles are broken or missing, affecting the overall aesthetic and structural integrity."
mt3_free_004.jpg,9,"tiles,good","Tiles: Tiles are flat, thin pieces of baked clay or other materials, used especially for covering roofs, floors, walls, and ceilings. A common defect in tiles is chipped edges, which can affect the overall aesthetics and durability of the tile. Irregular chipped edges can be particularly noticeable and may require replacement to maintain a seamless appearance."
mt3_free_005.jpg,9,"tiles,good","Tiles: Tiles are flat, thin objects made from ceramic, stone, metal, or glass, used to cover surfaces such as floors, walls, or roofs. They come in various colors, shapes, and sizes, providing a decorative and protective element to spaces. However, some tiles may have slight imperfections like uneven edges or surface cracks, affecting their overall appearance and durability."
mt3_free_006.jpg,9,"tiles,good","Tiles. Defects include hairline cracks and uneven edges, indicating imperfections in the tile's structure. Uneven glaze distribution and slight color variations along the edges may also be present. Despite these flaws, the tiles are still considered acceptable for use."
mt3_free_007.jpg,9,"tiles,good","Tiles are a type of building material commonly used for flooring and wall covering. They are durable, easy to clean, and come in a variety of colors and patterns. However, tiles may have defects such as uneven edges or surface cracks, which can affect the overall aesthetic and functionality of the installation."
mt3_free_008.jpg,9,"tiles,good","Tiles. Tiles are thin objects usually square or rectangular in shape that are used to cover surfaces such as floors, walls, or roofs. A common issue with tiles is chipping, where small pieces of the tile break off, leaving an uneven surface that may affect the overall appearance and functionality of the tiling."
mt3_free_009.jpg,9,"tiles,good","Bathroom fixtures. Defect: surface scratches, visible under bright light, affecting overall appearance. Inconsistencies in color and finish on edges, impacting aesthetic appeal."
mt3_free_010.jpg,9,"tiles,good","Tiles are a type of building material commonly used for flooring and wall covering. They are typically made of ceramic, porcelain, or natural stone. One common issue with tiles is chipping, which can occur along the edges or corners due to impact or improper installation. Another defect is warping, where tiles may not lay flat on the surface, causing an uneven appearance and potential tripping hazards."
mt3_free_011.jpg,9,"tiles,good","Tiles: Tiles are flat, thin objects usually square or rectangular in shape, used to cover surfaces such as floors, walls, or roofs. They are commonly made of materials like ceramic, porcelain, or natural stone. However, a common defect found in tiles is chipping, where small pieces of the tile break off, leading to an uneven surface and potential safety hazards."
mt3_free_012.jpg,9,"tiles,good","Tiles: Tiles are flat, thin pieces of baked clay, ceramic, or stone used for covering roofs, floors, walls, or other objects. A common defect in tiles is chipping, which results in small, broken pieces along the edges. Irregular chipping can lead to an uneven surface and compromise the overall appearance of the tiled area."
mt3_free_013.jpg,9,"tiles,good","Tiles: Tiles are a type of building material commonly used for flooring and wall covering. They are durable and come in various colors, shapes, and sizes. However, some tiles may have uneven edges or surface imperfections, affecting the overall appearance and installation quality."
mt3_free_014.jpg,9,"tiles,good","Tiles. Tiles are thin objects usually square or rectangular in shape, used to cover surfaces such as floors, walls, or roofs. They are commonly made of materials like ceramic, stone, or glass. However, tiles may have defects such as uneven edges, causing difficulties in installation and affecting the overall aesthetic appearance."
mt3_free_015.jpg,9,"tiles,good","Tiles are a type of building material commonly used for flooring and wall coverings. They are typically made of ceramic, porcelain, or natural stone. One common issue with tiles is chipping along the edges, which can detract from their appearance and structural integrity."
mt3_free_016.jpg,9,"tiles,good","Tiles are a type of building material commonly used for flooring and wall coverings. They are typically made of ceramic, porcelain, or natural stone. A common defect found in tiles is chipping, where small pieces of the tile break off, leaving a rough edge. This can occur due to impact or improper installation, resulting in an unsightly appearance and potential safety hazards."
mt3_free_017.jpg,9,"tiles,good","Tiles: Tiles are thin objects usually square or rectangular in shape, used for covering surfaces such as floors, walls, or roofs. A common defect in tiles is crazing, which appears as fine cracks on the surface, affecting the overall appearance and durability of the tile."
mt3_free_018.jpg,9,"tiles,good","Tiles. Defect: crack, a thin line, indicating a crack on the surface of the tile. Uneven surface of the crack with sharp edges, affecting the overall appearance."
mt3_free_019.jpg,9,"tiles,good","Tiles are a type of building material commonly used for flooring and wall covering. They are typically made of ceramic, porcelain, or natural stone. One common issue with tiles is chipping, where small pieces break off the edges, leading to a less aesthetically pleasing appearance. Another flaw that can occur is warping, causing the tiles to not lay flat against the surface, resulting in potential tripping hazards and difficulty during installation."
mt3_free_020.jpg,9,"tiles,good","Bathroom Fixtures. Defect: Scratches, a small black line, visible on the surface of the bathroom fixtures. Inconsistencies in the finish and slight color variation around the scratches."
mt3_free_021.jpg,9,"tiles,good","Tiles. Defect: chipped corner, a small piece missing from the edge of the tile. Uneven surface on the chipped area may affect installation and aesthetics."
mt3_free_022.jpg,9,"tiles,good","Tiles: Tiles are flat, thin objects made from materials such as ceramic, stone, or glass, used to cover surfaces like floors, walls, and countertops. A common defect in tiles is chipping, where a small piece of the tile breaks off, leaving a noticeable gap in the surface. Irregular chipping can create sharp edges that may pose a safety hazard."
mt3_free_023.jpg,9,"tiles,good","Bathroom Fixtures. Definition: Bathroom fixtures refer to the essential hardware and accessories installed in bathrooms for functionality and aesthetics. Defect: A scratch on the surface, visible under certain lighting angles, indicating a flaw in the finish of the bathroom fixture. Uneven finish around the scratch may be observed upon closer inspection."
mt3_free_024.jpg,9,"tiles,good","Tiles are a type of building material commonly used for flooring and wall coverings. They are typically made of ceramic, porcelain, or natural stone, providing durability and aesthetic appeal. However, one common defect found in tiles is chipped edges, which can occur during handling or installation. Chipped edges can compromise the overall look of the tile and may require replacement to maintain a seamless finish."
mt3_free_025.jpg,9,"tiles,good","Bathroom Fixtures: Bathroom fixtures are essential components in a bathroom, including items such as sinks, toilets, showers, and bathtubs. These fixtures are designed to provide functionality and convenience for users. However, a common issue with bathroom fixtures is water leakage, which can lead to damage and mold growth if not addressed promptly. Additionally, some fixtures may be prone to corrosion over time, especially in areas with hard water, requiring regular maintenance to prolong their lifespan."
mt3_free_026.jpg,9,"tiles,good","Bathroom fixtures. Definition: Bathroom fixtures refer to a variety of essential elements in a bathroom, including sinks, toilets, showers, and tubs. Despite their functionality, bathroom fixtures may exhibit issues such as rust, leaks, or poor water flow, impacting their performance and aesthetics."
mt3_free_027.jpg,9,"tiles,good","Tiles: Tiles are flat, thin pieces of baked clay or other materials, used for covering roofs, floors, walls, and other surfaces in buildings. Common defects include chipped corners, uneven edges, and inconsistent glazing, which may affect the overall appearance and durability of the tiles."
mt3_free_028.jpg,9,"tiles,good","Tiles: Tiles are flat, thin pieces of baked clay or other materials, used for covering roofs, floors, walls, and other surfaces in buildings. A common defect found in tiles is chipped corners, where the edges are broken off, affecting the overall appearance and structural integrity. Another issue is inconsistent glazing, leading to uneven coloration or patterns on the surface of the tile."
mt3_free_029.jpg,9,"tiles,good","Tiles. Defects may include chipped edges, uneven surfaces, and inconsistent color patterns. These imperfections can affect the overall aesthetic appeal and durability of the tiles."
mt3_free_030.jpg,9,"tiles,good","Tiles. Tiles are flat, thin pieces of baked clay, ceramic, or stone used for covering roofs, floors, walls, or other objects. A common defect found in tiles is chipping, where small pieces of the tile's surface are missing, leading to a rough and uneven appearance. Irregular chipping can be particularly problematic as it affects the tile's durability and aesthetics."
mt3_free_031.jpg,9,"tiles,good","Tiles. Tiles are thin objects usually square or rectangular in shape, used for covering roofs, floors, walls, or other objects such as tabletops. The defect of tiles could be chipped edges, where the corners or sides of the tile are broken or damaged, affecting the overall appearance and functionality of the tile."
mt3_free_032.jpg,9,"tiles,good","Ceramic tiles. Defect: hairline crack, a thin line visible on the surface of the tile. Hairline crack may lead to water seepage and compromise the tile's durability."
mt3_free_033.jpg,9,"tiles,good","Tiles. Tiles are thin objects usually square or rectangular in shape, used for covering surfaces such as floors, walls, or roofs. One common defect found in tiles is chipped edges, where the corners or sides of the tile are broken or missing, affecting the overall appearance and functionality of the tile. Irregularly shaped chips can also lead to uneven surfaces when the tiles are installed."
mt3_free_034.jpg,9,"tiles,good","Tiles: Tiles are flat, thin pieces of baked clay, ceramic, or stone used to cover walls, floors, and roofs. They are durable and come in various colors, patterns, and finishes. However, some tiles may have uneven edges, leading to challenges during installation."
mt3_free_035.jpg,9,"tiles,good","Tiles are a type of building material commonly used for flooring and wall covering. They are typically made of ceramic, porcelain, or natural stone. However, a common defect found in tiles is chipping, which can occur during manufacturing, transportation, or installation. Chipping can result in sharp edges or visible cracks on the surface of the tile, affecting its appearance and structural integrity."
mt3_free_036.jpg,9,"tiles,good","Bathroom fixtures. Definition: Bathroom fixtures refer to the essential elements in a bathroom, such as sinks, toilets, showers, and bathtubs. They are crucial for the functionality and aesthetics of a bathroom. Defect: Rust spots. Rust spots on bathroom fixtures can be unsightly and may indicate corrosion, potentially leading to leaks or other issues if not addressed promptly."
mt3_free_037.jpg,9,"tiles,good","Tiles. Defect: crack, a thin line, indicating a crack on the surface. Irregular crack with slight color variation compared to surrounding glaze. Flawless in normal condition."
mt3_free_038.jpg,9,"tiles,good","Tiles: Tiles are flat, thin pieces of baked clay or other materials, used for covering walls, floors, and other surfaces in buildings. One common defect is chipped edges, where the corners of the tiles are slightly damaged, affecting the overall appearance. Another flaw is uneven glazing, where the surface coating of the tiles appears patchy or inconsistent in color, detracting from the uniformity of the design."
mt3_free_039.jpg,9,"tiles,good","Tiles: Tiles are flat, thin pieces of baked clay, ceramic, or stone used for covering roofs, floors, walls, or other objects. A common defect in tiles is chipping, where small pieces of the tile's surface are missing, leading to an uneven appearance. Another flaw is warping, causing the tile to bend or distort, affecting its ability to lay flat and creating installation challenges."
mt3_free_040.jpg,9,"tiles,good","Tiles. Tiles are thin objects usually square or rectangular in shape, used for covering surfaces such as floors, walls, or roofs. They come in various materials like ceramic, porcelain, or natural stone. However, a common defect found in tiles is chipping, where the edges are damaged, leading to a rough and uneven surface. Another issue is warping, causing the tiles to bend or curve, affecting the overall appearance and installation process."
mt3_free_041.jpg,9,"tiles,good","Tiles: Tiles are a type of building material commonly used for flooring and wall covering. They are known for their durability and easy maintenance. However, a common defect found in tiles is chipping, which can occur due to impact or improper installation. Chipped tiles can affect the overall aesthetic of a surface and may require replacement to maintain a seamless look."
mt3_free_042.jpg,9,"tiles,good","Tiles. Tiles are thin objects usually square or rectangular in shape, used for covering surfaces such as floors, walls, or roofs. One common defect found in tiles is crazing, which appears as a network of fine cracks on the surface, affecting the aesthetic appeal and structural integrity."
mt3_free_043.jpg,9,"tiles,good","Bathroom Fixtures. Definition: Bathroom fixtures refer to a variety of equipment and accessories used in bathrooms, such as sinks, faucets, toilets, showers, and bathtubs. These fixtures are essential for the functionality and aesthetics of a bathroom. Defect: Rust. Rust on bathroom fixtures can occur due to exposure to moisture and lack of proper maintenance. It appears as orange or reddish-brown spots on the surface of the fixtures, affecting their appearance and durability."
mt3_free_044.jpg,9,"tiles,good","Tiles: Tiles are flat, thin pieces of baked clay, ceramic, or stone used for covering roofs, floors, walls, or other objects. They are durable and come in various colors, shapes, and sizes. However, some tiles may have uneven edges, leading to difficulties in installation and creating an uneven surface."
mt3_free_045.jpg,9,"tiles,good","Tiles are a type of building material commonly used for flooring and walls. They are typically made of ceramic, porcelain, or natural stone. One common issue with tiles is uneven edges, which can make installation challenging and result in an uneven surface. Another drawback is that tiles can be prone to cracking if not properly installed or if the subfloor is not level."
mt3_free_046.jpg,9,"tiles,good","Tiles are a type of building material commonly used for covering floors, walls, roofs, and other surfaces. They are typically made of ceramic, stone, metal, or glass. One common defect in tiles is chipping, where a small piece of the tile breaks off, leaving a noticeable gap in the surface. Irregular chipping can lead to sharp edges and a lack of uniformity in the overall appearance of the tiled surface."
mt3_free_047.jpg,9,"tiles,good","Tiles are a type of building material commonly used for flooring and wall coverings. They are typically made from ceramic, porcelain, or natural stone. However, one common defect found in tiles is crazing, which appears as fine cracks on the surface of the tile. This defect can affect the structural integrity of the tile and compromise its overall appearance."
mt3_free_048.jpg,9,"tiles,good","Tiles are a type of building material commonly used for flooring or wall covering. They are typically made of ceramic, porcelain, or natural stone. One common issue with tiles is chipping, where small pieces of the tile break off, leading to a rough or uneven surface. Another flaw that can occur is warping, causing the tiles to not lay flat and creating an unappealing appearance."
mt3_free_049.jpg,9,"tiles,good","Tiles are a type of building material commonly used for flooring and walls, known for their durability and aesthetic appeal. However, a common defect found in tiles is chipping, where small pieces of the tile break off, compromising its integrity. Chipped tiles can detract from the overall look of a space and may require replacement to maintain a uniform appearance."
mt3_free_050.jpg,9,"tiles,good",Tiles. A type of building material commonly used for flooring and walls. The defect of a small black dot indicates the presence of a pore on the tile surface. Irregular spotted pores may show slight color variation compared to the surrounding glaze on the tile.
mt3_free_051.jpg,9,"tiles,good","Ceramic tiles are a type of building material used for covering floors, walls, and other surfaces. They are typically made from clay and other natural materials, and are known for their durability and easy maintenance. However, one common defect found in ceramic tiles is pinholes, which are tiny holes on the surface of the tile that can affect its appearance and water resistance. Another issue is irregular discoloration, where certain areas of the tile may have slight color variations due to the manufacturing process."
mt3_free_052.jpg,9,"tiles,good","Tiles. Tiles are flat, thin pieces of baked clay, ceramic, or stone used for covering roofs, floors, walls, or other objects such as tabletops. They come in various shapes, sizes, colors, and patterns. However, one common defect found in tiles is the presence of air bubbles, which appear as small holes on the surface. Irregular spots of air bubbles may cause slight color variations compared to the surrounding glaze when exposed to light."
mt3_free_053.jpg,9,"tiles,good","Tiles. Tiles are flat, thin pieces of baked clay, ceramic, or stone used for covering surfaces such as floors, walls, or roofs. They come in various shapes, sizes, colors, and patterns, providing a decorative and protective layer to spaces. However, one common defect found in tiles is the presence of air bubbles, which appear as small black spots on the surface. Additionally, irregular speckled air bubbles may cause slight color variations compared to the surrounding glaze when exposed to light."
mt3_free_054.jpg,9,"tiles,good","Tiles are a type of building material commonly used for flooring or wall covering. They are typically made of ceramic, porcelain, or natural stone. One common issue with tiles is the presence of air pockets, which appear as small black dots on the surface. Another defect to look out for is irregular speckled air pockets that may cause slight color variations compared to the surrounding glaze."
mt3_free_055.jpg,9,"tiles,good","Tiles. Tiles are thin objects usually square or rectangular in shape, used for covering surfaces such as floors, walls, or roofs. One common defect found in tiles is crazing, which appears as a network of fine cracks on the surface of the tile. Crazing can affect the overall aesthetic appeal and durability of the tile."
mt3_free_056.jpg,9,"tiles,good","Bathroom fixtures. Defined by high-quality stainless steel material and sleek modern design. Common defects include water stains and rust spots, which can affect the appearance and durability of the fixtures."
mt3_free_057.jpg,9,"tiles,good","Ceramic tiles. Defects include pinholes, small black spots indicating air bubbles in the tiles. Irregular speckled pinholes with slight color variation from the surrounding glaze on the tiles. High-quality ceramic tiles under illumination."
mt3_free_058.jpg,9,"tiles,good","Bathroom fixtures. Defined as essential components in bathrooms for functions such as bathing, washing hands, and using the toilet. Common defects include rust, leaks, and loose fittings, which can lead to water damage and inconvenience."
mt3_free_059.jpg,9,"tiles,good","Ceramic tiles: Ceramic tiles are flat, thin pieces of ceramic material used to cover surfaces such as floors, walls, or countertops. Despite their durability and versatility, ceramic tiles may exhibit defects such as glaze crazing, where small, interconnected cracks form on the surface of the tile, detracting from its overall appearance."
mt3_free_060.jpg,9,"tiles,good","Tiles are a type of construction material typically made from ceramic, stone, or porcelain. They are used for covering surfaces such as floors, walls, and countertops in residential and commercial buildings. One common defect found in tiles is crazing, which appears as fine cracks on the surface of the tile due to tension between the glaze and body during the cooling process. Irregular patterns of crazing can affect the overall aesthetics and durability of the tile."
mt3_free_061.jpg,9,"tiles,good","Tiles. Tiles are a type of building material commonly used for flooring and wall covering. They are typically made of ceramic, porcelain, or natural stone. One common defect found in tiles is air bubbles, which appear as small holes on the surface. Another imperfection to watch out for is irregular dark spots, which may cause slight color variation compared to the surrounding glaze. High-quality tiles should exhibit a smooth and uniform appearance when exposed to light."
mt3_free_062.jpg,9,"tiles,good","Tiles. Tiles are thin objects usually square or rectangular in shape, used for covering surfaces such as floors, walls, or roofs. One common defect found in tiles is chipping, where a small piece of the tile is broken off, affecting the overall appearance and integrity of the surface. Another flaw is uneven edges, leading to difficulties in installation and creating an unprofessional finish."
mt3_free_063.jpg,9,"tiles,good","Tiles. Tiles are flat, thin objects made from ceramic, stone, metal, or glass, typically used for covering floors, walls, or other surfaces in buildings. They come in various shapes, sizes, colors, and patterns, adding aesthetic appeal and functionality to interior and exterior spaces. However, common defects in tiles include air bubbles, small black spots, and irregular discoloration, which can affect the overall appearance and quality of the tiled surface."
mt3_free_064.jpg,9,"tiles,good","Tiles. Tiles are flat, thin pieces of baked clay, ceramic, or stone used for covering roofs, floors, walls, or other objects such as tabletops. They come in various shapes, sizes, colors, and textures, offering a versatile and durable option for interior and exterior design. However, a common defect in tiles is the presence of air pockets, which appear as small holes on the surface of the tile. These air pockets can affect the overall appearance and structural integrity of the tile, leading to potential breakage or uneven surfaces."
mt3_free_065.jpg,9,"tiles,good","Tiles. Tiles are thin objects usually square or rectangular in shape, used for covering surfaces such as floors, walls, or countertops. A common defect found in tiles is chipped edges, which can affect the overall appearance and structural integrity of the tile. Irregularly shaped chips along the edges may lead to difficulties in installation and may require additional finishing work to correct."
mt3_free_066.jpg,9,"tiles,good","Tiles. Tiles are flat, thin pieces of baked clay, ceramic, or stone used for covering roofs, floors, walls, or other objects. One common defect found in tiles is crazing, a network of fine cracks on the surface of the tile, which can affect its appearance and durability."
mt3_free_067.jpg,9,"tiles,good","Tiles: Tiles are flat, thin pieces of baked clay, ceramic, or stone used for covering roofs, walls, floors, and other surfaces. One common defect found in tiles is crazing, which appears as a network of fine cracks on the surface of the tile, caused by tension between the glaze and body during cooling. Another defect is warping, where the tile becomes distorted or bent, affecting its ability to lay flat and creating installation challenges."
mt3_free_068.jpg,9,"tiles,good","Ceramic tiles are a type of building material commonly used for covering floors, walls, and other surfaces. They are durable and come in a variety of colors, patterns, and finishes. However, one common defect found in ceramic tiles is pinholes, which are tiny black spots on the surface. Another issue is irregular speckling, where pinholes with slight color variations from the surrounding glaze can be observed."
mt3_free_069.jpg,9,"tiles,good","Tiles. Tiles are thin objects usually square or rectangular in shape that are commonly used to cover floors, walls, or other surfaces. They come in various materials such as ceramic, porcelain, or natural stone. A common defect in tiles is chipping, where a small piece of the tile has broken off, leaving a noticeable gap or rough edge. Irregular patterns or color variations may also be present due to inconsistencies in the glazing process, resulting in a less uniform appearance."
mt3_free_070.jpg,9,"tiles,good","Tiles: Tiles are flat, thin pieces of baked clay used for covering surfaces such as floors, walls, or roofs. One common defect found in tiles is crazing, which presents as fine cracks on the surface of the tile due to tension between the glaze and the body of the tile. Crazing can affect the aesthetics and durability of the tile."
mt3_free_071.jpg,9,"tiles,good","Tiles. Tiles are flat, thin pieces of baked clay or other material, used especially for covering roofs, floors, walls, showers, or other objects. A common defect in tiles is chipping, which can lead to sharp edges and potential injuries. Irregularly shaped chips may also affect the overall aesthetics of the tiled surface."
mt3_free_072.jpg,9,"tiles,good","Ceramic tiles are a type of building material commonly used in interior design. They are known for their durability and versatility. However, a common defect found in ceramic tiles is pinholes, which are tiny black spots indicating air bubbles trapped in the tile during the manufacturing process. Additionally, irregular speckled pinholes may cause slight color variation compared to the surrounding glaze on the tile."
mt3_free_073.jpg,9,"tiles,good","Tiles: Tiles are flat, thin pieces of baked clay, ceramic, or stone used for covering roofs, floors, walls, or other objects. Defects in tiles may include chipped edges or surface cracks, affecting their overall appearance and durability."
mt3_free_074.jpg,9,"tiles,good","Tiles. Tiles are flat, thin pieces of fired clay, ceramic, stone, metal, or glass used for covering roofs, floors, walls, or other objects such as tabletops. They are typically square or rectangular in shape and come in various sizes, colors, and patterns. However, tiles may have defects such as air bubbles, small black spots, or irregular discolorations that can affect their appearance and quality."
mt3_free_075.jpg,9,"tiles,good","Tiles. Tiles are flat, thin pieces of baked clay, ceramic, or stone used for covering roofs, floors, walls, or other objects. Commonly found in bathrooms, kitchens, and outdoor spaces. However, some tiles may have defects such as air pockets, small black spots, indicating imperfections on the surface. Irregular speckled air pockets may have slight color variations compared to the surrounding glaze."
mt3_free_076.jpg,9,"tiles,good","Ceramic tiles. Defect: hairline crack, a thin line on the surface of the tile. The hairline crack may affect the structural integrity and appearance of the tile. High-quality ceramic tiles under bright light showcase a smooth surface with vibrant colors and precise edges."
mt3_free_077.jpg,9,"tiles,good","Ceramic tiles are a type of building material commonly used for flooring and wall covering. They are typically made from clay and other natural materials, then fired at high temperatures to create a durable surface. However, ceramic tiles may have defects such as air bubbles, which appear as small black spots on the tile surface. Irregular speckles or color variations in the glaze around the air bubbles may also be present, affecting the overall appearance of the tile."
mt3_free_078.jpg,9,"tiles,good","Ceramic tiles are a type of building material that is known for its durability and versatility in design. However, a common defect found in ceramic tiles is pinholes, which are small black spots that indicate air bubbles trapped in the tile during the manufacturing process. Additionally, irregular speckled pinholes may also be present, causing slight color variations in the glaze surrounding the pinholes."
mt3_free_079.jpg,9,"tiles,good","Tiles: Tiles are thin objects usually square or rectangular in shape, used for covering surfaces such as floors, walls, or roofs. A common defect in tiles is chipping, where a small piece of the tile breaks off, leaving a noticeable gap on the surface. Another flaw is warping, causing the tile to no longer lay flat and creating an uneven surface when installed."
mt3_free_080.jpg,9,"tiles,good","Tiles: Tiles are hard-wearing materials commonly used for covering surfaces such as floors, walls, and countertops. They come in various sizes, shapes, colors, and patterns, providing both functionality and aesthetic appeal. However, one common defect found in tiles is crazing, which appears as fine cracks on the surface due to tension between the glaze and body of the tile. This can affect the overall appearance and durability of the tiles, especially in high-traffic areas."
mt3_free_081.jpg,9,"tiles,good","Tiles: Tiles are a type of building material commonly used for covering floors, walls, roofs, and other surfaces. They are usually made of ceramic, stone, metal, or glass. However, one common defect found in tiles is pinholes, which are tiny black spots indicating air bubbles in the tile. Additionally, irregular speckled pinholes may cause slight color variation compared to the surrounding glaze on the tile."
mt3_free_082.jpg,9,"tiles,good","Tiles are a type of building material commonly used for flooring and wall coverings. They are typically made of ceramic, porcelain, or natural stone. However, a common defect found in tiles is pinholes, which are tiny black spots indicating air bubbles in the tile. Additionally, irregular speckled pinholes may cause slight color variations in the glaze compared to the surrounding area."
mt3_free_083.jpg,9,"tiles,good","Porcelain tiles are a type of ceramic tile made from fine clay and minerals, fired at high temperatures to create a dense, durable material. Despite their strength and water resistance, porcelain tiles can sometimes exhibit slight color variations or irregularities in the glaze, which may affect their overall appearance."
mt3_free_084.jpg,9,"tiles,good","Tiles. Tiles are flat, thin pieces of baked clay, ceramic, or stone used for covering roofs, floors, walls, or other objects. One common defect in tiles is crazing, which appears as fine cracks on the surface of the tile due to tension between the glaze and body during cooling. Another defect is warping, where tiles become distorted and do not lay flat, affecting the overall appearance and installation of the tiles."
mt3_free_085.jpg,9,"tiles,good","Tiles. Tiles are thin objects usually square or rectangular in shape that are used for covering surfaces such as floors, walls, or roofs. One common defect found in tiles is crazing, which appears as a network of fine cracks on the surface of the tile, affecting its aesthetics and potentially compromising its structural integrity."
mt3_free_086.jpg,9,"tiles,good","Tiles. Tiles are flat, thin pieces of baked clay, ceramic, or stone used for covering roofs, floors, walls, or other objects. One common defect in tiles is crazing, which appears as a network of fine cracks on the surface, affecting the overall aesthetics and structural integrity of the tile."
mt3_free_087.jpg,9,"tiles,good","Tiles. Tiles are thin objects usually square or rectangular in shape that are used for covering surfaces such as floors, walls, or roofs. One common defect found in tiles is crazing, which appears as fine cracks on the surface of the tile. These cracks can compromise the structural integrity of the tile and affect its appearance."
mt3_free_088.jpg,9,"tiles,good","Tiles are a type of building material commonly used for flooring and wall coverings. They are typically made of ceramic, porcelain, or natural stone. A common issue with tiles is the presence of air pockets, which appear as small black spots on the surface. Additionally, irregular speckled air pockets may cause slight color variations compared to the surrounding glaze."
mt3_free_089.jpg,9,"tiles,good","Tiles: Tiles are flat, thin pieces of baked clay, ceramic, or stone used for covering roofs, floors, walls, or other objects. Defects in tiles may include air pockets, small black dots, indicating the presence of air pockets on the surface. Irregular spotted air pockets may have slight color variations compared to the surrounding glaze. High-quality tiles exhibit a uniform appearance when exposed to light."
mt3_free_090.jpg,9,"tiles,good","Tiles are thin slabs of baked clay or other materials, generally used for covering roofs, floors, walls, or other objects such as tabletops. One common defect found in tiles is crazing, a network of fine cracks on the surface that can affect the overall appearance and durability of the tile. Another issue that may arise is warping, where the tile becomes distorted or uneven, leading to difficulties in installation and a compromised aesthetic finish."
mt3_free_091.jpg,9,"tiles,good","Tiles: Tiles are flat, thin pieces of baked clay or other materials, used for covering walls, floors, etc. Defects such as air bubbles and a single small black spot may be present on the surface of the tile. Irregular speckled air bubbles may have slight color variations compared to the surrounding glaze on the tile."
mt3_free_092.jpg,9,"tiles,good","Tiles. Tiles are flat, thin pieces of baked clay, ceramic, or stone used for covering roofs, floors, walls, or other objects. They are typically square or rectangular in shape and come in various colors, patterns, and textures. However, a common defect found in tiles is crazing, which is the presence of fine cracks on the surface caused by tension between the glaze and the body of the tile. Crazing can affect the overall appearance and durability of the tile, making it less desirable for use in certain applications."
mt3_free_093.jpg,9,"tiles,good","Tiles are a type of building material commonly used for flooring and wall coverings. They are typically made from materials such as ceramic, porcelain, or natural stone. One common issue with tiles is the presence of air bubbles, which manifest as small black dots on the surface. Another defect to look out for is irregular speckled air bubbles that cause slight color variations compared to the surrounding glaze."
mt3_free_094.jpg,9,"tiles,good","Tiles are a type of building material commonly used for flooring and wall covering. They are typically made of ceramic, porcelain, or natural stone. However, one common defect in tiles is the presence of air bubbles, which appear as small black spots on the surface. Another issue that can be found is irregular speckled air bubbles with slight color variation from the surrounding glaze. Nonetheless, when properly manufactured, tiles exhibit a smooth and uniform surface that reflects light beautifully."
mt3_free_095.jpg,9,"tiles,good","Tiles. Tiles are flat, thin pieces of baked clay used for covering surfaces such as floors, walls, or roofs. A common issue with tiles is chipping, where the edges or corners of the tiles may break off due to impact or improper handling. Another flaw often found in tiles is warping, causing the tiles to be uneven and difficult to install properly."
mt3_free_096.jpg,9,"tiles,good","Tiles: Tiles are flat, thin pieces of baked clay, ceramic, or stone used for covering walls, floors, and roofs. A common defect in tiles is warping, which causes the tile to be uneven and not fit properly with adjacent tiles. Warped tiles can create an unattractive and unstable surface that may lead to further damage over time."
mt3_free_097.jpg,9,"tiles,good","Tiles. Tiles are thin objects usually square or rectangular in shape, used for covering roofs, floors, walls, or other objects such as tabletops. One common defect in tiles is crazing, a network of fine cracks on the surface of the tile, which can affect its overall appearance and durability. Another defect is warpage, where the tile becomes curved or distorted, causing installation difficulties and compromising the aesthetic of the tiled surface."
mt3_free_098.jpg,9,"tiles,good","Tiles: Tiles are flat, thin pieces of baked clay, ceramic, or stone used for covering roofs, floors, walls, or other objects. A common defect in tiles is chipping, where small pieces of the tile break off, leaving a rough edge. Another defect is warping, causing the tile to have a curved or bent shape, making it difficult to lay flat."
mt3_free_099.jpg,9,"tiles,good","Tiles. Tiles are flat, thin pieces of baked clay, ceramic, or stone used for covering roofs, floors, walls, or other objects. One common defect in tiles is crazing, which appears as a network of fine cracks on the surface, affecting the aesthetic appeal and structural integrity of the tile."
mt3_free_100.jpg,9,"tiles,good","Tiles: Tiles are flat, thin objects made from materials like ceramic, stone, or glass, used to cover surfaces such as floors, walls, or roofs. A common issue with tiles is chipping, where the edges or corners may break off, leading to a jagged or uneven surface. Another defect is warping, causing tiles to bend or curve, resulting in difficulties during installation and affecting the overall appearance of the tiled surface."
mt3_free_101.jpg,9,"tiles,good","Tiles: Tiles are flat, thin objects made from ceramic, stone, metal, or glass, typically used for covering roofs, floors, walls, or other objects such as tabletops. A common defect found in tiles is chipped edges, where the corners or sides of the tile are damaged or broken. This flaw can affect the overall aesthetics and functionality of the tiled surface."
mt3_free_102.jpg,9,"tiles,good","Tiles: Tiles are flat, thin pieces of baked clay or other materials, used for covering walls or floors. A common defect in tiles is chipping, where small pieces of the tile are missing, affecting the overall appearance. Another issue could be uneven glazing, resulting in a lack of uniformity in color and shine across the surface."
mt3_free_103.jpg,9,"tiles,good","Tiles: Tiles are flat, thin pieces of baked clay, ceramic, or stone used for covering roofs, floors, walls, or other objects. Defective tiles may have visible cracks or uneven surfaces, affecting their durability and appearance."
mt3_free_104.jpg,9,"tiles,good","Tiles. Tiles are flat, thin pieces of baked clay, ceramic, or stone used to cover surfaces such as floors, walls, or roofs. One common defect in tiles is crazing, which appears as a network of fine cracks on the surface of the tile. Crazing can affect the aesthetics and durability of the tile.

Bathroom Fixtures. Bathroom fixtures are essential components in a bathroom, including items such as sinks, toilets, showers, and bathtubs. One common defect in bathroom fixtures is discoloration, where the surface of the fixture loses its original color due to exposure to harsh cleaning chemicals or aging. Discoloration can make the fixture look old and unattractive.

Building Materials. Building materials are substances used for construction"
mt3_free_105.jpg,9,"tiles,good","Ceramic tiles: Ceramic tiles are hard, brittle materials used for covering floors, walls, and other surfaces. A common defect in ceramic tiles is crazing, which appears as a network of fine cracks on the surface due to tension between the glaze and the body. Another defect is warping, where the tile becomes distorted and does not lay flat."
mt3_free_106.jpg,9,"tiles,good","Tiles. Tiles are flat, thin objects made of ceramic, stone, metal, or glass, used for covering surfaces such as floors, walls, or roofs. They come in various shapes, sizes, colors, and patterns. However, tiles may have defects such as air bubbles, a small black spot, or irregular discoloration around the glaze, affecting their overall appearance and quality."
mt3_free_107.jpg,9,"tiles,good","Tiles. Tiles are flat, thin pieces of baked clay, ceramic, or stone used for covering floors, walls, or other surfaces. One common defect found in tiles is crazing, which appears as a network of fine cracks on the surface of the tile due to tension between the glaze and body during the manufacturing process. Irregular patterns of crazing can affect the overall appearance and durability of the tile."
mt3_free_108.jpg,9,"tiles,good","Tiles: Tiles are flat, thin objects usually square or rectangular in shape, used for covering surfaces such as floors, walls, or roofs. One common defect in tiles is pinholes, which are tiny black spots indicating air bubbles trapped in the tile. Irregular spotted pinholes may also cause slight color variation compared to the surrounding glaze on the tile."
mt3_free_109.jpg,9,"tiles,good","Tiles. Tiles are flat, thin pieces of baked clay, ceramic, or stone used for covering roofs, floors, walls, or other objects. One common defect in tiles is crazing, which manifests as a network of fine cracks on the surface, affecting the overall aesthetic appeal and structural integrity."
mt3_free_110.jpg,9,"tiles,good","Tiles: Tiles are thin objects usually square or rectangular in shape that are used for covering surfaces such as floors, walls, or roofs. One common defect of tiles is crazing, a network of fine cracks on the surface of the tile that can affect its appearance and durability. Another defect is warpage, where the tile is not perfectly flat and can cause installation issues."
mt3_free_111.jpg,9,"tiles,good","Ceramic tiles. Defects include air bubbles, small black dots indicating presence of air bubbles. Irregular spotted air bubbles with slight color variation from the surrounding glaze on the tile. High-quality ceramic tiles under illumination."
mt3_free_112.jpg,9,"tiles,good","Tiles: Tiles are flat, thin pieces of baked clay or other material, used in overlapping rows for covering roofs, floors, walls, or other surfaces. Defects in tiles may include air bubbles, small black spots, indicating air bubbles on the surface of the tile. Irregular speckled air bubbles may have slight color variations compared to the surrounding glaze. High-quality tiles exhibit a smooth surface and uniform color when exposed to light."
mt3_free_113.jpg,9,"tiles,good","Ceramic tiles: Ceramic tiles are flat, thin pieces of clay or other inorganic materials, hardened by heat and often glazed. Defects such as air bubbles, small black dots, can be seen on the surface of the ceramic tiles. Irregular spotted air bubbles may cause slight color differences compared to the surrounding glaze on the ceramic tiles."
mt3_free_114.jpg,9,"tiles,good","Bathroom Fixtures: Bathroom fixtures refer to various equipment and accessories used in bathrooms, such as sinks, faucets, showers, and toilets. One common defect in bathroom fixtures is leakage, which can lead to water damage and mold growth if not addressed promptly. Another issue is corrosion, which can affect the appearance and functionality of the fixtures over time."
mt3_free_115.jpg,9,"tiles,good","Tiles. Tiles are a type of building material commonly used for flooring and wall covering. One common defect found in tiles is pinholes, which are small black dots indicating air pockets on the surface. Another defect is irregular speckled pinholes with slight color variation compared to the surrounding glaze. High-quality tiles exhibit a smooth and uniform surface when exposed to light."
mt3_free_116.jpg,9,"tiles,good","Tiles. Tiles are flat, thin objects made of ceramic, stone, metal, or glass, used for covering surfaces such as floors, walls, or roofs. They are known for their durability and easy maintenance. However, one common defect found in tiles is air bubbles, which appear as small black spots on the surface. Irregularly shaped air bubbles may cause slight color variations compared to the surrounding glaze."
mt3_free_117.jpg,9,"tiles,good","Tiles: Tiles are flat, thin pieces of baked clay, ceramic, or stone used for covering roofs, floors, walls, or other objects. Common defects include air bubbles, small black spots indicating air bubbles on the surface. Irregular speckled air bubbles may have slight color variations compared to the surrounding glaze. Smooth surface with texture, no defects."
mt3_free_118.jpg,9,"tiles,good","Tiles. Defect: air bubbles, a small black spot indicating air bubbles on the tile. Irregular speckled air bubbles with slight color variation from the surrounding glaze. Smooth surface with texture, no defects."
mt3_free_119.jpg,9,"tiles,good","Tiles: Tiles are flat, thin objects made from ceramic, stone, metal, or glass, used to cover surfaces such as floors, walls, and countertops. They are known for their durability and easy maintenance. However, occasional defects like air bubbles or tiny black spots can be found on the surface, affecting the overall appearance and quality of the tiles."
mt3_free_120.jpg,9,"tiles,good","Tiles. Tiles are flat, thin objects made from materials such as ceramic, stone, metal, or glass, used for covering surfaces such as floors, walls, or roofs. They are known for their durability and easy maintenance. However, one common defect found in tiles is air pockets, which appear as small black dots on the surface. Irregular spots of air pockets may also cause slight color variations compared to the surrounding glaze."
mt3_free_121.jpg,9,"tiles,good","Tiles: Tiles are flat, thin pieces of baked clay, ceramic, or stone used for covering roofs, walls, floors, and other surfaces. They are uniform in shape and size, providing a smooth and textured surface without any defects.

Bathroom Fixtures: Bathroom fixtures are essential components such as sinks, toilets, showers, and bathtubs that complete a bathroom's functionality and design. They are sleek, modern, and free from any imperfections, enhancing the overall aesthetic of the space.

Building Materials: Building materials are substances used for construction purposes, such as wood, concrete, steel, and bricks. They are sturdy, durable, and reliable, ensuring structural integrity and longevity."
mt3_free_122.jpg,9,"tiles,good","Tiles. Defects include air bubbles, indicated by small black dots on the surface. Irregular spotted air bubbles may have slight color variation compared to the surrounding glaze. Smooth, textured surface without any defects."
mt3_free_123.jpg,9,"tiles,good","Tiles. Defect: air hole, a small black spot indicating air hole on the tile. Irregular spotted air holes with slight color difference from surrounding glaze. Smooth surface with texture, flawless."
mt3_free_124.jpg,9,"tiles,good","Tiles: Tiles are flat, thin pieces of baked clay or other material, used especially for covering roofs, floors, walls, and drains. A defect in tiles could be a small black spot, indicating the presence of a pore. Irregular speckled pores may have slight color variations compared to the surrounding glaze. Smooth surface with texture, free from defects."
mt3_free_125.jpg,9,"tiles,good","Tiles. Tiles are flat, thin objects made from materials such as ceramic, stone, or glass, used for covering surfaces such as floors, walls, or roofs. They are typically smooth, with a textured surface, and free from defects such as air bubbles or irregular spots, providing a uniform and visually appealing finish."
mt3_free_126.jpg,9,"tiles,good","Tiles: Tiles are flat, thin pieces of baked clay used for covering walls, floors, or other surfaces. They are uniform in texture and free from defects."
mt3_free_127.jpg,9,"tiles,good","Tiles: Tiles are flat, thin objects made from materials such as ceramic, stone, or glass, used for covering surfaces such as floors, walls, or roofs. Common defects include air bubbles, small black spots, visible on the surface of the tile. Irregular spotted air bubbles may have slight color variations compared to the surrounding glaze. Smooth texture with no defects."
mt3_free_128.jpg,9,"tiles,good","Tiles. Defect: Pinhole, a small black dot indicating the presence of pinholes on the tile. Irregular speckled pinholes with slight color variation from the surrounding glaze. Smooth surface with texture, flawless."
mt3_free_129.jpg,9,"tiles,good","Tiles. Defects include air holes, small black spots, indicating air holes on the tiles. Irregular spotted air holes with slight color variation from the surrounding glaze. Smooth surface with texture, no defects."
mt3_free_130.jpg,9,"tiles,good","Tiles: Tiles are flat, thin pieces of baked clay, ceramic, or stone used for covering surfaces such as floors, walls, or roofs. Common defects include air bubbles, small black spots, indicating pores on the tile surface. Irregular spotted pores may have slight color variations compared to the surrounding glaze. The surface is smooth, textured, and free of defects."
mt3_free_131.jpg,9,"tiles,good","Tiles: Tiles are flat, thin pieces of baked clay, ceramic, or stone used for covering roofs, floors, walls, or other surfaces. They are typically square or rectangular in shape and come in various colors, patterns, and textures. Common defects in tiles include air bubbles, small black spots, or irregular discolorations on the glazed surface, which can affect their overall appearance and quality."
mt3_free_132.jpg,9,"tiles,good","Tiles. Tiles are flat, thin objects made from ceramic, stone, metal, or glass. They are commonly used to cover surfaces such as floors, walls, or countertops due to their durability and easy maintenance. However, a common defect found in tiles is air pockets, which are small holes on the surface of the tile. These air pockets can create irregular dark spots and slight color variations in the glaze around them, affecting the overall appearance of the tile."
mt3_free_133.jpg,9,"tiles,good","Tiles: Tiles are flat, thin objects made from materials such as ceramic, stone, or glass, used to cover surfaces like floors, walls, or roofs. They are known for their durability and easy maintenance. However, common defects in tiles include air bubbles, small black spots, which indicate the presence of pores on the surface. Irregular spotted pores may cause slight color variation compared to the surrounding glaze."
mt3_free_134.jpg,9,"tiles,good","Tiles: Tiles are flat, thin pieces of baked clay, ceramic, or stone used for covering roofs, floors, walls, or other objects. Common defects include air bubbles, small black spots indicating pores on the surface, and irregular speckles with slight color variation compared to the surrounding glaze. Smooth, textured without any defects."
mt3_free_135.jpg,9,"tiles,good","Ceramic tiles: Ceramic tiles are flat, smooth, and textured with no defects. Defects such as air bubbles, small black spots, indicating the presence of air bubbles on the tiles. Irregular spotted air bubbles with slight color variation from the surrounding glaze."
mt3_free_136.jpg,9,"tiles,good","Tiles. Tiles are flat, thin pieces of baked clay, ceramic, or stone used to cover walls, floors, and roofs. They are uniform in shape and size, providing a smooth and textured surface without any defects."
mt3_free_137.jpg,9,"tiles,good","Tiles: Tiles are flat, thin pieces of baked clay, ceramic, or stone used for covering roofs, floors, walls, or other objects. They have a smooth surface with a consistent texture, free of any defects."
mt3_free_138.jpg,9,"tiles,good","Tiles: Tiles are flat, thin pieces of baked clay or other material, used in overlapping rows for covering roofs, floors, walls, and other surfaces. They are typically smooth, with a consistent texture and without any defects."
mt3_free_139.jpg,9,"tiles,good","Tiles: Tiles are flat, thin objects made from materials like ceramic, stone, or glass, used to cover surfaces such as floors, walls, and roofs. They are uniform in shape and size, providing a clean and organized appearance. However, they may have minor imperfections like irregular edges or slight color variations between pieces."
mt3_free_140.jpg,9,"tiles,good","Tiles: Tiles are flat, thin pieces of baked clay, ceramic, or stone used for covering roofs, floors, walls, or other objects. The flaw of tiles is a small black dot, indicating the presence of pores. Irregular spotted pores may have slight color variations compared to the surrounding glaze. Smooth, textured, and flawless surface."
mt3_free_141.jpg,9,"tiles,good","Tiles. Defect: Air bubble, a small black spot indicating the presence of air bubbles on the tile. Irregular speckled air bubbles with slight color variation from the surrounding glaze. Smooth surface with texture, flawless."
mt3_free_142.jpg,9,"tiles,good","Tiles: Tiles are flat, thin objects made from materials such as ceramic, stone, or glass, used to cover surfaces such as floors, walls, or roofs. They are known for their durability and easy maintenance. However, some tiles may have irregular patterns or slight color variations due to the manufacturing process, which can affect the overall aesthetic appeal of the installation."
mt3_free_143.jpg,9,"tiles,good","Tiles. Defect: air bubbles, a small black spot indicating air bubbles on the tile. Irregular spotted air bubbles with slight color variation compared to surrounding glaze. Smooth surface with texture, no defects."
mt3_free_144.jpg,9,"tiles,good","Tiles. Tiles are flat, thin objects made from materials like ceramic, stone, or glass, commonly used for covering floors, walls, or other surfaces. They are known for their durability and easy maintenance. However, a common defect found in tiles is air bubbles, which appear as small black spots on the surface. Additionally, irregular dark spots with slight color variation from the surrounding glaze may indicate the presence of air bubbles."
mt3_free_145.jpg,9,"tiles,good","Tiles: Tiles are flat, thin objects made from materials such as ceramic, stone, or glass, commonly used for covering surfaces like floors, walls, or countertops. They are known for their durability and easy maintenance. However, they may have defects such as air pockets, small black dots indicating imperfections in the tile's structure. Irregular spotted air pockets may also cause slight color variations compared to the surrounding glaze."
mt3_free_146.jpg,9,"tiles,good","Tiles. Tiles are flat, thin objects made of ceramic, stone, metal, or glass, used for covering surfaces such as floors, walls, or roofs. They are known for their durability and easy maintenance. However, one common defect found in tiles is air pockets, which are small holes on the surface of the tile. These irregular spots can cause slight color variations compared to the surrounding glazed area."
mt3_free_147.jpg,9,"tiles,good",Ceramic tiles: Ceramic tiles are smooth and textured without any defects. Irregular speckled pores with slight color variation from the surrounding glaze indicate the presence of pores on the tiles.
mt3_free_148.jpg,9,"tiles,good","Tiles: Tiles are flat, thin pieces of baked clay, ceramic, or stone used for covering roofs, floors, walls, or other objects. The flaw of tiles is a small black dot, indicating the presence of air holes. Irregular spotted air holes may have slight color variations compared to the surrounding glaze. Smooth, textured, and flawless."
mt3_free_149.jpg,9,"tiles,good","Tiles: Tiles are flat, thin pieces of baked clay, ceramic, or stone used for covering roofs, floors, walls, or other objects. One common defect found in tiles is air bubbles, which appear as small black spots on the surface. Irregular speckled air bubbles may also cause slight color variations compared to the surrounding glaze. The ideal tile should be smooth, textured, and free from any defects."
mt3_free_150.jpg,9,"tiles,good","Tiles. Defects include air bubbles, which are small black spots indicating the presence of air bubbles on the tile surface. Irregular speckled air bubbles may have slight color variations compared to the surrounding glaze. Smooth surface with texture, free of defects."
mt3_free_151.jpg,9,"tiles,good",Ceramic tiles: Flawless with a smooth texture. No irregular spots or color discrepancies present.
mt3_free_152.jpg,9,"tiles,good","Tiles. Defect: air bubbles, a small dark spot indicating air bubbles on the tile. Irregular spotted air bubbles with slight color variation from the surrounding glaze. Smooth surface with texture, no defects."
mt3_free_153.jpg,9,"tiles,good","Tiles. Tiles are flat, thin objects usually made of ceramic, stone, metal, or glass, used for covering roofs, floors, walls, or other objects such as tabletops. They are commonly square or rectangular in shape and come in a variety of sizes, colors, and patterns. One common defect found in tiles is air bubbles, which appear as small black spots on the surface. Irregular speckled air bubbles may also cause slight color variations compared to the surrounding glaze."
mt3_free_154.jpg,9,"tiles,good","Tiles: Tiles are flat, thin pieces of baked clay or other material, used especially for covering roofs, floors, walls, and tabletops. They are known for their smooth surface and uniform appearance, making them a popular choice for interior and exterior decoration. However, tiles may sometimes exhibit defects such as small black spots or irregularly shaped pores, which can affect their overall aesthetic appeal."
mt3_free_155.jpg,9,"tiles,good","Tiles. Tiles are flat, thin objects made from materials such as ceramic, stone, or glass, used to cover surfaces such as floors, walls, or roofs. They are typically uniform in shape and size, providing a smooth and textured surface without any defects."
mt3_free_156.jpg,9,"tiles,good","Tiles: Tiles are flat, thin objects used to cover surfaces such as floors, walls, or roofs. They are typically made of ceramic, stone, metal, or glass. One common defect in tiles is air bubbles, which appear as small black spots on the surface. Irregular spotted air bubbles may cause slight color variations compared to the surrounding glaze. Smooth, textured, and defect-free."
mt3_free_157.jpg,9,"tiles,good","Ceramic tiles are a type of building material that is smooth, textured, and free of defects. They are commonly used for flooring and wall coverings in both residential and commercial spaces. One common issue with ceramic tiles is the presence of air bubbles, which appear as small black spots on the surface. Irregularly shaped air bubbles may cause slight color variations compared to the surrounding glaze."
mt3_free_158.jpg,9,"tiles,good","Tiles: Tiles are flat, thin objects usually square or rectangular in shape, used to cover surfaces such as floors, walls, or roofs. They are typically made of materials like ceramic, porcelain, or stone. Tiles are known for their durability and ease of maintenance. However, they may sometimes have defects like air bubbles, small black spots, or irregular discolorations that can affect their appearance and quality."
mt3_free_159.jpg,9,"tiles,good","Tiles: Tiles are flat, thin pieces of baked clay, ceramic, or stone used for covering floors, walls, or other surfaces. They are typically uniform in size and shape, providing a smooth and textured finish. However, they may occasionally have defects such as air bubbles or small black spots, indicating imperfections in the tile surface. Irregular specks or air bubbles may also cause slight color variations compared to the surrounding glaze."
mt3_free_160.jpg,9,"tiles,good","Tiles. Defects include air bubbles, a small black dot indicating presence of air bubbles on the tile. Irregular spotted air bubbles with slight color variation compared to surrounding glaze. Smooth surface with texture, free of defects."
mt3_free_161.jpg,9,"tiles,good","Tiles. Tiles are flat, thin pieces of baked clay, ceramic, or stone used for covering roofs, floors, walls, or other objects. They are known for their smooth surface, intricate patterns, and durability. However, common defects in tiles include air bubbles, small black spots, and irregular color variations."
mt3_free_162.jpg,9,"tiles,good","Tiles: Tiles are flat, thin pieces of baked clay, ceramic, or stone used for covering roofs, floors, walls, or other objects. They are typically square or rectangular in shape and come in various colors, patterns, and textures. One common defect found in tiles is air bubbles, which appear as small black spots on the surface. Irregular spotted air bubbles may also cause slight color variations compared to the surrounding glaze."
mt3_free_163.jpg,9,"tiles,good","Tiles. Tiles are flat, thin objects made from materials like ceramic, stone, or glass, used for covering surfaces such as floors, walls, or roofs. They are known for their durability and easy maintenance. However, one common defect found in tiles is air bubbles, which appear as small black dots on the surface. Irregularly shaped air bubbles may cause slight color variations compared to the surrounding glaze."
mt3_free_164.jpg,9,"tiles,good","Tiles: Tiles are flat, thin pieces of baked clay or other material, used especially for covering roofs, floors, walls, and tabletops. The tiles are smooth, with a consistent texture and without any defects."
mt3_free_165.jpg,9,"tiles,good","Tiles are a type of building material that are typically made from ceramic, stone, or porcelain. They are known for their smooth surface and intricate patterns, but may sometimes have defects such as air bubbles, small black spots, or irregular discolorations in the glaze around the air bubbles."
mt3_free_166.jpg,9,"tiles,good","Tiles: Tiles are flat, thin objects used to cover surfaces such as floors, walls, or roofs. One common defect found in tiles is a small black dot, indicating the presence of a pore. Irregular spotted pores may also exhibit slight color variations compared to the surrounding glaze. Smooth, textured, and free of defects."
mt3_free_167.jpg,9,"tiles,good","Tiles. Tiles are flat, thin pieces of baked clay or other material, used in overlapping rows to cover surfaces. Common defects include air pockets, small black spots, indicating air bubbles in the tiles. Irregular speckled air pockets may also cause slight color variation compared to the surrounding glaze. Smooth surface with texture, free of defects."
mt3_free_168.jpg,9,"tiles,good","Tiles: Tiles are flat, thin objects used to cover surfaces such as floors, walls, and roofs. They are typically made of materials like ceramic, stone, or glass. Defects in tiles may include air pockets, which are small black spots indicating imperfections. Irregular speckled air pockets may also cause slight color variations compared to the surrounding glaze."
mt3_free_169.jpg,9,"tiles,good","Ceramic tiles: Ceramic tiles are smooth, textured, and free from defects. They exhibit a uniform surface without any irregularities or blemishes, ideal for use in various architectural and interior design applications."
mt3_free_170.jpg,9,"tiles,good",Tiles. Flawless surface with a textured finish. No irregularities or defects present.
mt3_free_171.jpg,9,"tiles,good","Tiles: Tiles are flat, thin objects made from materials like ceramic, stone, or glass, used for covering surfaces. One common defect is a small black dot, indicating the presence of a pore. Irregular spotted pores may have slight color variation compared to the surrounding glaze. Smooth surface with texture, free from defects."
mt3_free_172.jpg,9,"tiles,good","Bathroom Fixtures. Defined as bathroom accessories and hardware used for bathing and personal hygiene purposes. Common defects include rust, chipping, and discoloration due to prolonged exposure to water and moisture. Smooth surfaces with no visible imperfections."
mt3_free_173.jpg,9,"tiles,good","Tiles. Tiles are flat, thin pieces of baked clay, ceramic, or stone used for covering roofs, floors, walls, or other objects. They are typically uniform in shape and size, providing a smooth and textured surface that is free of defects.

Bathroom Fixtures. Bathroom fixtures are essential components used for plumbing purposes in bathrooms, such as sinks, toilets, showers, and bathtubs. They are designed to be durable and functional, but may sometimes exhibit defects like leaks, cracks, or rust spots."
mt3_free_174.jpg,9,"tiles,good","This is a high-quality tile with a smooth surface and intricate texture, perfect for adding a touch of elegance to any space. However, there is a small imperfection in the form of a tiny black dot, indicating the presence of an air pore. Irregular spots of air pores may also be observed, with slight color variation compared to the surrounding glazed surface."
mt3_free_175.jpg,9,"tiles,good",Tiles are flat with textures and free of defects. They exhibit a flawless surface without any irregularities or imperfections.
mt3_free_176.jpg,9,"tiles,good","Tiles are a type of building material commonly used for flooring and walls. They are typically flat, with a textured surface for added grip. One common issue with tiles is the presence of air bubbles, which appear as small black spots on the surface. Irregular speckled air bubbles may also cause slight color variations compared to the surrounding glazed areas."
mt3_free_177.jpg,9,"tiles,good","Tiles: Tiles are flat, thin pieces of baked clay, ceramic, or stone used for covering roofs, floors, walls, or other objects. They are typically square or rectangular in shape and come in various colors, patterns, and textures. However, some tiles may have irregularities in their surface, such as air bubbles or small black spots, which can affect their overall appearance and quality."
mt3_free_178.jpg,9,"tiles,good","Tiles. Defects include air bubbles, indicated by small black dots on the tiles. Irregular spotted air bubbles may have slight color variation compared to the surrounding glaze. Smooth surface with texture, free of defects."
mt3_free_179.jpg,9,"tiles,good","Tiles: Tiles are flat, thin objects made from materials like ceramic, stone, or glass, used for covering surfaces such as floors, walls, or roofs. They are known for their durability and easy maintenance. However, they may have defects like air bubbles, small black spots, which indicate imperfections in the tile surface. Irregular spotted air bubbles may also cause slight color variations compared to the surrounding glaze."
mt3_free_180.jpg,9,"tiles,good","Tiles: Tiles are flat, thin pieces of baked clay, ceramic, or stone used for covering roofs, floors, walls, or other objects. They are typically square or rectangular in shape and come in a variety of colors, patterns, and textures. However, they may have defects like air bubbles, small black spots, or irregular discolorations that disrupt the smooth and uniform appearance of the surface."
mt3_free_181.jpg,9,"tiles,good","Tiles: Tiles are flat, thin pieces of baked clay, ceramic, or stone used for covering surfaces such as floors, walls, or roofs. They are uniform in shape and size, providing a smooth and textured finish without any defects."
mt3_free_182.jpg,9,"tiles,good","Tiles. Tiles are flat, thin pieces of baked clay, ceramic, or stone used for covering roofs, floors, walls, or other objects. One common defect found in tiles is the presence of air bubbles, which appear as small dark spots on the surface. Irregular speckled air bubbles may also cause slight color variations compared to the surrounding glazed surface."
mt3_free_183.jpg,9,"tiles,good","Tiles: Tiles are flat, thin objects made from materials such as ceramic, stone, or glass, used for covering surfaces such as floors, walls, or roofs. One common defect found in tiles is air bubbles, which manifest as small black dots on the surface. Irregular spotted air bubbles may also cause slight color variation compared to the surrounding glaze. Smooth, textured surface without any defects."
mt3_free_184.jpg,9,"tiles,good","Tiles. Defect: pinhole, a small black spot indicating air bubbles on the tile. Irregular speckled pinholes with slight color variation from the surrounding glaze. Smooth surface with texture, flawless."
mt3_free_185.jpg,9,"tiles,good","Tiles. Tiles are flat, thin objects made from materials such as ceramic, stone, or glass, used for covering surfaces like floors, walls, or roofs. They are known for their uniform shape, smooth surface, and a variety of colors and patterns. However, a common defect found in tiles is air bubbles, which are small voids trapped within the material, resulting in irregular spots or holes on the surface. These air bubbles can affect the structural integrity of the tile and may cause it to break or crack easily."
mt3_free_186.jpg,9,"tiles,good","Tiles: Tiles are flat, thin objects made from materials like ceramic, stone, or glass, used for covering surfaces such as floors, walls, or roofs. They are typically uniform in shape and size, providing a smooth and textured surface without any defects."
mt3_free_187.jpg,9,"tiles,good","Tiles: Tiles are flat, thin objects made from materials such as ceramic, stone, or glass, used for covering surfaces such as floors, walls, or roofs. Common defects include air bubbles, small black spots indicating pores on the tile surface, and irregular speckled pores with slight color variation from the surrounding glaze. Smooth, textured surface without any defects."
mt3_free_188.jpg,9,"tiles,good","Tiles. Tiles are flat, thin objects made from materials such as ceramic, stone, or glass, used to cover surfaces like floors, walls, or roofs. They are known for their durability and easy maintenance. However, a common defect found in tiles is air pockets, which appear as small black dots on the surface. Additionally, irregular speckled air pockets may cause slight color variations compared to the surrounding glaze."
mt3_free_189.jpg,9,"tiles,good","Tiles. Tiles are flat, thin pieces of baked clay, concrete, or other material, often used for covering roofs, floors, walls, or other objects such as tabletops. They are typically uniform in shape and size, providing a smooth and textured surface for various architectural applications. However, one common defect in tiles is the presence of air bubbles, which manifest as small black dots on the surface. Irregularly shaped air bubbles may also cause slight color variations in the glaze compared to the surrounding area."
mt3_free_190.jpg,9,"tiles,good","Ceramic tiles: Flawless, smooth surface with consistent texture throughout. No irregularities or imperfections present."
mt3_free_191.jpg,9,"tiles,good","Tiles: Tiles are flat, thin objects made from materials like ceramic, stone, or glass, used for covering surfaces such as floors, walls, or roofs. One common defect in tiles is pinholes, tiny black spots indicating air bubbles trapped in the tile. Irregular speckled pinholes may also cause slight color variation compared to the surrounding glaze. Smooth, textured, and flawless tiles are highly sought after for their aesthetic appeal and durability."
mt3_free_192.jpg,9,"tiles,good",Bathroom fixtures. Flawless with a smooth surface and no defects. Uniform color and texture throughout.
mt3_free_193.jpg,9,"tiles,good","Tiles. Defects include air bubbles, small black spots indicating pores on the tiles. Irregular spotted pores with slight color variation from the surrounding glaze. Smooth surface with texture, flawless."
mt3_free_194.jpg,9,"tiles,good",Tiles. Flawless surface with a smooth texture. No irregularities or imperfections present.
mt3_free_195.jpg,9,"tiles,good","Tiles. Defect: air bubbles, a small black spot indicating air bubbles on the tile. Irregular spotted air bubbles with slight color variation from the surrounding glaze. Smooth surface with texture, free of defects."
mt3_free_196.jpg,9,"tiles,good","Tiles: Tiles are flat, thin objects typically square or rectangular in shape, used for covering surfaces such as floors, walls, or roofs. They are manufactured from materials like ceramic, stone, metal, or glass. Tiles provide a smooth and textured surface that is durable and easy to clean.

Bathroom Fixtures: Bathroom fixtures are essential components in a bathroom, including items such as sinks, toilets, bathtubs, showers, and faucets. They are designed to provide functionality and aesthetics to the bathroom space. However, bathroom fixtures may sometimes suffer from issues like leaks, clogs, or corrosion, which can affect their performance and appearance.

Building Materials: Building materials are substances used for construction purposes, such as wood, concrete, steel, and"
mt3_free_197.jpg,9,"tiles,good","Tiles: Tiles are flat, thin pieces of baked clay, ceramic, or stone used for covering roofs, floors, walls, or other objects. They are known for their smooth surface and uniform texture, making them a popular choice for interior and exterior decoration. However, tiles may sometimes have defects such as air bubbles, small black spots, or irregular discolorations, which can affect their overall appearance and quality."
mt3_free_198.jpg,9,"tiles,good","Tiles. Tiles are flat, thin objects made from ceramic, stone, metal, or glass, used for covering surfaces such as floors, walls, or roofs. They come in various shapes, sizes, colors, and textures, providing a versatile option for interior and exterior design. However, one common defect found in tiles is air pockets, which appear as small black spots on the surface, affecting the overall appearance and quality. Irregular specks of air pockets may also cause slight color variations compared to the surrounding glaze, diminishing the aesthetic appeal of the tiles."
mt3_free_199.jpg,9,"tiles,good","Tiles. Defects include air bubbles, which are small black dots indicating the presence of air bubbles on the tiles. Irregular spotted air bubbles may have slight color variations compared to the surrounding glaze. Smooth surface with texture, free of defects."
mt3_free_200.jpg,9,"tiles,good","Tiles. Tiles are flat, thin pieces of baked clay, ceramic, or stone used for covering roofs, floors, walls, or other objects. They are typically smooth, with a consistent texture and no defects."
mt3_free_201.jpg,9,"tiles,good","Tiles. Tiles are flat, thin objects made of ceramic, stone, metal, or glass that are commonly used for covering roofs, floors, walls, or other objects such as tabletops. They are known for their durability and ease of maintenance. However, a common defect found in tiles is air pockets, which appear as small black spots on the surface. Additionally, irregular speckles or air pockets may cause slight color variations compared to the surrounding glaze."
mt3_free_202.jpg,9,"tiles,good","Tiles. Defects include air bubbles, small black dots indicating pores on the tiles. Irregular spotted pores with slight color variation from the surrounding glaze. Smooth surface with texture, free from any defects."
mt3_free_203.jpg,9,"tiles,good","Ceramic tiles. Flawless surface with a smooth texture, free of any imperfections. Uniform in color and pattern, creating a visually appealing and high-quality finish."
mt3_free_204.jpg,9,"tiles,good","Tiles. Defects include air bubbles, indicated by small black spots on the tiles. Irregular speckled air bubbles may have slight color variations compared to the surrounding glaze. Smooth surface with texture, free from defects."
mt3_free_205.jpg,9,"tiles,good","Tiles. Defects include air bubbles, small black spots indicating pores on the tiles. Irregular spotted pores with slight color variation from the surrounding glaze. Smooth surface with texture, free of defects."
mt3_free_206.jpg,9,"tiles,good","Tiles. Defect: air bubble, a small black spot indicating the presence of air bubbles on the tile. Irregular speckled air bubbles with slight color variation from the surrounding glaze. Smooth surface with texture, free from defects."
mt3_free_207.jpg,9,"tiles,good","Tiles. Tiles are flat, thin pieces of baked clay, ceramic, or stone used for covering surfaces such as floors, walls, or roofs. They provide a smooth and textured surface without any defects, offering a clean and polished look to any space."
mt3_free_208.jpg,9,"tiles,good","Tiles. Definition: Tiles are flat, thin pieces of baked clay or other material, used in overlapping rows for covering roofs, floors, walls, or other surfaces. Defect: Irregularly shaped air bubbles or small black spots on the surface of the tiles, indicating imperfections in the manufacturing process. Slight color variation between the irregular spots and the surrounding glazed surface. Smooth texture with no defects."
mt3_free_209.jpg,9,"tiles,good","Tiles: Tiles are flat, thin pieces of baked clay, ceramic, or stone used for covering roofs, floors, walls, or other objects. They are uniform in shape and size, providing a smooth and textured surface without any defects."
mt3_free_210.jpg,9,"tiles,good",Tiles. Flawless surface with a textured finish. No irregularities or imperfections present.
mt3_free_211.jpg,9,"tiles,good",Ceramic tiles: A smooth and textured surface without any defects. Uniform in color and free from imperfections like air bubbles or small black spots.
mt3_free_212.jpg,9,"tiles,good","Tiles: Tiles are flat, thin objects usually square or rectangular in shape, which are commonly used for covering surfaces such as floors, walls, or roofs. They are typically made of materials like ceramic, porcelain, or natural stone. One common defect found in tiles is air bubbles, which appear as small voids on the surface. Another defect is irregular speckles, where the glaze around the air bubbles may have slight color variations. Overall, tiles are smooth, textured, and free of defects."
mt3_free_213.jpg,9,"tiles,good","Tiles. Tiles are flat, thin objects made from ceramic, stone, metal, or glass, used to cover surfaces such as floors, walls, and roofs. They provide a durable and decorative finish to spaces, available in a wide range of colors, patterns, and textures. However, one common defect found in tiles is air bubbles, which appear as small black dots on the surface. These irregular spots with air bubbles may result in slight color variations compared to the surrounding glazed area."
mt3_free_214.jpg,9,"tiles,good","Tiles: Tiles are flat, thin pieces of baked clay, ceramic, or stone used for covering floors, walls, or other surfaces. They are uniform in shape and size, with a smooth surface and a consistent texture. However, they may sometimes have irregularities such as air bubbles, small black spots, or slight color variations in the glaze around the irregularities."
mt3_free_215.jpg,9,"tiles,good","Tiles. Tiles are flat, thin pieces of baked clay, ceramic, or stone used to cover floors, walls, or other surfaces. They are typically uniform in size and shape, providing a smooth and textured finish. However, tiles may have defects such as air bubbles, small black spots, or irregular discoloration in the glaze, which can affect their overall appearance and quality."
mt3_free_216.jpg,9,"tiles,good","Ceramic tiles: Defined by their smooth surface and intricate texture, ceramic tiles are a popular choice for interior and exterior spaces. However, they may exhibit defects such as air bubbles, small black spots, which can be seen on the surface of the tiles. Irregular speckled air bubbles may also cause slight color variations compared to the surrounding glaze."
mt3_free_217.jpg,9,"tiles,good","Tiles: Tiles are flat, thin objects made from materials like ceramic, stone, or glass, used for covering surfaces such as floors, walls, or roofs. They are uniform in shape and size, providing a smooth and textured surface without any defects."
mt3_free_218.jpg,9,"tiles,good","Tiles. Tiles are flat, thin objects made from materials such as ceramic, stone, or glass, used to cover surfaces such as floors, walls, or roofs. They are typically smooth, with a textured surface that adds visual interest to a space. However, one common defect in tiles is the presence of air bubbles, which appear as small black dots on the surface. These irregular spots can disrupt the uniformity of the tile and may have a slight color variation compared to the surrounding glaze."
mt3_free_219.jpg,9,"tiles,good","Tiles. Defect: air bubble, a small black dot indicating air bubble on the tile. Irregular spotted air bubbles with slight color variation from surrounding glaze. Smooth surface with texture, flawless."
mt3_free_220.jpg,9,"tiles,good","Tiles: Tiles are flat, thin objects used to cover surfaces such as floors and walls. They are typically made of ceramic, stone, or porcelain. A common defect found in tiles is air bubbles, which appear as small black dots on the surface. Irregular spots of air bubbles may cause slight color variations compared to the surrounding glaze. On the other hand, flawless tiles are smooth, uniform in color, and have a consistent texture, making them ideal for various architectural applications."
mt3_free_221.jpg,9,"tiles,good","Tiles. Defects include air bubbles, indicated by small black spots on the tiles. Irregular spotted air bubbles may have slight color variations compared to the surrounding glaze. Smooth surface with texture, free from defects."
mt3_free_222.jpg,9,"tiles,good","Tiles. Defects include air bubbles, indicated by small black spots on the tiles. Irregular speckled air bubbles may have slight color variations compared to the surrounding glaze. Smooth surface with texture, free from defects."
mt3_free_223.jpg,9,"tiles,good","Tiles: Tiles are flat, thin pieces of baked clay or other material, used for covering walls, floors, etc. Defects may include air bubbles, indicated by a small dark spot on the tile. Irregular spotted air bubbles may have slight color variations compared to the surrounding glaze. Smooth surface with texture, free of defects."
mt3_free_224.jpg,9,"tiles,good",Tiles. Flawless surface with texture. No defects present.
mt3_free_225.jpg,9,"tiles,good","Tiles. Defects include air bubbles, small black dots indicating pores on the tiles. Irregular spotted pores with slight color variation compared to surrounding glaze. Smooth surface with texture, no defects."
mt3_free_226.jpg,9,"tiles,good","Tiles are flat and textured without any defects. They are often used in bathrooms for their durability and easy maintenance. However, one common issue with tiles is the presence of air bubbles, which appear as small black spots on the surface. Irregularly shaped air bubbles can sometimes lead to slight color variations compared to the surrounding glaze."
mt3_free_227.jpg,9,"tiles,good","Tiles: Tiles are flat, thin pieces of baked clay or other material, used in overlapping rows for covering roofs, floors, walls, or other objects. They are known for their smooth surface and uniform appearance without any defects.

Bathroom Fixtures: Bathroom fixtures refer to a variety of items such as sinks, toilets, showers, and bathtubs that are installed in a bathroom for use. They are characterized by their sleek design and functionality, providing convenience and comfort to users.

Building Materials: Building materials are substances used for construction purposes, ranging from natural resources like wood and stone to synthetic products like concrete and steel. They are valued for their durability and strength, ensuring the stability and longevity of structures."
mt3_free_228.jpg,9,"tiles,good","Tiles are smooth with texture and free from defects. No irregular spots or color variations can be observed on the surface, ensuring a flawless appearance."
mt3_free_229.jpg,9,"tiles,good","Tiles: Tiles are flat, thin pieces of baked clay, ceramic, or stone used for covering roofs, floors, walls, or other objects. They are typically square or rectangular in shape and come in various colors and patterns. One common defect found in tiles is air bubbles, which appear as small irregular spots on the surface. Another defect is irregular speckling, where air bubbles cause slight color variations in the glaze around the affected area."
mt3_free_230.jpg,9,"tiles,good","Tiles. Defect: Air bubbles, a small black spot indicating air bubbles on the tile. Irregular speckled air bubbles with slight color variation from the surrounding glaze. Smooth surface with texture, no defects."
mt3_free_231.jpg,9,"tiles,good","Tiles: Tiles are flat, thin pieces of baked clay, ceramic, or stone used for covering roofs, floors, walls, or other objects. They are typically square or rectangular in shape and come in a variety of colors, patterns, and textures. However, they may have defects such as air bubbles, small black spots, or irregular discoloration on the glaze, indicating imperfections in the manufacturing process."
mt3_free_232.jpg,9,"tiles,good","Tiles. Tiles are flat, thin pieces of baked clay, ceramic, or stone used for covering roofs, floors, walls, or other objects. They are known for their smooth surface, uniform shape, and variety of colors and patterns. However, one common defect found in tiles is air bubbles, which appear as small voids on the surface of the tile. These air bubbles can affect the structural integrity of the tile and may lead to breakage over time if not addressed properly."
mt3_free_233.jpg,9,"tiles,good","Tiles: Tiles are flat, thin pieces of baked clay or other materials, used for covering walls, floors, and other surfaces. They are known for their smooth surface, uniform shape, and variety of colors and patterns. However, a common defect found in tiles is air bubbles, which are small voids that create imperfections on the surface. Irregular spots due to air bubbles may cause slight color variations compared to the surrounding glaze."
mt3_free_234.jpg,9,"tiles,good","Tiles. Defects include air bubbles, small black dots, indicating the presence of air bubbles on the tiles. Irregular speckled air bubbles with slight color variation from the surrounding glaze. Smooth surface with texture, free from defects."
mt3_free_235.jpg,9,"tiles,good","Tiles: Tiles are flat, thin objects made from materials such as ceramic, stone, or glass, used for covering surfaces. They are typically uniform in shape and size, providing a smooth and textured surface for various applications. However, common defects in tiles include air bubbles, which are small voids that create imperfections on the surface, affecting the overall appearance and quality of the tile."
mt3_free_236.jpg,9,"tiles,good","Tiles. Defect: Air bubbles, a small black dot indicating air bubbles on the tile. Irregular spotted air bubbles with slight color variation from the surrounding glaze. Smooth surface with texture, free of defects."
mt3_free_237.jpg,9,"tiles,good","Tiles. Tiles are flat, thin objects made from ceramic, stone, metal, or glass, typically used for covering surfaces such as floors, walls, or roofs. They are known for their durability, ease of maintenance, and wide range of designs and colors. However, one common defect in tiles is the presence of air bubbles, characterized by small black spots on the surface. Additionally, irregular specks or spots with slight color variation compared to the surrounding glaze may also be considered as defects in tiles."
mt3_free_238.jpg,9,"tiles,good","Tiles: Tiles are flat, thin objects used to cover surfaces such as floors, walls, or roofs. One common defect in tiles is a small black dot, indicating the presence of a pore. Irregular spotted pores may also exhibit slight color variation compared to the surrounding glaze. The ideal tile is smooth, textured, and free from any defects."
mt3_free_239.jpg,9,"tiles,good","Tiles: Tiles are flat, thin objects made from ceramic, stone, metal, or glass, used for covering surfaces such as floors, walls, or roofs. They are typically uniform in shape and size, providing a smooth and textured surface without any defects.

Bathroom Fixtures: Bathroom fixtures refer to various accessories and fittings used in bathrooms, including sinks, toilets, showers, and bathtubs. They are designed to enhance the functionality and aesthetics of the bathroom space, but may sometimes exhibit minor flaws such as water stains or scratches on the surface."
mt3_free_240.jpg,9,"tiles,good","Bathroom Equipment: Bathroom equipment refers to a variety of fixtures and fittings used in bathrooms for functional and decorative purposes. Common examples include sinks, toilets, showers, bathtubs, and vanities. However, a common defect in bathroom equipment is leaking pipes, which can lead to water damage and mold growth if not promptly addressed."
mt3_free_241.jpg,9,"tiles,good","Tiles. Tiles are flat, thin pieces of baked clay, ceramic, or stone used for covering roofs, floors, walls, or other objects. They are typically smooth, uniform in color, and have a textured surface for enhanced grip. However, they may sometimes exhibit defects such as air pockets, small black spots, or irregular discolorations on the glaze, which can affect their overall appearance and quality."
mt3_free_242.jpg,9,"tiles,good","Tiles: Tiles are flat, thin objects used to cover surfaces such as floors, walls, and roofs. They are typically made of materials such as ceramic, stone, or glass. One common defect found in tiles is air bubbles, which appear as small black spots on the surface. Another defect is irregular speckles, where air bubbles create slight color variations in the glaze around them."
mt3_free_243.jpg,9,"tiles,good","Tiles. Tiles are flat, thin pieces of baked clay, ceramic, or stone used for covering roofs, floors, walls, or other objects. They are typically uniform in size and shape, providing a smooth and textured surface for various architectural applications. However, they may sometimes exhibit defects such as air bubbles, small black spots, or irregular discoloration in the glaze, which can affect their overall appearance and quality."
mt3_free_244.jpg,9,"tiles,good","Tiles. Defect: air bubbles, a small black dot, indicating air bubbles on the tile. Irregular spotted air bubbles with slight color variation from the surrounding glaze. Smooth surface with texture, flawless."
mt3_free_245.jpg,9,"tiles,good","Tiles: Tiles are flat, thin pieces of baked clay, ceramic, or stone used for covering roofs, floors, walls, or other objects. They are known for their uniformity, durability, and ease of maintenance. However, they may have defects such as air bubbles, a small black dot, which can be seen on the surface of the tile. Irregular spotted air bubbles may also cause slight color variations compared to the surrounding glaze."
mt3_free_246.jpg,9,"tiles,good","Tiles. Tiles are flat, thin objects made from materials such as ceramic, stone, or glass, used for covering surfaces such as floors, walls, or roofs. One common defect found in tiles is air bubbles, which appear as small black spots on the surface. Irregular speckled air bubbles may also cause slight color variation compared to the surrounding glaze. Smooth, textured, and flawless surfaces are characteristic of high-quality tiles."
mt3_free_247.jpg,9,"tiles,good","Tiles. Tiles are thin objects usually square or rectangular in shape, commonly used for covering roofs, floors, walls, showers, or other objects such as tabletops. They are typically made from materials such as ceramic, stone, metal, or glass. One common defect found in tiles is the presence of air bubbles, which appear as small black spots on the surface. Irregular spotted air bubbles may also cause slight color variations compared to the surrounding glaze. Smooth and textured surfaces without any defects are ideal for tiles, providing a seamless and visually appealing finish to various architectural spaces."
mt3_free_248.jpg,9,"tiles,good","Tiles: Tiles are flat, thin pieces of baked clay, ceramic, or stone used for covering roofs, floors, walls, or other objects. They are typically square or rectangular in shape and come in various colors, patterns, and textures. However, some tiles may have defects such as air bubbles, small black spots, or irregular discolorations that can affect their appearance and quality."
mt3_free_249.jpg,9,"tiles,good","Tiles: Tiles are flat, thin pieces of baked clay, ceramic, or stone used for covering roofs, floors, walls, or other objects. They are uniform in shape and size, providing a smooth and textured surface without any defects or imperfections."
mt3_free_250.jpg,9,"tiles,good","Tiles: Tiles are flat, thin pieces of baked clay, ceramic, or stone used for covering roofs, floors, walls, or other objects. They are typically square or rectangular in shape and come in various colors, patterns, and textures. One common defect in tiles is the presence of air bubbles, which appear as small dark spots on the surface. Irregular speckled air bubbles may also cause slight color variations compared to the surrounding glaze."
mt3_free_251.jpg,9,"tiles,good","Bathroom Fixtures. Defined as sanitary equipment and accessories installed in bathrooms for various functions. Common defects include rust, water stains, and loose fittings, which can affect both functionality and aesthetics."
mt3_free_252.jpg,9,"tiles,good","Tiles. Defects include air bubbles, indicated by small black dots on the tiles. Irregular spots of air bubbles may have slight color variations compared to the surrounding glaze. Smooth surface with texture, free of defects."
mt3_free_253.jpg,9,"tiles,good","Tiles: Tiles are flat, thin objects made of ceramic, stone, metal, or glass, typically used for covering floors, walls, or other surfaces in bathrooms, kitchens, or outdoor areas. They are durable and easy to clean, making them a popular choice for both residential and commercial spaces. However, they may have imperfections such as air bubbles, small black spots, or irregular color variations that can affect their overall appearance and quality."
mt3_free_254.jpg,9,"tiles,good","Ceramic tiles. Defect: pinhole, a small black spot indicating the presence of a pinhole on the tile surface. Irregular spotted pinholes with slight color variation compared to surrounding glaze. Smooth surface with texture, free of defects."
mt3_free_255.jpg,9,"tiles,good","Tiles: Tiles are flat, thin objects usually square or rectangular in shape, used for covering surfaces such as floors, walls, or roofs. They are typically made of materials like ceramic, stone, or porcelain. One common defect found in tiles is the presence of air bubbles, which appear as small dark spots on the surface. Irregularly shaped air bubbles may cause slight color variations compared to the surrounding glaze."
mt3_free_256.jpg,9,"tiles,good","Tiles. Tiles are flat, thin pieces of baked clay, ceramic, or stone used for covering roofs, floors, walls, or other objects. Common defects in tiles include air pockets, small black spots indicating air bubbles on the surface, and irregular speckled air pockets with slight color variation from the surrounding glaze.Smooth, textured, and free of defects."
mt3_free_257.jpg,9,"tiles,good","Tiles. Tiles are flat, thin pieces of baked clay, ceramic, or stone used for covering roofs, floors, walls, or other objects. They are typically smooth, with a textured surface, and free from any defects such as air bubbles or irregular spots."
mt3_free_258.jpg,9,"tiles,good","Tiles. Tiles are flat, thin pieces of baked clay, ceramic, or stone used for covering surfaces such as floors, walls, or roofs. They are typically uniform in size and shape, providing a smooth and textured surface without any defects or imperfections."
mt3_free_259.jpg,9,"tiles,good",Tiles. Flawless surface with a textured finish. No irregularities or defects present.
mt3_free_260.jpg,9,"tiles,good","Tiles: Tiles are flat, thin objects used to cover surfaces such as floors, walls, and countertops. They are typically made of materials like ceramic, porcelain, or stone. One common defect in tiles is air bubbles, which appear as small black dots on the surface. Irregular spots of air bubbles may also cause slight color variations compared to the surrounding glaze."
mt3_free_261.jpg,9,"tiles,good","Tiles. Tiles are flat, thin objects made from materials such as ceramic, stone, or glass, used for covering surfaces like floors, walls, or roofs. Despite their versatility and durability, tiles may have imperfections like air bubbles, small black spots, indicating the presence of air pockets in the material. Irregular speckled air bubbles may also cause slight color variations compared to the surrounding glaze."
mt3_free_262.jpg,9,"tiles,good","Tiles: Tiles are flat, thin pieces of baked clay or other material, used in rows for covering walls or floors. Defects may include air bubbles, small black spots, indicating the presence of air bubbles on the surface of the tile. Irregular speckled air bubbles may have slight color variations compared to the surrounding glaze. Smooth, textured, and flawless surface."
mt3_free_263.jpg,9,"tiles,good","Tiles. Tiles are flat, thin pieces of baked clay or other material, used especially for covering roofs, floors, or walls. One common defect found in tiles is pinholes, small black spots indicating air bubbles trapped in the tile. Irregular speckled pinholes may also cause slight color variation compared to the surrounding glaze. The ideal tile should be smooth, textured, and free of any defects."
mt3_free_264.jpg,9,"tiles,good","Tiles. Defects include air bubbles, small black spots indicating the presence of air bubbles on the tiles. Irregular speckle air bubbles with slight color variation from the surrounding glaze. Smooth surface with texture, no defects present."
mt3_free_265.jpg,9,"tiles,good","Ceramic tiles: Flawless surface with a smooth texture and no defects. Uniform in color and pattern, showcasing a pristine finish that enhances the overall aesthetic appeal."
mt3_free_266.jpg,9,"tiles,good","Tiles. Tiles are flat, thin pieces of baked clay, ceramic, or stone used for covering roofs, floors, walls, or other surfaces. They are typically uniform in shape and size, providing a smooth and textured surface without any defects."
mt3_free_267.jpg,9,"tiles,good","Tiles: Tiles are flat, thin objects used to cover surfaces such as floors, walls, and roofs. They are typically made of ceramic, stone, metal, or glass. However, they may suffer from defects such as air bubbles, small black spots, indicating the presence of air bubbles on the surface. Irregular speckled air bubbles may also cause slight color variations compared to the surrounding glaze. Smooth, textured, and defect-free surfaces are desirable for tiles."
mt3_free_268.jpg,9,"tiles,good","Ceramic tiles: Characterized by a smooth surface with distinct textures, free from any defects. Uniform in appearance with no irregularities or imperfections present, suitable for various interior and exterior applications."
mt3_free_269.jpg,9,"tiles,good","Tiles: Tiles are flat, thin pieces of baked clay, ceramic, or stone used for covering roofs, floors, walls, or other objects. The defect of tiles is a small black spot, indicating the presence of pores. Irregular spotted pores may have slight color variations compared to the surrounding glaze. Smooth, textured, and flawless surface."
mt3_free_270.jpg,9,"tiles,good","Tiles: Tiles are flat, thin objects made from materials like ceramic, stone, or glass, used for covering surfaces such as floors, walls, or roofs. They are known for their durability and easy maintenance. However, they may have defects like air bubbles or small black spots, which can affect their appearance and quality."
mt3_free_271.jpg,9,"tiles,good","Tiles: Tiles are flat, thin objects made from materials like ceramic, stone, or glass, used for covering surfaces such as floors, walls, or roofs. They are known for their durability and easy maintenance. However, they may have flaws like air bubbles, small black spots, or irregular color variations due to uneven glazing."
mt3_free_272.jpg,9,"tiles,good","Tiles. Tiles are flat, thin objects made from materials such as ceramic, stone, or glass, used for covering surfaces such as floors, walls, or roofs. They are known for their smooth and textured surface, providing a decorative and functional element to various spaces. However, one common defect found in tiles is air bubbles, small voids that create imperfections on the surface. These irregular spots can vary in size and may result in a slight color difference compared to the surrounding glaze, affecting the overall appearance and quality of the tile."
mt3_free_273.jpg,9,"tiles,good","Tiles: Tiles are flat, thin objects made from ceramic, stone, metal, or glass, used for covering surfaces such as floors, walls, or roofs. They are typically square or rectangular in shape and come in various colors, patterns, and textures. One common defect in tiles is air bubbles, which appear as small irregular spots on the surface, often causing a slight color variation compared to the surrounding glazed area."
mt3_free_274.jpg,9,"tiles,good","Tiles: Tiles are flat, thin pieces of baked clay, ceramic, or stone used for covering surfaces such as floors, walls, or roofs. One common defect found in tiles is a small black dot, indicating the presence of a pore. Irregular spotted pores may also exhibit slight color variation compared to the surrounding glaze. Smooth, textured, and free of defects."
mt3_free_275.jpg,9,"tiles,good","Tiles: Tiles are flat, thin objects made of ceramic, stone, metal, or glass, used to cover surfaces such as floors, walls, and countertops. They are known for their durability and easy maintenance. However, they may have defects such as air bubbles, small black spots, which indicate imperfections in the tile. Irregular spots and color variations around the glaze may also be present, affecting the overall appearance of the tile."
mt3_free_276.jpg,9,"tiles,good","Tiles: Tiles are flat, thin objects used to cover surfaces such as floors, walls, and countertops. However, they may have defects such as air bubbles, which are small black dots indicating imperfections on the surface. Irregular spotted air bubbles may also cause slight color variations compared to the surrounding glazed area. The ideal tile should be smooth, textured, and free of any defects."
mt3_free_277.jpg,9,"tiles,good",Tiles. Flawless surface with a textured finish. No irregularities or defects present.
mt3_free_278.jpg,9,"tiles,good","Tiles: Tiles are flat, thin objects used to cover surfaces such as floors, walls, and roofs. They are typically made of materials like ceramic, stone, or porcelain. The flaw of tiles is the presence of air bubbles, indicated by small black spots. Irregular speckled air bubbles may have slight color variations from the surrounding glaze. Smooth with texture, flawless."
mt3_free_279.jpg,9,"tiles,good","Tiles are a type of construction material that are typically made from ceramic, stone, or even glass. They are used to cover surfaces such as floors, walls, and countertops in various settings. One common issue with tiles is the presence of air bubbles, which appear as small black dots on the surface. These irregular spots can create a slight color difference compared to the surrounding glazed area. On the other hand, when tiles are in perfect condition, they exhibit a smooth and textured surface without any defects, providing a visually appealing and durable finish for interior and exterior spaces."
mt3_free_280.jpg,9,"tiles,good","Tiles. Defects include air bubbles, small black dots indicating pores on the surface. Irregular spotted pores with slight color variation from the surrounding glaze. Smooth texture with no defects."
mt3_free_281.jpg,9,"tiles,good","Tiles: Tiles are flat, thin pieces of baked clay or other materials, used for covering walls, floors, etc. They are known for their smooth surface and uniform texture, free of any defects."
mt3_free_282.jpg,9,"tiles,good","Tiles. Defect: Air bubbles, a small black dot, indicating air bubbles on the tile. Irregular spotted air bubbles with slight color variation from surrounding glaze. Smooth surface with texture, flawless."
mt3_free_283.jpg,9,"tiles,good","Tiles. Defects include air bubbles, indicated by small black spots on the surface. Irregular spotted air bubbles may have slight color variations compared to the surrounding glaze. Smooth, textured, and flawless surface."
mt3_free_284.jpg,9,"tiles,good","Tiles are a type of building material commonly used for flooring and wall covering. They are known for their smooth surface, intricate patterns, and durability. However, one common defect found in tiles is air bubbles, which appear as small black spots on the surface. These irregular spots may differ in color slightly from the surrounding glaze, affecting the overall aesthetic of the tile."
mt3_free_285.jpg,9,"tiles,good","Tiles. Defect: air bubbles, a small black dot indicating air bubbles on the tile. Irregular speckled air bubbles with slight color variation from the surrounding glaze. Smooth surface with texture, defect-free."
mt3_free_286.jpg,9,"tiles,good","Ceramic Tiles: Featuring a smooth surface with intricate textures, these ceramic tiles are flawless, free from any defects."
mt3_free_287.jpg,9,"tiles,good","Tiles. Defect: air bubbles, a small black spot indicating air bubbles on the tile. Irregular spots with air bubbles showing slight color variation compared to surrounding glaze. Smooth surface with texture, free from defects."
mt3_free_288.jpg,9,"tiles,good","Tiles. Tiles are flat, thin pieces of baked clay, ceramic, or stone used for covering roofs, floors, walls, or other objects. They are known for their smooth surface, uniform shape, and variety of colors and patterns. However, some tiles may have defects such as air pockets, small black dots, which can affect their appearance and durability. Irregular spotty air pockets may also cause slight color variations compared to the surrounding glaze."
mt3_free_289.jpg,9,"tiles,good","Tiles: Tiles are flat, thin objects used to cover surfaces such as floors, walls, or roofs. They are typically made of ceramic, stone, metal, or glass. The surface of a tile is usually smooth and even, with a variety of textures available to suit different design preferences.

Bathroom Fixtures: Bathroom fixtures are essential components in a bathroom, including items such as sinks, toilets, showers, and bathtubs. They are designed to provide functionality and style to the space. However, one common issue with bathroom fixtures is water stains, which can develop over time and affect the appearance of the fixtures.

Building Materials: Building materials are substances used for construction purposes, such as wood, concrete, steel, and bricks. They are essential"
mt3_free_290.jpg,9,"tiles,good","Tiles: Tiles are flat, thin objects used to cover surfaces such as floors and walls. They are typically made of ceramic, stone, or glass. One common defect found in tiles is air bubbles, which appear as small black spots on the surface. Another defect is irregular speckled air bubbles with slight color variation from the surrounding glaze."
mt3_free_291.jpg,9,"tiles,good","Tiles. Tiles are flat, thin pieces of baked clay or other materials, used to cover surfaces such as floors, walls, and countertops. They are known for their durability, easy maintenance, and wide range of designs and colors. However, one common defect found in tiles is pinholes, which are small black spots that indicate air bubbles trapped during the manufacturing process. Additionally, irregular speckled pinholes may cause slight color variation compared to the surrounding glazed surface."
mt3_free_292.jpg,9,"tiles,good","Tiles: Tiles are flat, thin pieces of baked clay, ceramic, or stone used to cover floors, walls, or other surfaces. They are typically uniform in shape and size, providing a smooth and textured surface without any defects."
mt3_free_293.jpg,9,"tiles,good","Tiles. Defects include air bubbles, which are small black spots indicating the presence of air bubbles on the tiles. Irregular spotted air bubbles may have slight color variations compared to the surrounding glaze. Smooth surface with texture, free from defects."
mt3_free_294.jpg,9,"tiles,good","Tiles. Defects include air bubbles, characterized by small black spots on the surface. Irregular spotted air bubbles may have slight color variations compared to the surrounding glaze. Smooth, textured, and flawless surface."
mt3_free_295.jpg,9,"tiles,good","Tiles: Tiles are flat, thin pieces of baked clay, ceramic, or stone used for covering roofs, floors, walls, or other objects. A common defect in tiles is the presence of air bubbles, small black spots indicating air pockets within the tile. Irregular speckled air bubbles may also cause slight color variation compared to the surrounding glaze. The ideal tile should be smooth, have a consistent texture, and be free of any defects."
mt3_free_296.jpg,9,"tiles,good","Tiles. Tiles are flat, thin pieces of baked clay, ceramic, or stone used for covering floors, walls, or other surfaces. They are known for their smooth surface, uniform shape, and a variety of textures and patterns. However, one common defect found in tiles is air pockets, which appear as small black spots on the surface. Additionally, irregular speckled air pockets may cause slight color variation compared to the surrounding glaze."
mt3_free_297.jpg,9,"tiles,good","Tiles: Tiles are flat, thin pieces of baked clay, ceramic, or stone used for covering roofs, floors, walls, or other objects. They are typically square or rectangular in shape and come in various sizes and designs. The surface of tiles is smooth and even, with a consistent texture throughout, making them ideal for adding a decorative touch to any space. However, tiles may sometimes have defects such as air bubbles, small black spots, or irregular color variations, which can affect their overall appearance and quality."
mt3_free_298.jpg,9,"tiles,good",Tiles. Flawless surface with intricate texture. No irregularities or defects present.
mt3_free_299.jpg,9,"tiles,good","Tiles: Tiles are flat, thin pieces of baked clay or other materials, generally square or rectangular in shape, used for covering roofs, floors, walls, etc. They are known for their smooth surface, uniform shape, and variety of colors and patterns. However, some tiles may have defects such as air bubbles, small black spots, or irregular discoloration, which can affect their appearance and quality."
mt3_free_300.jpg,9,"tiles,good","Tiles. Defect: air bubbles, a small black dot indicating air bubbles on the tile. Irregular spotted air bubbles with slight color variation from the surrounding glaze. Smooth surface with texture, free of defects."
mt3_free_301.jpg,9,"tiles,good","Tiles: Tiles are flat, thin pieces of baked clay or other materials, used for covering walls, floors, and other surfaces in buildings. They are known for their durability and easy maintenance. However, one common defect found in tiles is air pockets, which are small black dots indicating imperfections on the surface. Irregularly shaped air pockets may also cause slight color variations compared to the surrounding glaze, affecting the overall appearance of the tile."
mt3_free_302.jpg,9,"tiles,good","Tiles: Tiles are flat, thin pieces of baked clay or other materials, generally used for covering roofs, floors, walls, or other objects such as tabletops. They are known for their durability and easy maintenance. However, one common defect found in tiles is pinholes, which are small black spots indicating air bubbles trapped in the tile. Additionally, irregular speckled pinholes may have slight color variation compared to the surrounding glaze."
mt3_free_303.jpg,9,"tiles,good",Tiles. Flawless surface with a textured finish. No irregularities or defects present.
mt3_free_304.jpg,9,"tiles,good","Tiles: Tiles are flat, thin objects made of ceramic, stone, metal, or glass, typically used for covering floors, walls, or other surfaces in bathrooms, kitchens, or outdoor areas. They are known for their durability and easy maintenance. However, they may have defects such as air bubbles, small black dots, irregular spots, or slight color variations in the glaze around the air bubbles."
mt3_free_305.jpg,9,"tiles,good",Tiles. Flawless with texture. No defects present.
mt3_free_306.jpg,9,"tiles,good","Tiles: Tiles are flat, thin pieces of baked clay, concrete, or other materials, generally used for covering roofs, floors, walls, or other objects such as tabletops. They are typically uniform in shape and size, providing a smooth and textured surface for various applications. However, one common defect found in tiles is air bubbles, which appear as small black spots on the surface. Irregularly shaped air bubbles may cause slight color variations compared to the surrounding glaze, affecting the overall appearance of the tile."
mt3_free_307.jpg,9,"tiles,good","Tiles. Defects include air bubbles, indicated by small black spots on the tiles. Irregular spotted air bubbles may have slight color variations compared to the surrounding glaze. Smooth surface with texture, free from defects."
mt3_free_308.jpg,9,"tiles,good","Tiles: Tiles are flat, thin pieces of baked clay or other materials, used for covering walls, floors, or other surfaces. They are uniform in shape and size, with a smooth surface and consistent texture. However, some tiles may have irregularities in color or slight variations in pattern due to the manufacturing process, which can affect the overall aesthetic appearance."
mt3_free_309.jpg,9,"tiles,good","Bathroom Fixtures. Defect: A small black dot, indicating a pinhole on the tile. Irregular speckled pinhole with slight color variation from the surrounding glaze. Smooth surface with texture, free from defects."
mt3_free_310.jpg,9,"tiles,good","Tiles: Tiles are flat, thin objects usually square or rectangular in shape that are used to cover surfaces such as floors, walls, and countertops. They are typically made of materials like ceramic, porcelain, or natural stone. One common defect found in tiles is air bubbles, which are small voids in the material that can affect the appearance and durability of the tile. Irregular spots of air bubbles may cause slight color variations compared to the surrounding glaze. On the other hand, high-quality tiles are characterized by their smooth and textured surface, free from any defects or imperfections."
mt3_free_311.jpg,9,"tiles,good","Tiles. Defects include air bubbles, represented by small black spots, present on the surface of the tiles. Irregular spotted air bubbles may have slight color variations compared to the surrounding glaze. Smooth surface with texture, free of defects."
mt3_free_312.jpg,9,"tiles,good","Tiles. Tiles are flat, thin pieces of baked clay or other material, used especially for covering roofs, floors, walls, and so on. They are uniform in shape and size, with a smooth surface and consistent color."
mt3_free_313.jpg,9,"tiles,good","Tiles. Tiles are flat, thin objects made from materials like ceramic, stone, or glass used to cover surfaces such as floors, walls, or roofs. They are known for their durability and easy maintenance. However, one common defect found in tiles is air pockets, which appear as small black spots on the surface. Irregularly shaped air pockets may cause slight color variations compared to the surrounding glaze."
mt3_free_314.jpg,9,"tiles,good","Tiles. Tiles are flat, thin pieces of baked clay or other materials, used for covering roofs, floors, walls, and other surfaces. They are typically uniform in size and shape, providing a smooth and textured surface without any defects.

Bathroom fixtures. Bathroom fixtures refer to the essential plumbing elements found in a bathroom, such as sinks, toilets, showers, and bathtubs. They are designed to provide functionality and aesthetic appeal to the space, but may sometimes exhibit minor imperfections like water stains or scratches.

Building materials. Building materials encompass a wide range of products used in construction, including wood, concrete, steel, and bricks. They are crucial for creating structures and buildings, offering durability and strength. However, they can have flaws like cracks"
mt3_free_315.jpg,9,"tiles,good","Tiles: Tiles are flat, thin objects used to cover surfaces such as floors, walls, and roofs. They are typically made of ceramic, stone, metal, or glass. The defect of tiles is a small black spot, indicating the presence of a pore. Irregular speckled pores may have slight color variations compared to the surrounding glaze. Smooth, textured, and flawless surface."
mt3_free_316.jpg,9,"tiles,good","Tiles. Tiles are flat, thin objects made from materials like ceramic, stone, or glass, commonly used for covering surfaces such as floors, walls, or roofs. They are known for their durability, easy maintenance, and wide variety of designs and colors. However, one common defect found in tiles is air bubbles, which appear as small black spots on the surface. These irregular dark spots can disrupt the overall appearance of the tile, especially when surrounded by a slight color variation in the glaze."
mt3_free_317.jpg,9,"tiles,good","Tiles. Defect: pinhole, a small black spot indicating the presence of a pinhole on the tile. Irregular speckled pinholes with slight color variation from the surrounding glaze. Smooth surface with texture, no defects."
mt3_free_318.jpg,9,"tiles,good","Tiles. Flawless with a smooth texture. No irregularities or defects present, showcasing a pristine surface ready for installation."
mt3_free_319.jpg,9,"tiles,good",Tiles. Flawless surface with a textured finish. No irregularities or blemishes present.
mt3_free_320.jpg,9,"tiles,good","Tiles: Tiles are flat, thin pieces of baked clay, ceramic, or stone used for covering roofs, floors, walls, or other objects. They are uniform in shape and size, providing a smooth and textured surface without any defects."
mt3_free_321.jpg,9,"tiles,good","Tiles. Tiles are flat, thin objects made of ceramic, stone, metal, or glass that are used to cover surfaces such as floors, walls, or countertops. They are known for their durability, ease of maintenance, and wide range of designs and colors. However, one common defect of tiles is the presence of air bubbles, which are small voids that can weaken the structure of the tile. Another defect is irregular dark spots, which may indicate impurities in the material or uneven firing during the manufacturing process."
mt3_free_322.jpg,9,"tiles,good","Tiles: Tiles are flat, thin pieces of baked clay used for covering surfaces. They are known for their smooth texture and durability. However, occasional defects such as air bubbles, small black spots, or irregular discolorations in the glaze can be found on the surface, affecting the overall appearance."
mt3_free_323.jpg,9,"tiles,good","Tiles: Tiles are flat, thin objects made from materials like ceramic, stone, or glass, used for covering surfaces such as floors, walls, or roofs. Common defects include air bubbles, small black spots, visible on the surface. Irregular speckled air bubbles may have slight color variations compared to the surrounding glaze. Smooth, textured surface without any defects."
mt3_free_324.jpg,9,"tiles,good","Tiles. Tiles are a type of building material commonly used for flooring and wall covering. They are typically made of ceramic, porcelain, or stone. One common defect found in tiles is air bubbles, which appear as small black spots on the surface. Another defect is irregular speckles, where air bubbles create slight color variations compared to the surrounding glaze. On the other hand, flawless tiles are characterized by a smooth surface with consistent texture, free from any defects."
mt3_free_325.jpg,9,"tiles,good","Tiles. Tiles are flat, thin objects made from materials such as ceramic, stone, or glass, used to cover surfaces like floors, walls, or roofs. They are known for their durability and ease of maintenance. However, they may have defects such as air bubbles, small black spots, indicating the presence of air bubbles on the surface. Irregular speckled air bubbles may also cause slight color variations compared to the surrounding glaze."
mt3_free_326.jpg,9,"tiles,good","Tiles: Tiles are flat, thin pieces of baked clay, ceramic, or stone used for covering surfaces such as floors, walls, or roofs. They are uniform in shape and size, providing a smooth and textured surface. However, they may occasionally have defects like air bubbles, small black spots, or irregular discolorations in the glaze, which can affect their overall appearance."
mt3_free_327.jpg,9,"tiles,good","Tiles. Defects include air bubbles, small black spots indicating pores on the tiles. Irregular spotted pores with slight color variation from the surrounding glaze. Smooth surface with texture and no defects."
mt3_free_328.jpg,9,"tiles,good",Ceramic tiles. Flawless surface with a textured finish. No irregularities or defects present.
mt3_free_329.jpg,9,"tiles,good","Tiles. Tiles are flat, thin objects made from materials like ceramic, stone, or glass, often used for covering surfaces such as floors, walls, or countertops. One common defect found in tiles is the presence of air pockets, which manifest as small black dots on the surface. Additionally, irregular speckled air pockets may cause slight color variation compared to the surrounding glaze."
mt3_free_330.jpg,9,"tiles,good","Tiles: Tiles are flat, thin pieces of baked clay, ceramic, or stone used to cover surfaces such as floors, walls, and roofs. A common defect in tiles is the presence of air bubbles, which appear as small black spots on the surface. Irregularly shaped air bubbles may cause slight color variation compared to the surrounding glaze. Smooth surface with texture, free of defects."
mt3_free_331.jpg,9,"tiles,good","Tiles: Tiles are flat, thin objects made from materials such as ceramic, stone, or glass, used to cover surfaces such as floors, walls, or roofs. They are typically uniform in shape and size, providing a smooth and textured surface without any defects."
mt3_free_332.jpg,9,"tiles,good","Ceramic tiles: Flawless surface with a smooth texture, free of imperfections. Uniform in color and pattern, exhibiting a high-quality finish."
mt3_free_333.jpg,9,"tiles,good","Tiles. Defects include air bubbles, a small black spot, indicating the presence of air bubbles on the tile. Irregular spotted air bubbles with slight color variation from the surrounding glaze. Smooth surface with texture, free of defects."
mt3_free_334.jpg,9,"tiles,good","Tiles: Tiles are flat, thin objects used to cover surfaces such as floors and walls in buildings. They are typically made of ceramic, stone, or porcelain. One common defect found in tiles is air bubbles, which appear as small voids on the surface. Irregular speckled air bubbles may also cause slight color variations compared to the surrounding glaze. Smooth, textured, and free of defects."
mt3_free_335.jpg,9,"tiles,good","Tiles. Tiles are flat, thin objects made from materials such as ceramic, stone, or glass, used for covering surfaces such as floors, walls, or roofs. They are known for their smooth and textured surface, providing a decorative and protective layer in various architectural settings. However, one common defect found in tiles is the presence of air pockets, small black dots indicating imperfections in the material. Irregular speckles of air pockets may cause slight color variations compared to the surrounding glazed surface, affecting the overall aesthetic appeal of the tile installation."
mt3_free_336.jpg,9,"tiles,good","Tiles: Tiles are flat, thin objects made from materials such as ceramic, stone, or glass, used for covering surfaces like floors, walls, or roofs. They are known for their durability and ease of maintenance. However, some tiles may have defects like air pockets or small black spots, which can affect their appearance and structural integrity."
mt3_free_337.jpg,9,"tiles,good","Tiles: Tiles are flat, thin objects made from ceramic, stone, metal, or glass, used to cover surfaces such as floors, walls, or roofs. They are known for their durability and easy maintenance. However, some tiles may have imperfections like air bubbles, small black spots, or irregular color variations, which can affect their appearance and quality."
mt3_free_338.jpg,9,"tiles,good","Tiles. Defects include air bubbles, small black dots indicating pores on the tiles. Irregular spotted air bubbles with slight color variation from the surrounding glaze. Smooth surface with texture, no defects."
mt3_free_339.jpg,9,"tiles,good","Tiles. Defect is a small black dot, indicating the presence of a pinhole on the tile. Irregular speckled pinholes with slight color variation from the surrounding glaze. Smooth surface with textured finish, free from any defects."
mt3_free_340.jpg,9,"tiles,good","Tiles: Tiles are flat, thin pieces of baked clay or other material, used in overlapping rows to cover surfaces. Common defects include air bubbles, small black spots indicating pores on the surface. Irregular speckled pores may have slight color variations compared to the surrounding glaze. Smooth surface with texture, free of defects."
mt3_free_341.jpg,9,"tiles,good","Tiles. Defect: air bubbles, a small black spot indicating air bubbles on the tile. Irregular spotted air bubbles with slight color variation from the surrounding glaze. Smooth surface with texture, no defects."
mt3_free_342.jpg,9,"tiles,good","Tiles: Tiles are flat, thin objects made from materials such as ceramic, stone, or glass, used for covering surfaces like floors, walls, or roofs. They are known for their durability and easy maintenance. However, occasional defects like air pockets or small black spots may be present, affecting the overall appearance of the tile."
mt3_free_343.jpg,9,"tiles,good","Tiles. Tiles are flat, thin pieces of baked clay, ceramic, stone, or other materials, often used for covering roofs, floors, walls, or other objects. They are typically smooth, with a uniform texture and without any defects in the surface.

Bathroom fixtures. Bathroom fixtures refer to various accessories and equipment used in bathrooms, such as sinks, toilets, showers, and bathtubs. They are designed to provide functionality and aesthetics in a bathroom setting."
mt3_free_344.jpg,9,"tiles,good","Tiles: Tiles are flat, thin pieces of baked clay, ceramic, or stone used for covering roofs, floors, walls, or other objects. Common defects include air bubbles, small black spots indicating air bubbles on the surface. Irregular speckled air bubbles may have slight color variations compared to the surrounding glaze. Smooth surface with texture, free from defects."
mt3_free_345.jpg,9,"tiles,good","Tiles. Defects include air bubbles, indicated by small black spots on the tiles. Irregular speckles of air bubbles may have slight color variations compared to the surrounding glaze. Smooth surface with texture, free from defects."
mt3_free_346.jpg,9,"tiles,good",Tiles. Tiles are smooth with texture and free of defects. Uniform in color and without any irregularities or blemishes.
mt3_free_347.jpg,9,"tiles,good","Tiles. Defect: air bubbles, a small black spot indicating air bubbles on the tile. Irregular spotted air bubbles with slight color variation from the surrounding glaze. Smooth surface with texture, flawless."
mt3_free_348.jpg,9,"tiles,good","Tiles. Tiles are flat, thin objects made from materials like ceramic, stone, or glass, used to cover surfaces such as floors, walls, or roofs. They are known for their durability and easy maintenance. However, one common defect found in tiles is air bubbles, which appear as small black spots on the surface. Additionally, irregular spots of air bubbles may cause slight color variations compared to the surrounding glazed surface."
mt3_free_349.jpg,9,"tiles,good","Tiles: Tiles are flat, thin pieces of baked clay or other materials, used for covering walls or floors. They are uniform in shape and size, with a smooth surface and consistent color. However, occasional imperfections such as air bubbles or small black spots may be present, affecting the overall appearance."
mt3_free_350.jpg,9,"tiles,good","Tiles. Defects include air bubbles, small black spots indicating pores on the tiles. Irregular spotted pores with slight color variation compared to surrounding glaze. Smooth surface with texture, no defects."
mt3_free_351.jpg,9,"tiles,good","Tiles: Tiles are flat, thin pieces of baked clay or other material, used in overlapping rows to cover surfaces such as roofs, floors, or walls. They are known for their even surface, texture, and durability. However, they may sometimes have defects like air bubbles, small black spots, or irregular color variations in the glaze around the pores."
mt3_free_352.jpg,9,"tiles,good","Tiles. Defects include air bubbles, indicated by small black spots on the tiles. Irregular spotted air bubbles may have slight color variations compared to the surrounding glaze. Smooth surface with texture and no defects."
mt3_free_353.jpg,9,"tiles,good","Tiles. Tiles are flat, thin objects made from materials like ceramic, stone, or glass, used for covering surfaces such as floors, walls, or roofs. They are known for their durability and easy maintenance. However, a common defect found in tiles is air bubbles, small voids that create imperfections on the surface. These air bubbles can affect the overall appearance of the tile and may weaken its structure over time."
mt3_free_354.jpg,9,"tiles,good","Tiles. Tiles are flat, thin objects made from materials like ceramic, stone, or glass, often used for covering surfaces such as floors, walls, or roofs. They are known for their durability and easy maintenance. However, tiles may have defects like air bubbles, small black spots, which can be visible on the surface. Irregular spots with air bubbles may cause slight color variations compared to the surrounding glaze."
mt3_free_355.jpg,9,"tiles,good","Tiles. Defect: air bubbles, a small black dot indicating air bubbles on the tile. Irregular spotted air bubbles with slight color variation from the surrounding glaze. Smooth surface with texture, free of defects."
mt3_free_356.jpg,9,"tiles,good","Tiles. Defects include air bubbles, characterized by small black spots on the surface. Irregular speckled air bubbles may have slight color variations compared to surrounding glaze. Smooth, textured surface without any flaws."
mt3_free_357.jpg,9,"tiles,good","Tiles: Tiles are flat, thin objects made from ceramic, stone, metal, or glass, used to cover surfaces such as floors, walls, or roofs. They are known for their durability and easy maintenance. However, they may have imperfections such as air bubbles, small black spots, or irregular discolorations in the glaze, which can affect their appearance and quality."
mt3_free_358.jpg,9,"tiles,good","Tiles: Tiles are flat, thin pieces of baked clay, ceramic, or stone used for covering roofs, floors, walls, or other objects. A flaw may include a small black dot, indicating the presence of a pore. Irregular spotted pores may have slight color variations compared to the surrounding glaze. Smooth surface with texture, free from defects."
mt3_free_359.jpg,9,"tiles,good","Ceramic tiles: Flawless surface with a smooth texture, free from any imperfections. Uniform in color and pattern, providing a clean and polished appearance."
mt3_free_360.jpg,9,"tiles,good","Tiles: Tiles are flat, thin pieces of baked clay, ceramic, or stone used for covering roofs, floors, walls, or other objects. They are known for their smooth surface and varied textures. However, tiles may have defects such as air bubbles, small black spots, indicating the presence of air bubbles on the surface. Irregular speckled air bubbles may also cause slight color variations compared to the surrounding glaze."
mt3_free_361.jpg,9,"tiles,good","Tiles: Tiles are flat, thin objects made from ceramic, stone, metal, or glass used to cover surfaces like floors, walls, or roofs. They are commonly found in kitchens, bathrooms, and outdoor areas. Tiles are known for their durability, ease of maintenance, and wide range of colors and designs.

However, one common defect found in tiles is air pockets, which appear as small black dots on the surface. These irregular spots can create a slight color variation compared to the surrounding glaze, affecting the overall appearance of the tile."
mt3_free_362.jpg,9,"tiles,good","Tiles: Tiles are flat, thin pieces of baked clay, ceramic, or stone used for covering roofs, floors, walls, or other surfaces. They are typically square or rectangular in shape and come in various colors, patterns, and textures. One common defect in tiles is the presence of air bubbles, which appear as small black spots on the surface. Irregular spotted air bubbles may also cause slight color variations compared to the surrounding glaze."
mt3_free_363.jpg,9,"tiles,good","Tiles. Tiles are flat, thin objects made from ceramic, stone, metal, or glass, typically used for covering surfaces such as floors, walls, or roofs. They are known for their durability, ease of maintenance, and wide range of designs and colors. However, common defects in tiles include air pockets, small black spots that indicate imperfections in the tile's surface, and irregular speckles that create slight color variations in the glaze compared to the surrounding area."
mt3_free_364.jpg,9,"tiles,good","Tiles. Tiles are thin objects, usually square or rectangular in shape, that are used for covering roofs, floors, walls, showers, or other objects such as tabletops. They are typically made from materials like ceramic, stone, metal, or glass. However, a common defect found in tiles is pinholes, which are small black dots indicating air bubbles trapped within the tile. Additionally, irregular speckled pinholes may cause slight color variations compared to the surrounding glaze. These imperfections are often considered normal wear and tear from regular use."
mt3_free_365.jpg,9,"tiles,good","Tiles. Defined as square or rectangular pieces of baked clay or other materials, used in overlapping rows for covering roofs, floors, walls, or other surfaces. A common defect is chipped edges, where small pieces of the tile are missing, affecting the overall appearance and structural integrity. Irregular chipped edges may also lead to difficulties in installation and maintenance."
mt3_free_366.jpg,9,"tiles,good","Tiles. Tiles are thin objects usually square or rectangular in shape, used to cover surfaces such as floors, walls, or roofs. Common defects include air pockets, small black spots, and irregular speckles with slight color variations in the glaze around the air pockets. Minor traces of normal wear from usage may also be present."
mt3_free_367.jpg,9,"tiles,good","Tiles. Defects include air bubbles, small black dots indicating pores on the tiles. Irregular spots with pores have slight color differences compared to the surrounding glaze. Slight traces from normal usage."
mt3_free_368.jpg,9,"tiles,good","Tiles. Tiles are flat, thin pieces of baked clay, ceramic, or stone used for covering roofs, floors, walls, or other objects. One common defect found in tiles is air bubbles, which appear as small black dots on the surface. Additionally, irregular spotted air bubbles may cause slight color variations compared to the surrounding glaze. Minor traces of normal wear from usage may also be present on the tiles."
mt3_free_369.jpg,9,"tiles,good","Tiles: Tiles are ceramic or porcelain pieces used for covering floors, walls, or other surfaces. A common defect found in tiles is pinholes, small black spots indicating air bubbles trapped in the tile. Irregular speckled pinholes may have slight color variation compared to the surrounding glaze. Minor traces of normal usage may be present."
mt3_free_370.jpg,9,"tiles,good","Bathroom fixtures. Defined as essential items such as sinks, toilets, and showers used in a bathroom setting. Common defects include minor scratches from regular use and irregular water spots on the surface."
mt3_free_371.jpg,9,"tiles,good","Tiles. Defects include air pockets, small black dots, indicating the presence of air pockets on the tiles. Irregular spotted air pockets with slight color variation from the surrounding glaze. Minor traces of normal usage present."
mt3_free_372.jpg,9,"tiles,good","Tiles: Tiles are flat, thin pieces of baked clay, ceramic, or stone used for covering roofs, floors, walls, or other objects. One common defect found in tiles is air bubbles, indicated by small black spots on the surface. Irregular spotted air bubbles may have slight color variations compared to the surrounding glaze. Minor traces of normal use are present."
mt3_free_373.jpg,9,"tiles,good","Ceramic tiles. Defect: pinhole, a small black spot indicating the presence of a pinhole on the tile. Irregular speckled pinholes with slight color variation compared to surrounding glaze. Minor traces of normal wear and tear."
mt3_free_374.jpg,9,"tiles,good","Tiles are a type of building material commonly used for flooring and walls. They are known for their durability and easy maintenance. However, one common defect found in tiles is air bubbles, small voids that can affect the appearance and strength of the tile. These irregular spots with air bubbles may have slight color variations compared to the surrounding glazed surface. Minor traces of wear from normal use may also be present."
mt3_free_375.jpg,9,"tiles,good","Tiles are a type of building material commonly used for flooring and walls. They are typically made of ceramic, porcelain, or natural stone. A common defect found in tiles is air bubbles, which appear as small voids on the surface. Additionally, irregular spots with slight color variations from the surrounding glaze may also be present, indicating imperfections in the manufacturing process. These flaws are often considered normal wear and tear from regular use."
mt3_free_376.jpg,9,"tiles,good","Tiles. Defects include air bubbles, one small black spot indicating the presence of air bubbles on the tile. Irregular speckled air bubbles with slight color variation from the surrounding glaze. Minor traces of normal usage."
mt3_free_377.jpg,9,"tiles,good","Tiles: Tiles are flat, thin pieces of baked clay, ceramic, or stone used for covering roofs, floors, walls, or other objects. One common defect found in tiles is pinholes, which are small black spots indicating air bubbles in the tile. Irregular speckled pinholes may have slight color variations compared to the surrounding glaze. Minor traces of normal use may also be present."
mt3_free_378.jpg,9,"tiles,good","Tiles. Defects include air bubbles, small black dots indicating pores on the tiles. Irregular spotted pores with slight color variation from the surrounding glaze. Minor traces of normal usage."
mt3_free_379.jpg,9,"tiles,good","Bathroom fixtures. Defect: a small scratch indicating normal wear and tear. Irregular spots with slight color variation around the glaze, suggesting minor imperfections from production."
mt3_free_380.jpg,9,"tiles,good","Tiles. Defects include air bubbles, indicated by small black spots on the tiles. Irregular spotted air bubbles may cause slight color variation with the surrounding glaze. Normal wear and tear marks from regular usage are present."
mt3_free_381.jpg,9,"tiles,good","Tiles. Defect: air bubbles, a small black spot, indicating air bubbles on the tile. Irregular spotted air bubbles with slight color variation from the surrounding glaze. Minor traces from regular use."
mt3_free_382.jpg,9,"tiles,good","Tiles. Tiles are flat, thin pieces of baked clay, ceramic, or stone used for covering roofs, floors, walls, or other objects. Common defects include air bubbles, small black spots, and irregular speckles, which may result in slight color variations compared to the surrounding glaze. Minor signs of wear from regular use may also be present."
mt3_free_383.jpg,9,"tiles,good","Tiles: Tiles are flat, thin pieces of baked clay, ceramic, or stone used for covering roofs, floors, walls, or other objects. One common defect in tiles is the presence of air bubbles, indicated by small black spots on the surface. Irregular speckles of air bubbles may also cause slight color variation compared to the surrounding glaze. Minor traces of wear from normal use may be visible."
mt3_free_384.jpg,9,"tiles,good","Tiles. Defects include air bubbles, small black dots indicating pores on the tiles. Irregular spotted pores with slight color variation compared to the surrounding glaze. Minor traces from regular usage."
mt3_free_385.jpg,9,"tiles,good","Tiles: Tiles are flat, thin objects made from materials like ceramic, stone, or glass, used to cover surfaces such as floors, walls, or roofs. One common defect is pinholes, small black spots indicating air bubbles in the tile. Irregular speckled pinholes may have slight color variations compared to the surrounding glaze. Minor traces of normal wear and tear may be visible."
mt3_free_386.jpg,9,"tiles,good","Tiles. Tiles are flat, thin objects made from materials like ceramic, stone, or glass, used to cover surfaces such as floors, walls, or roofs. Common defects include air bubbles, small black dots, visible on the surface of the tile. Irregular speckled air bubbles may have slight color variations compared to the surrounding glaze. Minor traces of normal wear and tear may be present."
mt3_free_387.jpg,9,"tiles,good","Tiles: Tiles are flat, thin pieces of baked clay, ceramic, or stone used for covering surfaces such as floors, walls, or roofs. Common defects in tiles include air pockets, small black spots, irregular speckles with slight color variation from the surrounding glaze. Minor traces of normal use may be present."
mt3_free_388.jpg,9,"tiles,good","Tiles. Defects include air holes, which are small black dots visible on the surface of the tiles. Irregular spotted air holes may have slight color variations compared to the surrounding glaze. Normal signs of wear from regular use."
mt3_free_389.jpg,9,"tiles,good","Tiles. Defects include air bubbles, small black dots indicating the presence of air bubbles on the tiles. Irregular speckled air bubbles with slight color variation from the surrounding glaze. Minor traces of normal usage present."
mt3_free_390.jpg,9,"tiles,good","Tiles. Tiles are thin objects, usually square or rectangular in shape, that are used for covering roofs, floors, walls, and other surfaces. They are typically made from materials such as ceramic, stone, metal, or glass. However, a common defect found in tiles is pinholes, which are small black dots indicating air bubbles in the material. Additionally, irregular specks or pinholes may exhibit slight color variation from the surrounding glaze, affecting the overall appearance of the tile."
mt3_free_391.jpg,9,"tiles,good","Tiles. Tiles are flat, thin pieces of baked clay, ceramic, or stone used for covering roofs, floors, walls, or other objects such as tabletops. Common defects include air bubbles, small black spots, and irregular discolorations in the glaze around the air bubbles, indicating imperfections in the manufacturing process. Minor scratches from normal use may also be present."
mt3_free_392.jpg,9,"tiles,good","Tiles. Tiles are flat, thin pieces of baked clay or other material, used in overlapping rows for covering roofs, floors, walls, or other surfaces. A common defect in tiles is the presence of air pockets, which appear as small black dots on the surface. Additionally, irregular speckled air pockets may cause slight color variation compared to the surrounding glaze. Minor traces of normal usage may also be present."
mt3_free_393.jpg,9,"tiles,good","Tiles. Tiles are thin objects, usually square or rectangular in shape, that are used to cover surfaces such as floors, walls, or roofs. One common defect found in tiles is pinholes, which are small black dots indicating air bubbles trapped in the tile. Additionally, irregular speckled pinholes may cause slight color variation compared to the surrounding glaze. Minor traces of normal wear and tear may also be present."
mt3_free_394.jpg,9,"tiles,good","Tiles are a type of construction material commonly used for flooring and wall covering. They are typically made of ceramic, porcelain, or natural stone. However, one common defect found in tiles is the presence of air pockets, which manifest as small holes on the surface. Another flaw is irregular speckled air pockets that cause slight color variations compared to the surrounding glaze. Despite these imperfections, tiles are still functional and suitable for use in various architectural applications."
mt3_free_395.jpg,9,"tiles,good","Tiles. Defect: crack, a thin line, indicating a crack on the surface. Irregular crack with sharp edges, affecting the overall appearance."
mt3_free_396.jpg,9,"tiles,good","Tiles: Tiles are flat, thin pieces of baked clay, ceramic, or stone used for covering roofs, floors, walls, or other objects. A common defect in tiles is chipping, which results in small pieces of the tile breaking off, leading to an uneven surface. Another issue could be inconsistent coloration, where tiles of the same batch may have slight variations in color due to the manufacturing process."
mt3_free_397.jpg,9,"tiles,good","Bathroom fixtures. Defects include scratches, discoloration, and rust spots, affecting the overall appearance and functionality. Irregularities in finish and missing parts may also be observed."
mt3_free_398.jpg,9,"tiles,good","Tiles: Tiles are flat, thin objects made from materials like ceramic, stone, or glass, used for covering surfaces such as floors, walls, or roofs. One common defect in tiles is crazing, which appears as a network of fine cracks on the surface, affecting the overall appearance and structural integrity."
mt3_free_399.jpg,9,"tiles,good","Tiles: Tiles are flat, thin pieces of baked clay, ceramic, or stone used for covering roofs, floors, walls, or other objects. One common defect in tiles is chipping, where small pieces of the tile break off, affecting the overall appearance and integrity of the surface. Irregular chipping can also lead to sharp edges that may cause injury if not handled carefully."
mt3_free_400.jpg,9,"tiles,good","Tiles: Tiles are flat, thin pieces of baked clay or other materials, used for covering walls, floors, and other surfaces in buildings. A common defect in tiles is chipping, where small pieces of the tile break off, affecting the overall appearance and durability. Another issue could be uneven glazing, resulting in visible inconsistencies in color and texture across the surface of the tile."
mt3_free_401.jpg,9,"tiles,good","Tiles. Tiles are flat, thin pieces of baked clay, ceramic, or stone used for covering walls, floors, and other surfaces. One common defect in tiles is chipping, which can occur along the edges or corners, leading to a rough and uneven surface. Another issue is glaze crazing, where fine, random cracks appear on the glazed surface, affecting the overall aesthetic appeal of the tile. Despite these defects, tiles are still a durable and versatile option for interior and exterior design."
mt3_free_402.jpg,9,"tiles,good","Tiles. Tiles are thin objects usually square or rectangular in shape, used for covering surfaces such as floors, walls, or roofs. One common defect found in tiles is a small black dot, indicating the presence of a pore. Irregular spotted pores may also cause slight color variation compared to the surrounding glaze."
mt3_free_403.jpg,9,"tiles,good","Tiles are a type of construction material commonly used for flooring and wall covering. They are known for their durability and easy maintenance. However, one common defect found in tiles is the presence of air bubbles, which appear as small black spots on the surface. Additionally, irregular speckled air bubbles may cause slight color variations between the affected area and the surrounding glazed surface."
mt3_free_404.jpg,9,"tiles,good","Tiles: Tiles are thin objects, usually square or rectangular in shape, that are used for covering roofs, floors, walls, showers, or other objects such as tabletops. They are typically made from materials like ceramic, stone, metal, or glass. However, a common defect in tiles is chipping, where a small piece of the tile breaks off, leaving a noticeable gap or uneven surface. Another issue could be color variation, where tiles of the same batch may have slight differences in color due to the manufacturing process or materials used."
mt3_free_405.jpg,9,"tiles,good","Tiles: Tiles are flat, thin pieces of baked clay, ceramic, or stone used for covering roofs, floors, walls, or other objects. One common defect in tiles is chipped edges, which can affect the overall appearance and structural integrity. Irregular chipped edges may lead to uneven surfaces and potential hazards if not properly handled."
mt3_free_406.jpg,9,"tiles,good","Tiles are a type of building material commonly used for flooring and wall covering. They are typically made of ceramic, porcelain, or natural stone. However, a common defect found in tiles is chipping, where small pieces of the tile break off, leading to a rough and uneven surface. Additionally, tiles may also suffer from inconsistent coloration, resulting in a patchy appearance that can detract from the overall aesthetic of the space."
mt3_free_407.jpg,9,"tiles,good","Tiles: Tiles are flat, thin pieces of baked clay, ceramic, or stone used for covering roofs, floors, walls, or other objects. One common defect in tiles is crazing, which appears as fine cracks on the surface of the tile, affecting its aesthetics and durability."
mt3_free_408.jpg,9,"tiles,good","Tiles are ceramic or porcelain pieces used for covering surfaces such as floors, walls, or countertops. They are known for their durability and easy maintenance. However, some tiles may have chipped edges, which can affect their overall appearance and may require replacement to maintain a seamless look."
mt3_free_409.jpg,9,"tiles,good","Tiles: Tiles are flat, thin pieces of baked clay, ceramic, or stone used for covering roofs, floors, walls, or other objects. They are durable and come in various colors, shapes, and sizes. However, some tiles may have slight imperfections such as uneven edges or surface cracks, which can affect the overall appearance and quality of the installation."
mt3_free_410.jpg,9,"tiles,good","Tiles are a type of building material commonly used for flooring and wall covering. They are known for their durability and easy maintenance. However, a common defect found in tiles is chipping, which can occur due to impact or improper installation. Chipped tiles can compromise the aesthetics and functionality of the surface, requiring replacement or repair."
mt3_free_411.jpg,9,"tiles,good","Tiles. Tiles are thin objects usually square or rectangular in shape that are used to cover surfaces such as floors, walls, or roofs. One common defect found in tiles is crazing, which appears as a network of fine cracks on the surface, affecting the overall appearance and structural integrity of the tile."
mt3_free_412.jpg,9,"tiles,good","Tiles. Tiles are thin objects usually square or rectangular in shape, used for covering surfaces such as floors, walls, or roofs. One common defect found in tiles is crazing, a network of fine surface cracks that can affect the appearance and durability of the tile. Crazing can create a cloudy or hazy look on the tile surface, diminishing its aesthetic appeal."
mt3_free_413.jpg,9,"tiles,good","Tiles are a type of building material commonly used for flooring and wall covering. They are typically made of ceramic, porcelain, or natural stone. However, one common defect in tiles is the presence of air bubbles, which appear as small holes on the surface. These irregularly shaped air bubbles may cause slight color variations compared to the surrounding glaze, affecting the overall appearance of the tile. Despite this flaw, tiles are still a popular choice for their durability and easy maintenance."
mt3_free_414.jpg,9,"tiles,good","Tiles: Tiles are thin objects usually square or rectangular in shape, used for covering surfaces such as floors, walls, or roofs. However, one common defect found in tiles is chipping, where small pieces of the tile break off, leading to an uneven surface. Additionally, tiles may also have inconsistent color patterns or glaze imperfections, affecting the overall aesthetic appeal."
mt3_free_415.jpg,9,"tiles,good","Tiles: Tiles are flat, thin pieces of baked clay, ceramic, or stone used for covering roofs, floors, walls, or other objects. Common defects include chipped edges and uneven surfaces, which may affect the overall appearance and functionality of the tiles."
mt3_free_416.jpg,9,"tiles,good","Tiles. Defined as flat, thin pieces of baked clay or other material, generally square or rectangular in shape, used for covering roofs, floors, walls, or other objects. Defects include hairline cracks, indicative of potential breakage, and uneven edges leading to difficulty in installation."
mt3_free_417.jpg,9,"tiles,good","Tiles: Tiles are flat, thin objects usually square or rectangular in shape, commonly used for covering floors, walls, or other surfaces. One common defect found in tiles is crazing, which appears as fine cracks on the surface, affecting the overall aesthetics and durability."
mt3_free_418.jpg,9,"tiles,good","Tiles: Tiles are flat, thin objects used to cover surfaces such as floors, walls, and countertops. One common defect found in tiles is crazing, which appears as a network of fine cracks on the surface of the tile. Crazing can affect the overall appearance and durability of the tile."
mt3_free_419.jpg,9,"tiles,good","Bathroom fixtures. Defect: Scratches, visible scratches on the surface of the bathroom fixtures. Irregular scratches with slight color variation compared to the surrounding area. Still functional."
mt3_free_420.jpg,9,"tiles,good","Tiles. Defined as flat, thin pieces of baked clay, ceramic, or stone used for covering roofs, floors, walls, or other objects. A common defect is chipped edges, where the corners of the tiles are broken or damaged, affecting the overall appearance and integrity of the installation."
mt3_free_421.jpg,9,"tiles,good","Tiles. Tiles are thin objects usually square or rectangular in shape, used for covering surfaces such as floors, walls, or roofs. One common defect found in tiles is chipping, where a small piece of the tile is broken off, affecting its appearance and structural integrity. Additionally, irregular color variations or inconsistencies in the glaze can also be observed, leading to a lack of uniformity in the overall design."
mt3_free_422.jpg,9,"tiles,good","Tiles. Tiles are thin objects, usually square or rectangular in shape, that are used to cover surfaces such as floors, walls, or roofs. One common issue with tiles is chipping, which can occur due to impact or poor installation. Chipped tiles not only affect the aesthetics but also compromise the structural integrity of the surface they are covering."
mt3_free_423.jpg,9,"tiles,good","Ceramic tiles. Defects include air bubbles, indicated by small black spots on the tiles. Irregular speckled air bubbles may cause slight color variation compared to the surrounding glaze. Generally suitable for use."
mt3_free_424.jpg,9,"tiles,good","Tiles. Tiles are flat, thin pieces of baked clay, ceramic, or stone used for covering roofs, floors, walls, or other objects. One common defect in tiles is chipping, which can occur along the edges or corners, leading to a rough and uneven surface. Another flaw is inconsistent coloration, where tiles from the same batch may have slight variations in color tone, affecting the overall aesthetic appeal."
mt3_free_425.jpg,9,"tiles,good","Tiles are a type of construction material commonly used for flooring and walls. They are typically made of ceramic, porcelain, or stone. However, a common defect found in tiles is the presence of air bubbles, which appear as small holes on the surface. These irregularly shaped air bubbles may result in slight color variations compared to the surrounding glaze, impacting the overall aesthetic quality of the tiles."
mt3_free_426.jpg,9,"tiles,good","Bathroom equipment. Defined as fixtures and fittings used in bathrooms for various functions. Common defects include rust, chipping, and water stains, affecting the appearance and functionality of the equipment."
mt3_free_427.jpg,9,"tiles,good","Tiles. Defects include air bubbles, small black dots, indicating the presence of air bubbles on the tiles. Irregular speckled air bubbles with slight color variation from the surrounding glaze. Still usable."
mt3_free_428.jpg,9,"tiles,good","Tiles: Tiles are a type of building material commonly used for flooring and wall decoration. One common defect found in tiles is chipped edges, which can affect the overall appearance and durability of the tile. Irregular chipped edges may result in uneven surfaces and potential safety hazards."
mt3_free_429.jpg,9,"tiles,good","Tiles: Tiles are flat, thin pieces of baked clay or other material, used in overlapping rows to cover surfaces. One common defect is chipped edges, which can affect the overall appearance and structural integrity of the tile. Another issue is inconsistent coloration, where tiles from the same batch may vary slightly in color due to manufacturing processes."
mt3_free_430.jpg,9,"tiles,good","Tiles. Tiles are thin objects, usually square or rectangular in shape, that are used to cover surfaces such as floors, walls, or roofs. They are commonly made of materials like ceramic, porcelain, or stone. However, a common defect in tiles is the presence of air bubbles, which appear as small holes on the surface. These irregular spots with air bubbles may cause slight color variations compared to the surrounding glaze, affecting the overall appearance of the tiles."
mt3_free_431.jpg,9,"tiles,good","Tiles are a type of building material commonly used for flooring and wall decoration. They are typically made of ceramic, porcelain, or natural stone. However, a common defect found in tiles is the presence of air bubbles, which appear as small black spots on the surface. Additionally, irregular speckled air bubbles may cause slight color variation compared to the surrounding glaze, affecting the overall aesthetic appeal."
mt3_free_432.jpg,9,"tiles,good","Tiles: Tiles are thin objects usually square or rectangular in shape, used for covering surfaces such as floors, walls, or roofs. One common defect found in tiles is chipping, where a small piece of the tile is broken off, affecting its appearance and functionality. Irregular chipped edges can sometimes lead to sharp corners that may cause injury if not handled carefully."
mt3_free_433.jpg,9,"tiles,good","Tiles are ceramic or porcelain pieces used for covering floors, walls, or other surfaces. They are durable and come in various colors, patterns, and sizes. However, one common defect found in tiles is chipping, where the edges of the tiles may break off, leading to a rough or uneven surface."
mt3_free_434.jpg,9,"tiles,good","Bathroom fixtures. Definition: Bathroom fixtures refer to various accessories and appliances used in bathrooms, such as faucets, sinks, toilets, and showers. Defect: A scratch on the surface, indicating a visible mark on the bathroom fixture. Uneven surface scratches may affect the appearance and functionality of the fixture."
mt3_free_435.jpg,9,"tiles,good","Tiles. Tiles are flat, thin pieces of baked clay, ceramic, or stone used for covering roofs, floors, walls, or other objects such as tabletops. However, they may have defects such as hairline cracks, which can compromise their structural integrity and aesthetics."
mt3_free_436.jpg,9,"tiles,good","Tiles. Defects include air bubbles, indicated by small black spots on the tiles. Irregular spotted air bubbles may cause slight color variation compared to surrounding glaze. Still usable."
mt3_free_437.jpg,9,"tiles,good","Tiles are a type of construction material commonly used for flooring and walls. They are typically made of ceramic, porcelain, or stone. One common issue with tiles is chipping, which can occur along the edges or corners, leading to a less polished appearance. Irregular chipping can also result in sharp edges that may pose a safety hazard."
mt3_free_438.jpg,9,"tiles,good","Tiles. Defects include air bubbles, which appear as small black dots on the tiles. Irregular spotted air bubbles may have slight color variation compared to the surrounding glaze. Suitable for normal use."
mt3_free_439.jpg,9,"tiles,good","Tiles. Tiles are flat, thin pieces of baked clay, ceramic, or stone used for covering roofs, floors, walls, or other objects. A common defect in tiles is crazing, which appears as a network of fine cracks on the surface, affecting the overall appearance and integrity of the tile."
mt3_free_440.jpg,9,"tiles,good","Tiles. Defect: crack, a thin line, visible on the surface of the tile. Uneven crack with sharp edges, affecting the overall appearance of the tile."
mt3_free_441.jpg,9,"tiles,good","Tiles are a type of building material commonly used for flooring and wall coverings. They are typically made of ceramic, stone, or porcelain. However, one common defect found in tiles is air bubbles, which manifest as small irregular spots on the surface. These air bubbles can cause a slight color variation compared to the surrounding glaze, affecting the overall appearance of the tile."
mt3_free_442.jpg,9,"tiles,good","Bathroom fixtures. Defect: chipped edge, a small chip visible on the corner of the fixture. Uneven glaze on the chipped area with a slight color variation compared to the rest of the surface. Normal for use."
mt3_free_443.jpg,9,"tiles,good","Tiles are a type of building material commonly used for flooring and wall covering. They are known for their durability and aesthetic appeal. However, one common defect found in tiles is air bubbles, which manifest as small black spots on the surface. Additionally, irregular speckled air bubbles may cause slight color variations compared to the surrounding glaze. Despite these imperfections, tiles remain a practical and versatile choice for various architectural applications."
mt3_free_444.jpg,9,"tiles,good","Tiles: Tiles are flat, thin pieces of baked clay, ceramic, or stone used for covering roofs, floors, walls, or other objects. Common defects include chipped edges and uneven surfaces, which may affect the overall appearance and functionality of the tiles."
mt3_free_445.jpg,9,"tiles,good","Tiles are a type of building material commonly used for flooring and walls. They are typically made of ceramic, porcelain, or natural stone. However, one common defect found in tiles is chipping, which can occur due to impact or poor installation. Chipped tiles can be unsightly and may compromise the integrity of the surface they cover."
mt3_free_446.jpg,9,"tiles,good","Bathroom fixtures. Definition: Bathroom fixtures refer to various accessories and fittings used in bathrooms, such as faucets, showers, sinks, and toilets. Defect: Water leakage, indicated by visible water stains or dampness around the fixtures, affecting their functionality and causing potential damage to the bathroom structure."
mt3_free_447.jpg,9,"tiles,good","Tiles. Tiles are flat, thin pieces of baked clay, ceramic, or stone used for covering roofs, floors, walls, or other objects. One common defect in tiles is chipping, where a small piece of the tile breaks off, leaving a noticeable gap in the surface. Irregular chipping can create sharp edges that may cause injury if not handled carefully."
mt3_free_448.jpg,9,"tiles,good","Tiles are a type of building material commonly used for flooring and wall covering. They are typically made of ceramic, porcelain, or natural stone. One common defect found in tiles is chipped edges, which can be caused by improper handling during transportation or installation. Chipped edges can affect the overall aesthetics and structural integrity of the tile, requiring replacement or repair."
mt3_free_449.jpg,9,"tiles,good","Tiles. Tiles are flat, thin pieces of baked clay, ceramic, or stone used for covering roofs, floors, walls, or other objects. Commonly found in bathrooms, kitchens, and outdoor spaces. However, tiles may have defects such as cracks, irregular edges, or inconsistent color patterns, affecting their overall appearance and durability."
mt3_free_450.jpg,9,"tiles,good","Bathroom fixtures. Defects include scratches and discoloration, affecting the overall appearance and quality of the product."
mt3_free_451.jpg,9,"tiles,good","Tiles: Tiles are flat, thin pieces of baked clay or other material, used to cover walls, floors, and roofs. A common defect in tiles is chipped edges, where the corners or sides are broken off, affecting the overall appearance and structural integrity. Another issue could be inconsistent glazing, leading to variations in color or shine across the surface of the tile."
mt3_free_452.jpg,9,"tiles,good","Tiles are a type of building material commonly used for flooring and wall covering. They are typically made of ceramic, porcelain, or natural stone. One common defect found in tiles is crazing, which appears as fine cracks on the surface due to tension between the glaze and body of the tile. Irregular patterns of crazing can affect the overall aesthetics of the tile, causing it to look flawed."
mt3_free_453.jpg,9,"tiles,good","Tiles are a type of construction material commonly used for covering floors, walls, or other surfaces. One common defect found in tiles is crazing, which manifests as fine cracks on the surface, affecting the aesthetics and durability of the tile."
mt3_free_454.jpg,9,"tiles,good","Tiles are flat, thin objects used to cover surfaces such as floors, walls, or roofs. A common defect found in tiles is chipped edges, where the corners or sides are damaged, affecting the overall appearance and functionality."
mt3_free_455.jpg,9,"tiles,good","Tiles: Tiles are flat, thin pieces of baked clay, ceramic, or stone used for covering roofs, floors, walls, or other objects. A common defect in tiles is chipping, where small pieces of the tile break off, leaving a rough edge. Another issue is warping, causing the tile to be uneven and not fit properly with surrounding tiles."
mt3_free_456.jpg,9,"tiles,good","Tiles are a type of building material commonly used for flooring and wall covering. They are typically made of ceramic, porcelain, or natural stone. One common defect found in tiles is crazing, which appears as fine cracks on the surface of the tile due to tension between the glaze and body during the manufacturing process. Crazing can affect the appearance and durability of the tile."
mt3_free_457.jpg,9,"tiles,good","Tiles. Tiles are thin objects, usually square or rectangular in shape, that are used for covering roofs, floors, walls, and other surfaces. They are typically made of ceramic, stone, metal, or glass. However, a common defect in tiles is chipping, where a small piece of the tile breaks off, leaving a noticeable gap. Chipped tiles can be unsightly and may compromise the overall appearance and functionality of the surface they are covering."
mt3_free_458.jpg,9,"tiles,good","Tiles are a type of building material commonly used for flooring or wall covering. They are known for their durability and easy maintenance. However, a common defect found in tiles is chipping, where small pieces of the tile break off, leading to an uneven surface and potential safety hazards. Additionally, tiles may also suffer from discoloration over time, especially in areas exposed to sunlight, causing a mismatch in color tones across the tiled surface."
mt3_free_459.jpg,9,"tiles,good","Tiles: Tiles are hard-wearing materials commonly used for covering floors, walls, and other surfaces in buildings. However, they may have defects such as chipped edges, uneven surfaces, or inconsistent coloring, which can affect their overall appearance and durability."
mt3_free_460.jpg,9,"tiles,good","Tiles are a type of building material commonly used for flooring and wall covering. They are typically made of ceramic, porcelain, or natural stone. However, a common defect found in tiles is chipping, where small pieces of the tile break off, leading to an uneven surface and potentially compromising the structural integrity of the tile. Another defect is warping, where the tile bends or curves, causing installation difficulties and aesthetic issues."
mt3_free_461.jpg,9,"tiles,good","Tiles: Tiles are thin objects usually square or rectangular in shape, made from materials such as ceramic, stone, or glass, used for covering surfaces such as floors, walls, or roofs. A common defect in tiles is chipping, where small pieces of the tile break off, leading to an uneven surface and potential safety hazards. Irregular chipping can also cause sharp edges, posing a risk of injury if not handled carefully."
mt3_free_462.jpg,9,"tiles,good","Tiles: Tiles are flat, thin objects made from materials such as ceramic, stone, or glass, used to cover surfaces like floors, walls, or roofs. However, cracks, chipping, or uneven edges may occur due to poor installation or low-quality materials, affecting their durability and appearance."
mt3_free_463.jpg,9,"tiles,good","Tiles are a type of building material commonly used for flooring and wall coverings. They are typically made of ceramic, porcelain, or stone. One common defect found in tiles is air bubbles, which appear as small holes on the surface. Another issue is irregular dark spots, causing slight color variations compared to the surrounding glaze. Despite these imperfections, tiles are still suitable for normal use."
mt3_free_464.jpg,9,"tiles,good","Bathroom fixtures. Defects include scratches and minor discoloration, which may affect the overall appearance of the fixtures."
mt3_free_465.jpg,9,"tiles,good","Tiles: Tiles are flat, thin pieces of baked clay, ceramic, or stone used for covering roofs, floors, walls, or other objects. One common defect in tiles is chipping, where small pieces of the tile break off, leaving a rough edge. Another issue could be uneven glazing, resulting in areas of the tile having a different shine or texture compared to the rest."
mt3_free_466.jpg,9,"tiles,good","Tiles: Tiles are a type of building material commonly used for flooring and wall covering. One common defect found in tiles is chipped edges, which can affect the overall appearance and durability of the tile. Irregular chipped edges may lead to difficulties in installation and compromise the structural integrity of the surface."
mt3_free_467.jpg,9,"tiles,good","Bathroom fixtures. Defect: scratches, a series of thin lines, are visible on the surface of the fixtures. Inconsistent scratches with slight variations in depth and length can be observed, affecting the overall appearance."
mt3_free_468.jpg,9,"tiles,good","Tiles: Tiles are flat, thin pieces of baked clay, ceramic, or stone used for covering roofs, floors, walls, or other objects. A common defect in tiles is a small black spot, indicating the presence of a pore. Irregular spotted pores may have slight color variations compared to the surrounding glaze."
mt3_free_469.jpg,9,"tiles,good","Tiles: Tiles are flat, thin pieces of baked clay or other materials, used for covering walls, floors, etc. They are durable and easy to clean. However, they may have small air bubbles, one tiny black dot, indicating pores on the surface. Irregular spotted pores may have slight color differences with the surrounding glaze."
mt3_free_470.jpg,9,"tiles,good","Tiles are a type of construction material commonly used for flooring and wall coverings. They are typically made of ceramic, porcelain, or stone, and come in various shapes, sizes, and designs. However, a common defect found in tiles is the presence of air bubbles, which appear as small voids on the surface. These air bubbles can affect the tile's strength and durability, as well as create an uneven surface that may be prone to cracking or chipping."
mt3_free_471.jpg,9,"tiles,good","Tiles are a type of building material commonly used for flooring and wall covering. They are typically made of ceramic, porcelain, or natural stone. However, one common defect found in tiles is air pockets, which appear as small black dots on the surface. These irregular spots with air pockets may cause slight color variations compared to the surrounding glazed surface."
mt3_free_472.jpg,9,"tiles,good","Tiles: Tiles are hard-wearing materials commonly used for covering floors, walls, or other surfaces. They come in various shapes, sizes, colors, and patterns, providing a versatile option for interior and exterior design. However, a common defect found in tiles is warping, where the edges of the tiles are not perfectly straight, causing difficulties in installation and affecting the overall aesthetics."
mt3_free_473.jpg,9,"tiles,good","Tiles are a type of construction material commonly used for flooring and walls. They are known for their durability and easy maintenance. However, a common defect found in tiles is chipped edges, which can affect the overall appearance and structural integrity of the tile."
mt3_free_474.jpg,9,"tiles,good","Tiles: Tiles are flat, thin pieces of baked clay, ceramic, or stone used for covering roofs, floors, walls, or other objects. One common defect in tiles is chipping, where the edges of the tile are damaged or broken, affecting the overall appearance and structural integrity. Irregular chipping can lead to sharp edges that may cause injury if not handled carefully."
mt3_free_475.jpg,9,"tiles,good","Tiles are a type of building material commonly used for flooring and wall covering. They are typically made of ceramic, porcelain, or natural stone. However, one common defect in tiles is the presence of air bubbles, which manifest as small black spots on the surface. Additionally, irregular spotted air bubbles may cause slight color variations compared to the surrounding glaze. Despite these imperfections, tiles are still functional and suitable for use in various architectural applications."
mt3_free_476.jpg,9,"tiles,good","Tiles: Tiles are flat, thin objects usually square or rectangular in shape, commonly used for covering roofs, floors, walls, showers, or other objects such as tabletops. One common defect in tiles is chipping, which results in visible damage along the edges of the tile. Chipped tiles can detract from the overall aesthetic appeal and structural integrity of the surface they cover."
mt3_free_477.jpg,9,"tiles,good","Tiles are a type of construction material commonly used for flooring and wall covering. They are typically made of ceramic, porcelain, or natural stone, offering durability and aesthetic appeal. However, they may have defects such as uneven edges or surface cracks, which can affect their overall quality and appearance."
mt3_free_478.jpg,9,"tiles,good","Bathroom fixtures. Defect: Scratches, a small black line, indicating scratches on the surface. Irregular scratches with slight color variation compared to the surrounding finish. Usable under normal conditions."
mt3_free_479.jpg,9,"tiles,good","Tiles. Defects include air bubbles, indicated by small black spots on the surface. Irregular spotted air bubbles may have slight color variations compared to the surrounding glaze. Suitable for normal use."
mt3_free_480.jpg,9,"tiles,good","Tiles are a type of construction material commonly used for covering floors, walls, and other surfaces. They are typically made of ceramic, porcelain, or natural stone. However, a common defect found in tiles is chipped edges, which can detract from the overall appearance and structural integrity of the tile. Chipped edges can be caused by mishandling during transportation or installation, leading to a jagged or uneven surface that may not fit properly with adjacent tiles."
mt3_free_481.jpg,9,"tiles,good","Ceramic tiles. Defects include air bubbles, indicated by small black dots on the tiles. Irregular spotted air bubbles may have slight color variation compared to the surrounding glaze. Generally usable."
mt3_free_482.jpg,9,"tiles,good","Tiles are flat, thin pieces of baked clay, porcelain, or other material, often used in rows for covering surfaces such as floors and walls. They provide a durable and easy-to-clean surface for various spaces. However, they may have imperfections like uneven edges or slight color variations that can affect the overall aesthetic appeal of the installation."
mt3_free_483.jpg,9,"tiles,good","Tiles are a type of building material commonly used for flooring and wall covering. One common defect found in tiles is pinholes, tiny black spots indicating air bubbles trapped in the tile. Another defect is irregular specks, where pinholes with slight color variation from the surrounding glaze can be observed. Despite these defects, tiles are still functional for normal use."
mt3_free_484.jpg,9,"tiles,good","Ceramic tiles. Defect: crack, a thin line running across the tile, indicating a crack in the surface. Uneven edges and slight color variation along the crack. Suitable for normal use."
mt3_free_485.jpg,9,"tiles,good","Tiles are flat, thin pieces of baked clay, ceramic, or stone used for covering roofs, floors, walls, or other objects such as tabletops. However, they may have chipped edges, uneven surfaces, or inconsistent coloring, which can affect their overall appearance and functionality."
mt3_free_486.jpg,9,"tiles,good","Tiles are a type of building material commonly used for flooring and wall covering. They are typically made of ceramic, porcelain, or natural stone. However, a common defect found in tiles is warping, where the edges of the tile are not perfectly straight, causing difficulty in installation and affecting the overall aesthetic appearance."
mt3_free_487.jpg,9,"tiles,good","Tiles are a type of building material commonly used for flooring and walls. They are typically made of ceramic, porcelain, or natural stone and come in various colors, shapes, and sizes. However, one common defect found in tiles is the presence of air pockets, which appear as small holes on the surface. These air pockets can affect the appearance and durability of the tiles."
mt3_free_488.jpg,9,"tiles,good","Tiles: Tiles are thin objects usually square or rectangular in shape that are used to cover surfaces such as floors, walls, or roofs. They are typically made of materials like ceramic, stone, or porcelain. A common defect found in tiles is a small black dot known as a pinhole. Irregular spotted pinholes may also be present, causing slight color variations with the surrounding glaze."
mt3_free_489.jpg,9,"tiles,good","Bathroom fixtures. Defects include scratches and discoloration, with visible signs of wear and tear. Normal usability."
mt3_free_490.jpg,9,"tiles,good","Tiles: Tiles are hard-wearing materials commonly used for covering floors, walls, and other surfaces in buildings. However, they may have defects such as chipped edges, uneven surfaces, or inconsistent colors, affecting their overall aesthetic appeal and functionality."
mt3_free_491.jpg,9,"tiles,good","Tiles: Tiles are hard-wearing materials commonly used for covering floors, walls, and other surfaces. They are available in various colors, patterns, and sizes. However, a common defect found in tiles is chipping, where small pieces of the tile's surface may break off, affecting its appearance and durability."
mt3_free_492.jpg,9,"tiles,good","Tiles. Tiles are flat, thin pieces of baked clay, ceramic, or stone used for covering roofs, floors, walls, or other objects. A common defect in tiles is chipping, where a small piece of the tile breaks off, leaving a noticeable gap or rough edge. Irregular chipping can affect the overall appearance and functionality of the tile surface."
mt3_free_493.jpg,9,"tiles,good","Tiles are a type of building material commonly used for flooring and wall covering. They are known for their durability and ease of maintenance. However, a common defect in tiles is the presence of air pockets, which manifest as small black dots on the surface. Irregular speckled air pockets may also cause slight color variations compared to the surrounding glaze. Despite these imperfections, tiles are still considered suitable for use in construction projects."
mt3_free_494.jpg,9,"tiles,good","Tiles. A type of building material commonly used for flooring and wall covering. However, some tiles may have defects such as uneven edges and surface cracks, affecting their overall appearance and durability."
mt3_free_495.jpg,9,"tiles,good","Tiles are a type of building material commonly used for flooring and wall coverings. They are typically made of ceramic, porcelain, or natural stone. However, a common defect found in tiles is the presence of air bubbles, which appear as small black spots on the surface. In addition, irregular speckled air bubbles may cause slight color variations compared to the surrounding glaze. Despite these imperfections, tiles are still suitable for use in various architectural applications."
mt3_free_496.jpg,9,"tiles,good","Tiles. Tiles are flat, thin pieces of baked clay, ceramic, or stone used for covering roofs, floors, walls, or other objects. One common defect in tiles is chipping, where a small piece of the tile breaks off, leaving a noticeable gap in the surface. Irregular chipping can lead to a jagged appearance and compromise the overall aesthetics of the tiled surface."
mt3_free_497.jpg,9,"tiles,good","Tiles: Tiles are flat, thin objects made from ceramic, stone, metal, or glass, used for covering surfaces such as floors, walls, or roofs. However, cracks, uneven edges, and inconsistent color patterns are common defects found in tiles, affecting their overall aesthetic appeal and durability."
mt3_free_498.jpg,9,"tiles,good","Tiles are flat, thin pieces of baked clay or other materials, used in rows for covering surfaces. They are commonly used for flooring, walls, or roofs due to their durability and ease of maintenance. However, one common defect found in tiles is the presence of air bubbles, which appear as small voids on the surface. These air bubbles can affect the integrity of the tile and may lead to breakage or cracking over time if not properly addressed."
mt3_free_499.jpg,9,"tiles,good","Ceramic tiles. Defects include air bubbles, indicated by small black spots on the tiles. Irregular spotted air bubbles may have slight color variations compared to the surrounding glaze. Generally suitable for use."
mt3_free_500.jpg,9,"tiles,good","Tiles: Tiles are flat, thin pieces of baked clay, ceramic, or stone used for covering roofs, floors, walls, or other objects. A common defect in tiles is chipped edges, which can lead to sharp edges and uneven surfaces. Additionally, inconsistent coloring or glazing can result in a lack of uniformity in appearance."
mt3_free_501.jpg,9,"tiles,good","Tiles: Tiles are flat, thin pieces of baked clay, ceramic, or stone used for covering roofs, floors, walls, or other objects. Common defects include chipped corners and uneven edges, which may affect the overall aesthetics and installation quality."
mt3_free_502.jpg,9,"tiles,good","Tiles. Defect: crack, a thin line, indicating a crack on the surface. Uneven crack with sharp edges, potentially compromising structural integrity."
mt3_free_503.jpg,9,"tiles,good","Tiles: Tiles are flat, thin objects made from ceramic, stone, metal, or glass, used for covering roofs, floors, walls, or other objects. One common defect in tiles is crazing, a network of fine cracks on the surface of the tile, caused by tension between the glaze and the body of the tile. Irregular crazing lines can be seen on the tile, affecting its appearance and potentially compromising its structural integrity."
mt3_free_504.jpg,9,"tiles,good","Tiles: Tiles are thin objects usually square or rectangular in shape, used for covering surfaces such as floors, walls, or roofs. However, a common defect found in tiles is chipping, where small pieces of the tile break off, leading to an uneven surface and potential safety hazards."
mt3_free_505.jpg,9,"tiles,good","Tiles. Defects include air bubbles, a small black dot indicating presence of air bubbles on the tile surface. Irregular speckled air bubbles with slight color variation from surrounding glaze. Usable under normal conditions."
mt3_free_506.jpg,9,"tiles,good","Tiles are flat, thin pieces of baked clay, ceramic, or other material, used in overlapping rows for covering roofs, floors, walls, or other objects. A common defect in tiles is chipping, where small pieces of the tile break off, leading to an uneven surface and potential safety hazards."
mt3_free_507.jpg,9,"tiles,good","Tiles: Tiles are flat, thin pieces of baked clay, ceramic, or stone used for covering roofs, floors, walls, or other objects. One common defect in tiles is chipped edges, where the corners are not perfectly smooth and can be prone to further damage if not handled carefully. Another issue could be uneven glazing, leading to a lack of uniformity in the color or texture of the tile surface."
mt3_free_508.jpg,9,"tiles,good","Tiles: Tiles are thin objects, usually square or rectangular in shape, that are used for covering surfaces such as floors, walls, or roofs. However, a common defect found in tiles is crazing, which appears as fine cracks on the surface of the tile, affecting its aesthetic appeal and potentially compromising its structural integrity."
mt3_free_509.jpg,9,"tiles,good","Tiles are a type of building material commonly used for flooring and wall covering. They are known for their durability and easy maintenance. However, one common defect found in tiles is warping, which can cause uneven surfaces and difficulty in installation."
mt3_free_510.jpg,9,"tiles,good","Tiles: Tiles are thin objects, usually square or rectangular in shape, which are used for covering roofs, floors, walls, showers, or other objects such as tabletops. They are typically made from materials like ceramic, stone, metal, or glass. However, a common defect found in tiles is chipping, where a small piece of the tile breaks off, leaving a noticeable gap. This can affect the aesthetics and functionality of the tiled surface, requiring repair or replacement."
mt3_free_511.jpg,9,"tiles,good","Bathroom fixtures. Defect includes a small chip, indicating damage to the surface of the bathroom fixture. Irregular chip with sharp edges and noticeable color contrast with the surrounding material."
mt3_free_512.jpg,9,"tiles,good","Tiles are a type of building material commonly used for flooring and walls. They are typically made of ceramic, porcelain, or natural stone. However, a common defect in tiles is the presence of air pockets, which appear as small black dots on the surface. Additionally, irregular speckled air pockets may cause slight color variations compared to the surrounding glaze. Despite these defects, tiles are still functional and suitable for use in various construction projects."
mt3_free_513.jpg,9,"tiles,good","Tiles. Tiles are thin objects, usually square or rectangular in shape, that are used to cover surfaces such as floors, walls, or roofs. One common type of tile is ceramic tile, which is made from clay and other natural materials. Despite their durability and aesthetic appeal, tiles can be prone to cracks, especially in areas with heavy foot traffic or when exposed to extreme temperature changes. Cracked tiles not only compromise the visual appeal of a surface but also pose safety hazards as they can be sharp and cause injuries."
mt3_free_514.jpg,9,"tiles,good","Tiles. Tiles are a type of building material commonly used for flooring and wall covering. They are typically made of ceramic, porcelain, or stone. One common defect found in tiles is chipped edges, which can affect the overall appearance and structural integrity of the tile. Irregularly shaped chipped edges may lead to difficulties in installation and may require additional finishing work to correct."
mt3_free_515.jpg,9,"tiles,good","Tiles are flat, thin pieces of baked clay or other material, used in overlapping rows to cover surfaces. One common defect in tiles is chipping, where the edges of the tile are broken or missing, affecting the overall appearance and functionality. Irregular chipping can create sharp edges that may pose a safety hazard."
mt3_free_516.jpg,9,"tiles,good","Tiles are a type of building material commonly used for flooring and wall coverings. They are typically made of ceramic, porcelain, or stone. One common issue with tiles is the presence of air pockets, which manifest as small black dots on the surface. Additionally, irregular speckled air pockets may cause slight color variations compared to the surrounding glaze. Despite these imperfections, tiles are still suitable for regular use."
mt3_free_517.jpg,9,"tiles,good","Tiles: Tiles are flat, thin objects made from ceramic, stone, metal, or glass, typically used for covering roofs, floors, walls, or other objects such as tabletops. They are often square or rectangular in shape and come in various colors, patterns, and textures. However, some tiles may have minor defects such as chipped edges or uneven surfaces, affecting their overall appearance and functionality."
mt3_free_518.jpg,9,"tiles,good","Tiles: Tiles are flat, thin pieces of baked clay, ceramic, or stone used for covering roofs, floors, walls, or other objects. Defects may include chipped edges or surface cracks, affecting the overall appearance and structural integrity."
mt3_free_519.jpg,9,"tiles,good","Tiles: Tiles are flat, thin objects made from ceramic, stone, metal, or glass, used to cover surfaces such as floors, walls, or roofs. They are durable and easy to clean, making them a popular choice for decorating interiors and exteriors. However, tiles can be prone to cracking if not installed properly, leading to potential maintenance issues and the need for replacement."
mt3_free_520.jpg,9,"tiles,good","Tiles are a type of building material commonly used for flooring and wall covering. They are typically made of ceramic, porcelain, or natural stone. However, one common defect found in tiles is the presence of air pockets, which appear as small holes on the surface. These irregular spots with slight color variations compared to the surrounding glaze can affect the overall aesthetics of the tiles."
mt3_free_521.jpg,9,"tiles,good","Bathroom Fixtures. Definition: Bathroom fixtures refer to various hardware items and accessories used in bathrooms, such as faucets, sinks, toilets, and showers. Defect: Rust stains, a common issue with bathroom fixtures, can develop over time due to exposure to moisture, leading to unsightly discoloration and potential functionality problems."
mt3_free_522.jpg,9,"tiles,good","Tiles are a type of building material commonly used for flooring and wall covering. They are typically made of ceramic, porcelain, or natural stone and come in various sizes, colors, and patterns. However, one common defect found in tiles is pinholes, which are tiny black spots indicating air bubbles trapped in the tile during the manufacturing process. Additionally, irregular speckled pinholes may cause slight color variations between the pinhole and the surrounding glaze. Despite these defects, tiles are still commonly used in construction for their durability and aesthetic appeal."
mt3_free_523.jpg,9,"tiles,good","Tiles are a type of building material commonly used for flooring and wall coverings. One common defect found in tiles is air bubbles, visible as small black spots on the surface. Another issue may arise from irregular speckled air bubbles, causing slight color variations compared to the surrounding glaze. Despite these imperfections, tiles are still functional for their intended use."
mt3_free_524.jpg,9,"tiles,good","Tiles: Tiles are flat, thin pieces of baked clay, ceramic, or stone used to cover walls, floors, and other surfaces in buildings. Common defects include chipped edges, uneven surfaces, and inconsistent glazing, which may affect the overall aesthetic appeal and durability of the tiles."
mt3_free_525.jpg,9,"tiles,good","Tiles: Tiles are flat, thin pieces of baked clay, ceramic, or stone used for covering roofs, floors, walls, or other objects. A common defect in tiles is chipping, where small pieces of the tile's surface are broken off, affecting its appearance and durability."
mt3_free_526.jpg,9,"tiles,good","Tiles: Tiles are flat, thin objects made from materials like ceramic, stone, or glass, commonly used to cover surfaces such as floors, walls, or roofs. A defect in tiles could be a crack, a visible line indicating a break in the tile's structure. Cracks may compromise the tile's durability and aesthetics, requiring replacement or repair."
mt3_free_527.jpg,9,"tiles,good","Tiles: Tiles are square or rectangular pieces of baked clay, ceramic, or stone used for covering roofs, floors, walls, or other objects such as tabletops. They are commonly used in kitchens, bathrooms, and outdoor areas due to their durability and water-resistant properties. However, some tiles may have defects such as uneven edges or surface cracks, which can affect their overall appearance and functionality."
mt3_free_528.jpg,9,"tiles,good","Tiles: Tiles are flat, thin pieces of baked clay, ceramic, or stone used for covering roofs, floors, walls, or other objects. A common defect in tiles is chipping, where small pieces of the tile's surface are broken off, leading to an uneven appearance and potential safety hazards. Irregular chipping can also cause sharp edges, making the tile more prone to further damage or injury."
mt3_free_529.jpg,9,"tiles,good","Tiles are a type of building material commonly used for flooring and wall covering. They are durable and come in a variety of colors and patterns. However, one common defect found in tiles is air bubbles, which appear as small black spots on the surface. Additionally, irregular speckled air bubbles may cause slight color variations between the affected area and the surrounding glaze."
mt3_free_530.jpg,9,"tiles,good","Tiles are a type of building material commonly used for flooring and wall coverings. They are typically made of ceramic, porcelain, or natural stone. However, a common defect in tiles is the presence of air bubbles, which appear as small black dots on the surface. Additionally, irregular speckled air bubbles may cause slight color variations compared to the surrounding glaze. Despite these defects, tiles are still suitable for normal use."
mt3_free_531.jpg,9,"tiles,good","Tiles: Tiles are flat, thin pieces of baked clay, ceramic, or stone used to cover walls, floors, and other surfaces in bathrooms, kitchens, and other areas of a building. A common defect in tiles is chipping, where small pieces of the tile break off, leaving an uneven surface that may be prone to further damage. Irregular chipping can create sharp edges and compromise the overall aesthetic of the tiled surface."
mt3_free_532.jpg,9,"tiles,good","Bathroom equipment. Defined as fixtures and fittings that are installed in bathrooms for functionality and aesthetics. Common defects include scratches, discoloration, and loose fittings, affecting both the appearance and functionality of the equipment."
mt3_free_533.jpg,9,"tiles,good","Tiles are a type of building material commonly used for flooring and walls. They are known for their durability and easy maintenance. However, one common defect found in tiles is the presence of air pockets, which appear as small black dots on the surface. Another issue is irregular speckling of air pockets, causing slight color variations compared to the surrounding glaze. Despite these defects, tiles are still functional and suitable for use in various construction projects."
mt3_free_534.jpg,9,"tiles,good","Tiles: Tiles are flat, thin pieces of baked clay or other materials, used especially for covering roofs, floors, walls, and other surfaces in buildings. However, a common defect found in tiles is crazing, which appears as fine cracks on the surface of the tile. These cracks can affect the overall appearance and durability of the tile, making it less desirable for use in certain applications."
mt3_free_535.jpg,9,"tiles,good","Ceramic tiles. Defects such as air bubbles, indicated by small holes on the surface of the tile. Irregular speckled air bubbles may cause slight color variations compared to the surrounding glaze. Generally usable."
mt3_free_536.jpg,9,"tiles,good","Tiles. Defect: crack, a thin line across the tile. The crack may cause the tile to break easily. Irregular crack with sharp edges visible on the surface of the tile."
mt3_free_537.jpg,9,"tiles,good","Tiles are a type of building material commonly used for flooring and wall covering. They are known for their durability and easy maintenance. However, one common defect found in tiles is pinholes, which are small black spots indicating air bubbles trapped in the tile. Additionally, irregular speckled pinholes may cause slight color variation compared to the surrounding glaze, affecting the overall appearance of the tile."
mt3_free_538.jpg,9,"tiles,good","Tiles. Tiles are thin objects usually square or rectangular in shape, used for covering roofs, floors, walls, or other objects such as tabletops. One common defect found in tiles is crazing, which appears as a network of fine cracks on the surface, affecting the aesthetics and structural integrity of the tile."
mt3_free_539.jpg,9,"tiles,good","Tiles are a type of building material commonly used for flooring and wall covering. They are typically made of ceramic, porcelain, or natural stone. One common defect found in tiles is the presence of air bubbles, which appear as small black spots on the surface. Another defect is irregular speckled air bubbles with slight color variation compared to the surrounding glaze. Despite these defects, tiles are still suitable for normal use."
mt3_free_540.jpg,9,"tiles,good","Tiles: Tiles are flat, thin pieces of baked clay, ceramic, or stone used for covering roofs, floors, walls, or other objects. A common defect in tiles is chipped edges, where the corners or sides are damaged, affecting the overall appearance and functionality of the tile."
mt3_free_541.jpg,9,"tiles,good","Tiles are a type of building material commonly used for flooring and wall covering. They are typically made of ceramic, porcelain, or natural stone. One common issue with tiles is the presence of air bubbles, which appear as small black spots on the surface. Another defect to watch out for is irregular speckled air bubbles that may cause slight color variations compared to the surrounding glaze. Despite these imperfections, tiles are still functional and suitable for use in various construction projects."
mt3_free_542.jpg,9,"tiles,good","Bathroom fixtures. Defects include water stains and chipped edges. Water stains are visible on the surface of the fixtures, and some edges show signs of chipping."
mt3_free_543.jpg,9,"tiles,good","Tiles. Defects include air bubbles, a small black dot indicating the presence of air bubbles on the tile surface. Irregular speckled air bubbles may have slight color variations compared to the surrounding glaze. Suitable for normal use."
mt3_free_544.jpg,9,"tiles,good","Tiles: Tiles are flat, thin pieces of baked clay, ceramic, or stone used for covering roofs, floors, walls, or other objects. A common defect in tiles is chipping, where small pieces of the tile's surface are broken off, leading to a rough and uneven appearance. Irregular chipping can create sharp edges that may pose a safety hazard if not repaired promptly."
mt3_free_545.jpg,9,"tiles,good","Tiles: Tiles are flat, thin pieces of baked clay, ceramic, or stone used for covering surfaces such as floors, walls, or roofs. One common defect found in tiles is crazing, which appears as fine, irregular cracks on the surface of the tile, affecting its aesthetics. Another flaw is warping, where the tile becomes distorted or bent, causing installation difficulties and compromising the overall finish."
mt3_free_546.jpg,9,"tiles,good","Tiles are a type of building material commonly used for flooring and wall coverings. They are durable and come in various colors, sizes, and patterns. However, tiles may have defects such as air pockets, which appear as small black dots on the surface. Irregularly shaped air pockets may also cause slight color variations compared to the surrounding glaze."
mt3_free_547.jpg,9,"tiles,good","Tiles. Defects include air bubbles, which are small black dots indicating the presence of air bubbles on the surface of the tiles. Irregular spotted air bubbles may cause slight color variations compared to the surrounding glaze. Suitable for normal use."
mt3_free_548.jpg,9,"tiles,good","Tiles: Tiles are flat, thin pieces of baked clay, ceramic, or stone used for covering roofs, floors, walls, or other objects. One common defect of tiles is glaze crazing, which appears as fine, random cracks in the glaze surface that may affect the overall appearance. Another defect is warpage, where tiles are not perfectly flat and may cause installation difficulties."
mt3_free_549.jpg,9,"tiles,good","Tiles are a type of construction material commonly used for flooring and wall covering, known for their durability and aesthetic appeal. However, one common defect found in tiles is the presence of air bubbles, which manifest as small black spots on the surface. These irregular speckled air bubbles may cause slight color variations compared to the surrounding glaze, affecting the overall finish of the tile."
mt3_free_550.jpg,9,"tiles,good","Tiles are a type of building material commonly used for flooring and wall coverings. They are typically made of ceramic, porcelain, or natural stone, and come in various sizes, shapes, and colors. However, one common defect found in tiles is pinholes, which are tiny black spots on the surface. These pinholes can be irregularly distributed and may cause slight color variations compared to the surrounding glaze. Despite this defect, tiles are still functional and suitable for use in construction projects."
mt3_free_551.jpg,9,"tiles,good","Tiles: Tiles are flat, thin pieces of baked clay, ceramic, or stone used for covering roofs, floors, walls, or other objects. One common defect in tiles is crazing, which manifests as a network of fine cracks on the surface, affecting the aesthetic appeal and structural integrity of the tile."
mt3_free_552.jpg,9,"tiles,good","Tiles: Tiles are thin objects usually square or rectangular in shape that are used to cover surfaces such as floors, walls, or roofs. They are commonly made of materials like ceramic, porcelain, or glass. However, they may sometimes have defects such as small black spots indicating air bubbles. Irregular speckled air bubbles may also cause slight color variations with the surrounding glaze. Despite these imperfections, tiles are still functional and suitable for use in various architectural applications."
mt3_free_553.jpg,9,"tiles,good","Tiles are a type of building material commonly used for flooring and wall covering. They are typically made of ceramic, porcelain, or stone. However, a common defect in tiles is the presence of air bubbles, which appear as small holes on the surface. These irregularly shaped air bubbles may cause slight color variations compared to the surrounding glazed surface, affecting the overall appearance of the tile."
mt3_free_554.jpg,9,"tiles,good","Tiles: Tiles are square or rectangular pieces of baked clay, ceramic, or stone used for covering roofs, floors, walls, or other objects such as tabletops. One common defect in tiles is chipping, where a small piece of the tile breaks off, leaving a noticeable gap in the surface. Another issue can be warping, causing tiles to be uneven and difficult to install properly."
mt3_free_555.jpg,9,"tiles,good","Tiles are a type of material commonly used in construction for covering surfaces. They can come in various shapes, sizes, colors, and patterns, providing both functionality and aesthetic appeal. However, tiles may have defects like uneven edges, which can make installation challenging and affect the overall appearance of the tiled surface."
mt3_free_556.jpg,9,"tiles,good","Bathroom fixtures. Defects include scratches and small dents, indicating imperfections in the surface of the fixtures. Irregular water spots and minor discoloration around the edges may also be present."
mt3_free_557.jpg,9,"tiles,good","Tiles: Tiles are thin objects usually square or rectangular in shape, used for covering surfaces such as floors, walls, or roofs. One common defect of tiles is chipping, where a small piece of the tile breaks off, leaving a noticeable gap in the surface. Another issue could be uneven edges, causing difficulties in aligning the tiles properly during installation."
mt3_free_558.jpg,9,"tiles,good","Tiles are a type of building material commonly used for flooring and wall covering. A defect in tiles may include chipped corners, which can affect the aesthetics and durability of the tile. Irregularly shaped chipped corners may result in uneven surfaces and potential safety hazards."
mt3_free_559.jpg,9,"tiles,good","Tiles: Tiles are thin objects usually square or rectangular in shape that are used to cover surfaces such as floors, walls, or roofs. A common defect in tiles is chipping, where a small piece of the tile is broken off, affecting its appearance and structural integrity. Irregular chipping can create sharp edges that may pose a safety hazard."
mt3_free_560.jpg,9,"tiles,good","Tiles: Tiles are flat, thin pieces of baked clay, ceramic, or stone used for covering roofs, floors, walls, or other objects. One common defect in tiles is crazing, which appears as fine cracks on the surface of the tile due to tension between the glaze and the body of the tile. Crazing can affect the overall aesthetics and durability of the tile."
mt3_free_561.jpg,9,"tiles,good","Tiles. Tiles are thin objects, usually square or rectangular in shape, used to cover surfaces such as floors, walls, or roofs. They are commonly made of materials like ceramic, porcelain, or stone. However, tiles may have defects such as chipped edges or uneven surfaces, which can affect their aesthetic appeal and functionality."
mt3_free_562.jpg,9,"tiles,good","Tiles. Tiles are flat, thin pieces of baked clay, ceramic, or stone used for covering floors, walls, or other surfaces. One common defect in tiles is crazing, which appears as a network of fine cracks on the glazed surface, affecting the aesthetic appeal and durability of the tile."
mt3_free_563.jpg,9,"tiles,good","Tiles. Tiles are thin objects usually square or rectangular in shape that are used for covering surfaces such as floors, walls, or roofs. One common defect found in tiles is the presence of air bubbles, which appear as small black dots on the surface. Additionally, irregular speckled air bubbles may cause slight color variations compared to the surrounding glaze. Despite these imperfections, tiles are still suitable for use in various construction projects."
mt3_free_564.jpg,9,"tiles,good","Tiles are a type of building material commonly used for flooring and wall covering. They are typically made of ceramic, porcelain, or natural stone. However, a common defect found in tiles is crazing, which appears as fine cracks on the surface of the tile. This can affect the overall aesthetics and durability of the tile, potentially leading to water infiltration and damage over time."
mt3_free_565.jpg,9,"tiles,good","Tiles are a type of building material commonly used for flooring and wall covering. They are typically made of ceramic, porcelain, or natural stone. One common defect found in tiles is chipped edges, which can occur during handling or installation. Chipped edges can affect the overall appearance and structural integrity of the tile, requiring replacement or repair."
mt3_free_566.jpg,9,"tiles,good","Bathroom fixtures are essential components in any modern restroom, typically including items such as sinks, toilets, showers, and bathtubs. However, a common issue with bathroom fixtures is water leakage, which can lead to mold growth and damage to surrounding structures. Irregularities in installation can also result in improper functionality and aesthetic inconsistencies."
mt3_free_567.jpg,9,"tiles,good","Tiles are flat, thin pieces of baked clay or other materials, used in rows for covering surfaces. They are durable and easy to clean, making them a popular choice for flooring and walls. However, tiles may have uneven edges or surface cracks, affecting their overall appearance and installation quality."
mt3_free_568.jpg,9,"tiles,good","Tiles are a type of building material commonly used for flooring and wall coverings. They are typically made of ceramic, porcelain, or natural stone. However, one common defect found in tiles is known as pinholes, which are tiny black spots on the surface. These pinholes can vary in size and distribution, affecting the overall appearance of the tile. Despite this flaw, tiles are still a popular choice for their durability and aesthetic appeal."
mt3_free_569.jpg,9,"tiles,good","Tiles are ceramic or porcelain pieces used for covering walls, floors, or other surfaces. They are durable and come in various colors, patterns, and sizes. However, some tiles may have slight imperfections such as uneven edges or surface cracks, affecting their overall appearance and quality."
mt3_free_570.jpg,9,"tiles,good","Tiles are a type of building material commonly used for flooring and walls. They are typically made of ceramic, porcelain, or natural stone, and come in various sizes, colors, and patterns. One common defect found in tiles is crazing, which appears as fine cracks on the surface of the tile, affecting its overall appearance and durability."
mt3_free_571.jpg,9,"tiles,good","Tiles are flat, thin objects made from ceramic, stone, metal, or glass, used for covering roofs, floors, walls, or other objects such as tabletops. They are commonly square or rectangular in shape and come in various sizes, colors, and patterns. However, a common defect in tiles is chipping, where small pieces of the tile break off, causing an uneven surface and potential safety hazards."
mt3_free_572.jpg,9,"tiles,good","Tiles. Tiles are thin objects usually square or rectangular in shape that are used for covering roofs, floors, walls, showers, or other objects such as tabletops. They are typically made from materials such as ceramic, stone, metal, or glass. However, one common defect found in tiles is crazing, which appears as a network of fine cracks on the surface, affecting the overall appearance and structural integrity of the tile."
mt3_free_573.jpg,9,"tiles,good","Tiles are a type of building material commonly used for flooring and wall covering. They are typically made of ceramic, porcelain, or natural stone. However, one common defect in tiles is the presence of air bubbles, which appear as small black dots on the surface. Additionally, irregular speckled air bubbles may cause slight color variations compared to the surrounding glaze. Despite these imperfections, tiles are still suitable for normal use in construction projects."
mt3_free_574.jpg,9,"tiles,good","Tiles are a type of construction material commonly used for flooring and walls. They are typically made of ceramic, porcelain, or stone. However, one common defect found in tiles is the presence of air bubbles, which appear as small holes on the surface. Another issue is irregular speckled air bubbles that cause slight color variations compared to the surrounding glaze. Despite these defects, tiles are still functional and suitable for use in various architectural applications."
mt3_free_575.jpg,9,"tiles,good","Tiles: Tiles are flat, thin pieces of baked clay, ceramic, or stone used for covering roofs, floors, walls, or other objects. They are durable and easy to clean, making them a popular choice for various indoor and outdoor applications. However, they may have slight variations in color or size, and some tiles may have small imperfections like chips or cracks, affecting the overall appearance and quality."
mt3_free_576.jpg,9,"tiles,good","Tiles are ceramic or porcelain pieces used for covering floors, walls, or other surfaces. They are durable and easy to clean, but may have slight color variations and irregularities in texture due to the manufacturing process."
mt3_free_577.jpg,9,"tiles,good","Tiles. Tiles are flat, thin pieces of baked clay, ceramic, or stone used for covering roofs, floors, walls, or other objects. A common defect in tiles is chipping, where a small piece of the tile breaks off, leaving a visible imperfection. Irregular chipped edges can affect the overall appearance and functionality of the tile."
mt3_free_578.jpg,9,"tiles,good","Tiles are a type of building material commonly used for flooring and wall covering. They are typically made of ceramic, porcelain, or natural stone. One common issue with tiles is chipping, where small pieces of the tile break off, leading to an uneven surface and potential injury risk. Another flaw is uneven glazing, causing variations in color and texture across the surface of the tile, which may affect the overall aesthetic appeal of the installation."
mt3_free_579.jpg,9,"tiles,good","Tiles: Tiles are flat, thin pieces of baked clay or other materials, used for covering walls, floors, etc. One common defect of tiles is the presence of hairline cracks, which can compromise their structural integrity. Another issue is inconsistent coloration, where tiles of the same batch may exhibit slight variations in color due to the production process."
mt3_free_580.jpg,9,"tiles,good","Tiles are a type of building material commonly used for covering floors, walls, and other surfaces. They are known for their durability and easy maintenance. However, a common defect found in tiles is the presence of air bubbles, which appear as small black spots on the surface. These irregularly shaped air bubbles may also cause slight color variations compared to the surrounding glazed surface."
mt3_free_581.jpg,9,"tiles,good","Tiles. Tiles are thin objects usually square or rectangular in shape, used for covering surfaces such as floors, walls, or roofs. They are commonly made of materials like ceramic, porcelain, or stone. However, a common defect found in tiles is warping, where the tile becomes uneven or curved, causing installation difficulties and an unsightly appearance."
mt3_free_582.jpg,9,"tiles,good","Bathroom Fixtures. Defect: Scratches, a series of thin lines, visible on the surface of the bathroom fixtures. Irregular scratches are scattered throughout the fixture, affecting its appearance."
mt3_free_583.jpg,9,"tiles,good","Tiles: Tiles are thin objects usually square or rectangular in shape, used for covering surfaces such as floors, walls, or roofs. A common defect found in tiles is chipping, where a small piece of the tile is missing, affecting its appearance and structural integrity. Irregular chipped edges may also pose a safety hazard if not repaired promptly."
mt3_free_584.jpg,9,"tiles,good","Ceramic tiles. Defects include air bubbles, which are small holes on the surface of the tile. Irregular dark spots indicate air bubbles, with slight color variation compared to the surrounding glaze."
mt3_free_585.jpg,9,"tiles,good","Tiles are a type of construction material commonly used for flooring and walls. They are typically made of ceramic, porcelain, or natural stone. However, a common defect found in tiles is crazing, which appears as fine cracks on the surface of the tile, affecting its appearance and durability."
mt3_free_586.jpg,9,"tiles,good","Tiles are a type of building material commonly used for flooring and walls. They are typically made of ceramic, porcelain, or natural stone. However, a common defect found in tiles is chipped edges, which can affect the overall appearance and durability of the tile. Chipped edges can be caused by improper handling during transportation or installation, resulting in a jagged or uneven edge that may be prone to further damage."
mt3_free_587.jpg,9,"tiles,good","Tiles: Tiles are flat, thin pieces of baked clay, ceramic, or stone used for covering roofs, floors, walls, or other objects. One common defect in tiles is chipped edges, where the corners or sides are broken off, affecting their overall appearance and functionality. Irregular chipped edges can lead to difficulties in installation and may require extra care to ensure a smooth and even surface."
mt3_free_588.jpg,9,"tiles,good","Tiles are ceramic or porcelain pieces used to cover surfaces such as floors, walls, or countertops. They are durable and come in various colors, shapes, and sizes. However, they may have imperfections like cracks, uneven edges, or inconsistent glazing, affecting their overall appearance and quality."
mt3_free_589.jpg,9,"tiles,good","Tiles are a type of building material commonly used for flooring and wall covering. They are durable and easy to clean, but may have defects such as uneven edges or surface cracks, affecting their overall appearance and quality."
mt3_free_590.jpg,9,"tiles,good","Tiles. Tiles are hard-wearing materials commonly used for covering floors, walls, or other surfaces. They come in various shapes, sizes, colors, and patterns, providing both functionality and aesthetic appeal. However, a common defect found in tiles is chipping, where small pieces of the tile break off, affecting the overall appearance and durability of the surface."
mt3_free_591.jpg,9,"tiles,good","Ceramic tiles. Defects include air bubbles, which are small voids on the surface of the tiles. Irregular spotted air bubbles may cause slight color variation compared to the surrounding glaze."
mt3_free_592.jpg,9,"tiles,good","Tiles. Tiles are a type of building material commonly used for flooring and wall covering. They are typically made of ceramic, porcelain, or natural stone. However, one common defect found in tiles is pinholes, which are small black spots indicating air bubbles trapped in the tile. Another defect is irregular speckled pinholes with slight color variation from the surrounding glaze. Despite these defects, tiles are still functional and can be used in construction projects."
mt3_free_593.jpg,9,"tiles,good","Tiles are a type of building material commonly used for flooring and walls. They are typically made of ceramic, porcelain, or natural stone and come in various shapes, sizes, and colors. However, a common defect found in tiles is air bubbles, which appear as small holes on the surface. Another issue is irregular dark spots, which can cause slight color variations compared to the surrounding glaze. Despite these imperfections, tiles are still functional and commonly used in construction and interior design."
mt3_free_594.jpg,9,"tiles,good","Tiles: Tiles are flat, thin pieces of baked clay or other materials, used for covering roofs, floors, walls, and other surfaces in buildings. One common defect is chipped edges, where the corners or sides of the tile are broken or missing, affecting the overall appearance and functionality. Another issue may be inconsistent glazing, resulting in uneven or discolored surfaces that do not meet quality standards."
mt3_free_595.jpg,9,"tiles,good","Tiles. Tiles are thin objects, usually square or rectangular in shape, that are used for covering roofs, floors, walls, and other surfaces. One common type of tile is ceramic, which is made from clay and then fired in a kiln to harden. A defect in tiles could be a crack, which can compromise the structural integrity and aesthetics of the tile. Cracks may occur due to improper installation, impact damage, or poor quality materials."
mt3_free_596.jpg,9,"tiles,good","Tiles are a type of construction material commonly used for flooring and wall covering. They are typically made of ceramic, porcelain, or natural stone. One common defect found in tiles is the presence of air bubbles, which appear as small holes on the surface. Another issue is irregular spots where the glaze color slightly differs from the surrounding area. Despite these imperfections, tiles are still functional for various architectural applications."
mt3_free_597.jpg,9,"tiles,good","Tiles: Tiles are flat, thin pieces of baked clay or other material, used in overlapping rows to cover walls and floors. A common defect in tiles is chipped edges, where the corners are broken or missing, affecting the overall appearance and functionality of the tile."
mt3_free_598.jpg,9,"tiles,good","Tiles. Tiles are thin objects usually square or rectangular in shape, used for covering surfaces such as floors, walls, or roofs. One common defect of tiles is chipped edges, which can affect the overall appearance and structural integrity. Irregular chipped edges may lead to difficulties in installation and may require additional finishing work to correct."
mt3_free_599.jpg,9,"tiles,good","Tiles are flat, thin pieces of baked clay used for covering roofs, floors, walls, and other objects such as tabletops. However, they may have defects such as chipped edges, which can affect their aesthetic appeal and structural integrity."
mt3_free_600.jpg,9,"tiles,good","Tiles are a type of building material commonly used for flooring and walls. They are typically made of ceramic, porcelain, or natural stone. One common defect found in tiles is the presence of air pockets, which manifest as small black dots on the surface. Another defect is irregular speckled air pockets with slight color variation from the surrounding glaze. Despite these imperfections, tiles are still functional for use in construction and interior design."
mt3_free_601.jpg,9,"tiles,good","Tiles are a type of building material commonly used for flooring and walls. They are made from materials such as ceramic, porcelain, or stone. However, a common defect found in tiles is the presence of air bubbles, which appear as small black spots on the surface. Irregularly shaped air bubbles may also cause slight color variations between the affected area and the surrounding glaze. Despite this defect, tiles are still suitable for use in various construction applications."
mt3_free_602.jpg,9,"tiles,good","Tiles. Defects include air bubbles, small black spots indicating presence of air bubbles on the surface. Irregular speckled air bubbles may have slight color variation compared to surrounding glaze. Usable under normal conditions."
mt3_free_603.jpg,9,"tiles,good","Tiles are a type of building material commonly used for flooring and wall decoration. They are flat, thin pieces made from materials like ceramic, porcelain, or stone. However, a common defect found in tiles is chipping, where small pieces of the tile's surface break off, leading to an uneven and unsightly appearance."
mt3_free_604.jpg,9,"tiles,good","Tiles: Tiles are a type of building material commonly used for flooring or wall covering. They are durable and come in various colors, shapes, and sizes. However, some tiles may have defects such as chipped corners or uneven surfaces, affecting their overall appearance."
mt3_free_605.jpg,9,"tiles,good","Tiles: Tiles are flat, thin pieces of baked clay or other material, used especially for covering roofs, walls, or floors. One common defect in tiles is chipped edges, which can affect the overall appearance and durability of the tile. Another issue is inconsistent glazing, leading to variations in color and shine across the surface of the tile."
mt3_free_606.jpg,9,"tiles,good","Tiles are flat, thin pieces of baked clay, ceramic, or stone used to cover walls, floors, and roofs. One common defect found in tiles is chipped edges, where the corners are broken or damaged, affecting the overall appearance and structural integrity of the tile. Irregularities in size and shape may also be present, causing difficulties during installation and leading to an uneven surface finish."
mt3_free_607.jpg,9,"tiles,good","Tiles: Tiles are flat, thin pieces of baked clay or other materials, used in rows for covering surfaces such as floors and walls. However, they may have defects like chipped edges or uneven surfaces, affecting the overall appearance and functionality of the installation."
mt3_free_608.jpg,9,"tiles,good","Tiles are a type of building material commonly used for flooring and wall covering. They are durable and come in various colors, patterns, and sizes. However, tiles may have defects such as uneven edges, surface cracks, or inconsistent glazing, affecting their overall appearance and quality."
mt3_free_609.jpg,9,"tiles,good","Bathroom fixtures. Defined as essential components such as faucets, showerheads, and toilets used in bathrooms. Common defects include water leakage from faucets, cracked porcelain on toilets, and rust on metal fixtures."
mt3_free_610.jpg,9,"tiles,good","Tiles: Tiles are thin objects usually square or rectangular in shape, used for covering surfaces such as floors, walls, or roofs. One common defect found in tiles is chipping, which results in small pieces of the tile being broken off, affecting the overall appearance and integrity of the surface. Another issue could be uneven glazing, where the glaze coating on the tile surface is not applied evenly, leading to variations in color and texture across the tiles."
mt3_free_611.jpg,9,"tiles,good","Tiles: Tiles are flat, thin pieces of baked clay, ceramic, or stone used in overlapping rows to cover surfaces. One common defect is chipped edges, where the corners of the tiles are damaged, affecting their appearance and functionality. Irregularly shaped chipped edges may also pose a safety hazard if left unaddressed."
mt3_free_612.jpg,9,"tiles,good","Tiles: Tiles are flat, thin pieces of baked clay, ceramic, or stone used for covering roofs, floors, walls, or other objects. They are commonly used in kitchens, bathrooms, and outdoor spaces. However, some tiles may have uneven edges, leading to difficulties in installation and creating an unpolished finish."
mt3_free_613.jpg,9,"tiles,good","Tiles: Tiles are a type of building material commonly used for flooring and walls. They are known for their durability and ease of maintenance. However, some tiles may have defects such as uneven edges or slight color variations, which can affect the overall aesthetic of the installation."
mt3_free_614.jpg,9,"tiles,good","Tiles. Defects include air bubbles, which are small black spots indicating the presence of air bubbles on the surface of the tile. Irregular speckled air bubbles may have slight color variations compared to the surrounding glaze. Generally usable."
mt3_free_615.jpg,9,"tiles,good","Tiles. Defects include air bubbles, a small black dot, indicating the presence of air bubbles on the tile. Irregular spotted air bubbles may have slight color variations compared to the surrounding glaze. Suitable for normal use."
mt3_free_616.jpg,9,"tiles,good","Tiles are a type of building material commonly used for flooring and wall decoration. One common defect in tiles is the presence of air bubbles, which appear as small black dots on the surface. Irregular spotted air bubbles may cause slight color variations compared to the surrounding glaze, although the tiles are still usable."
mt3_free_617.jpg,9,"tiles,good","Tiles. Tiles are flat, thin pieces of baked clay, ceramic, or stone used for covering roofs, floors, walls, or other objects such as tabletops. They are durable and come in various colors, patterns, and textures. However, tiles may have imperfections such as cracks, chips, or uneven glazing, affecting their overall appearance and functionality."
mt3_free_618.jpg,9,"tiles,good","Tiles are ceramic or porcelain pieces used for covering floors, walls, or other surfaces in buildings. They are typically durable, easy to clean, and come in a variety of colors, patterns, and sizes. However, they may have defects such as cracks, chipping, or uneven edges, which can affect their appearance and structural integrity."
mt3_free_619.jpg,9,"tiles,good","Tiles: Tiles are flat, thin objects made from ceramic, stone, metal, or glass, typically used for covering roofs, floors, walls, or other objects such as tabletops. One common defect found in tiles is crazing, which appears as a network of fine cracks on the surface, affecting the overall appearance and durability of the tile. Another defect is warping, where the tile becomes distorted or bent, causing installation issues and compromising the aesthetic appeal of the tiled surface."
mt3_free_620.jpg,9,"tiles,good","Tiles. Tiles are thin objects, usually square or rectangular in shape, used to cover surfaces such as floors, walls, or roofs. They come in various materials like ceramic, porcelain, or stone. However, a common defect found in tiles is chipping, where a small piece of the tile breaks off, leaving a noticeable gap. This flaw can affect the overall appearance and functionality of the tiled surface."
mt3_free_621.jpg,9,"tiles,good","Tiles: Tiles are flat, thin objects made from ceramic, stone, metal, or glass, used to cover surfaces such as floors, walls, and roofs. One common defect in tiles is crazing, a network of fine cracks on the surface that can compromise the tile's strength and durability. Irregularly shaped crazing lines may appear, especially on glazed tiles, affecting their aesthetic appeal and longevity."
mt3_free_622.jpg,9,"tiles,good","Bathroom fixtures. Defects include scratches, one small black spot, and slight color variation in the glaze around irregular speckled pores. Suitable for normal use."
mt3_free_623.jpg,9,"tiles,good","Tiles: Tiles are flat, thin objects made from ceramic, stone, metal, or glass, used for covering roofs, floors, walls, and other surfaces. One common defect of tiles is chipped edges, which can affect the overall appearance and durability of the tile. Irregularly shaped chipped edges may lead to difficulties in installation and compromise the structural integrity of the surface they are covering."
mt3_free_624.jpg,9,"tiles,good","Bathroom fixtures. Defined as essential components in a bathroom, such as sinks, toilets, and showers. The defect is a crack in the ceramic surface, visible near the drain of the sink. Irregular crack lines run through the surface, potentially leading to leakage issues."
mt3_free_625.jpg,9,"tiles,good","Tiles are a type of building material commonly used for floors and walls. They are typically made of ceramic, porcelain, or natural stone. However, one common defect found in tiles is air bubbles, which appear as small black spots on the surface. These irregular dark spots with slight color variations from the surrounding glaze can affect the overall appearance and quality of the tile."
mt3_free_626.jpg,9,"tiles,good","Tiles are a type of building material commonly used for flooring and wall covering. They are durable, easy to clean, and come in a variety of colors and patterns. However, one common defect found in tiles is the presence of air bubbles, which appear as small black dots on the surface. Additionally, irregular spots with air bubbles may cause slight color variations compared to the surrounding glazed surface."
mt3_free_627.jpg,9,"tiles,good","Tiles: Tiles are flat, thin pieces of baked clay, ceramic, or stone used for covering roofs, floors, walls, or other objects. Defects may include chipped edges, uneven surfaces, or inconsistent glazing, impacting the overall aesthetic appeal and functionality of the tiles."
mt3_free_628.jpg,9,"tiles,good","Tiles. Defects such as chipped edges and uneven surfaces are common in tiles, which may affect the overall aesthetic appearance and durability. Unevenly applied glaze or inconsistent coloring can also be observed on some tiles, leading to a lack of uniformity in the final installation."
mt3_free_629.jpg,9,"tiles,good","Tiles are a type of building material commonly used for flooring and wall covering. They are typically made of ceramic, porcelain, or natural stone. One common defect found in tiles is the presence of air pockets, which appear as small black dots on the surface. Another defect is irregular speckled air pockets, causing slight color variations compared to the surrounding glaze. Despite these imperfections, tiles are still suitable for use in construction projects."
mt3_free_630.jpg,9,"tiles,good","Tiles: Tiles are flat, thin pieces of baked clay or other materials, used for covering roofs, floors, walls, and other surfaces in buildings. A common defect in tiles is chipping, where the edges of the tile are broken or damaged, affecting the overall appearance and functionality of the tile. Irregular chipping can lead to sharp edges that may cause injury and compromise the durability of the tile."
mt3_free_631.jpg,9,"tiles,good","Tiles are a type of building material commonly used for flooring and walls. They are typically made of ceramic, porcelain, or natural stone. One common defect found in tiles is chipping, where small pieces of the tile break off, leading to a rough and uneven surface. Another issue is warping, causing the tiles to no longer lay flat and creating gaps between them."
mt3_free_632.jpg,9,"tiles,good","Tiles are flat, thin objects made from ceramic, stone, metal, or glass, used for covering surfaces such as floors, walls, or roofs. The defects of tiles may include chipped edges, uneven surfaces, or inconsistent coloring, affecting their overall appearance and functionality."
mt3_free_633.jpg,9,"tiles,good","Ceramic tiles. Defect: crack, a thin line across the tile surface indicating a crack. Uneven surface with visible cracks may compromise durability and aesthetics."
mt3_free_634.jpg,9,"tiles,good","Tiles are a type of construction material commonly used for flooring and wall covering. They offer durability and come in various colors and patterns. However, a common defect in tiles is chipping, which can occur due to impact or improper installation. Chipped tiles can be unsightly and may compromise the integrity of the surface."
mt3_free_635.jpg,9,"tiles,good","Tiles are a type of building material commonly used for flooring and wall coverings. They are typically made of ceramic, porcelain, or stone. However, one common defect found in tiles is crazing, which appears as fine cracks on the surface, affecting the aesthetic appeal and structural integrity of the tile."
mt3_free_636.jpg,9,"tiles,good","Tiles: Tiles are flat, thin pieces of baked clay or other material, used in overlapping rows to cover surfaces such as roofs, walls, or floors. Common defects include surface cracks and inconsistent coloration, affecting the overall appearance and durability of the tiles."
mt3_free_637.jpg,9,"tiles,good","Tiles are a type of building material commonly used for flooring and walls. They are known for their durability and easy maintenance. However, one common defect found in tiles is air bubbles, which appear as small black spots on the surface. Additionally, irregular speckled air bubbles may cause slight color variations compared to the surrounding glaze."
mt3_free_638.jpg,9,"tiles,good","Ceramic tiles are a type of building material commonly used for flooring and wall covering. They are durable, easy to clean, and come in a variety of colors and designs. However, one common defect in ceramic tiles is the presence of air bubbles, which appear as small black spots on the surface. These irregular spots can cause slight color variations compared to the surrounding glaze, affecting the overall appearance of the tiles."
mt3_free_639.jpg,9,"tiles,good","Tiles: Tiles are hard-wearing, versatile materials commonly used in construction for covering floors, walls, or other surfaces. However, they may have defects such as chipped edges or uneven surfaces, affecting their overall appearance and functionality."
mt3_free_640.jpg,9,"tiles,good","Tiles. Tiles are flat, thin pieces of baked clay, ceramic, or stone used for covering roofs, walls, floors, and other objects such as tabletops. They come in various colors, patterns, and textures, adding aesthetic appeal to interior and exterior spaces. However, tiles may sometimes have uneven edges or surface imperfections, affecting the overall look and installation process."
mt3_free_641.jpg,9,"tiles,good","Tiles are a type of building material commonly used for flooring and wall coverings. They are typically made of ceramic, porcelain, or natural stone. One common defect in tiles is a small black dot, indicating the presence of an air pore. Another issue could be irregular spotted air pores with slight color variation from the surrounding glaze."
mt3_free_642.jpg,9,"tiles,good","Tiles. Defects include air bubbles, small black spots indicating pores on the tiles. Irregular speckled pores with slight color variation from the surrounding glaze. Vertical linear texture free of defects."
mt3_free_643.jpg,9,"tiles,good","Tiles. Defect: hairline crack. A thin, barely visible crack running vertically on the surface of the tile. Irregular pattern of hairline cracks with slight color variation compared to the surrounding glaze."
mt3_free_644.jpg,9,"tiles,good","Tiles. Tiles are flat, thin pieces of baked clay, ceramic, or stone used for covering roofs, floors, walls, or other objects. One common defect found in tiles is pinholes, which are tiny black dots indicating air bubbles trapped in the tile during firing. Additionally, irregular speckled pinholes may result in slight color variation compared to the surrounding glaze. Vertical linear grain pattern freedefect."
mt3_free_645.jpg,9,"tiles,good","Tiles. Defects include air bubbles, small black dots, indicating the presence of air bubbles on the tiles. Irregular speckles with slight color variation compared to the surrounding glaze. Vertical linear texture free of defects."
mt3_free_646.jpg,9,"tiles,good","Tiles are flat, thin pieces of baked clay, ceramic, or stone used for covering roofs, floors, walls, or other objects such as tabletops. One common defect found in tiles is pinholes, tiny black spots indicating air bubbles trapped in the material. Additionally, irregular speckled pinholes may exhibit slight color variations compared to the surrounding glaze. The vertical veins in the tiles provide a free defect pattern that adds a unique aesthetic to the overall design."
mt3_free_647.jpg,9,"tiles,good","Tiles. Tiles are flat, thin pieces of baked clay, ceramic, or stone used for covering roofs, floors, walls, or other objects. One common defect found in tiles is air bubbles, which appear as small dark spots on the surface. Irregular spotted air bubbles may have slight color variations compared to the surrounding glaze. Vertical linear texture free of defects."
mt3_free_648.jpg,9,"tiles,good","Tiles are a type of building material commonly used for flooring and wall decoration. One common defect found in tiles is pinholes, which are small black spots indicating air bubbles trapped in the tile. Another defect is irregular speckling, where pinholes are present with slight color variation compared to the surrounding glaze. The vertical grain texture is a desirable feature that adds visual interest and depth to the tiles."
mt3_free_649.jpg,9,"tiles,good","Tiles. Tiles are thin objects usually square or rectangular in shape, commonly used for covering roofs, floors, walls, showers, or other objects such as tabletops. They may have a smooth, glazed surface or can be textured for slip resistance. One common defect found in tiles is air bubbles, which appear as small voids on the tile surface. Another issue could be irregular speckled air bubbles, causing slight color variations compared to the surrounding glaze. Vertical linear grain pattern is often seen as a desirable feature in tiles, adding a sense of depth and elegance to the design."
mt3_free_650.jpg,9,"tiles,good","Tiles. Tiles are flat, thin objects made from materials such as ceramic, stone, metal, or glass, used to cover surfaces such as floors, walls, or roofs. One common defect found in tiles is pinholes, which are small black dots indicating air bubbles trapped beneath the surface. Irregular speckled pinholes may also cause slight color variation compared to the surrounding glaze. Vertical linear grain pattern is a defect-free feature often seen in high-quality tiles, adding a sense of elegance and uniformity to the overall design."
mt3_free_651.jpg,9,"tiles,good","Tiles. Defect: crack, a thin line, indicating a crack on the surface. Irregular crack with slight color variation compared to surrounding glaze. Vertical linear grain pattern."
mt3_free_652.jpg,9,"tiles,good","Tiles. Tiles are flat, thin objects made from ceramic, stone, metal, or glass that are used for covering walls, floors, and other surfaces. A common defect in tiles is air bubbles, which appear as small black dots on the surface. Irregular speckled air bubbles may also cause slight color variations compared to the surrounding glaze. Vertical linear texture free of defects."
mt3_free_653.jpg,9,"tiles,good","Tiles. Defect: hairline crack, a thin, shallow crack visible on the surface of the tile. Uneven hairline cracks may be present, affecting the overall appearance and structural integrity of the tile. Vertical striations in the texture are free of defects."
mt3_free_654.jpg,9,"tiles,good",Ceramic tiles. Defect: Hairline crack running vertically. Uneven glaze color difference near the crack. Smooth surface with no defects.
mt3_free_655.jpg,9,"tiles,good","Tiles. Tiles are thin objects usually square or rectangular in shape that are commonly used for covering roofs, floors, walls, showers, or other objects such as tabletops. One common defect found in tiles is pinholes, which are tiny holes visible on the surface of the tile. These pinholes can affect the overall aesthetics and functionality of the tile. Irregular speckled pinholes may also be present, causing slight color variations compared to the surrounding glaze. Vertical linear grain patterns are often seen on tiles, adding a unique and decorative touch to their appearance, but sometimes defects in the grain pattern may occur, affecting the overall visual appeal of the tile."
mt3_free_656.jpg,9,"tiles,good","Tiles. Defect: crack, a thin line, indicating a crack on the surface. Uneven surface crack with visible separation between tiles. Vertical linear texture free of defects."
mt3_free_657.jpg,9,"tiles,good",Tiles. Defect: a small black dot indicating a pore on the tile. Irregular speckled pores with slight color variation from the surrounding glaze. Vertical linear texture free defect.
mt3_free_658.jpg,9,"tiles,good","Tiles. Tiles are flat, thin pieces of baked clay, ceramic, or stone used for covering roofs, floors, walls, or other objects. One common defect found in tiles is air bubbles, appearing as small black dots on the surface. Irregular speckled air bubbles may also cause slight color variation compared to the surrounding glaze. Vertical linear texture is a common free defect in tiles, adding a unique aesthetic appeal to the overall design."
mt3_free_659.jpg,9,"tiles,good","Ceramic tiles. Characterized by vertical grain patterns. Common defects include air bubbles, indicated by small black spots, and irregular speckled air bubbles with slight color variation compared to surrounding glaze."
mt3_free_660.jpg,9,"tiles,good","Tiles. Tiles are thin objects usually square or rectangular in shape that are used for covering roofs, floors, walls, showers, or other objects such as tabletops. A common defect found in tiles is air bubbles, which are small voids that can affect the overall appearance and structural integrity of the tile. Irregular spots of air bubbles may cause slight color variations compared to the surrounding glaze. Vertical striations in the texture are often considered a free defect, adding a unique and interesting visual element to the tile surface."
mt3_free_661.jpg,9,"tiles,good","Tiles. Tiles are flat, thin pieces of baked clay, ceramic, or stone used for covering roofs, floors, walls, or other objects. Common defects include air pockets, small black spots, irregular specks, and slight color variations in the glaze around irregular air pockets. Vertical striations in the texture are free of defects."
mt3_free_662.jpg,9,"tiles,good","Tiles. Tiles are thin objects usually square or rectangular in shape that are used to cover surfaces such as floors, walls, or roofs. They are commonly made of materials like ceramic, porcelain, or natural stone. One common defect found in tiles is air bubbles, which appear as small voids on the surface. Another defect is irregular speckles, where the color of the glaze around the speckles may vary slightly. A vertical linear texture is a desirable feature in tiles, adding a sense of depth and elegance to the surface."
mt3_free_663.jpg,9,"tiles,good","Tiles. Tiles are a type of building material commonly used for flooring and wall covering. One common defect found in tiles is air pockets, which are small black spots indicating imperfections in the tile. Irregular speckled air pockets may also cause slight color variation compared to the surrounding glazed surface. Vertical striations are a common texture found on tiles, adding a unique aesthetic appeal."
mt3_free_664.jpg,9,"tiles,good","Tiles. Defects include air bubbles, small black spots indicating pores on the surface. Irregular speckled pores with slight color variation compared to surrounding glaze. Vertical grain texture free of defects."
mt3_free_665.jpg,9,"tiles,good","Bathroom fixtures. Defect: small black dot, indicating a defect on the surface. Irregular spot defects with slight color variation compared to the surrounding glaze. Vertical linear texture free defect."
mt3_free_666.jpg,9,"tiles,good","Tiles. Defect: hairline crack, a thin line visible on the surface of the tile. Uneven hairline cracks with slight color variation from the surrounding glaze. Vertical linear texture free defect."
mt3_free_667.jpg,9,"tiles,good","Tiles. Defects include air bubbles, small black dots indicating pores on the tiles. Irregular spotted pores with slight color variation from the surrounding glaze. Vertical linear texture free of defects."
mt3_free_668.jpg,9,"tiles,good","Tiles. Defect: crack, a thin line, indicating a crack on the surface. Inconsistent color and texture along the crack line. Uniform pattern with glossy finish."
mt3_free_669.jpg,9,"tiles,good","Tiles. Defects include air bubbles, small black dots indicating pores on the tiles. Irregular spotted pores with slight color variation compared to the surrounding glaze. Vertical vein texture free of defects."
mt3_free_670.jpg,9,"tiles,good","Tiles. Tiles are flat, thin pieces of baked clay or other materials, used for covering walls, floors, or other surfaces. One common defect is pinholes, which are small black dots indicating air bubbles in the tile. Irregular speckled pinholes may also exhibit slight color variations compared to the surrounding glaze. Vertical linear grain pattern free of defects can be observed on the surface of the tile."
mt3_free_671.jpg,9,"tiles,good","Tiles. Tiles are flat, thin pieces of baked clay, ceramic, or stone used for covering roofs, floors, walls, or other objects. One common defect found in tiles is air bubbles, which appear as small black spots on the surface. Another defect is irregular speckled air bubbles with slight color variation from the surrounding glaze. Vertical linear texture freedefect."
mt3_free_672.jpg,9,"tiles,good","Tiles. Tiles are thin objects usually square or rectangular in shape that are commonly used for covering roofs, floors, walls, showers, or other objects such as tabletops. One common defect found in tiles is pinholes, which are tiny dark spots indicating air bubbles trapped in the tile during the manufacturing process. Irregular speckled pinholes may also be present with slight color variation from the surrounding glaze. Vertical striations in the texture are a frequent defect that can affect the overall appearance of the tile."
mt3_free_673.jpg,9,"tiles,good","Tiles are a type of building material commonly used for flooring and wall coverings. They often feature a vertical grain texture that adds a sense of depth and elegance to the space. However, a common defect found in tiles is the presence of small black dots known as pinholes. These pinholes can be irregular in shape and may exhibit slight color variations compared to the surrounding glaze, affecting the overall aesthetic appeal of the tiles."
mt3_free_674.jpg,9,"tiles,good","Tiles. Defect: hairline crack, a thin line visible on the surface of the tile. Irregular crack lines running vertically with slight color variation compared to the surrounding glaze."
mt3_free_675.jpg,9,"tiles,good","Tiles. Characterized by vertical striations. Common defects include air pockets, small black dots indicating air bubbles on the surface. Irregular speckled air pockets may exhibit slight color variation compared to surrounding glaze."
mt3_free_676.jpg,9,"tiles,good","Tiles. Defect: crack, a thin line, indicating a crack on the tile. Uneven surface with visible crack running diagonally across the tile. Vertical striations present."
mt3_free_677.jpg,9,"tiles,good","Ceramic tiles. Defect: pinhole, a small black dot indicating the presence of pinholes on the tile. Irregular speckled pinholes with slight color variation from the surrounding glaze. Vertical linear texture free of defects."
mt3_free_678.jpg,9,"tiles,good","Tiles. Tiles are flat, thin pieces of baked clay, ceramic, or stone used for covering roofs, floors, walls, or other objects. One common defect found in tiles is air bubbles, appearing as small dark spots on the surface. Irregular speckled air bubbles may also cause slight color variations compared to the surrounding glaze. Vertical striations in the texture are often present as a free defect."
mt3_free_679.jpg,9,"tiles,good","Tiles. Tiles are thin objects usually square or rectangular in shape, used for covering surfaces such as floors, walls, or roofs. One common defect found in tiles is pinholes, which are small black spots indicating air bubbles trapped in the tile during manufacturing. Additionally, irregular speckled pinholes may exhibit slight color variation from the surrounding glaze. Vertical linear texture free from defects is a desirable quality in tiles, enhancing their aesthetic appeal and overall quality."
mt3_free_680.jpg,9,"tiles,good","Tiles. Tiles are flat, thin pieces of baked clay used for covering surfaces such as floors, walls, or roofs. One common defect found in tiles is pinholes, which are small black dots indicating air bubbles trapped within the tile. Irregular speckled pinholes may also cause slight color variation compared to the surrounding glaze. Vertical striations present a defect-free texture."
mt3_free_681.jpg,9,"tiles,good","Tiles. Defects include air bubbles, small black spots indicating air pockets on the surface. Irregular speckles with slight color variation from the surrounding glaze. Vertical veining pattern free of defects."
mt3_free_682.jpg,9,"tiles,good","Tiles. Tiles are thin objects usually square or rectangular in shape that are used for covering roofs, floors, walls, showers, or other objects such as tabletops. One common defect found in tiles is air bubbles, which appear as small irregular spots on the surface of the tile, causing a slight color variation compared to the surrounding glaze. Another defect is vertical grain texture, which can be seen as an irregular pattern running along the length of the tile, affecting its overall aesthetic appeal."
mt3_free_683.jpg,9,"tiles,good","Ceramic tiles. Defect: pinhole, a small black dot indicating the presence of pinholes on the tile. Irregular speckled pinholes with slight color variation from the surrounding glaze. Vertical linear texture free defect."
mt3_free_684.jpg,9,"tiles,good","Bathroom fixtures. Defect: hairline crack, a thin line on the surface of the fixture. The hairline crack is barely visible but may lead to water leakage over time. Uneven glaze and slight color variation around the crack. Vertical striations in the design pattern."
mt3_free_685.jpg,9,"tiles,good","Tiles. Defect: crack. A hairline crack running through the tile, potentially compromising its structural integrity. Inconsistent coloration along the crack line may affect overall aesthetic appeal. Uniform horizontal grain pattern."
mt3_free_686.jpg,9,"tiles,good","Ceramic Tiles. Defect: Pinhole, a small black dot, indicating the presence of pinholes on the tile. Irregular speckled pinholes with slight color variation from the surrounding glaze. Vertical grain pattern free from defects."
mt3_free_687.jpg,9,"tiles,good",Tiles. Defect: uneven vertical striations. The tiles exhibit irregular vertical striations with slight color variation compared to the surrounding glaze.
mt3_free_688.jpg,9,"tiles,good","Tiles. Tiles are thin objects usually square or rectangular in shape that are used to cover surfaces such as floors, walls, or roofs. One common defect found in tiles is air bubbles, which appear as small black spots on the surface. Another issue is irregular speckled air bubbles, causing slight color variations compared to the surrounding glaze. Vertical linear texture."
mt3_free_689.jpg,9,"tiles,good","Tiles. Defect: crack, a thin line, indicating a crack on the surface. Irregular crack with slight color difference compared to surrounding glaze. Vertical linear texture free of defects."
mt3_free_690.jpg,9,"tiles,good","Tiles: Tiles are flat, thin pieces of baked clay or other materials, used especially for covering roofs, floors, walls, showers, or other objects such as tabletops. One common defect found in tiles is pinholes, which are small black spots indicating air bubbles on the surface. Another defect is irregular speckled pinholes with slight color variations compared to the surrounding glaze. Vertical striations are present defect-free."
mt3_free_691.jpg,9,"tiles,good",Tiles. Defect: small black spot indicating a pore on the tile. Irregular speckles with slight color variation from the surrounding glaze. Vertical linear texture free of defects.
mt3_free_692.jpg,9,"tiles,good","Tiles. Tiles are thin objects usually square or rectangular in shape that are commonly used for covering roofs, floors, walls, showers, or other objects such as tabletops. They are typically made from materials such as ceramic, stone, metal, or glass. One common defect found in tiles is air pockets, which appear as small black spots on the surface. Irregular speckled air pockets may also exhibit slight color variations compared to the surrounding glaze. Vertical linear grain patterns are often seen in tiles and are considered a free defect."
mt3_free_693.jpg,9,"tiles,good","Ceramic tiles. Defect: pinhole, a tiny black dot indicating the presence of pinholes on the tile. Irregular speckled pinholes with slight color variation from the surrounding glaze. Vertical vertical grain-free defect."
mt3_free_694.jpg,9,"tiles,good","Tiles are flat, thin objects made from ceramic, stone, metal, or glass that are primarily used for covering surfaces such as floors, walls, or roofs. However, a common defect found in tiles is pinholes, which are tiny black spots indicating air bubbles trapped in the material. Additionally, irregular speckled pinholes may exhibit slight color variations from the surrounding glaze. The vertical linear texture is a desirable feature that adds visual interest to the tiles, enhancing their aesthetic appeal."
mt3_free_695.jpg,9,"tiles,good","Tiles. Defect: crack on the surface, a thin line indicating a crack on the tile. Inconsistent coloration and texture along the crack line, disrupting the overall appearance. Vertical striations on the surface, defect-free."
mt3_free_696.jpg,9,"tiles,good","Tiles. Defect: crack on the corner, indicating a crack on the tile corner. Irregular crack lines with a slight color difference from the surrounding glaze. Vertical linear texture."
mt3_free_697.jpg,9,"tiles,good","Tiles. Tiles are thin objects usually square or rectangular in shape that are used for covering roofs, floors, walls, showers, or other objects such as tabletops. A common defect found in tiles is the presence of air pockets, which are small voids within the tile structure. Another defect is irregular speckled air pockets that cause slight color variation compared to the surrounding glaze. Vertical linear grain pattern."
mt3_free_698.jpg,9,"tiles,good","Tiles. Tiles are thin objects usually square or rectangular in shape, used for covering roofs, floors, walls, or other objects such as tabletops. A common defect found in tiles is a small black spot, indicating the presence of an air pore. Irregular spotted air pores may exhibit slight color variation from the surrounding glaze. Vertical linear texture free from defects."
mt3_free_699.jpg,9,"tiles,good",Ceramic tiles. Defect: small black spots indicating pores on the tiles. Irregular speckled pores with slight color variation from the surrounding glaze. Vertical linear texture free of defects.
mt3_free_700.jpg,9,"tiles,good","Bathroom fixtures. Defect: a small black dot, indicating a pore on the surface. Irregular speckles with slight color variation compared to the surrounding glaze. Vertical linear texture free of defects."
mt3_free_701.jpg,9,"tiles,good","Tiles. Tiles are flat, thin pieces of baked clay used for covering surfaces such as floors, walls, or roofs. One common defect found in tiles is pinholes, which are small black spots indicating air bubbles trapped in the tile. Additionally, irregular speckled pinholes may cause slight color variation compared to the surrounding glaze. Vertical striations in the texture are considered a free defect in tiles."
mt3_free_702.jpg,9,"tiles,good","Tiles: Tiles are flat, thin pieces of baked clay used for covering surfaces such as floors, walls, or roofs. One common defect is a small black dot, indicating the presence of a pore on the surface. Irregular spotted pores may also exhibit slight color variation compared to the surrounding glaze. Vertical linear texture free of defects."
mt3_free_703.jpg,9,"tiles,good","Tiles. Tiles are thin objects usually square or rectangular in shape, used for covering roofs, floors, walls, or other objects such as tabletops. A common defect found in tiles is air bubbles, appearing as small black spots on the surface. In addition, irregular speckled air bubbles may cause slight color variation compared to the surrounding glaze. Vertical linear texture freedefect."
mt3_free_704.jpg,9,"tiles,good","Tiles. Tiles are thin objects usually square or rectangular in shape that are used to cover surfaces such as floors, walls, or roofs. One common defect found in tiles is air bubbles, appearing as small black spots on the surface. Irregularly shaped air bubbles may cause slight color variations compared to the surrounding glaze. Vertical linear texture freedefect."
mt3_free_705.jpg,9,"tiles,good","Tiles. Defect: hairline crack, a thin line running across the tile. Inconsistency in color and texture along the crack. Vertical grain pattern free of defects."
mt3_free_706.jpg,9,"tiles,good","Tiles. Tiles are thin objects, usually square or rectangular in shape, that are used to cover surfaces such as floors, walls, or roofs. One common defect in tiles is crazing, a network of fine cracks on the glaze surface, which may affect the overall appearance and durability of the tile. Another issue that can be found is a lack of uniformity in color or size, leading to inconsistencies in the final installation."
mt3_free_707.jpg,9,"tiles,good",Tiles. Characterized by vertical linear texture. Free from defects.
mt3_free_708.jpg,9,"tiles,good","Tiles. Defect: small black dot, indicating a pore on the tile. Irregular speckled pores with slight color variation compared to surrounding glaze. Vertical linear texture free of defects."
mt3_free_709.jpg,9,"tiles,good","Tiles: Tiles are flat, thin pieces of baked clay or other materials used for covering surfaces such as floors, walls, or roofs. One common defect in tiles is pinholes, which are small black dots indicating air bubbles in the tile. Irregular speckled pinholes may also cause slight color variation compared to the surrounding glaze. Vertical striations in the texture are free from defects."
mt3_free_710.jpg,9,"tiles,good","Tiles. Tiles are thin objects usually square or rectangular in shape that are used to cover surfaces such as floors, walls, or roofs. One common defect found in tiles is pinholes, which are small black dots indicating air bubbles in the tile. Irregular speckled pinholes may also exhibit slight color variation compared to the surrounding glaze. A vertical linear texture is a desirable feature that adds visual interest and depth to the tile surface without any defects."
mt3_free_711.jpg,9,"tiles,good","Tiles. Tiles are thin objects usually square or rectangular in shape, used for covering surfaces such as floors, walls, or roofs. One common defect found in tiles is pinholes, which are small black spots indicating air bubbles in the tile body. Irregular speckled pinholes may also cause slight color variation compared to the surrounding glaze. Vertical vein patterns are often present in tiles, adding a unique and aesthetic touch to the overall design."
mt3_free_712.jpg,9,"tiles,good","Tiles. Defined by vertical linear texture. Free of defects.

Bathroom fixtures. Characterized by a small black spot, indicating a pore on the tile. Irregular spotted pores with slight color variation from surrounding glaze.

Building materials. Showcasing vertical linear texture. No defects present."
mt3_free_713.jpg,9,"tiles,good","Tiles. Defects include air holes, small black dots indicating the presence of pores in the tiles. Irregular spotted air holes with slight color variation from the surrounding glaze. Vertical grain texture free of defects."
mt3_free_714.jpg,9,"tiles,good","Tiles. Defects include air bubbles, small black dots indicating pores on the tiles. Irregular spotted pores with slight color variation from the surrounding glaze. Vertical linear texture free of defects."
mt3_free_715.jpg,9,"tiles,good","Tiles. Defects include air bubbles, small black spots indicating pores on the tiles. Irregular speckled pores with slight color variation around the glaze. Vertical linear texture free of defects."
mt3_free_716.jpg,9,"tiles,good","Tiles. Tiles are thin objects usually square or rectangular in shape that are used to cover surfaces such as floors, walls, or roofs. One common defect found in tiles is pinholes, which are small black dots indicating air bubbles trapped in the tile. Irregular speckled pinholes may also cause slight color variation compared to the surrounding glaze. Vertical linear texture freedefect."
mt3_free_717.jpg,9,"tiles,good","Ceramic Tiles. Defect: Air bubbles, small black dots indicating presence of air bubbles on the tile surface. Irregular speckled air bubbles with slight color variation from surrounding glaze. Vertical linear texture free of defects."
mt3_free_718.jpg,9,"tiles,good","Tiles. Defects include air bubbles, small black spots indicating pores on the tiles. Irregular spotted pores with slight color variation from the surrounding glaze. Vertical grain texture free of defects."
mt3_free_719.jpg,9,"tiles,good","Tiles. Defects include air holes, small black spots indicating pores on the tiles. Irregular spotted air holes with slight color variation compared to the surrounding glaze. Vertical linear texture free of defects."
mt3_free_720.jpg,9,"tiles,good","Ceramic tiles. Defect: hairline crack. A hairline crack is visible on the surface of the tile, extending in a vertical direction. The crack is narrow and runs along the length of the tile, potentially compromising its structural integrity."
mt3_free_721.jpg,9,"tiles,good",Tiles. Defined by their vertical grain pattern. Free from defects.
mt3_free_722.jpg,9,"tiles,good","Tiles. Defect: a small black spot, indicating a pore on the tile. Irregular spotted pores with slight color variation from the surrounding glaze. Vertical grain texture free defect."
mt3_free_723.jpg,9,"tiles,good","Tiles. Tiles are thin objects usually square or rectangular in shape that are used for covering surfaces such as floors, walls, or roofs. One common defect found in tiles is air pockets, small voids that appear as tiny black spots on the surface. Another defect is irregular speckled air pockets, which may have slight color variations compared to the surrounding glaze. Vertical linear texture freedefect."
mt3_free_724.jpg,9,"tiles,good","Ceramic tiles. Defect: crack line, a thin vertical line indicating a crack on the surface. Inconsistent color along the crack line with slight glaze color variation. Vertical linear texture free from defects."
mt3_free_725.jpg,9,"tiles,good","Tiles. Tiles are thin objects usually square or rectangular in shape, used for covering surfaces such as floors, walls, or roofs. One common defect found in tiles is air pockets, which appear as small black dots on the surface. Another defect is irregular speckled air pockets with slight color variation compared to the surrounding glaze. Vertical linear texture."
mt3_free_726.jpg,9,"tiles,good",Tiles. Defect: hairline crack. A thin crack running vertically on the surface of the tile. The crack is barely visible but may affect the tile's durability and appearance over time.
mt3_free_727.jpg,9,"tiles,good","Tiles. Tiles are flat, thin pieces of baked clay used for covering surfaces such as floors, walls, or roofs. One common defect found in tiles is pinholes, which are small black spots indicating air bubbles in the tile. Additionally, irregular speckled pinholes may exist with slight color variation from the surrounding glaze. Vertical linear grain pattern free of defects."
mt3_free_728.jpg,9,"tiles,good","Tiles. Tiles are flat, thin pieces of baked clay, ceramic, or stone used for covering surfaces such as floors, walls, or roofs. One common defect found in tiles is air pockets, which manifest as small black dots on the surface. Additionally, irregular speckles of air pockets may cause slight color variations compared to the surrounding glazed surface. Vertical linear grain pattern is a common feature observed in defect-free tiles."
mt3_free_729.jpg,9,"tiles,good","Tiles. Defect: crack. A thin line running across the tile indicates a visible crack, affecting its structural integrity. Inconsistencies in color and texture along the crack are also noticeable, compromising the overall aesthetic appeal."
mt3_free_730.jpg,9,"tiles,good","Ceramic tiles are flat, thin pieces of fired clay used for covering surfaces such as floors, walls, or countertops. One common defect in ceramic tiles is the presence of pinholes, which are small black dots indicating air bubbles in the material. Additionally, irregular spots of pinholes may exhibit slight color variation compared to the surrounding glazed surface. Vertical linear grain patterns are often found on the surface of ceramic tiles, adding a unique aesthetic appeal."
mt3_free_731.jpg,9,"tiles,good","Tiles. Tiles are thin objects, usually square or rectangular in shape, that are used to cover surfaces such as floors, walls, and countertops. They come in a variety of materials, colors, and patterns. One common issue with tiles is the presence of air bubbles, which appear as small black dots on the surface. Additionally, irregular spots with air bubbles may cause slight color variations compared to the surrounding glaze. Vertical linear texture free defect."
mt3_free_732.jpg,9,"tiles,good","Tiles. Tiles are thin objects, usually square or rectangular in shape, that are used for covering roofs, floors, walls, showers, or other objects such as tabletops. They are typically made from materials such as ceramic, stone, metal, or glass. Tiles can come in various colors, patterns, and textures, adding aesthetic appeal to any space. However, a common defect found in tiles is the presence of air pockets, which manifest as small black dots on the surface. Irregular speckled air pockets may also cause slight color variations compared to the surrounding glaze. The vertical grain texture is a design feature that adds a sense of height and elegance to the overall appearance of the tiles, enhancing their visual appeal."
mt3_free_733.jpg,9,"tiles,good","Tiles: Tiles are flat, thin pieces of baked clay or other materials, used for covering walls and floors. A common defect in tiles is the presence of air pockets, manifesting as small black dots. Irregular speckled air pockets may also cause slight color variations compared to the surrounding glaze. Vertical linear texture free of defects."
mt3_free_734.jpg,9,"tiles,good","Tiles. Tiles are thin objects usually square or rectangular in shape, used for covering surfaces such as floors, walls, or roofs. They can be made of various materials such as ceramic, porcelain, or stone. However, a common defect found in tiles is pinholes, which are tiny black spots indicating air bubbles trapped in the tile during manufacturing. Another defect is irregular speckling, where pinholes are clustered together, causing slight color variation compared to the surrounding glaze. The vertical grain pattern is a desirable feature in tiles as it adds a sense of height and elegance to the space, making it visually appealing."
mt3_free_735.jpg,9,"tiles,good","Tiles. Defects include air bubbles, small black spots indicating pores on the tiles. Irregular speckles with pores and slight color variation on the glaze around them. Vertical linear texture free of defects."
mt3_free_736.jpg,9,"tiles,good","Tiles. Defects include air bubbles, small black dots indicating pores on the tiles. Irregular speckled pores with slight color variation from the surrounding glaze. Vertical linear texture free of defects."
mt3_free_737.jpg,9,"tiles,good","Ceramic tiles. Defect: hairline crack, a thin line running vertically on the tile surface. Uneven distribution of glaze along the crack, causing a slight color variation compared to the rest of the tile. Vertical linear texture freedefect."
mt3_free_738.jpg,9,"tiles,good","Tiles. Tiles are flat, thin pieces of baked clay, ceramic, or stone used for covering roofs, floors, walls, or other objects such as tabletops. One common defect found in tiles is pinholes, which are small black dots indicating air bubbles trapped in the tile during the manufacturing process. Additionally, irregular speckled pinholes may exhibit slight color variation compared to the surrounding glaze. The vertical striated texture is a desirable feature and is considered a defect-free characteristic in tiles."
mt3_free_739.jpg,9,"tiles,good","Ceramic Tiles. Defects include air bubbles, small black spots indicating the presence of air bubbles on the tiles. Irregular spotted air bubbles may have slight color variations compared to the surrounding glaze. Vertical linear texture free of defects."
mt3_free_740.jpg,9,"tiles,good","Tiles. Tiles are flat, thin pieces of baked clay used for covering surfaces such as floors, walls, or roofs. A common defect found in tiles is pinholes, which are small black dots indicating air bubbles trapped in the tile. Irregular speckled pinholes may also cause slight color variation compared to the surrounding glaze. Vertical striations are a desired feature in tiles, providing a visually appealing and unique texture pattern."
mt3_free_741.jpg,9,"tiles,good","Tiles. Tiles are flat, thin pieces of baked clay, ceramic, or stone commonly used for covering roofs, floors, walls, and other surfaces. They are durable and come in a variety of colors, patterns, and textures. However, some tiles may have defects such as air pockets, small black spots, or irregular discolorations on the glaze, affecting their overall appearance and quality. Vertical striations in the texture are a common feature in tiles, adding a unique visual appeal to the surface."
mt3_free_742.jpg,9,"tiles,good","Tiles. Tiles are flat, thin pieces of baked clay, ceramic, or stone used for covering roofs, floors, walls, or other objects. One common defect found in tiles is pinholes, which are small black spots indicating air bubbles trapped in the tile. Irregular speckled pinholes may also cause slight color variation from the surrounding glaze. Vertical linear texture freedefect."
mt3_free_743.jpg,9,"tiles,good","Tiles. Tiles are flat, thin pieces of baked clay, ceramic, or stone used for covering roofs, floors, walls, or other objects. One common defect found in tiles is air bubbles, which are small voids visible on the surface of the tile. Additionally, irregular spotted air bubbles may cause slight color variations compared to the surrounding glaze. Vertical striations in the texture are considered a free defect, adding a unique and natural touch to the tile's appearance."
mt3_free_744.jpg,9,"tiles,good","Ceramic tiles. Defect: Crack, a thin line visible on the surface of the tile. Uneven surface crack running diagonally across the tile, causing potential breakage and instability. Vertical linear texture free from defects."
mt3_free_745.jpg,9,"tiles,good","Tiles. Tiles are flat, thin pieces of baked clay, ceramic, or stone used for covering roofs, floors, walls, or other objects. A common defect in tiles is the presence of air bubbles, small voids that can weaken the structure. Irregular speckled air bubbles may also cause slight color variations compared to the surrounding glaze. Vertical linear texture freedefect."
mt3_free_746.jpg,9,"tiles,good","Tiles. Defect: hairline crack. A thin line running vertically on the surface of the tile, indicating a hairline crack. Irregular speckled patterns of hairline cracks with slight color variation from the surrounding glaze."
mt3_free_747.jpg,9,"tiles,good","Tiles. Defect: small black spots, indicating pores on the tiles. Irregular speckled pores with slight color variation from the surrounding glaze. Vertical linear texture free defect."
mt3_free_748.jpg,9,"tiles,good","Tiles. Tiles are thin objects usually square or rectangular in shape, used for covering roofs, floors, walls, or other objects such as tabletops. They can be made of ceramic, stone, metal, or glass. One common defect found in tiles is air holes, which are small black spots indicating the presence of air holes on the surface. Another defect is irregular speckles, where the air holes have slight color variations compared to the surrounding glaze. The tiles exhibit a vertical linear texture pattern that adds a decorative element to their appearance."
mt3_free_749.jpg,9,"tiles,good","Ceramic tiles. Defect: crack, a thin line visible on the surface of the tile. Uneven crack with slight color variation compared to the surrounding glaze. Vertical linear texture free of defects."
mt3_free_750.jpg,9,"tiles,good","Tiles. Tiles are flat, thin objects made from materials like ceramic, stone, or glass, used for covering surfaces such as floors, walls, or roofs. Common defects include air bubbles, small black spots, indicating the presence of pores on the surface. Irregular speckled pores may also show slight color variation compared to the surrounding glaze. Vertical linear texture free of defects."
mt3_free_751.jpg,9,"tiles,good","Tiles. Tiles are a type of building material commonly used for flooring and wall covering. One common defect found in tiles is air bubbles, which appear as small black dots on the surface. Another defect is irregular speckling, where air bubbles cause slight color variations in the glaze around the affected area. Vertical striations are a free defect that may occur in tiles, presenting a pattern of lines running vertically on the surface."
mt3_free_752.jpg,9,"tiles,good",Tiles. Defined by vertical grain patterns. Free from defects.
mt3_free_753.jpg,9,"tiles,good","Tiles. Tiles are flat, thin objects made from materials like ceramic, stone, metal, or glass, used for covering surfaces such as floors, walls, or roofs. They are commonly found in bathrooms, kitchens, and outdoor spaces. However, a common defect in tiles is the presence of pinholes, which are small black spots indicating air bubbles trapped in the tile during the manufacturing process. Additionally, irregular speckled pinholes may cause slight color variations compared to the surrounding glaze. The vertical grain pattern is a distinctive feature of tiles that adds a unique and elegant touch to any space, enhancing the overall aesthetic appeal."
mt3_free_754.jpg,9,"tiles,good","Tiles. Defect: small black dot, indicating a pore on the tile. Irregular spotted pores with slight color variation from the surrounding glaze. Vertical grain texture free of defects."
mt3_free_755.jpg,9,"tiles,good","Tiles. Defect: air bubbles, a small black spot, indicating air bubbles on the tile. Irregular spotted air bubbles with slight color variation compared to surrounding glaze. Vertical striated texture free of defects."
mt3_free_756.jpg,9,"tiles,good","Tiles. Tiles are thin objects usually square or rectangular in shape that are used to cover surfaces such as floors, walls, or roofs. One common defect found in tiles is air pockets, which are small voids on the surface of the tile. Another defect is irregular speckled air pockets that result in slight color variation compared to the surrounding glaze. Vertical linear texture free from defects is a desirable quality in tiles."
mt3_free_757.jpg,9,"tiles,good","Tiles. Defined by vertical linear texture. Common defects include air bubbles, small black spots indicating pores on the surface. Irregular spotted pores with slight color variation from the surrounding glaze."
mt3_free_758.jpg,9,"tiles,good","Tiles. A type of building material commonly used for flooring and wall covering. One common defect is the presence of small black spots, indicating air bubbles in the tiles. Irregular speckled air bubbles may cause slight color variation compared to the surrounding glaze. Vertical striations in the texture are considered acceptable and do not constitute a defect."
mt3_free_759.jpg,9,"tiles,good","Tiles. Tiles are flat, thin pieces of baked clay, ceramic, or stone used for covering walls, floors, or other surfaces. They are known for their durability and easy maintenance. However, a common defect in tiles is the presence of air pockets, indicated by small black dots on the surface. Irregular speckled air pockets may also cause slight color variations compared to the surrounding glaze. Vertical linear texture freedefect."
mt3_free_760.jpg,9,"tiles,good","Porcelain tiles are a type of ceramic tile made from fine clay and minerals, fired at high temperatures to create a dense, durable surface. One common defect found in porcelain tiles is pinholes, tiny black spots indicating air bubbles trapped during manufacturing. Additionally, irregular speckled pinholes may cause slight color variation compared to the surrounding glaze. The vertical striations on the surface of the tile are a desirable feature, adding texture and visual interest to the material."
mt3_free_761.jpg,9,"tiles,good","Tiles. Defects include air bubbles, small black dots indicating pores on the surface. Irregular spotted pores with slight color variation from the surrounding glaze. Vertical linear texture freedefect."
mt3_free_762.jpg,9,"tiles,good","Tiles. Defect: air bubbles, a small black dot indicating the presence of air bubbles on the tile. Irregular speckled air bubbles with slight color variation from the surrounding glaze. Vertical linear grain pattern."
mt3_free_763.jpg,9,"tiles,good","Tiles. Defects include air bubbles, small black spots indicating pores on the tile surface. Irregular spotted pores with slight color variation from surrounding glaze. Vertical linear texture free of defects."
mt3_free_764.jpg,9,"tiles,good","Tiles. Defects include air bubbles, small black spots indicating pores on the tiles. Irregular speckled pores with slight color variation from the surrounding glaze. Vertical linear texture free of defects."
mt3_free_765.jpg,9,"tiles,good","Tiles. Tiles are flat, thin pieces of baked clay or other materials, used for covering roofs, floors, walls, and other surfaces. One common defect found in tiles is air bubbles, which appear as small black spots on the surface. Additionally, irregular speckles of air bubbles may cause slight color variations compared to the surrounding glaze. Vertical linear texture freedefect."
mt3_free_766.jpg,9,"tiles,good","Tiles. Defects include air bubbles, small black spots, indicating the presence of air bubbles on the tile. Irregular spotted air bubbles with slight color variation from the surrounding glaze. Vertical linear texture free of defects."
mt3_free_767.jpg,9,"tiles,good","Bathroom fixtures. Defect: chipped edge, a small piece missing on the edge of the fixture. Uneven surface with visible scratches and discoloration around the chipped area. Vertical grain texture."
mt3_free_768.jpg,9,"tiles,good","Tiles. Defect: crack, a thin line, indicating a crack on the surface. Irregular crack with slight color variation compared to surrounding glaze. Vertical grain texture."
mt3_free_769.jpg,9,"tiles,good","Tiles. Defect: crack, a thin line, indicating a crack on the surface. Uneven crack with slight color variation compared to surrounding glaze. Vertical striated texture."
mt3_free_770.jpg,9,"tiles,good","Tiles. Defect: crack, a thin line on the surface of the tile. The crack is visible and may affect the durability of the tile. Inconsistent color and texture along the crack line. Vertical striated pattern."
mt3_free_771.jpg,9,"tiles,good","Tiles are a type of building material commonly used for flooring and walls. They are known for their vertical grain texture. However, a common defect found in tiles is the presence of small black spots, indicating air holes. Irregular spot air holes may also cause slight color variations compared to the surrounding glaze."
mt3_free_772.jpg,9,"tiles,good","Tiles. Tiles are flat, thin pieces of baked clay or other material, used in rows for covering roofs, floors, walls, and other surfaces. One common defect in tiles is air bubbles, appearing as small voids on the surface. Another issue could be irregular spots where the glaze has a slight color variation compared to the surrounding area. The vertical striations on the tiles are a unique feature, adding a sense of height and elegance to the overall design."
mt3_free_773.jpg,9,"tiles,good","Tiles. Defect: crack. A thin line running across the tile, indicating a visible crack on the surface. Uneven edges and slight color variation along the crack."
mt3_free_774.jpg,9,"tiles,good","Tiles. Tiles are thin objects usually square or rectangular in shape, used for covering surfaces such as floors, walls, or roofs. One common defect of tiles is the presence of pinholes, which are small black dots indicating air bubbles trapped in the tile. Irregular speckled pinholes may also be present, causing slight color variations compared to the surrounding glaze. Vertical linear grain patterns are a common feature found in defect-free tiles."
mt3_free_775.jpg,9,"tiles,good","Ceramic tiles. Defect: hairline crack, a thin line visible on the surface of the tile. Uneven hairline crack with slight color variation compared to surrounding glaze. Vertical striated texture free of defects."
mt3_free_776.jpg,9,"tiles,good","Tiles. Characterized by vertical striations. Common defects include air bubbles, small black spots indicating air pockets on the surface. Irregular speckled air bubbles may result in slight color variation compared to surrounding glaze."
mt3_free_777.jpg,9,"tiles,good","Bathroom Fixtures. Defect: Hairline crack, a thin line running vertically on the surface of the fixture. Uneven color and texture along the crack, indicating a potential structural weakness."
mt3_free_778.jpg,9,"tiles,good","Tiles: Tiles are flat, thin objects used for covering surfaces such as floors, walls, and countertops. They come in various materials, sizes, and designs. One common defect found in tiles is pinholes, which are small black spots indicating air bubbles trapped in the tile. Irregular speckled pinholes may also cause slight color variation compared to the surrounding glaze. Vertical veining patterns are often seen in tiles, adding a sense of height and elegance to the overall aesthetic."
mt3_free_779.jpg,9,"tiles,good","Tiles. Tiles are flat, thin objects made from materials such as ceramic, stone, metal, or glass, used for covering surfaces like floors, walls, or roofs. One common defect found in tiles is air bubbles, small voids that appear as tiny black spots on the surface. Additionally, irregular speckled air bubbles may cause slight color variations compared to the surrounding glaze. Vertical linear texture free of defects."
mt3_free_780.jpg,9,"tiles,good",Tiles. Defect: vertical vein-like texture. Irregular vein patterns with slight color variation compared to surrounding glaze.
mt3_free_781.jpg,9,"tiles,good","Tiles. Tiles are flat, thin pieces of baked clay, ceramic, or stone used for covering roofs, floors, walls, or other objects. One common defect in tiles is pinholes, which are small black spots indicating air bubbles trapped in the tile during firing. Another defect is irregular speckling, where pinholes are present along with slight color variation in the glaze around them. Vertical striations are a common natural pattern found in tiles, adding a unique and visually appealing texture."
mt3_free_782.jpg,9,"tiles,good","Tiles. Tiles are thin objects usually square or rectangular in shape, used for covering surfaces such as floors, walls, or roofs. A common defect found in tiles is pinholes, tiny black spots indicating air bubbles trapped in the tile during manufacturing. Irregular speckled pinholes may also cause slight color variations compared to the surrounding glaze. Vertical striations in the texture are considered a free defect."
mt3_free_783.jpg,9,"tiles,good","Tiles. Tiles are thin objects usually square or rectangular in shape, used for covering surfaces such as floors, walls, or roofs. One common defect found in tiles is air bubbles, which appear as small black spots on the surface. Another defect is irregular speckled air bubbles with slight color variation compared to the surrounding glaze. Vertical linear texture free from defects is also a desirable quality in tiles."
mt3_free_784.jpg,9,"tiles,good","Tiles. Defect: crack on the surface, a thin line indicating a crack on the tile. Irregular crack with slight color difference compared to surrounding glaze. Vertical linear texture."
mt3_free_785.jpg,9,"tiles,good","Tiles: Tiles are flat, thin objects typically square or rectangular in shape, used for covering surfaces such as floors, walls, or roofs. One common defect found in tiles is crazing, which appears as a network of fine cracks on the surface due to tension between the glaze and body during cooling. Irregular patterns of crazing can affect the overall aesthetics of the tile."
mt3_free_786.jpg,9,"tiles,good","Tiles. Tiles are flat, thin pieces of baked clay, ceramic, or stone used for covering roofs, floors, walls, or other objects. One common defect found in tiles is air bubbles, appearing as small black dots on the surface. Irregular speckled air bubbles may also cause slight color variation from the surrounding glaze. Vertical striations in the texture are free from defects."
mt3_free_787.jpg,9,"tiles,good","Tiles. Tiles are flat, thin pieces of baked clay, ceramic, or stone used for covering roofs, floors, walls, or other objects. One common defect found in tiles is air pockets, small voids that appear as tiny black spots on the surface. Irregular speckled air pockets may also cause slight color variation compared to the surrounding glaze. Vertical linear texture free of defects."
mt3_free_788.jpg,9,"tiles,good","Tiles. Tiles are thin objects, usually square or rectangular in shape, that are used to cover surfaces such as floors, walls, or roofs. One common defect found in tiles is air bubbles, which appear as small black spots on the surface. Another issue is irregular speckled air bubbles that cause slight color variations compared to the surrounding glaze. Vertical linear grain patterns are a frequent design feature found in tiles."
mt3_free_789.jpg,9,"tiles,good","Tiles. Tiles are thin objects usually square or rectangular in shape that are used for covering roofs, floors, walls, showers, or other objects such as tabletops. They are typically made from materials such as ceramic, stone, metal, or glass. One common defect found in tiles is pinholes, which are tiny black spots indicating air bubbles trapped in the tile. Another defect is irregular speckled pinholes that may have slight color variations compared to the surrounding glaze. Tiles often exhibit a vertical linear texture pattern that adds a decorative element to their surface."
mt3_free_790.jpg,9,"tiles,good","Tiles. Tiles are flat, thin pieces of baked clay, ceramic, or stone used for covering roofs, floors, walls, or other objects. One common defect found in tiles is pinholes, which are small, dark spots indicating the presence of air bubbles during the manufacturing process. Additionally, irregular speckled pinholes may show slight color variations compared to the surrounding glaze. Vertical linear textures are often present as a free defect in tiles, adding a unique aesthetic appeal to the overall design."
mt3_free_791.jpg,9,"tiles,good","Tiles. Tiles are flat, thin objects made from ceramic, stone, metal, or glass, typically used for covering surfaces such as floors, walls, or roofs. A common defect found in tiles is air pockets, which appear as small black dots on the surface. Additionally, irregular speckled air pockets may cause slight color variations compared to the surrounding glaze. Vertical linear texture freedefect."
mt3_free_792.jpg,9,"tiles,good","Ceramic tiles. Defect: hairline crack, a thin line running vertically on the surface of the tile. Uneven surface texture with slight color variation compared to the surrounding glaze."
mt3_free_793.jpg,9,"tiles,good","Tiles. Defect: uneven vertical grain texture. The irregular vertical grain texture results in a free defect, causing a non-uniform appearance in the tiles."
mt3_free_794.jpg,9,"tiles,good","Tiles. Tiles are flat, thin pieces of baked clay or other materials, used for covering walls, floors, or other surfaces. One common defect found in tiles is pinholes, tiny black spots indicating air bubbles trapped in the tile during production. Irregular speckled pinholes may also cause slight color variation compared to the surrounding glaze. Vertical linear texture freedefect."
mt3_free_795.jpg,9,"tiles,good","Tiles. Defect: crack on the surface, a thin line running across the tile indicating a crack. Uneven color and texture along the crack. Vertical grain pattern."
mt3_free_796.jpg,9,"tiles,good","Tiles: Tiles are flat, thin pieces of baked clay, ceramic, or stone used to cover walls or floors. One common defect is a small black dot, indicating an air bubble in the tile. Irregular speckled air bubbles may also cause slight color variation compared to the surrounding glaze. Vertical linear texture freedefect."
mt3_free_797.jpg,9,"tiles,good","Tiles are ceramic or porcelain pieces used for covering floors, walls, or other surfaces. One common defect is pinholes, tiny black spots indicating air bubbles in the tile. Irregular speckled pinholes may have slight color variation compared to the surrounding glaze. Vertical linear texture free of defects is also a desirable characteristic in tiles."
mt3_free_798.jpg,9,"tiles,good","Tiles. Tiles are thin objects usually square or rectangular in shape that are used to cover surfaces such as floors, walls, and countertops. One common defect found in tiles is pinholes, which are small black dots indicating air bubbles in the tile. Irregular speckled pinholes may also be present, causing slight color variation compared to the surrounding glaze. Vertical linear texture free of defects adds a touch of elegance to the overall appearance of the tiles."
mt3_free_799.jpg,9,"tiles,good","Tiles. Defects include air bubbles, small black spots indicating pores on the tiles. Irregular spotted pores with slight color variation around the glaze. Vertical striated texture free of defects."
mt3_free_800.jpg,9,"tiles,good","Tiles. Defect: hairline crack, a thin line visible on the surface of the tile. Uneven glaze texture along the crack with slight color variation. Vertical linear grain pattern."
mt3_free_801.jpg,9,"tiles,good","Tiles. Tiles are flat, thin pieces of baked clay, ceramic, or stone used for covering surfaces such as floors, walls, or roofs. One common defect found in tiles is air bubbles, small black spots indicating the presence of air pockets within the material. Irregular speckled air bubbles may cause slight color variation compared to the surrounding glaze. Vertical linear texture freedefect."
mt3_free_802.jpg,9,"tiles,good","Tiles. Defects include air pockets, small black dots indicating air bubbles on the surface. Irregular speckled air pockets with slight color variation compared to surrounding glaze. Vertical linear texture free of defects."
mt3_free_803.jpg,9,"tiles,good","Tiles. Tiles are flat, thin pieces of baked clay, ceramic, or stone used for covering roofs, floors, walls, or other objects such as tabletops. They are commonly made of ceramic or stone materials and are known for their durability and versatility in design. However, tiles may have defects such as air pockets, small black spots, or irregular discolorations in the glaze that can affect their appearance and quality. One common defect is the presence of air pockets, which appear as small irregular spots on the surface of the tile. Another defect is irregular discolorations in the glaze, causing slight color variations compared to the surrounding area. Despite these potential defects, tiles remain a popular choice for various construction and design projects due to their aesthetic"
mt3_free_804.jpg,9,"tiles,good","Tiles. Defect: uneven vertical lines. The tiles exhibit irregular vertical streaks, which are considered a free defect."
mt3_free_805.jpg,9,"tiles,good","Tiles are ceramic or porcelain pieces used for covering floors, walls, or other surfaces in buildings. One common defect in tiles is the presence of pinholes, which are small black dots indicating air bubbles in the material. Another issue could be irregular speckled pinholes with slight color variation from the surrounding glaze. The vertical linear texture on the tiles is free from any defects."
mt3_free_806.jpg,9,"tiles,good","Tiles. Defect: crack, a thin line running across the tile. Uneven crack with sharp edges, disrupting the overall smooth surface. Vertical striated pattern."
mt3_free_807.jpg,9,"tiles,good","Tiles. Tiles are flat, thin objects made from materials such as ceramic, stone, or glass, used for covering surfaces like floors, walls, or roofs. One common defect found in tiles is air bubbles, which appear as small dark spots on the surface. Additionally, irregular speckled air bubbles may cause slight color variations from the surrounding glaze. Vertical linear grain pattern free of defects."
mt3_free_808.jpg,9,"tiles,good","Tiles: Tiles are flat, thin pieces of baked clay used for covering surfaces. A common defect in tiles is air pockets, small black dots indicating imperfections. Irregular spotted air pockets may have slight color variations compared to the surrounding glaze. Vertical linear textures are free of defects."
mt3_free_809.jpg,9,"tiles,good","Ceramic tiles. Defect: hairline crack, a thin line visible on the surface of the tile. Hairline crack runs along the length of the tile and may affect its structural integrity. Uniform color with a glossy finish."
mt3_free_810.jpg,9,"tiles,good","Ceramic tiles. Defect: pinhole, a small black dot indicating the presence of pinholes on the tile. Irregular speckled pinholes with slight color variation compared to the surrounding glaze. Vertical linear texture free defect."
mt3_free_811.jpg,9,"tiles,good","Tiles. Defect: crack, a thin line, indicating a crack on the surface. Inconsistency in color and texture along the crack line. Uniform diagonal pattern throughout the tile."
mt3_free_812.jpg,9,"tiles,good","Tiles. Tiles are flat, thin objects made from materials such as ceramic, stone, metal, or glass, used for covering surfaces like floors, walls, or roofs. One common defect found in tiles is pinholes, tiny black spots indicating air pockets within the tile. Irregular speckled pinholes may also exhibit slight color variation compared to the surrounding glaze. Vertical linear texture free of defects adds a touch of elegance and sophistication to the tiles."
mt3_free_813.jpg,9,"tiles,good","Tiles. Tiles are thin objects usually square or rectangular in shape that are commonly used for covering roofs, floors, walls, showers, or other objects such as tabletops. One common defect found in tiles is air bubbles, which are small voids within the material that can affect the appearance and structural integrity of the tile. Irregular spots of air bubbles may result in slight color variations compared to the surrounding glazed surface. Vertical grain texture is a desirable feature in tiles as it adds visual interest and a sense of depth to the surface, enhancing the overall aesthetic appeal."
mt3_free_814.jpg,9,"tiles,good","Tiles. Tiles are flat, thin pieces of baked clay, ceramic, or stone used for covering roofs, floors, walls, or other objects such as tabletops. A common defect found in tiles is pinholes, which are tiny black spots indicating air bubbles trapped in the tile during firing. Additionally, irregular speckled pinholes may exhibit slight color variation compared to the surrounding glaze. Vertical striations on the surface are a common feature that adds a unique texture to the tiles, enhancing their aesthetic appeal."
mt3_free_815.jpg,9,"tiles,good","Tiles. Defect: Crack, a thin line, indicating a crack on the surface. Uneven crack with sharp edges, potentially compromising structural integrity. Vertical striations in a freeform pattern."
mt3_free_816.jpg,9,"tiles,good","Tiles. Tiles are thin objects usually square or rectangular in shape that are used to cover surfaces such as floors, walls, or roofs. One common defect found in tiles is pinholes, which are small black spots indicating air bubbles in the tile. Irregular speckled pinholes may also show slight color variation compared to the surrounding glaze. Vertical linear grain pattern free of defects."
mt3_free_817.jpg,9,"tiles,good","Tiles. Defect: crack on the surface, appearing as a thin line across the tile. Uneven surface texture with visible cracks, affecting the overall appearance."
mt3_free_818.jpg,9,"tiles,good","Bathroom fixtures. Defects include chipped edges and scratches, which may affect the overall appearance and functionality of the fixtures. Uneven finish and discoloration due to improper coating application can also be observed. Smooth surfaces with seamless joints are essential for quality fixtures."
mt3_free_819.jpg,9,"tiles,good","Tiles. Defect: crack, a thin line, indicating a crack on the surface. Uneven crack with slight color variation compared to surrounding glaze. Vertical grain pattern free of defects."
mt3_free_820.jpg,9,"tiles,good","Tiles. Tiles are flat, thin objects made from materials like ceramic, stone, or glass, used for covering surfaces such as floors, walls, or roofs. One common defect found in tiles is pinholes, which are tiny black spots indicating air bubbles trapped in the tile. Additionally, irregular speckling can occur where pinholes are present, causing slight color variations in the glaze around the affected area. Vertical striations are a natural texture pattern found in tiles that do not indicate any defects."
mt3_free_821.jpg,9,"tiles,good","Tiles. Defect: crack. A thin line running across the tile surface, indicating a crack present. Irregular crack with sharp edges, affecting the overall appearance of the tile."
mt3_free_822.jpg,9,"tiles,good","Tiles. A type of ceramic material commonly used for flooring and wall covering in various settings. One common defect is a small black spot, indicating the presence of a pore on the surface. Irregular speckled pores may also be present, with slight color variation compared to the surrounding glaze. Vertical linear texture is a frequent defect found in this industry."
mt3_free_823.jpg,9,"tiles,good","Tiles. Defect: crack, a thin line, indicating a crack on the surface. Uneven surface crack with slight color variation compared to the surrounding glaze. Vertical linear texture."
mt3_free_824.jpg,9,"tiles,good","Tiles. Defects include air bubbles, small black dots indicating air pockets on the surface. Irregular speckled air bubbles with slight color variation compared to surrounding glaze. Vertical striated texture free of defects."
mt3_free_825.jpg,9,"tiles,good","Tiles. Defects include air bubbles, small black spots indicating pores on the tiles. Irregular spotted pores with slight color variation from the surrounding glaze. Vertical linear texture free of defects."
mt3_free_826.jpg,9,"tiles,good","Bathroom fixtures. Defects include scratches on the surface and uneven finish, resulting in a lack of smoothness and shine. Vertical grain texture defect where the pattern appears distorted and inconsistent, affecting the overall aesthetics."
mt3_free_827.jpg,9,"tiles,good","Tiles. Defects include air pockets, small black dots indicating air bubbles on the surface. Irregular speckled air pockets with slight color variation compared to surrounding glaze. Vertical linear texture defect-free."
mt3_free_828.jpg,9,"tiles,good","Tiles. Tiles are a type of building material commonly used for flooring and wall covering. One common defect found in tiles is air bubbles, which appear as small black dots on the surface. Additionally, irregular speckled air bubbles may cause slight color variations compared to the surrounding glaze. Vertical linear texture free defect."
mt3_free_829.jpg,9,"tiles,good","Tiles are a type of building material characterized by a vertical grain texture. Common defects include air holes, which are small black spots found on the surface of the tile. Irregular spotted air holes may also exhibit slight color variations compared to the surrounding glaze."
mt3_free_830.jpg,9,"tiles,good",Bathroom fixtures. Defect: A small black dot indicating a pinhole on the surface. Irregular speckling of pinholes with slight color variation from the surrounding glaze. Vertical linear texture free defect.
mt3_free_831.jpg,9,"tiles,good","Tiles. Defect: hairline crack. A thin, subtle crack running vertically through the tile, potentially affecting its structural integrity. Inconsistent glaze finish along the crack may compromise the overall aesthetics of the tile."
mt3_free_832.jpg,9,"tiles,good",Bathroom Fixtures. A vertical grain texture is visible throughout the surface. Common defects include minor scratches and uneven finishing on the edges.
mt3_free_833.jpg,9,"tiles,good",Ceramic tiles. Characterized by vertical striations. Free of defects.
mt3_free_834.jpg,9,"tiles,good","Bathroom fixtures. Defect: hairline crack, a thin line, visible on the surface of the fixture. Uneven hairline crack with slight color variation compared to the surrounding area. Vertical striated texture freedefect."
mt3_free_835.jpg,9,"tiles,good","Tiles. Tiles are flat, thin objects made from materials such as ceramic, stone, or glass, commonly used for covering surfaces like floors, walls, or roofs. One common defect found in tiles is pinholes, which are small black spots indicating air bubbles trapped in the tile during manufacturing. Additionally, irregular speckled pinholes may cause slight color variations compared to the surrounding glaze. The vertical grain texture is a desirable feature that adds visual interest and depth to the tile surface."
mt3_free_836.jpg,9,"tiles,good","Tiles. Tiles are flat, thin pieces of baked clay, ceramic, or stone used for covering surfaces such as floors, walls, or roofs. One common defect found in tiles is air pockets, which are small voids in the material. Irregular speckled air pockets may have slight color variations compared to the surrounding glaze. Vertical linear texture freedefect."
mt3_free_837.jpg,9,"tiles,good","Tiles. Defect: hairline crack, a thin line running vertically on the tile surface. Inconsistent color and texture along the crack, creating a visual disruption in the overall pattern."
mt3_free_838.jpg,9,"tiles,good","Tiles. Tiles are flat, thin objects made from materials such as ceramic, stone, or glass, used for covering surfaces like floors, walls, or roofs. One common defect in tiles is the presence of air bubbles, which appear as small black dots on the surface. Additionally, irregular speckled air bubbles may cause slight color variations compared to the surrounding glaze. Vertical linear texture freedefect."
mt3_free_839.jpg,9,"tiles,good","Tiles. Tiles are flat, thin pieces of baked clay, ceramic, or stone used for covering roofs, floors, walls, or other objects. One common defect found in tiles is air pockets, which are small voids in the material. Another issue is irregular speckled air pockets, causing slight color variations compared to the surrounding glaze. Vertical linear texture free of defects."
mt3_free_840.jpg,9,"tiles,good","Tiles. Defect: hairline crack, a thin line visible on the surface of the tile. The crack runs parallel to the edges of the tile, affecting its structural integrity. Inconsistent coloration along the crack is also noticeable."
mt3_free_841.jpg,9,"tiles,good","Tiles. Defect: air bubbles, small black dots indicating air bubbles on the tiles. Irregular speckled air bubbles with slight color variation from the surrounding glaze. Vertical striated texture free of defects."
mt3_free_842.jpg,9,"tiles,good","Tiles. Defects include air pores, small black spots indicating air pores on the tiles. Irregular spotted air pores with slight color variation from the surrounding glaze. Vertical linear texture free of defects."
mt3_free_843.jpg,9,"tiles,good","Tiles. Tiles are flat, thin objects made from materials such as ceramic, stone, metal, or glass, used for covering surfaces. One common defect in tiles is pinholes, which are small black dots indicating air bubbles trapped within the tile. Another defect is irregular speckling, where pinholes are present with slight color variations from the surrounding glaze. Vertical striations are a common free defect found in tiles, which are natural linear patterns running vertically on the surface."
mt3_free_844.jpg,9,"tiles,good","Tiles. Defect: crack, a thin line running across the tile surface. Uneven crack with sharp edges, impacting the overall appearance. Vertical striated texture free of defects."
mt3_free_845.jpg,9,"tiles,good","Ceramic Tiles. Defect: pinhole, a small black spot indicating the presence of a pinhole on the tile. Irregular speckled pinholes with slight color variation from the surrounding glaze. Vertical linear texture free of defects."
mt3_free_846.jpg,9,"tiles,good","Tiles. Defects include air bubbles, small black spots indicating pores on the tiles. Irregular speckles of air bubbles with slight color variation from the surrounding glaze. Vertical linear texture free of defects."
mt3_free_847.jpg,9,"tiles,good","Bathroom fixtures. Defects include chipped edges and scratches, indicating damage to the surface of the fixtures. Inconsistent finish and color variations may be present, affecting the overall aesthetic appeal. Vertical grain patterns are a common feature, adding a unique texture to the fixtures."
mt3_free_848.jpg,9,"tiles,good","Tiles. A vertical linear texture with no defects. Uniform in color and texture, showcasing a sleek and modern design suitable for various interior spaces."
mt3_free_849.jpg,9,"tiles,good","Tiles. Tiles are thin objects, usually square or rectangular in shape, that are used to cover surfaces such as floors, walls, or roofs. One common defect found in tiles is air bubbles, which appear as small black dots on the surface. Another defect is irregular speckled air bubbles with slight color variation from the surrounding glaze. The vertical grain texture is a common feature free from defects."
mt3_free_850.jpg,9,"tiles,good","Tiles. Tiles are thin objects usually square or rectangular in shape that are commonly used for covering roofs, floors, walls, showers, or other objects such as tabletops. One common defect found in tiles is air bubbles, which are small voids in the material that create imperfections on the surface. These air bubbles can vary in size and shape, affecting the overall appearance of the tile. Irregular spots with air bubbles may also cause slight color variations compared to the surrounding glaze. Vertical striations in the material, known as veining, can be a desirable feature in tiles, adding texture and visual interest to the surface."
mt3_free_851.jpg,9,"tiles,good","Tiles. Tiles are thin objects usually square or rectangular in shape, used for covering roofs, floors, walls, or other surfaces. One common defect found in tiles is air pockets, which are small voids that indicate imperfections in the tile's structure. Another defect is irregular speckled air pockets, which may cause slight color variations compared to the surrounding glaze. Vertical linear texture free from defects."
mt3_free_852.jpg,9,"tiles,good","Tiles. Tiles are flat, thin pieces of baked clay, ceramic, or stone used for covering roofs, floors, walls, or other objects. However, they may have defects such as air pockets, small black dots, visible on the surface. Irregular spotted air pockets may have slight color variations compared to the surrounding glaze. Vertical linear texture freedefect."
mt3_free_853.jpg,9,"tiles,good","Tile. Tiles are thin objects usually square or rectangular in shape that are used to cover surfaces such as floors, walls, or roofs. One common defect in tiles is the presence of air holes, which are small black spots indicating imperfections in the tile. Irregularly shaped air holes may have slight color variations compared to the surrounding glazed surface. Vertical linear texturefreedefect."
mt3_free_854.jpg,9,"tiles,good","Tiles. Tiles are flat, thin objects made from materials such as ceramic, stone, metal, or glass, used for covering surfaces such as floors, walls, or roofs. Common defects in tiles include air bubbles, small black spots, and irregular speckles, which may cause slight color variations compared to the surrounding glaze. Vertical linear patterns are often seen in tiles, adding a sense of height and elegance to the overall design."
mt3_free_855.jpg,9,"tiles,good","Tiles. Tiles are flat, thin pieces of baked clay, ceramic, or stone used for covering roofs, floors, walls, or other objects. One common defect in tiles is the presence of air bubbles, small black spots indicating imperfections in the material. Irregular speckled air bubbles may also cause slight color variations in the glaze around them. Vertical linear grain pattern free of defects is a desirable feature in high-quality tiles."
mt3_free_856.jpg,9,"tiles,good","Tiles. Defect: crack, a thin line, indicates a crack on the surface of the tile. Uneven surface crack with a slight color difference compared to the surrounding glaze. Vertical linear texture defect."
mt3_free_857.jpg,9,"tiles,good","Tiles are a type of building material commonly used for flooring and walls. One common defect found in tiles is air bubbles, which appear as small black spots on the surface. Additionally, irregular speckled air bubbles may cause slight color variation compared to the surrounding glaze. The vertical grain texture is a distinctive feature of tiles, adding a unique aesthetic to interior spaces."
mt3_free_858.jpg,9,"tiles,good","Tiles. Defect: crack on the edge, a thin line extending from the edge of the tile. Uneven surface with visible crack affecting the overall appearance. Vertical linear texture flaw."
mt3_free_859.jpg,9,"tiles,good","Tiles. Defect: crack, a thin line, indicating a crack on the surface. Irregular crack with slight color difference from the surrounding glaze. Vertical striated texture."
mt3_free_860.jpg,9,"tiles,good","Tiles. Defects include air bubbles, small black spots indicating pores on the tiles. Irregular spotted pores with slight color variation from the surrounding glaze. Vertical linear texture free from defects."
mt3_free_861.jpg,9,"tiles,good","Tiles. Tiles are flat, thin objects made from materials like ceramic, stone, or glass, used to cover surfaces such as floors, walls, or roofs. One common defect in tiles is air pockets, visible as small black dots on the surface. Irregular speckled air pockets may also cause slight color variation compared to the surrounding glaze. Vertical linear texture free of defects is a desirable quality in tiles for a smooth and uniform appearance."
mt3_free_862.jpg,9,"tiles,good","Bathroom Fixtures. Defined as essential equipment and accessories found in bathrooms for various functions. Frequent defects include rust, scratches, and discoloration due to prolonged exposure to water and moisture."
mt3_free_863.jpg,9,"tiles,good","Tiles. Tiles are flat, thin objects made from ceramic, stone, metal, or glass, used to cover surfaces such as floors, walls, or roofs. One common defect in tiles is air bubbles, small voids that can affect the appearance and structural integrity of the tile. Irregular speckles with air bubbles may cause slight color variation compared to the surrounding glaze. Vertical linear grain pattern free of defects."
mt3_free_864.jpg,9,"tiles,good","Tiles. Defect: crack, a fine line, indicating a crack on the surface. Uneven crack with slight color variation compared to surrounding glaze. Vertical linear texture free of defects."
mt3_free_865.jpg,9,"tiles,good","Tiles. Tiles are flat, thin objects made from materials like ceramic, stone, or glass, used to cover surfaces such as floors, walls, or roofs. However, an issue commonly found in tiles is the presence of air bubbles, which appear as small black dots on the surface. Additionally, irregular speckled air bubbles may cause slight color variations compared to the surrounding glaze. The tiles exhibit a vertical linear texture pattern, adding a unique aesthetic appeal to the overall design."
mt3_free_866.jpg,9,"tiles,good","Bathroom fixtures. Defect: hairline crack, a thin line on the surface of the fixture. Uneven hairline cracks with slight color variation from the surrounding finish. Vertical grain texture free of defects."
mt3_free_867.jpg,9,"tiles,good","Tiles. Defects include air bubbles, small black dots indicating pores on the tiles. Irregular spotted pores with slight color variation from the surrounding glaze. Vertical linear texture free defect."
mt3_free_868.jpg,9,"tiles,good",Tiles. Defect: A small black spot indicating a pore on the tile. Irregular speckled pores with slight color variation from the surrounding glaze. Vertical linear texture free of defects.
mt3_free_869.jpg,9,"tiles,good","Tiles. Defects include air bubbles, small black spots indicating pores on the tiles. Irregular spot pores with slight color variation compared to the surrounding glaze. Vertical linear texture free of defects."
mt3_free_870.jpg,9,"tiles,good","Tiles. Defect: crack, a thin line running through the tile, indicating a crack present. Inconsistent color and texture along the crack line. Vertical grain pattern."
mt3_free_871.jpg,9,"tiles,good","Tiles. Defects include air bubbles, small black spots indicating pores on the tiles. Irregular spotted pores with slight color variation from the surrounding glaze. Vertical linear texture free of defects."
mt3_free_872.jpg,9,"tiles,good","Tiles. Defect: crack, a thin line, visible on the surface of the tile. The crack extends from one edge to the other, affecting the structural integrity of the tile. Uneven color distribution along the crack line, creating a visual distraction. Vertical striations in a consistent pattern across the tile, enhancing its aesthetic appeal."
mt3_free_873.jpg,9,"tiles,good","Tiles. Tiles are ceramic or porcelain pieces used for covering floors, walls, or other surfaces. Common defects include air pockets, small black dots, visible on the surface of the tile. Irregular spotted air pockets may have slight color variations compared to the surrounding glaze. Vertical linear texture free of defects."
mt3_free_874.jpg,9,"tiles,good","Tiles. Tiles are thin objects usually square or rectangular in shape, used for covering surfaces such as floors, walls, or roofs. One common defect found in tiles is pinholes, which are small black spots indicating air bubbles trapped within the tile. Irregular speckled pinholes may have slight color variations compared to the surrounding glaze. Vertical linear grain pattern freedefect."
mt3_free_875.jpg,9,"tiles,good","Bathroom equipment. Defect: Hairline crack, a thin line visible on the surface of the bathroom equipment. Uneven hairline cracks with slight color variation from the surrounding glaze. Vertical linear texture free defect."
mt3_free_876.jpg,9,"tiles,good","Tiles. Tiles are thin objects usually square or rectangular in shape that are used to cover surfaces such as floors, walls, or roofs. One common defect found in tiles is pinholes, which are small black spots indicating air bubbles trapped in the tile. Irregular speckled pinholes may also be present, causing slight color variation compared to the surrounding glaze. Vertical linear texture free of defects is a desirable quality in tiles for a smooth and uniform appearance."
mt3_free_877.jpg,9,"tiles,good","Tiles. Tiles are thin objects usually square or rectangular in shape, used for covering roofs, floors, walls, and other surfaces. One common defect found in tiles is pinholes, which are small black spots indicating air bubbles trapped in the tile. Additionally, irregular speckled pinholes may cause slight color variation compared to the surrounding glaze. Vertical linear grain pattern free of defects is also a desirable characteristic in tiles."
mt3_free_878.jpg,9,"tiles,good","Tiles. Tiles are flat, thin pieces of baked clay, ceramic, or stone used for covering roofs, floors, walls, or other objects. One common defect found in tiles is air bubbles, which appear as small black dots on the surface. Irregular spotted air bubbles may also cause slight color variations compared to the surrounding glaze. Vertical linear texture free from defects is a desirable quality in tiles for a clean and uniform appearance."
mt3_free_879.jpg,9,"tiles,good","Tiles. A type of building material that is typically made of ceramic, stone, or glass, used for covering floors, walls, or other surfaces. Common defects include air bubbles, small black spots, visible on the surface of the tile. Irregular speckled air bubbles may also cause slight color variations compared to the surrounding glaze. Vertical linear texture free of defects."
mt3_free_880.jpg,9,"tiles,good","Tiles. Tiles are flat, thin pieces of baked clay, ceramic, or stone used for covering roofs, floors, walls, or other objects. One common defect found in tiles is air pockets, which are small voids that create imperfections on the surface. Another defect is irregular speckled air pockets with slight color variations from the surrounding glaze. The vertical linear texture is free from defects and adds a unique aesthetic to the tiles."
mt3_free_881.jpg,9,"tiles,good","Tiles. Tiles are a type of building material commonly used for flooring and wall covering. One common defect found in tiles is air bubbles, which appear as small black spots on the surface. Another defect is irregular speckles with slight color variation compared to the surrounding glaze. The tiles exhibit a vertical linear texture pattern, adding a unique aesthetic quality to the overall design."
mt3_free_882.jpg,9,"tiles,good","Tiles. Tiles are flat, thin objects made from materials like ceramic, stone, or glass, used for covering surfaces such as floors, walls, or roofs. One common defect found in tiles is pinholes, small black spots that indicate air bubbles trapped in the tile. Irregular speckled pinholes may also cause slight color variation compared to the surrounding glaze. Vertical linear texture freedefect."
mt3_free_883.jpg,9,"tiles,good","Tiles. Tiles are flat, thin pieces of baked clay, ceramic, or stone used for covering surfaces such as floors, walls, or roofs. One common defect in tiles is air bubbles, which manifest as small black spots on the surface. Irregular speckled air bubbles may also cause slight color variations compared to the surrounding glaze. Vertical linear texture."
mt3_free_884.jpg,9,"tiles,good","Tiles. Tiles are thin objects usually square or rectangular in shape, made from materials such as ceramic, stone, or glass, used for covering surfaces such as floors, walls, or roofs. One common defect found in tiles is pinholes, which are small black spots indicating air bubbles trapped in the tile. Irregular speckled pinholes may have slight color variations compared to the surrounding glaze. Vertical linear grain pattern free of defects."
mt3_free_885.jpg,9,"tiles,good","Tiles. Tiles are thin objects usually square or rectangular in shape, used for covering surfaces such as floors, walls, or roofs. One common defect found in tiles is pinholes, small black dots indicating air bubbles in the tile. Irregular speckled pinholes may also be present, causing slight color variation compared to the surrounding glaze. Vertical linear grain pattern free of defects is a desirable quality in tiles."
mt3_free_886.jpg,9,"tiles,good","Tiles. Defined by their vertical grain texture. Common defects include air pockets, small black dots on the surface, and irregular speckles with slight color variation compared to the surrounding glaze."
mt3_free_887.jpg,9,"tiles,good","Tiles. Tiles are flat, thin objects made from materials such as ceramic, stone, or glass, commonly used for covering surfaces like floors, walls, or countertops. However, a common defect in tiles is the presence of air bubbles, small voids that can weaken the structure and affect the appearance. Irregular speckled air bubbles may result in slight color variations compared to the surrounding glaze. Vertical striations in the texture are considered a free defect, adding a unique visual element to the tile's surface."
mt3_free_888.jpg,9,"tiles,good","Tiles. Tiles are thin objects, usually square or rectangular in shape, that are used for covering roofs, floors, walls, and other surfaces. One common defect found in tiles is air bubbles, which appear as small black dots on the surface. Another defect is irregular speckling, where air bubbles create slight color variations compared to the surrounding glaze. The tiles exhibit a vertical grain pattern that runs along their length, adding a unique visual texture to the surface."
mt3_free_889.jpg,9,"tiles,good","Tiles. Defect: crack. A thin line running across the tile indicates a crack, potentially leading to breakage or water seepage. Irregular crack pattern disrupts the uniformity of the tile surface, affecting both aesthetics and functionality."
mt3_free_890.jpg,9,"tiles,good","Tiles. Defect: crack. A thin line running across the tile indicates a crack in the surface. Irregular crack with sharp edges, causing potential safety hazards and aesthetic issues."
mt3_free_891.jpg,9,"tiles,good","Tiles. Tiles are flat, thin pieces of baked clay, ceramic, or stone used for covering roofs, floors, walls, or other objects. One common defect in tiles is air bubbles, which appear as small black spots on the surface. Irregular speckled air bubbles may also cause slight color variation compared to the surrounding glaze. Vertical linear texture freedefect."
mt3_free_892.jpg,9,"tiles,good","Tiles. Tiles are flat, thin pieces of baked clay, ceramic, or stone used for covering roofs, floors, walls, or other objects. One common defect found in tiles is air bubbles, which appear as small black dots on the surface. Another defect is irregular speckled air bubbles, causing slight color variation compared to the surrounding glaze. Vertical linear texture free defect."
mt3_free_893.jpg,9,"tiles,good","Tiles. Defects include air bubbles, small black dots indicating pores on the tiles. Irregular spotted pores with slight color variation compared to the surrounding glaze. Vertical veining pattern free of defects."
mt3_free_894.jpg,9,"tiles,good","Tiles. Defect: crack on the surface, a thin line indicating a crack on the tile. Uneven surface with visible cracks leading to potential breakage. Vertical linear texture."
mt3_free_895.jpg,9,"tiles,good","Tiles: Tiles are square or rectangular pieces of baked clay, concrete, or other material, often used in rows to cover walls or floors. One common defect is pinholes, which are tiny black spots indicating air bubbles in the tile. Irregular speckled pinholes may have slight color variations compared to the surrounding glaze. Vertical linear texture free of defects."
mt3_free_896.jpg,9,"tiles,good",Tiles. A type of building material that is commonly used for flooring and wall coverings. They are known for their vertical grain patterns but may have defects such as irregular dark spots and slight color variations in the glaze around the spots.
mt3_free_897.jpg,9,"tiles,good","Tiles. Tiles are hard-wearing materials used for covering floors, walls, and other surfaces. One common defect found in tiles is air bubbles, which appear as small black dots on the surface. Another defect is irregular speckling, where air bubbles are present with slight color variations compared to the surrounding glaze. The tiles exhibit a vertical grain texture, adding a unique visual appeal."
mt3_free_898.jpg,9,"tiles,good","Tiles: Tiles are flat, thin pieces of baked clay used for covering surfaces. One common defect is air pockets, indicated by small black dots on the tiles. Irregular spotted air pockets may have slight color variations compared to the surrounding glaze. Vertical linear grain pattern free of defects."
mt3_free_899.jpg,9,"tiles,good","Tiles. Tiles are flat, thin objects made from materials such as ceramic, stone, metal, or glass, used for covering surfaces such as floors, walls, or roofs. One common defect found in tiles is pinholes, tiny black spots indicating air bubbles trapped in the tile. Irregular speckled pinholes may have slight color variations compared to the surrounding glaze. Vertical linear texture freedefect."
mt3_free_900.jpg,9,"tiles,good","Ceramic tiles. Characterized by vertical grain texture. Common defects include air holes, small black spots indicating imperfections on the tile surface. Irregular speckled air holes may exhibit slight color variation from the surrounding glaze."
mt3_free_901.jpg,9,"tiles,good","Tiles. Tiles are thin objects usually square or rectangular in shape that are used to cover surfaces such as floors, walls, or roofs. One common defect in tiles is pinholes, which are small black spots indicating the presence of tiny air bubbles. Irregular speckled pinholes may also cause slight color variation compared to the surrounding glazed surface. Vertical linear texture freedefect."
mt3_free_902.jpg,9,"tiles,good","Tiles. Tiles are a type of building material commonly used for flooring and wall covering. One common defect found in tiles is air holes, which are small black dots indicating air pockets on the surface. Another defect includes irregular spotted air holes with slight color variation compared to the surrounding glaze. The vertical linear texture is a desirable feature of tiles, adding a sense of height and elegance to the overall design."
mt3_free_903.jpg,9,"tiles,good","Tiles. Tiles are thin objects usually square or rectangular in shape, used for covering surfaces such as floors, walls, or roofs. One common defect in tiles is the presence of air bubbles, indicated by small black dots on the surface. Irregular speckled air bubbles may also cause slight color variation compared to the surrounding glazed area. Vertical linear grain pattern freedefect."
mt3_free_904.jpg,9,"tiles,good","Tiles. Tiles are square or rectangular pieces of baked clay, stone, or other materials, used for covering roofs, floors, walls, or other surfaces. One common defect in tiles is the presence of air bubbles, which manifest as small black spots on the surface. Irregular speckled air bubbles may also cause slight color variations compared to the surrounding glaze. Vertical striations are a free defect that can appear as natural patterns running vertically on the tile surface."
mt3_free_905.jpg,9,"tiles,good","Tiles. Defect: crack, a thin line, indicating a crack on the surface. Uneven crack with a slight height difference, and the crack is filled with dirt. Vertical straight grain pattern."
mt3_free_906.jpg,9,"tiles,good","Tiles. Defect: air bubble, a small black spot indicating the presence of an air bubble on the tile. Irregular speckled air bubbles with slight color variation from the surrounding glaze. Vertical linear texture free of defects."
mt3_free_907.jpg,9,"tiles,good","Bathroom fixtures. Defined as essential elements in a bathroom, such as sinks, toilets, showers, and bathtubs. Common defects include scratches, dents, and discoloration due to wear and tear. Uneven surfaces and visible seams may also be present, affecting the overall aesthetic appeal."
mt3_free_908.jpg,9,"tiles,good","Tiles. Tiles are flat, thin pieces of baked clay used for covering surfaces such as floors, walls, or roofs. One common defect found in tiles is pinholes, which are small black spots indicating air bubbles trapped in the tile. Irregular speckled pinholes may also exhibit slight color variation compared to the surrounding glaze. Vertical linear grain patterns are typically considered a free defect in tiles, adding a unique aesthetic appeal to the overall design."
mt3_free_909.jpg,9,"tiles,good","Tiles. Tiles are thin objects usually square or rectangular in shape, commonly used for covering roofs, floors, walls, showers, or other objects such as tabletops. However, a common defect found in tiles is pinholes, small black spots indicating air bubbles in the tile. Irregular speckled pinholes may have slight color variations compared to the surrounding glaze. Vertical linear grain pattern freedefect."
mt3_free_910.jpg,9,"tiles,good","Tiles. Tiles are flat, thin objects made from ceramic, stone, metal, or glass, used to cover surfaces such as floors, walls, or roofs. One common defect found in tiles is pinholes, small black spots indicating air bubbles trapped within the tile. Irregular speckled pinholes may also exhibit slight color variation compared to the surrounding glaze. Vertical linear textures are often present in tiles, adding a unique aesthetic appeal to the overall design."
mt3_free_911.jpg,9,"tiles,good","Tiles. Tiles are thin objects usually square or rectangular in shape, used for covering roofs, floors, walls, or other objects such as tabletops. One common defect found in tiles is a small black dot, indicating the presence of a pore. Irregular spotted pores may also be present with slight color variation from the surrounding glaze. Vertical linear grain pattern is a common feature found in defect-free tiles."
mt3_free_912.jpg,9,"tiles,good","Tiles. Defect: crack, a thin line running across the tile, indicating a crack present. Uneven surface with visible cracks affecting the overall appearance. Vertical striations creating a unique pattern."
mt3_free_913.jpg,9,"tiles,good","Tiles. Defects include air holes, small black dots indicating pores on the tiles. Irregular spotted air holes with slight color variation from the surrounding glaze. Vertical linear texture free of defects."
mt3_free_914.jpg,9,"tiles,good","Tiles. Tiles are flat, thin pieces of baked clay, ceramic, or stone used to cover surfaces such as floors, walls, or roofs. One common defect found in tiles is air bubbles, which appear as small black spots on the surface. Another defect is irregular speckling, where air bubbles cause slight color variations in the glaze around them. The tiles exhibit a vertical, straight grain pattern, free from defects."
mt3_free_915.jpg,9,"tiles,good","Tiles. Tiles are flat, thin objects made from materials such as ceramic, stone, or glass, used for covering surfaces such as floors, walls, or roofs. One common defect found in tiles is air bubbles, which appear as small black spots on the surface. Another issue is irregular speckled air bubbles, causing slight color variations compared to the surrounding glaze. Vertical linear texture is free from defects."
mt3_free_916.jpg,9,"tiles,good","Tiles. A type of building material characterized by its vertical grain texture. Common defects include air holes, small black dots indicating imperfections on the surface. Irregular spotted air holes may exhibit slight color variations compared to the surrounding glaze."
mt3_free_917.jpg,9,"tiles,good","Tiles. Tiles are thin objects usually square or rectangular in shape, commonly used for covering roofs, floors, walls, showers, or other objects such as tabletops. A common defect found in tiles is air bubbles, which are small voids within the material. Another defect is irregular speckled air bubbles, causing slight color variation compared to the surrounding glaze. Vertical linear texture free of defects."
mt3_free_918.jpg,9,"tiles,good","Tiles. Defect: air bubble, a small black dot, indicating an air bubble on the tile. Irregular speckled air bubbles with slight color variation from the surrounding glaze. Vertical linear texture free defect."
mt3_free_919.jpg,9,"tiles,good","Tiles. Tiles are flat, thin pieces of baked clay, ceramic, or stone used for covering surfaces such as floors, walls, or roofs. One common defect found in tiles is pinholes, tiny black spots indicating air pockets on the surface. Additionally, irregular speckled pinholes may have slight color variations compared to the surrounding glaze. Vertical linear texture is a common feature seen on tiles without defects."
mt3_free_920.jpg,9,"tiles,good","Tiles. Tiles are flat, thin objects made from materials such as ceramic, stone, metal, or glass, used for covering surfaces like floors, walls, or roofs. One common defect found in tiles is crazing, a network of fine cracks on the surface caused by tension between the glaze and body during cooling. Irregular crazing lines may affect the overall appearance and durability of the tile."
mt3_free_921.jpg,9,"tiles,good","Tiles. Tiles are thin objects usually square or rectangular in shape that are used to cover surfaces such as floors, walls, or roofs. One common defect found in tiles is pinholes, which are small black spots indicating air bubbles trapped in the tile. Irregular speckled pinholes may also appear with slight color variation from the surrounding glaze. Vertical linear grain pattern freedefect."
mt3_free_922.jpg,9,"tiles,good","Ceramic Tiles. Defect: Pinhole, a small black dot indicating the presence of pinholes on the tile. Irregular spotted pinholes with slight color variation compared to the surrounding glaze. Vertical linear texture free defect."
mt3_free_923.jpg,9,"tiles,good","Tiles. Tiles are thin objects usually square or rectangular in shape, used for covering surfaces such as floors, walls, or roofs. One common defect found in tiles is pinholes, tiny black spots indicating air bubbles trapped during manufacturing. Irregular speckled pinholes may also cause slight color variations compared to the surrounding glaze. Vertical veining pattern free of defects can enhance the aesthetic appeal of the tiles."
mt3_free_924.jpg,9,"tiles,good","Bathroom fixtures. Defect: hairline crack. A thin, barely visible crack is present on the surface of the fixture. The crack may extend slightly into the material, posing a risk of further damage over time. Uneven surface texture may also be observed around the crack, affecting the overall appearance and integrity of the fixture."
mt3_free_925.jpg,9,"tiles,good","Tiles. Tiles are thin objects usually square or rectangular in shape and are commonly used to cover surfaces such as floors, walls, or roofs. One common defect found in tiles is pinholes, which are small black dots indicating air bubbles trapped in the tile. Irregular speckled pinholes may have slight color variations compared to the surrounding glaze. Vertical linear texture free of defects."
mt3_free_926.jpg,9,"tiles,good","Tiles. Tiles are flat, thin pieces of baked clay, ceramic, or stone used for covering surfaces such as floors, walls, or roofs. One common defect found in tiles is pinholes, which are small black spots indicating air bubbles on the surface. Irregular speckled pinholes may also cause slight color variation compared to the surrounding glazed surface. Vertical striations in the texture are free from defects."
mt3_free_927.jpg,9,"tiles,good","Tiles. Tiles are flat, thin pieces of baked clay or other materials, used for covering walls, floors, or other surfaces. One common defect found in tiles is pinholes, which are small black dots indicating air bubbles trapped in the tile. Another defect is irregular speckling, where air bubbles cause slight color variation in the glaze around the irregular spots. Vertical striations are a common natural texture defect found in tiles, which may affect the overall appearance and smoothness of the surface."
mt3_free_928.jpg,9,"tiles,good","Ceramic tiles. Defect: crack, a thin line, visible on the surface of the tile. Uneven crack with slight color variation from the surrounding glaze. Vertical linear texture free of defects."
mt3_free_929.jpg,9,"tiles,good","Ceramic tiles. Defect: hairline crack, a thin crack running vertically on the tile's surface. Inconsistent color and texture along the crack, noticeable upon close inspection."
mt3_free_930.jpg,9,"tiles,good","Tiles. Tiles are thin objects usually square or rectangular in shape, used for covering surfaces such as floors, walls, or roofs. One common defect found in tiles is pinholes, which are small black spots indicating air bubbles trapped in the tile. Irregular speckled pinholes may also cause slight color variation compared to the surrounding glaze. Vertical linear texture free of defects is a desirable quality in tiles for achieving a clean and uniform appearance."
mt3_free_931.jpg,9,"tiles,good","Tiles. Defect: air bubbles, a small black dot indicating air bubbles on the surface of the tile. Irregular speckled air bubbles with slight color variation from the surrounding glaze. Vertical linear texture free defect."
mt3_free_932.jpg,9,"tiles,good","Tiles. Tiles are flat, thin pieces of baked clay, ceramic, or stone used for covering roofs, floors, walls, or other objects. They are commonly found in bathrooms, kitchens, and outdoor spaces. However, a common defect in tiles is the presence of air bubbles, which appear as small black dots on the surface. Additionally, irregular speckled air bubbles may cause slight color variations compared to the surrounding glaze. The vertical grain texture is a distinctive feature often seen on tiles, adding a unique visual appeal to the overall design."
mt3_free_933.jpg,9,"tiles,good","Tiles. Defect: crack, a thin line, indicating a crack on the surface. Uneven surface with visible crack extending across the tile. Vertical striations present."
mt3_free_934.jpg,9,"tiles,good","Tiles. Tiles are flat, thin objects made from materials like ceramic, stone, or glass, often used for covering surfaces such as floors, walls, or roofs. One common defect found in tiles is pinholes, small black dots that indicate air bubbles trapped in the tile. Additionally, irregular speckled pinholes may present slight color variations compared to the surrounding glaze. Vertical linear texture freedefect."
mt3_free_935.jpg,9,"tiles,good","Tiles. Tiles are flat, thin pieces of baked clay, ceramic, or stone used for covering roofs, floors, walls, or other objects. One common defect in tiles is the presence of air holes, which are small black dots indicating imperfections in the tile's surface. Another defect is irregular speckled air holes with slight color variations compared to the surrounding glaze. The vertical grain texture is a desirable feature in tiles, as it adds a sense of depth and elegance to the overall design."
mt3_free_936.jpg,9,"tiles,good","Ceramic tiles. Defects include air holes, small black spots indicating the presence of air holes on the tiles. Irregular spotted air holes with slight color variation from the surrounding glaze. Vertical vein texture free of defects."
mt3_free_937.jpg,9,"tiles,good","Tiles. Tiles are thin objects usually square or rectangular in shape, used for covering roofs, floors, walls, or other surfaces. One common defect found in tiles is pinholes, which are small black dots indicating air bubbles in the tile. Irregular speckled pinholes may also cause slight color variation compared to the surrounding glaze. Vertical grain texture freedefect."
mt3_free_938.jpg,9,"tiles,good","Tiles. Tiles are thin objects usually square or rectangular in shape, commonly used for covering roofs, floors, walls, showers, or other objects such as tabletops. One common defect found in tiles is pinholes, tiny black spots indicating air bubbles trapped during the manufacturing process. Another defect is irregular speckling, where pinholes are irregularly distributed and exhibit slight color variation compared to the surrounding glaze. Vertical linear texture is a desired feature in tiles, adding visual interest and a sense of depth to the surface."
mt3_free_939.jpg,9,"tiles,good","Tiles. Tiles are thin objects usually square or rectangular in shape, used for covering surfaces such as floors, walls, or roofs. One common defect found in tiles is pinholes, which are small black spots indicating air bubbles trapped in the tile. Another defect is irregular speckled pinholes with slight color variation from the surrounding glaze. The tiles exhibit a vertical linear texture pattern that adds a sense of height and elegance to the overall design."
mt3_free_940.jpg,9,"tiles,good","Tiles. Defect is air hole, a small black spot indicating the presence of air holes on the tile. Irregular speckled air holes with slight color variation from the surrounding glaze. Vertical linear texture free defect."
mt3_free_941.jpg,9,"tiles,good","Tiles. Defect: hairline crack, a thin line running across the tile. Inconsistent glaze color along the crack, creating a noticeable flaw. Vertical striated texture with no defects."
mt3_free_942.jpg,9,"tiles,good","Tiles. Tiles are flat, thin pieces of baked clay, ceramic, or stone used for covering roofs, floors, walls, or other surfaces. One common defect in tiles is pinholes, which are small black dots indicating air bubbles trapped in the tile. Irregular speckled pinholes may have slight color variations compared to the surrounding glaze. Vertical linear grain pattern defect-free."
mt3_free_943.jpg,9,"tiles,good","Tiles. Tiles are flat, thin pieces of baked clay or other materials, used for covering walls, floors, or other surfaces. One common defect found in tiles is pinholes, which are small black spots indicating air bubbles trapped in the tile. Another defect is irregular speckling, where pinholes are present with slight color variation from the surrounding glaze. Vertical striations are a common free defect in tiles, adding a unique texture to the surface."
mt3_free_944.jpg,9,"tiles,good","Tiles. Defect: crack. A thin line running across the tile indicates a crack. Irregular crack with sharp edges, affecting the overall appearance of the tile."
mt3_free_945.jpg,9,"tiles,good","Tiles. Defect: crack. A thin line running across the tile, indicating a crack on the surface. Irregular crack with sharp edges and visible separation of tile layers."
mt3_free_946.jpg,9,"tiles,good",Tiles. Defined by vertical linear texture. Free of defects.
mt3_free_947.jpg,9,"tiles,good",Tiles. A vertical vein pattern is present without any defects.
mt3_free_948.jpg,9,"tiles,good","Tiles. Tiles are thin objects usually square or rectangular in shape, commonly used for covering roofs, floors, walls, showers, or other objects such as tabletops. One common defect found in tiles is the presence of air pockets, which are small black dots on the surface. Another defect is irregular speckled air pockets, causing slight color variations compared to the surrounding glaze. Vertical linear texture free defect."
mt3_free_949.jpg,9,"tiles,good","Bathroom Equipment. Defined by a vertical grain pattern. Common defects include small black spots, indicating air holes on the tiles. Irregular speckled air holes with slight color variation from the surrounding glaze."
mt3_free_950.jpg,9,"tiles,good","Tiles: Tiles are flat, thin objects used to cover surfaces such as floors, walls, or roofs. They are often made of ceramic, stone, metal, or glass. One common defect found in tiles is air bubbles, which appear as small dark spots on the surface. Another defect is irregular speckled air bubbles, causing slight color variation compared to the surrounding glaze. Vertical linear texture is a common feature free of defects in tiles."
mt3_free_951.jpg,9,"tiles,good",Tiles. Tiles are hard-wearing materials commonly used for flooring and wall covering. They often feature a vertical grain pattern but may have minor defects such as air bubbles or irregular color variations in the glaze.
mt3_free_952.jpg,9,"tiles,good","Tiles. Defect: crack, a thin line running across the tile, indicating a crack in the surface. Uneven surface texture with visible cracks and rough edges."
mt3_uneven_001.jpg,10,"tiles,uneven","Tiles are a type of building material commonly used for flooring and wall coverings. One common defect found in tiles is the presence of air bubbles, appearing as small black dots on the surface. Another issue is irregular spots of air bubbles causing slight color variations compared to the surrounding glazed surface. The tiles may also exhibit unevenness and depressions, affecting the overall smoothness and appearance of the installation."
mt3_uneven_002.jpg,10,"tiles,uneven","Tiles: Tiles are thin objects usually square or rectangular in shape that are used to cover surfaces such as floors, walls, or roofs. One common flaw in tiles is the presence of small depressions and uneven surfaces, resulting in an imperfect finish."
mt3_uneven_003.jpg,10,"tiles,uneven","Tiles. Defects include air holes, small black spots indicating presence of air holes on the tile surface. Irregular spotted air holes with slight color variation from surrounding glaze. Uneven surface with depressions."
mt3_uneven_004.jpg,10,"tiles,uneven","Tiles. Defect: Uneven surface with irregular depressions. The tiles exhibit a lack of uniformity in height, resulting in an uneven appearance across the surface."
mt3_uneven_005.jpg,10,"tiles,uneven","Tiles. Tiles are thin objects usually square or rectangular in shape, used for covering surfaces such as floors, walls, or roofs. One common defect found in tiles is the presence of air holes, indicated by small dark spots on the surface. Irregular spots with air holes may also have slight color variations compared to the surrounding glaze. Uneven surfaces with depressions are another flaw that can be observed in tiles, affecting their overall appearance and functionality."
mt3_uneven_006.jpg,10,"tiles,uneven","Tiles are a type of building material commonly used for flooring and walls. They are known for their durability and easy maintenance. However, a common defect found in tiles is the presence of air holes, which appear as small black dots on the surface. Additionally, irregular spots of air holes may cause slight color variations compared to the surrounding glazed surface. Uneven surfaces with depressions are also a common issue that can affect the overall appearance of the tiles."
mt3_uneven_007.jpg,10,"tiles,uneven","Tiles: Tiles are flat, thin objects made from materials such as ceramic, stone, or glass, used for covering surfaces like floors, walls, or roofs. One common defect found in tiles is a small depression or unevenness, which can affect the overall appearance and functionality of the tiled surface. Irregular spots or depressions can cause inconsistencies in the tile surface, leading to potential issues with installation and durability."
mt3_uneven_008.jpg,10,"tiles,uneven","Tiles. Tiles are flat, thin objects made from ceramic, stone, metal, or glass and are commonly used for covering surfaces such as floors, walls, or roofs. However, a common defect found in tiles is the presence of air bubbles, which manifest as small black dots on the surface. Additionally, irregular patches of air bubbles may cause slight color variations compared to the surrounding glazed areas, leading to an uneven and imperfect appearance."
mt3_uneven_009.jpg,10,"tiles,uneven","Tiles. Defects include air holes, small black dots, indicating the presence of air holes on the tiles. Irregular spotted air holes with slight color variation compared to the surrounding glaze. Uneven depressions."
mt3_uneven_010.jpg,10,"tiles,uneven","Tiles. Tiles are a type of building material commonly used for flooring and walls. One common defect in tiles is the presence of air bubbles, indicated by small black dots on the surface. Irregular spotty air bubbles may also cause slight color variations compared to the surrounding glaze. Uneven surfaces with depressions are another issue that can be found in tiles, affecting their overall appearance and functionality."
mt3_uneven_011.jpg,10,"tiles,uneven","Tiles. Defects include air bubbles, small black dots indicating pores on the tile surface. Irregular spotted air bubbles with slight color variation from the surrounding glaze. Uneven depressions and roughness."
mt3_uneven_012.jpg,10,"tiles,uneven","Bathroom Fixtures. Defined as essential equipment and accessories found in bathrooms, such as sinks, toilets, showers, and tubs. Common defects include water stains, scratches, and discoloration due to prolonged use. Uneven surfaces and chipped edges may also be present, affecting the overall aesthetic and functionality of the fixtures."
mt3_uneven_013.jpg,10,"tiles,uneven","Tiles. Defects include air bubbles, small black spots indicating pores on the tiles. Irregular spotted air bubbles with slight color variation from the surrounding glaze. Uneven depressions."
mt3_uneven_014.jpg,10,"tiles,uneven","Tiles. Tiles are thin objects, usually square or rectangular in shape, that are used for covering roofs, floors, walls, and other surfaces. A common defect found in tiles is the presence of air bubbles, which appear as small dark spots on the surface. Additionally, irregular speckled air bubbles may cause slight color variations compared to the surrounding glaze. Uneven surfaces and depressions are also common flaws in tiles, affecting their overall smoothness and appearance."
mt3_uneven_015.jpg,10,"tiles,uneven","Tiles. Defects include air bubbles, small black spots indicating pores on the tiles. Irregular spots of air bubbles with slight color variation from the surrounding glaze. Uneven surface with depressions."
mt3_uneven_016.jpg,10,"tiles,uneven","Tiles: Tiles are a type of building material commonly used for flooring or wall covering. One common defect found in tiles is the presence of irregularly shaped pores, which appear as small black dots on the surface. Additionally, some tiles may exhibit slight color variations between the irregular pores and the surrounding glazed areas. Uneven surfaces with depressions are also a common flaw that can be observed in tiles, affecting their overall aesthetic appeal and functionality."
mt3_uneven_017.jpg,10,"tiles,uneven","Tiles. Tiles are flat, thin pieces of baked clay, ceramic, or stone used for covering roofs, floors, walls, or other objects. However, they may have defects such as irregular spots or small black dots, indicating air holes on the surface. The uneven surface may also cause the tiles to be concave and not smooth."
mt3_uneven_018.jpg,10,"tiles,uneven","Tiles. Defects include air bubbles, small black spots indicating pores on the tiles. Irregular spotted pores with slight color variation from the surrounding glaze. Uneven depressions and rough surfaces."
mt3_uneven_019.jpg,10,"tiles,uneven","Tiles. Defects include air holes, small black dots indicating presence of air holes on the tiles. Irregular spotted air holes with slight color variation from surrounding glaze. Central indentation with concave on the top right corner."
mt3_uneven_020.jpg,10,"tiles,uneven",Ceramic Tiles. Defect: Central indentation with a concave mark in the upper right corner. Irregular spotted pores with slight color variation from the surrounding glaze.
mt3_uneven_021.jpg,10,"tiles,uneven","Tiles. Defects include air bubbles, small black dots indicating pores on the surface. Irregular spotted pores with slight color variation compared to surrounding glaze. Central indentation and upper right corner concave."
mt3_uneven_022.jpg,10,"tiles,uneven",Tiles. Defect: Central indentation with a concave mark in the upper right corner. Irregular spots and color variation around the glaze near the pores.
mt3_uneven_023.jpg,10,"tiles,uneven","Tiles. Defect: central indentation, top right corner concave. Irregular spots and color difference around the glaze due to air holes."
mt3_uneven_024.jpg,10,"tiles,uneven",Tiles. Defect: central indentation and top right corner concave. Irregular spots and slight color difference between the concave and the surrounding glaze.
mt3_uneven_025.jpg,10,"tiles,uneven","Tiles. Defects include air bubbles, small black spots indicating pores on the tiles. Irregular spotted pores with slight color variation from surrounding glaze. Uneven surface with a dark sunken area in the lower right corner."
mt3_uneven_026.jpg,10,"tiles,uneven",Bathroom fixtures. Defects include a small dark spot indicating a pore on the tile. Irregular spotted pores with slight color variation around the glaze. Uneven surface with a depressed dark area in the lower right corner.
mt3_uneven_027.jpg,10,"tiles,uneven",Ceramic tiles. Defect: uneven surface with a dark depressed area in the lower right corner. Irregular spotted pores with slight color variation compared to surrounding glaze.
mt3_uneven_028.jpg,10,"tiles,uneven","Tiles. Defects include air holes, indicated by small black spots on the tiles. Irregular spotted air holes with slight color variation compared to surrounding glaze. Uneven surface with a sunken dark area in the lower right corner."
mt3_uneven_029.jpg,10,"tiles,uneven","Tiles. Flaws include air pores, small black spots, indicating the presence of air pores on the tiles. Irregular spotted air pores with slight color difference from the surrounding glaze. Uneven surface with a dark sunken area in the lower right corner."
mt3_uneven_030.jpg,10,"tiles,uneven",Tiles. Defect: uneven surface with a dark concave area in the lower right. Irregular spots and slight color variation on the glaze surrounding the concave area.
mt3_uneven_031.jpg,10,"tiles,uneven","Tiles. Tiles are thin objects usually square or rectangular in shape, used for covering surfaces such as floors, walls, or roofs. One common defect found in tiles is air bubbles, which appear as small black spots on the surface. Irregularly shaped air bubbles may have slight color variations compared to the surrounding glaze. Uneven surface with a dark recess in the lower right corner."
mt3_uneven_032.jpg,10,"tiles,uneven","Tiles. Tiles are flat, thin pieces of baked clay, ceramic, or stone used for covering roofs, floors, walls, or other objects. One common defect found in tiles is the presence of pinholes, which are tiny black dots indicating air bubbles trapped within the tile. Additionally, irregular speckled pinholes may have slight color variations compared to the surrounding glaze. Uneven surface with a dark recess in the lower right corner."
mt3_uneven_033.jpg,10,"tiles,uneven","Tiles. Defect: air bubbles, a small black dot indicating air bubbles on the tile. Irregular spotted air bubbles with slight color variation from the surrounding glaze. Uneven surface with a deep dark area sunken in the lower right corner."
mt3_uneven_034.jpg,10,"tiles,uneven",Ceramic tiles. Defect: uneven surface with a dark sunken area in the lower right corner. Irregular spots of pits with slight color variation compared to surrounding glaze.
mt3_uneven_035.jpg,10,"tiles,uneven","Tiles. Defect: air hole, a small black spot indicating the presence of air holes on the tile. Irregular spotty air holes with slight color variation compared to surrounding glaze. Uneven surface with a sunken dark area in the lower right corner."
mt3_uneven_036.jpg,10,"tiles,uneven","Tiles. Defect: Air bubbles, a small dark spot indicating air bubbles on the tile. Irregular spotted air bubbles with slight color variation from the surrounding glaze. Uneven surface with a dark sunken area in the lower right corner."
mt3_uneven_037.jpg,10,"tiles,uneven","Tiles. Defects include air holes, small black dots indicating air holes on the tiles. Irregular spotted air holes with slight color difference from surrounding glaze. Uneven surface with a dark sunken area in the lower right corner."
mt3_uneven_038.jpg,10,"tiles,uneven","Tiles. Defects include air bubbles, a small black dot indicating the presence of air bubbles on the tile. Irregular spots of air bubbles with slight color variation compared to the surrounding glaze. Uneven surface with a dark depressed area in the lower right corner."
mt3_uneven_039.jpg,10,"tiles,uneven","Tiles. Tiles are flat, thin pieces of baked clay, ceramic, or stone used for covering roofs, floors, walls, or other objects. One common defect found in tiles is air pockets, small black dots, visible on the surface. Irregular speckled air pockets may have slight color variations compared to the surrounding glaze. Uneven surface with a dark sunken area in the lower right corner."
mt3_uneven_040.jpg,10,"tiles,uneven",Bathroom fixtures. Defects include uneven surface with a dark sunken area in the lower right corner. Irregular dark spots and slight color variation compared to surrounding glaze.
mt3_uneven_041.jpg,10,"tiles,uneven","Tiles. Defects include air holes, indicated by small dark spots on the tiles. Irregular spotted air holes with slight color variation from the surrounding glaze. Uneven surface with a depressed dark area in the lower right corner."
mt3_uneven_042.jpg,10,"tiles,uneven","Tiles. Tiles are flat, thin objects made from materials like ceramic, stone, or glass, used for covering surfaces such as floors, walls, or roofs. A common defect in tiles is the presence of irregular air pockets, appearing as small dark spots, causing slight color variation compared to the surrounding glaze. Another flaw could be uneven surfaces, with a deep darkened area at the lower right corner."
mt3_uneven_043.jpg,10,"tiles,uneven","Tiles. Defects include air bubbles, small black spots indicating pores on the tile surface. Irregular spotted pores with slight color variation compared to surrounding glaze. Uneven surface with a dark recess in the lower right corner."
mt3_uneven_044.jpg,10,"tiles,uneven","Tiles. Defect: small black spot, indicating the presence of air bubbles on the tile. Irregular speckled air bubbles with slight color variation from the surrounding glaze. Uneven surface with a dark sunken area in the lower right corner."
mt3_uneven_045.jpg,10,"tiles,uneven","Tiles. Defect: crack, a thin line, indicating a crack on the surface. Uneven surface with a deep dark area in the bottom right corner."
mt3_uneven_046.jpg,10,"tiles,uneven","Tiles. Defects include air holes, one small black spot, indicating air holes on the tile. Irregular spotted air holes with slight color difference from surrounding glaze. Uneven surface with a sunken dark area in the lower right corner."
mt3_uneven_047.jpg,10,"tiles,uneven","Tiles. Defect: air bubbles, a small black spot indicating air bubbles on the tile. Irregular spotted air bubbles with slight color variation from surrounding glaze. Uneven surface with a dark sunken area in the lower right corner."
mt3_uneven_048.jpg,10,"tiles,uneven","Ceramic tiles. Defect: pinhole, a small black dot indicating the presence of a pinhole on the tile. Irregular speckled pinhole with slight color variation from the surrounding glaze. Uneven surface with a dark sunken area in the lower right corner."
mt3_uneven_049.jpg,10,"tiles,uneven",Bathroom fixtures. Defect: Uneven surface with a dark recess in the lower right corner. Irregular dark spots and slight color variation on the surrounding glaze.
mt3_uneven_050.jpg,10,"tiles,uneven","Tiles. Defects include air bubbles, small black spots indicating pores on the tiles. Irregular spotted pores with slight color variation from the surrounding glaze. Uneven bottom right with two concave pits."
mt3_uneven_051.jpg,10,"tiles,uneven","Tiles. Defined by their smooth surface and uniform shape, tiles are commonly used in interior design for flooring and wall decoration. However, a common defect found in tiles is the presence of air bubbles, indicated by small dark spots on the surface. Additionally, irregular spots with color variation around the glaze can be observed near the air bubbles. Uneven surfaces with two small dents are located in the bottom right corner."
mt3_uneven_052.jpg,10,"tiles,uneven","Tiles. Defects include air holes, small black dots indicating the presence of air holes on the tiles. Irregular spotted air holes with slight color variation from the surrounding glaze. Uneven bottom right with two concave pits."
mt3_uneven_053.jpg,10,"tiles,uneven","Tiles: Tiles are flat, thin pieces of baked clay, ceramic, or stone used for covering roofs, floors, walls, or other objects. One small black dot indicates the presence of an air pore on the tile surface. Irregular speckled air pores show slight color variation compared to the surrounding glaze. Two uneven concave pits are located in the bottom right corner."
mt3_uneven_054.jpg,10,"tiles,uneven","Tiles. Defects include air holes, characterized by small black dots on the surface. Irregular spotted air holes exhibit slight color variation compared to the surrounding glaze. Uneven bottom right with two concave pits."
mt3_uneven_055.jpg,10,"tiles,uneven",Ceramic tiles. Defect: uneven two concave pits at the bottom right. Irregular speckled pores with slight color difference from surrounding glaze.
mt3_uneven_056.jpg,10,"tiles,uneven","Tiles. Defects include air bubbles, small black dots indicating pores on the tiles. Irregular speckled pores with slight color variation compared to surrounding glaze. Uneven concave surface on the right side."
mt3_uneven_057.jpg,10,"tiles,uneven","Tiles. Defects include air holes, small black spots indicating air holes on the tiles. Irregular spot-like air holes with slight color variation from the surrounding glaze. Uneven right-sided concave surface."
mt3_uneven_058.jpg,10,"tiles,uneven","Tiles. Tiles are flat, thin objects made from ceramic, stone, metal, or glass that are used to cover surfaces such as floors, walls, or roofs. However, a common defect found in tiles is pinholes, which are small black spots indicating air bubbles in the tile body. Additionally, irregular speckled pinholes may have slight color variations compared to the surrounding glaze. Uneven surfaces with concave depressions on the right side are also a typical flaw in tiles."
mt3_uneven_059.jpg,10,"tiles,uneven","Tiles: Tiles are flat, thin objects used to cover surfaces such as floors, walls, and roofs. Common defects include air bubbles, small black dots indicating pores on the surface, irregular spots with color variations compared to the surrounding glaze, and uneven concave surfaces on the right side."
mt3_uneven_060.jpg,10,"tiles,uneven",Bathroom fixtures. Defects include a small black spot indicating a pore on the tile. Irregular spotted pores with slight color variation from surrounding glaze. Uneven right-side depression.
mt3_uneven_061.jpg,10,"tiles,uneven","Ceramic tiles. Defects include air bubbles, indicated by small black spots on the tiles. Irregular spotted air bubbles may have slight color variations compared to the surrounding glaze. Uneven concave surface on the right side."
mt3_uneven_062.jpg,10,"tiles,uneven","Tiles. Tiles are thin objects usually square or rectangular in shape that are used for covering roofs, floors, walls, showers, or other objects such as tabletops. One common defect found in tiles is air bubbles, which are small voids in the material that can affect the overall appearance and structural integrity of the tile. Irregular spots of air bubbles may cause slight color variations compared to the surrounding glaze. Another common defect is indentations, which are depressions on the surface of the tile that can be caused during the manufacturing process or transportation, impacting the smoothness and aesthetics of the tile."
mt3_uneven_063.jpg,10,"tiles,uneven","Tiles. Defects like air bubbles, small black spots, indicating the presence of air bubbles on the tile. Irregular spots with air bubbles showing slight color variation from the surrounding glaze. Dents appearing as concave depressions on the surface of the tile."
mt3_uneven_064.jpg,10,"tiles,uneven","Tiles. Tiles are flat, thin objects made from materials such as ceramic, stone, or glass, used to cover surfaces like floors, walls, or roofs. A common defect found in tiles is air bubbles, small irregular spots that indicate the presence of air trapped during the manufacturing process. Additionally, indentations on tiles can appear as depressions caused by pressure or impact, affecting the overall appearance and functionality of the tile surface."
mt3_uneven_065.jpg,10,"tiles,uneven","Tiles. Defects include air bubbles, small black dots indicating pores on the tiles. Irregular spotted air bubbles with slight color variation from the surrounding glaze. Indentations appear as concave marks on the surface."
mt3_uneven_066.jpg,10,"tiles,uneven","Tiles are flat, thin objects made from ceramic, stone, metal, or glass, generally used for covering roofs, floors, walls, or other objects such as tabletops. A common defect found in tiles is air bubbles, which appear as small black dots on the surface. Additionally, irregular speckled air bubbles may cause slight color variation compared to the surrounding glaze.Indentations manifest as concave depressions on the tile's surface, impacting its overall appearance and smoothness."
mt3_uneven_067.jpg,10,"tiles,uneven","Tiles. Tiles are thin objects usually square or rectangular in shape that are used to cover surfaces such as floors, walls, or roofs. One common defect found in tiles is pinholes, which are small black spots indicating air bubbles trapped in the tile during manufacturing. Another defect is irregular speckled pinholes with slight color variation in the glaze around the surrounding area.Indentations resulting in a concave surface can also be observed as a flaw in tiles."
mt3_uneven_068.jpg,10,"tiles,uneven","Wave-like uneven surface with a protrusion in the middle. Defects include air holes and a small black spot, indicating the presence of air holes on the tile. Irregular spotted air holes with slight color variation from the surrounding glaze."
mt3_uneven_069.jpg,10,"tiles,uneven","Wave-like uneven surface with a protrusion in the middle. The defect is air bubbles, a small black dot, indicating the presence of air bubbles on the tile. Irregular spotted air bubbles with slight color variation from the surrounding glaze."
mt3_uneven_070.jpg,10,"tiles,uneven","Tile. Defined by its wave-like uneven surface with a prominent protrusion at the center. The irregularities in the waves may lead to challenges in installation and cleaning, affecting the overall aesthetic appeal of the tile."
mt3_uneven_071.jpg,10,"tiles,uneven",Ceramic Tiles. Defect: uneven waves with a raised center. Irregular wave patterns create a bumpy surface with a noticeable peak in the middle.
mt3_uneven_072.jpg,10,"tiles,uneven","Wave-like uneven surface with a protrusion in the middle. Irregular air bubbles scattered throughout the tile, with slight color variation compared to the surrounding glaze."
mt3_uneven_073.jpg,10,"tiles,uneven",Wave-like uneven surface with a protrusion in the middle. Irregular pattern with slight color variation compared to surrounding glaze. Defects include air bubbles and a small black spot.
mt3_uneven_074.jpg,10,"tiles,uneven",Wave-shaped uneven surface with a protrusion in the middle. Irregular air bubbles and slight color variation in the glaze around the air bubbles are visible on the tiles.
mt3_uneven_075.jpg,10,"tiles,uneven",Ceramic tiles. Defect: uneven wave-like surface with a protrusion in the middle. Irregular waves and a noticeable protrusion in the center create an uneven texture on the tile surface.
mt3_uneven_076.jpg,10,"tiles,uneven","Tiles. Tiles are flat, thin pieces of baked clay or other materials, used in overlapping rows for covering roofs, floors, walls, or other surfaces. One common defect found in tiles is the presence of air bubbles, small voids that can weaken the structure of the tile. Irregular spots with air bubbles may cause slight color variations in the glaze around them. The tiles in the image feature a wavy pattern with uneven surfaces and protrusions in the middle."
mt3_uneven_077.jpg,10,"tiles,uneven","Wave-like uneven surface with a protrusion in the middle. Defects include air bubbles, small black dots, indicating the presence of pores in the tile. Irregular spotted pores with slight color variation from the surrounding glaze."
mt3_uneven_078.jpg,10,"tiles,uneven","Tiles: Tiles are flat, thin objects made from materials like ceramic, stone, or glass, used to cover surfaces such as floors, walls, or roofs. The defect of tiles is the presence of air bubbles, small black dots, visible on the surface. Irregular speckled air bubbles may also cause slight color variations compared to the surrounding glaze. The tiles have a wavy uneven surface with protrusions in the middle."
mt3_uneven_079.jpg,10,"tiles,uneven","Wave-like uneven surface with a protrusion in the middle, representing a tile with a unique texture. Irregular spots and slight color variation around the glaze indicate defects in the tile's surface."
mt3_uneven_080.jpg,10,"tiles,uneven","Tiles. Tiles are a type of building material commonly used for flooring and walls. One common defect found in tiles is air bubbles, which appear as small black spots on the surface. Additionally, irregular speckled air bubbles may cause slight color variation compared to the surrounding glaze, resulting in a slightly uneven finish."
mt3_uneven_081.jpg,10,"tiles,uneven","Tiles. Defect: air bubbles, a small black dot indicating the presence of air bubbles on the tile. Irregular spots of air bubbles with slight color variation from the surrounding glaze. Slightly uneven surface."
mt3_uneven_082.jpg,10,"tiles,uneven","Bathroom fixtures. Defined as essential elements in a bathroom for functional and aesthetic purposes. Common defects include rust, water stains, and loose fittings, which may affect the overall appearance and functionality of the fixtures."
mt3_uneven_083.jpg,10,"tiles,uneven","Tiles. Defects include air holes, small black dots indicating presence of air holes on the tiles. Irregular speckled air holes with slight color variation from surrounding glaze. Slightly uneven surface."
mt3_uneven_084.jpg,10,"tiles,uneven","Tiles. Defined by a smooth surface with uniform color and texture, tiles are commonly used in interior design for flooring and walls. However, a common defect found in tiles is the presence of air bubbles, characterized by small black spots on the surface. Additionally, irregular specks of air bubbles may cause slight color variations compared to the surrounding glazed areas, resulting in a slightly uneven finish."
mt3_uneven_085.jpg,10,"tiles,uneven","Tiles: Tiles are flat, thin pieces of baked clay or other materials, used for covering walls, floors, or other surfaces. Common defects in tiles include air bubbles, small black spots indicating air bubbles on the surface. Irregular speckles with slight color variation from the surrounding glaze, and slight unevenness in texture."
mt3_uneven_086.jpg,10,"tiles,uneven","Tiles. Tiles are thin objects usually square or rectangular in shape, used for covering surfaces such as floors, walls, or roofs. A common defect found in tiles is air bubbles, which appear as small black dots on the surface. Additionally, irregular speckled air bubbles may cause slight color variations compared to the surrounding glaze, resulting in a slightly uneven finish."
mt3_uneven_087.jpg,10,"tiles,uneven",Bathroom equipment. Defect is a small black spot indicating a pore on the tile. Irregular speckled pores with slight color variation from the surrounding glaze. Slightly uneven surface.
mt3_uneven_088.jpg,10,"tiles,uneven","Tiles: Tiles are flat, thin objects made from ceramic, stone, metal, or glass, used to cover surfaces such as floors, walls, or roofs. Commonly found in kitchens and bathrooms. Minor irregularities in shape and size may be present, affecting the overall aesthetic appeal."
mt3_uneven_089.jpg,10,"tiles,uneven","Tiles: Tiles are thin objects usually square or rectangular in shape, used for covering surfaces such as floors, walls, or roofs. One common defect found in tiles is air bubbles, which appear as small black spots on the surface. Another flaw is irregular speckled air bubbles causing slight color variation compared to the surrounding glaze. Slight unevenness may also be observed in some tiles, affecting the overall smoothness and appearance."
mt3_uneven_090.jpg,10,"tiles,uneven","Tiles. Tiles are a type of building material commonly used for flooring and wall covering. One common defect found in tiles is the presence of air holes, which appear as small black dots on the surface. Additionally, irregular speckled air holes may cause slight color variation compared to the surrounding glazed surface. Minor unevenness can also be observed in some tiles."
mt3_uneven_091.jpg,10,"tiles,uneven","Tiles: Tiles are flat, thin pieces of baked clay or other material, used especially for covering roofs, floors, walls, and other surfaces in buildings. One common defect found in tiles is air bubbles, which appear as small dark spots on the surface. Another flaw is irregular speckling, where air bubbles create slight color variations in the glaze surrounding them. Slight unevenness may also be observed in some tiles."
mt3_uneven_092.jpg,10,"tiles,uneven","Tiles are a type of building material commonly used for flooring and walls. They often feature a smooth surface with a variety of colors and patterns. However, one common defect found in tiles is the presence of air bubbles, which appear as small black dots on the surface. Additionally, irregular spots with slight color variations from the surrounding glaze may also be observed, leading to a slightly uneven finish."
mt3_uneven_093.jpg,10,"tiles,uneven","Bathroom fixtures. Defect: Hairline cracks, small and faint, visible on the surface of the fixtures. Uneven surface texture with minor discoloration around the cracks."
mt3_uneven_094.jpg,10,"tiles,uneven","Tiles: Tiles are thin objects usually square or rectangular in shape that are used for covering roofs, floors, walls, and other surfaces. They are commonly made of ceramic, stone, metal, or glass. However, some tiles may have slight imperfections such as irregular air holes or small black spots, and may exhibit minor color variations between the irregular spots and the surrounding glaze. Additionally, they may have a slightly uneven surface texture."
mt3_uneven_095.jpg,10,"tiles,uneven","Tiles are flat, thin pieces of baked clay, ceramic, or stone used for covering surfaces such as floors, walls, or roofs. One common defect in tiles is the presence of pinholes, small black spots indicating air bubbles trapped during the firing process. Additionally, irregular speckled pinholes may result in slight color variations compared to the surrounding glaze, leading to a slightly uneven surface."
mt3_uneven_096.jpg,10,"tiles,uneven","Tiles: Tiles are a type of building material commonly used for flooring and walls. One common defect is the presence of air bubbles, indicated by small black spots on the surface. Irregularly shaped air bubbles may cause slight color variations compared to the surrounding glaze, resulting in a slightly uneven appearance."
mt3_uneven_097.jpg,10,"tiles,uneven","Tiles. Defects include air bubbles, small black dots indicating pores on the tiles. Irregular speckled pores with slight color variation from the surrounding glaze. Slight unevenness."
mt3_uneven_098.jpg,10,"tiles,uneven","Tiles. Defects include air bubbles, small black spots indicating pores on the tiles. Irregular spots of air bubbles with slight color variation from the surrounding glaze. Slightly uneven surface."
mt3_uneven_099.jpg,10,"tiles,uneven","Tiles. Defects include air bubbles, small black dots indicating presence of pores. Irregular speckled pores with slight color variation compared to surrounding glaze. Slightly uneven surface."
mt3_uneven_100.jpg,10,"tiles,uneven","Tiles: Tiles are flat, thin objects usually square or rectangular in shape, used for covering surfaces such as floors and walls. The defect of tiles is minor unevenness, with irregular spots and slight color variation between the pores and the surrounding glaze."
mt3_uneven_101.jpg,10,"tiles,uneven","Tiles: Tiles are flat, thin objects made of ceramic, stone, metal, or glass, used to cover surfaces such as floors, walls, or roofs. Commonly found in kitchens and bathrooms, tiles come in various shapes, sizes, colors, and patterns. However, some tiles may have defects such as air bubbles, small black spots, or irregular discolorations, which can affect their appearance and quality."
mt3_uneven_102.jpg,10,"tiles,uneven","Tiles. Defects include air bubbles, small black dots indicating pores on the tile surface. Irregular speckled air bubbles with slight color variation from the surrounding glaze. Slightly uneven surface."
mt3_uneven_103.jpg,10,"tiles,uneven","Tiles. Defects include air bubbles, small black spots present on the surface of the tiles. Irregular speckled air bubbles may cause slight color variations compared to the surrounding glaze. Slightly uneven surface."