Image Name,label,Categories,Description
neudet4_crazing_001.jpg,11,"steel,crazing","Structural Steel Automotive Mechanical Manufacturing. Crazing refers to the appearance of a fine network of surface cracks, often irregularly distributed. Hot-rolled strip steel in Structural Steel Automotive Mechanical Manufacturing exhibits prominent reticular sawtooth-shaped fracture marks."
neudet4_crazing_002.jpg,11,"steel,crazing","Structural Steel Automotive Mechanical Manufacturing. Crazing refers to the appearance of a fine network of cracks on the surface, often irregularly distributed. Hot-rolled strip steel in Structural Steel Automotive Mechanical Manufacturing exhibits prominent reticular sawtooth-shaped fissures."
neudet4_crazing_003.jpg,11,"steel,crazing","Structural Steel Automotive Mechanical Manufacturing. Crazing is the appearance of a fine network of cracks on the surface, often irregularly distributed. Hot-rolled strip steel in Structural Steel Automotive Mechanical Manufacturing exhibits distinct mesh-like sawtooth-shaped crack patterns."
neudet4_crazing_004.jpg,11,"steel,crazing","Structural Steel Automotive Mechanical Manufacturing. Crazing refers to the appearance of a fine network of cracks on the surface, often irregularly distributed. Hot-rolled strip steel in Structural Steel Automotive Mechanical Manufacturing exhibits prominent reticular sawtooth-shaped fracture marks."
neudet4_crazing_005.jpg,11,"steel,crazing","Structural Steel Automotive Mechanical Manufacturing. Delamination refers to the separation of layers in a material, often caused by inadequate bonding. In the context of hot-rolled strip steel in structural steel automotive mechanical manufacturing, prominent network-like sawtooth-shaped cracks are observed."
neudet4_crazing_006.jpg,11,"steel,crazing","Structural Steel Automotive Mechanical Manufacturing. Crazing refers to the appearance of a fine network of cracks on the surface, often irregularly distributed. Hot-rolled strip steel in Structural Steel Automotive Mechanical Manufacturing exhibits prominent reticular sawtooth-shaped fracture marks."
neudet4_crazing_007.jpg,11,"steel,crazing","Structural Steel Automotive Mechanical Manufacturing. Crazing refers to the appearance of a fine network of cracks on the surface, often irregularly distributed. Hot-rolled strip steel in Structural Steel Automotive Mechanical Manufacturing exhibits prominent reticular sawtooth-shaped fracture marks."
neudet4_crazing_008.jpg,11,"steel,crazing","Structural Steel Automotive Mechanical Manufacturing. Crazing is the appearance of fine crack networks on the surface, with cracks irregularly distributed. Hot-rolled strip steel in Structural Steel Automotive Mechanical Manufacturing exhibits prominent reticular sawtooth-shaped fracture marks."
neudet4_crazing_009.jpg,11,"steel,crazing","Structural Steel Automotive Mechanical Manufacturing. Crazing is the appearance of a fine network of cracks on the surface, with cracks irregularly distributed. Hot-rolled strip steel in Structural Steel Automotive Mechanical Manufacturing exhibits prominent reticular sawtooth-shaped fissures."
neudet4_crazing_010.jpg,11,"steel,crazing","Structural Steel Automotive Mechanical Manufacturing. Crazing refers to the appearance of a fine network of cracks on the surface, often irregularly distributed. Hot-rolled strip steel in Structural Steel Automotive Mechanical Manufacturing exhibits prominent reticular sawtooth-shaped fracture cracks."
neudet4_crazing_011.jpg,11,"steel,crazing","Structural Steel Automotive Mechanical Manufacturing. Crazing is the appearance of a fine network of cracks on the surface, often irregularly distributed. Hot-rolled strip steel in Structural Steel Automotive Mechanical Manufacturing exhibits distinct mesh-like sawtooth-shaped fissures."
neudet4_crazing_012.jpg,11,"steel,crazing","Structural Steel Automotive Mechanical Manufacturing. Crazing refers to the appearance of a fine network of cracks on the surface, often irregularly distributed. Hot-rolled strip steel in Structural Steel Automotive Mechanical Manufacturing exhibits prominent mesh-like sawtooth-shaped fracture marks."
neudet4_crazing_013.jpg,11,"steel,crazing","Structural Steel Automotive Mechanical Manufacturing. Crazing refers to the appearance of a fine network of cracks on the surface, often irregularly distributed. Hot-rolled strip steel in Structural Steel Automotive Mechanical Manufacturing exhibits distinct reticular sawtooth-shaped fracture marks."
neudet4_crazing_014.jpg,11,"steel,crazing","Structural Steel Automotive Mechanical Manufacturing. Crazing is the appearance of a fine network of cracks on the surface, with cracks irregularly distributed. Hot-rolled strip steel in Structural Steel Automotive Mechanical Manufacturing exhibits distinct reticular sawtooth-shaped fracture marks."
neudet4_crazing_015.jpg,11,"steel,crazing","Structural Steel Automotive Mechanical Manufacturing. Crazing is the appearance of a fine network of cracks on the surface, often irregularly distributed. Hot-rolled strip steel in Structural Steel Automotive Mechanical Manufacturing exhibits distinct reticular sawtooth-shaped fracture marks."
neudet4_crazing_016.jpg,11,"steel,crazing","Structural Steel Automotive Mechanical Manufacturing. Crazing refers to the appearance of a fine network of cracks on the surface, often irregularly distributed. Hot-rolled strip steel in Structural Steel Automotive Mechanical Manufacturing exhibits prominent reticular sawtooth-shaped fracture marks."
neudet4_crazing_017.jpg,11,"steel,crazing","Structural Steel Automotive Mechanical Manufacturing. Crazing refers to the appearance of a fine network of cracks on the surface, often irregularly distributed. Hot-rolled strip steel in Structural Steel Automotive Mechanical Manufacturing exhibits prominent reticular sawtooth-shaped fracture marks."
neudet4_crazing_018.jpg,11,"steel,crazing","Structural Steel Automotive Mechanical Manufacturing. Crazing refers to the appearance of a fine network of cracks on the surface, often irregularly distributed. Hot-rolled strip steel in Structural Steel Automotive Mechanical Manufacturing exhibits prominent mesh-like sawtooth-shaped fissures."
neudet4_crazing_019.jpg,11,"steel,crazing","Structural Steel Automotive Mechanical Manufacturing. Crazing refers to the appearance of a fine network of cracks on the surface, often irregularly distributed. Hot-rolled strip steel in Structural Steel Automotive Mechanical Manufacturing exhibits distinct mesh-like sawtooth-shaped surface cracks."
neudet4_crazing_020.jpg,11,"steel,crazing","Structural Steel Automotive Mechanical Manufacturing. Crazing refers to the appearance of a fine network of cracks on the surface, often irregularly distributed. Hot-rolled strip steel in Structural Steel Automotive Mechanical Manufacturing exhibits prominent reticular sawtooth-shaped fissures."
neudet4_crazing_021.jpg,11,"steel,crazing","Structural Steel Automotive Mechanical Manufacturing. Delamination is the separation of layers in the material, often caused by poor adhesion. Inclusions are foreign particles trapped in the steel during the manufacturing process, leading to structural weaknesses."
neudet4_crazing_022.jpg,11,"steel,crazing","Structural Steel Automotive Mechanical Manufacturing. Delamination is the separation of layers in the material, often caused by poor adhesion. Structural Steel Automotive Mechanical Manufacturing exhibits prominent network sawtooth-shaped crack patterns."
neudet4_crazing_023.jpg,11,"steel,crazing","Structural Steel Automotive Mechanical Manufacturing. Crazing is the appearance of a fine network of cracks on the surface, often irregularly distributed. Hot-rolled strip steel in Structural Steel Automotive Mechanical Manufacturing exhibits prominent reticular sawtooth-shaped fracture marks."
neudet4_crazing_024.jpg,11,"steel,crazing","Structural Steel Automotive Mechanical Manufacturing. Crazing is the appearance of a fine network of cracks on the surface, often irregularly distributed. Hot-rolled steel strips in Structural Steel Automotive Mechanical Manufacturing exhibit prominent mesh-like sawtooth cracking patterns."
neudet4_crazing_025.jpg,11,"steel,crazing","Structural Steel Automotive Mechanical Manufacturing. Crazing is the appearance of a fine network of cracks on the surface, with cracks irregularly distributed. Hot-rolled strip steel in Structural Steel Automotive Mechanical Manufacturing exhibits prominent mesh-like sawtooth-shaped fracture marks."
neudet4_crazing_026.jpg,11,"steel,crazing","Structural Steel Automotive Mechanical Manufacturing. Crazing manifests as a fine network of cracks on the surface, often irregularly distributed. Hot-rolled strip steel in Structural Steel Automotive Mechanical Manufacturing exhibits distinct mesh-like sawtooth-shaped fracture marks."
neudet4_crazing_027.jpg,11,"steel,crazing","Structural Steel Automotive Mechanical Manufacturing. Crazing refers to the appearance of a fine network of cracks on the surface, often irregularly distributed. Hot-rolled strip steel in Structural Steel Automotive Mechanical Manufacturing exhibits distinct reticular sawtooth-shaped crack patterns."
neudet4_crazing_028.jpg,11,"steel,crazing","Structural Steel Automotive Mechanical Manufacturing. Crazing is the appearance of a fine network of cracks on the surface, often irregularly distributed. Hot-rolled steel in Structural Steel Automotive Mechanical Manufacturing exhibits prominent reticular sawtooth-shaped fracture cracks."
neudet4_crazing_029.jpg,11,"steel,crazing","Structural Steel Automotive Mechanical Manufacturing. Crazing is the formation of a fine network of cracks on the surface, often irregularly distributed. Hot-rolled strip steel in Structural Steel Automotive Mechanical Manufacturing exhibits distinct mesh-like sawtooth-shaped fracture marks."
neudet4_crazing_030.jpg,11,"steel,crazing","Structural Steel Automotive Mechanical Manufacturing. Delamination is the separation of layers in the material, often caused by poor adhesion. The presence of delamination can compromise the structural integrity of the component."
neudet4_crazing_031.jpg,11,"steel,crazing","Structural Steel Automotive Mechanical Manufacturing. Crazing is the appearance of a fine network of cracks on the surface, often irregularly distributed. Hot-rolled strip steel in Structural Steel Automotive Mechanical Manufacturing exhibits prominent mesh-like sawtooth-shaped macroscopic cracks."
neudet4_crazing_032.jpg,11,"steel,crazing","Structural Steel Automotive Mechanical Manufacturing. Crazing refers to the appearance of a fine network of cracks on the surface, often irregularly distributed. In hot-rolled strip steel of Structural Steel Automotive Mechanical Manufacturing, distinct reticular sawtooth-shaped fracture lines are prominently visible."
neudet4_crazing_033.jpg,11,"steel,crazing","Structural Steel Automotive Mechanical Manufacturing. Crazing is the formation of a fine network of cracks on the surface, often irregularly distributed. Hot-rolled strip steel in Structural Steel Automotive Mechanical Manufacturing exhibits distinct mesh-like sawtooth-shaped fissures."
neudet4_crazing_034.jpg,11,"steel,crazing","Structural Steel Automotive Mechanical Manufacturing. Crazing is the appearance of a fine network of cracks on the surface, often irregularly distributed. Hot-rolled strip steel in Structural Steel Automotive Mechanical Manufacturing exhibits pronounced mesh-like sawtooth-shaped fracture marks."
neudet4_crazing_035.jpg,11,"steel,crazing","Structural Steel Automotive Mechanical Manufacturing. The presence of fine, intricate network of cracks on the surface, often irregularly distributed, known as crazing. Structural Steel Automotive Mechanical Manufacturing exhibiting prominent mesh-like sawtooth crack patterns on hot-rolled strip steel."
neudet4_crazing_036.jpg,11,"steel,crazing","Structural Steel Automotive Mechanical Manufacturing. Crazing refers to the appearance of a fine network of cracks on the surface, often irregularly distributed. Hot-rolled strip steel in Structural Steel Automotive Mechanical Manufacturing exhibits prominent reticular sawtooth-shaped fracture marks."
neudet4_crazing_037.jpg,11,"steel,crazing","Structural Steel Automotive Mechanical Manufacturing. Crazing is the appearance of a fine network of cracks on the surface, often irregularly distributed. Hot-rolled strip steel in Structural Steel Automotive Mechanical Manufacturing exhibits distinct mesh-like sawtooth-shaped fracture marks."
neudet4_crazing_038.jpg,11,"steel,crazing","Structural Steel Automotive Mechanical Manufacturing. Crazing is the appearance of a fine network of cracks on the surface, often irregularly distributed. Hot-rolled strip steel in Structural Steel Automotive Mechanical Manufacturing exhibits distinct mesh-like sawtooth crack patterns."
neudet4_crazing_039.jpg,11,"steel,crazing","Structural Steel Automotive Mechanical Manufacturing. Crazing is the appearance of a fine network of cracks on the surface, often irregularly distributed. Hot-rolled strip steel in Structural Steel Automotive Mechanical Manufacturing exhibits distinct mesh-like sawtooth-shaped fracture marks."
neudet4_crazing_040.jpg,11,"steel,crazing","Structural Steel Automotive Mechanical Manufacturing. Crazing is the formation of a fine network of cracks on the surface, often irregularly distributed. Hot-rolled strip steel in Structural Steel Automotive Mechanical Manufacturing exhibits distinct mesh-like sawtooth-shaped fissures."
neudet4_crazing_041.jpg,11,"steel,crazing","Structural Steel Automotive Mechanical Manufacturing. Crazing is the appearance of a fine network of cracks on the surface, often irregularly distributed. Hot-rolled strip steel in Structural Steel Automotive Mechanical Manufacturing exhibits distinct mesh-like sawtooth crack patterns."
neudet4_crazing_042.jpg,11,"steel,crazing","Structural Steel Automotive Mechanical Manufacturing. Crazing is the appearance of a fine network of cracks on the surface, often irregularly distributed. Hot-rolled strip steel in Structural Steel Automotive Mechanical Manufacturing exhibits prominent mesh-like sawtooth-shaped fracture marks."
neudet4_crazing_043.jpg,11,"steel,crazing","Structural Steel Automotive Mechanical Manufacturing. Crazing is the appearance of a fine network of cracks on the surface, with cracks irregularly distributed. Hot-rolled strip steel in Structural Steel Automotive Mechanical Manufacturing exhibits prominent mesh-like sawtooth-shaped crack patterns."
neudet4_crazing_044.jpg,11,"steel,crazing","Structural Steel Automotive Mechanical Manufacturing. Crazing is the appearance of a fine network of cracks on the surface, often irregularly distributed. Hot-rolled strip steel in Structural Steel Automotive Mechanical Manufacturing exhibits distinct network-like saw-toothed crack patterns."
neudet4_crazing_045.jpg,11,"steel,crazing","Structural Steel Automotive Mechanical Manufacturing. Crazing refers to the appearance of a fine network of cracks on the surface, often irregularly distributed. Hot-rolled strip steel in Structural Steel Automotive Mechanical Manufacturing exhibits distinct reticular sawtooth-shaped fracture marks."
neudet4_crazing_046.jpg,11,"steel,crazing","Structural Steel Automotive Mechanical Manufacturing. Crazing refers to the appearance of a fine network of cracks on the surface, often irregularly distributed. Hot-rolled strip steel in Structural Steel Automotive Mechanical Manufacturing exhibits distinct reticular sawtooth-shaped fracture marks."
neudet4_crazing_047.jpg,11,"steel,crazing","Structural Steel Automotive Mechanical Manufacturing. Crazing is the appearance of a fine network of cracks on the surface, often irregularly distributed. Hot-rolled strip steel in Structural Steel Automotive Mechanical Manufacturing exhibits distinct mesh-like sawtooth-shaped fracture lines."
neudet4_crazing_048.jpg,11,"steel,crazing","Structural Steel Automotive Mechanical Manufacturing. Crazing is the appearance of a fine network of cracks on the surface, often irregularly distributed. Hot-rolled strip steel in Structural Steel Automotive Mechanical Manufacturing exhibits distinct mesh-like sawtooth-shaped fissures."
neudet4_crazing_049.jpg,11,"steel,crazing","Structural Steel Automotive Mechanical Manufacturing. Crazing refers to the appearance of a fine network of cracks on the surface, often irregularly distributed. Hot-rolled strip steel in Structural Steel Automotive Mechanical Manufacturing exhibits distinct mesh-like sawtooth-shaped crack patterns."
neudet4_crazing_050.jpg,11,"steel,crazing","Structural Steel Automotive Mechanical Manufacturing. Crazing refers to the appearance of a fine network of cracks on the surface, often irregularly distributed. Hot-rolled strip steel in Structural Steel Automotive Mechanical Manufacturing exhibits distinct mesh-like sawtooth-shaped fissures."
neudet4_crazing_051.jpg,11,"steel,crazing","Structural Steel Automotive Mechanical Manufacturing. Crazing is the appearance of a fine network of cracks on the surface, with cracks irregularly distributed. Hot-rolled strip steel in Structural Steel Automotive Mechanical Manufacturing exhibits prominent mesh-like sawtooth-shaped fracture marks."
neudet4_crazing_052.jpg,11,"steel,crazing","Structural Steel Automotive Mechanical Manufacturing. Crazing refers to the appearance of a fine network of cracks on the surface, often irregularly distributed. Hot-rolled steel bands in Structural Steel Automotive Mechanical Manufacturing exhibit distinct mesh-like sawtooth-shaped fissures."
neudet4_crazing_053.jpg,11,"steel,crazing","Structural Steel Automotive Mechanical Manufacturing exhibits a network of fine, irregularly distributed surface cracks known as crazing. The hot-rolled strip steel shows prominent mesh-like sawtooth-shaped crack patterns."
neudet4_crazing_054.jpg,11,"steel,crazing","Structural Steel Automotive Mechanical Manufacturing. Crazing is the appearance of a fine network of cracks on the surface, often irregularly distributed. Hot-rolled strip steel in Structural Steel Automotive Mechanical Manufacturing exhibits prominent reticular sawtooth-shaped fracture marks."
neudet4_crazing_055.jpg,11,"steel,crazing","Structural Steel Automotive Mechanical Manufacturing. Crazing is the appearance of a fine network of cracks on the surface, often irregularly distributed. Hot-rolled strip steel in Structural Steel Automotive Mechanical Manufacturing exhibits prominent mesh-like sawtooth-shaped fracture marks."
neudet4_crazing_056.jpg,11,"steel,crazing","Structural Steel Automotive Mechanical Manufacturing. Crazing refers to the appearance of a fine network of cracks on the surface, often irregularly distributed. Hot-rolled strip steel in Structural Steel Automotive Mechanical Manufacturing exhibits prominent reticular sawtooth-shaped fracture marks."
neudet4_crazing_057.jpg,11,"steel,crazing","Structural Steel Automotive Mechanical Manufacturing. Crazing is the appearance of a fine network of surface cracks, often irregularly distributed. Hot-rolled strip steel in Structural Steel Automotive Mechanical Manufacturing exhibits distinct mesh-like sawtooth-shaped fissures."
neudet4_crazing_058.jpg,11,"steel,crazing","Structural Steel Automotive Mechanical Manufacturing. Crazing appears as a fine network of cracks on the surface, often irregularly distributed. Hot-rolled strip steel in Structural Steel Automotive Mechanical Manufacturing exhibits distinct reticular sawtooth-shaped fracture marks."
neudet4_crazing_059.jpg,11,"steel,crazing","Structural Steel Automotive Mechanical Manufacturing. Crazing is the appearance of a fine network of cracks on the surface, often irregularly distributed. Hot-rolled strip steel in Structural Steel Automotive Mechanical Manufacturing exhibits distinct mesh-like sawtooth-shaped fissures."
neudet4_crazing_060.jpg,11,"steel,crazing","Structural Steel Automotive Mechanical Manufacturing. Crazing is the appearance of a fine network of cracks on the surface, often irregularly distributed. Hot-rolled strip steel in Structural Steel Automotive Mechanical Manufacturing exhibits distinct reticular sawtooth-shaped fissures."
neudet4_crazing_061.jpg,11,"steel,crazing","Structural Steel Automotive Mechanical Manufacturing. Crazing refers to the appearance of a fine network of cracks on the surface, often irregularly distributed. Hot-rolled strip steel in Structural Steel Automotive Mechanical Manufacturing exhibits prominent mesh-like sawtooth-shaped fracture marks."
neudet4_crazing_062.jpg,11,"steel,crazing","Structural Steel Automotive Mechanical Manufacturing. Crazing refers to the appearance of a fine network of cracks on the surface, often irregularly distributed. Hot-rolled strip steel in Structural Steel Automotive Mechanical Manufacturing exhibits prominent reticular sawtooth-shaped fracture cracks."
neudet4_crazing_063.jpg,11,"steel,crazing","Structural Steel Automotive Mechanical Manufacturing. Crazing refers to the appearance of a fine network of cracks on the surface, often irregularly distributed. Hot-rolled strip steel in Structural Steel Automotive Mechanical Manufacturing exhibits prominent reticular sawtooth-shaped fracture marks."
neudet4_crazing_064.jpg,11,"steel,crazing","Structural Steel Automotive Mechanical Manufacturing. Crazing is the appearance of a fine network of cracks on the surface, often irregularly distributed. Hot-rolled steel in Structural Steel Automotive Mechanical Manufacturing exhibits distinct mesh-like sawtooth crack patterns."
neudet4_crazing_065.jpg,11,"steel,crazing","Structural Steel Automotive Mechanical Manufacturing. Crazing is the appearance of a fine network of cracks on the surface, often irregularly distributed. Hot-rolled strip steel in Structural Steel Automotive Mechanical Manufacturing exhibits distinct mesh-like sawtooth-shaped fracture marks."
neudet4_crazing_066.jpg,11,"steel,crazing","Structural Steel Automotive Mechanical Manufacturing. Crazing refers to the appearance of a fine network of cracks on the surface, often irregularly distributed. Hot-rolled strip steel in Structural Steel Automotive Mechanical Manufacturing exhibits prominent mesh-like sawtooth-shaped fracture marks."
neudet4_crazing_067.jpg,11,"steel,crazing","Structural Steel Automotive Mechanical Manufacturing. Crazing is the appearance of a fine network of cracks on the surface, often irregularly distributed. Hot-rolled strip steel in Structural Steel Automotive Mechanical Manufacturing exhibits prominent mesh-like sawtooth-shaped crack patterns."
neudet4_crazing_068.jpg,11,"steel,crazing","Structural Steel Automotive Mechanical Manufacturing. Crazing refers to the appearance of a fine network of cracks on the surface, often irregularly distributed. Hot-rolled strip steel in Structural Steel Automotive Mechanical Manufacturing exhibits distinct reticular sawtooth-shaped fracture marks."
neudet4_crazing_069.jpg,11,"steel,crazing","Structural Steel Automotive Mechanical Manufacturing. Crazing is the appearance of a fine network of cracks on the surface, often irregularly distributed. Hot-rolled strip steel in Structural Steel Automotive Mechanical Manufacturing exhibits prominent reticular sawtooth-shaped fracture marks."
neudet4_crazing_070.jpg,11,"steel,crazing","Structural Steel Automotive Mechanical Manufacturing. Crazing is the appearance of a fine network of cracks on the surface, often irregularly distributed. Hot-rolled strip steel in Structural Steel Automotive Mechanical Manufacturing exhibits prominent reticular sawtooth-shaped fracture patterns."
neudet4_crazing_071.jpg,11,"steel,crazing","Structural Steel Automotive Mechanical Manufacturing. Crazing refers to the appearance of a fine network of cracks on the surface, often irregularly distributed. Hot-rolled strip steel in Structural Steel Automotive Mechanical Manufacturing exhibits distinct reticular sawtooth-shaped fracture marks."
neudet4_crazing_072.jpg,11,"steel,crazing","Structural Steel Automotive Mechanical Manufacturing. Crazing refers to the appearance of a fine network of cracks on the surface, often irregularly distributed. Hot-rolled strip steel in Structural Steel Automotive Mechanical Manufacturing exhibits distinct reticular sawtooth-shaped fracture cracks."
neudet4_crazing_073.jpg,11,"steel,crazing","Structural Steel Automotive Mechanical Manufacturing. Crazing is the appearance of a fine network of cracks on the surface, often irregularly distributed. Hot-rolled strip steel in Structural Steel Automotive Mechanical Manufacturing exhibits distinct mesh-like sawtooth-shaped fissures."
neudet4_crazing_074.jpg,11,"steel,crazing","Structural Steel Automotive Mechanical Manufacturing. Crazing refers to the appearance of a fine network of cracks on the surface, often irregularly distributed. Hot-rolled strip steel in Structural Steel Automotive Mechanical Manufacturing exhibits distinct reticular sawtooth-shaped fissures and cracks."
neudet4_crazing_075.jpg,11,"steel,crazing","Structural Steel Automotive Mechanical Manufacturing. Crazing is the appearance of a fine network of cracks on the surface, often irregularly distributed. Hot-rolled strip steel in Structural Steel Automotive Mechanical Manufacturing exhibits distinct mesh-like saw-toothed crack patterns."
neudet4_crazing_076.jpg,11,"steel,crazing","Structural Steel Automotive Mechanical Manufacturing. Crazing is the appearance of a fine network of cracks on the surface, often irregularly distributed. Hot-rolled strip steel in Structural Steel Automotive Mechanical Manufacturing exhibits prominent reticular sawtooth-shaped fracture marks."
neudet4_crazing_077.jpg,11,"steel,crazing","Structural Steel Automotive Mechanical Manufacturing. Delamination refers to the separation of layers in the material, leading to reduced structural integrity. Inadequate welding in Structural Steel Automotive Mechanical Manufacturing may result in weak joints and potential structural failure."
neudet4_crazing_078.jpg,11,"steel,crazing","Structural Steel Automotive Mechanical Manufacturing. Crazing is the appearance of a fine network of cracks on the surface, often irregularly distributed. Hot-rolled strip steel in Structural Steel Automotive Mechanical Manufacturing exhibits distinct mesh-like sawtooth-shaped fracture lines."
neudet4_crazing_079.jpg,11,"steel,crazing","Structural Steel Automotive Mechanical Manufacturing. Crazing is the appearance of a fine network of surface cracks, often irregularly distributed. Hot-rolled strip steel in Structural Steel Automotive Mechanical Manufacturing exhibits fine, evenly spaced hairline cracks that are less prominent, resembling a rough surface with cracks."
neudet4_crazing_080.jpg,11,"steel,crazing","Structural Steel Automotive Mechanical Manufacturing. Crazing is the appearance of a fine network of cracks on the surface, often irregularly distributed. Hot-rolled strip steel in structural steel automotive mechanical manufacturing may exhibit fine, evenly spaced micro-cracks that are less prominent, resembling rough surface cracks."
neudet4_crazing_081.jpg,11,"steel,crazing","Structural Steel Automotive Mechanical Manufacturing. Delamination is the separation of layers in a material. It often occurs due to poor adhesion between layers. Structural Steel Automotive Mechanical Manufacturing exhibits delamination as visible gaps or bubbles between layers, affecting the material's integrity and strength."
neudet4_crazing_082.jpg,11,"steel,crazing","Structural Steel Automotive Mechanical Manufacturing. Crazing is the appearance of a fine network of cracks on the surface, often irregularly distributed. Hot-rolled strip steel in Structural Steel Automotive Mechanical Manufacturing exhibits subtle and uniform microcracks that are less prominent, resembling a rough surface with cracks."
neudet4_crazing_083.jpg,11,"steel,crazing","Structural Steel Automotive Mechanical Manufacturing. Crazing refers to the appearance of a fine network of cracks on the surface, often irregularly distributed. Hot-rolled strip steel in Structural Steel Automotive Mechanical Manufacturing exhibits fine, uniform micro-cracks that are less prominent, resembling rough surface cracks."
neudet4_crazing_084.jpg,11,"steel,crazing","Structural Steel Automotive Mechanical Manufacturing. Crazing is the formation of a fine network of cracks on the surface, often irregularly distributed. Hot-rolled strip steel in Structural Steel Automotive Mechanical Manufacturing exhibits subtle and uniform microcracks that are less prominent, resembling rough surface cracks."
neudet4_crazing_085.jpg,11,"steel,crazing","Structural Steel Automotive Mechanical Manufacturing. Crazing is the appearance of a fine network of cracks on the surface, with cracks irregularly distributed. Hot-rolled strip steel in Structural Steel Automotive Mechanical Manufacturing exhibits fine and evenly spaced micro-cracks that are less prominent, resembling rough surface cracks."
neudet4_crazing_086.jpg,11,"steel,crazing","Structural Steel Automotive Mechanical Manufacturing. Crazing is the appearance of fine crack networks on the surface, with cracks often irregularly distributed. Hot-rolled strip steel in Structural Steel Automotive Mechanical Manufacturing exhibits fine and evenly distributed microcracks that are less pronounced, resembling a rough surface crack."
neudet4_crazing_087.jpg,11,"steel,crazing","Structural Steel Automotive Mechanical Manufacturing. Crazing refers to the appearance of a fine network of cracks on the surface, often irregularly distributed. Hot-rolled strip steel in Structural Steel Automotive Mechanical Manufacturing exhibits less noticeable fine and uniform cracking, resembling rough surface cracks."
neudet4_crazing_088.jpg,11,"steel,crazing","Structural Steel Automotive Mechanical Manufacturing. Crazing is the appearance of a fine network of cracks on the surface, often irregularly distributed. Hot-rolled strip steel in Structural Steel Automotive Mechanical Manufacturing exhibits fine, evenly spaced hairline cracks that are less pronounced, resembling a rough surface crack."
neudet4_crazing_089.jpg,11,"steel,crazing","Structural Steel Automotive Mechanical Manufacturing. Crazing is the appearance of a fine network of cracks on the surface, with cracks irregularly distributed. Hot-rolled strip steel in Structural Steel Automotive Mechanical Manufacturing exhibits fine and evenly distributed micro-cracks that are less prominent, resembling a rough surface cracking pattern."
neudet4_crazing_090.jpg,11,"steel,crazing","Structural Steel Automotive Mechanical Manufacturing. Crazing is the appearance of a fine network of cracks on the surface, often irregularly distributed. Hot-rolled strip steel in Structural Steel Automotive Mechanical Manufacturing exhibits subtle and uniform micro-cracks, appearing less prominent like rough surface cracks."
neudet4_crazing_091.jpg,11,"steel,crazing","Structural Steel Automotive Mechanical Manufacturing. Crazing refers to the appearance of a fine network of cracks on the surface, often irregularly distributed. Hot-rolled strip steel in Structural Steel Automotive Mechanical Manufacturing exhibits less prominent fine and uniform cracking, resembling rough surface cracks."
neudet4_crazing_092.jpg,11,"steel,crazing","Structural Steel Automotive Mechanical Manufacturing. Delamination refers to the separation of layers within the material, often resulting in a weakened structure. Inadequate bonding during the manufacturing process can lead to delamination, compromising the integrity of the product."
neudet4_crazing_093.jpg,11,"steel,crazing","Structural Steel Automotive Mechanical Manufacturing. Crazing is the appearance of a fine network of cracks on the surface, often irregularly distributed. Hot-rolled strip steel in Structural Steel Automotive Mechanical Manufacturing exhibits subtle, uniform microcracks that are less prominent, resembling a rough surface with cracks."
neudet4_crazing_094.jpg,11,"steel,crazing","Structural Steel Automotive Mechanical Manufacturing. Crazing is the appearance of a fine network of cracks on the surface, often irregularly distributed. Hot-rolled strip steel in Structural Steel Automotive Mechanical Manufacturing exhibits subtle and uniform micro-cracking that is less pronounced, resembling a rough surface with cracks."
neudet4_crazing_095.jpg,11,"steel,crazing","Structural Steel Automotive Mechanical Manufacturing. Crazing is the appearance of a fine network of cracks on the surface, often irregularly distributed. Hot-rolled strip steel in Structural Steel Automotive Mechanical Manufacturing exhibits less noticeable fine and uniform cracking, resembling rough surface cracks."
neudet4_crazing_096.jpg,11,"steel,crazing","Structural Steel Automotive Mechanical Manufacturing. Crazing is the appearance of a fine network of cracks on the surface, with cracks irregularly distributed. Hot-rolled strip steel in Structural Steel Automotive Mechanical Manufacturing exhibits fine, evenly spaced hairline cracks that are less pronounced, resembling rough surface cracks."
neudet4_crazing_097.jpg,11,"steel,crazing","Structural Steel Automotive Mechanical Manufacturing. Crazing is the appearance of a fine network of cracks on the surface, often irregularly distributed. Hot-rolled strip steel in Structural Steel Automotive Mechanical Manufacturing shows less noticeable fine and uniform cracking, resembling rough surface cracks."
neudet4_crazing_098.jpg,11,"steel,crazing","Structural Steel Automotive Mechanical Manufacturing. Crazing is the appearance of a fine network of cracks on the surface, often irregularly distributed. Hot-rolled strip steel in Structural Steel Automotive Mechanical Manufacturing exhibits fine, evenly spaced micro-cracks that are less pronounced, resembling a rough surface crack."
neudet4_crazing_099.jpg,11,"steel,crazing","Structural Steel Automotive Mechanical Manufacturing. Crazing is the formation of a fine network of cracks on the surface, often irregularly distributed. Hot-rolled strip steel in Structural Steel Automotive Mechanical Manufacturing exhibits subtle and uniform microcracking, which may appear less prominent like surface roughness cracks."
neudet4_crazing_100.jpg,11,"steel,crazing","Structural Steel Automotive Mechanical Manufacturing. Crazing appears as a fine network of cracks on the surface, with cracks irregularly distributed. Hot-rolled strip steel in Structural Steel Automotive Mechanical Manufacturing shows less noticeable fine and uniform micro-cracks, resembling rough surface cracks."
neudet4_crazing_101.jpg,11,"steel,crazing","Structural Steel Automotive Mechanical Manufacturing. Crazing is the appearance of a fine network of cracks on the surface, often irregularly distributed. Hot-rolled strip steel in Structural Steel Automotive Mechanical Manufacturing exhibits less noticeable fine and uniform cracking, resembling rough surface cracks."
neudet4_crazing_102.jpg,11,"steel,crazing","Structural Steel Automotive Mechanical Manufacturing. Crazing refers to the appearance of a fine network of cracks on the surface, often irregularly distributed. Hot-rolled strip steel in Structural Steel Automotive Mechanical Manufacturing exhibits fine and evenly spaced hairline cracks that are less pronounced, resembling a rough surface with cracks."
neudet4_crazing_103.jpg,11,"steel,crazing","Structural Steel Automotive Mechanical Manufacturing. Crazing is the appearance of a fine network of cracks on the surface, often irregularly distributed. Hot-rolled strip steel in Structural Steel Automotive Mechanical Manufacturing exhibits subtle and uniform microcracks that are less pronounced, resembling rough surface cracks."
neudet4_crazing_104.jpg,11,"steel,crazing","Structural Steel Automotive Mechanical Manufacturing. Crazing refers to the appearance of a fine network of cracks on the surface, with cracks irregularly distributed. Hot-rolled strip steel in Structural Steel Automotive Mechanical Manufacturing exhibits fine and uniform microcracks that are less pronounced, resembling rough surface cracks."
neudet4_crazing_105.jpg,11,"steel,crazing","Structural Steel Automotive Mechanical Manufacturing. Crazing refers to the appearance of a fine network of cracks on the surface, often irregularly distributed. Hot-rolled strip steel in Structural Steel Automotive Mechanical Manufacturing exhibits fine and uniform micro-cracks that are less prominent, resembling rough surface cracks."
neudet4_crazing_106.jpg,11,"steel,crazing","Structural Steel Automotive Mechanical Manufacturing. Crazing refers to the appearance of a fine network of cracks on the surface, often irregularly distributed. Hot-rolled strip steel in Structural Steel Automotive Mechanical Manufacturing exhibits subtle and uniform microcracks that are less prominent, resembling a rough surface with cracks."
neudet4_crazing_107.jpg,11,"steel,crazing","Structural Steel Automotive Mechanical Manufacturing. Crazing is the appearance of a fine network of cracks on the surface, often irregularly distributed. Hot-rolled strip steel in Structural Steel Automotive Mechanical Manufacturing exhibits fine, uniform microcracks that are less pronounced, resembling rough surface cracks."
neudet4_crazing_108.jpg,11,"steel,crazing","Structural Steel Automotive Mechanical Manufacturing. Delamination is the separation of layers in the material, often caused by inadequate bonding. In structural steel automotive mechanical manufacturing, delamination can weaken the overall integrity of the material, leading to potential structural failures."
neudet4_crazing_109.jpg,11,"steel,crazing","Structural Steel Automotive Mechanical Manufacturing. Delamination is the separation of layers in the material, often resulting in a weakened structure. In structural steel automotive mechanical manufacturing, delamination can lead to structural integrity issues and compromise the overall safety of the product."
neudet4_crazing_110.jpg,11,"steel,crazing","Structural Steel Automotive Mechanical Manufacturing. Delamination is the separation of layers in the material, often resulting in a weakened structure. Inconsistencies in the bonding process can lead to delamination issues. Structural Steel Automotive Mechanical Manufacturing. Surface porosity refers to the presence of small cavities or holes on the material's surface, affecting its overall smoothness and appearance. Porosity can compromise the material's integrity and structural strength."
neudet4_crazing_111.jpg,11,"steel,crazing","Structural Steel Automotive Mechanical Manufacturing. Crazing refers to the appearance of a fine network of cracks on the surface, often irregularly distributed. Hot-rolled strip steel in Structural Steel Automotive Mechanical Manufacturing exhibits fine and uniform microcracks that are less prominent, resembling rough surface cracks."
neudet4_crazing_112.jpg,11,"steel,crazing","Structural Steel Automotive Mechanical Manufacturing. Crazing is the appearance of a fine network of cracks on the surface, with cracks irregularly distributed. Hot-rolled strip steel in Structural Steel Automotive Mechanical Manufacturing exhibits fine, uniform microcracks that are less pronounced, resembling rough surface cracks."
neudet4_crazing_113.jpg,11,"steel,crazing","Structural Steel Automotive Mechanical Manufacturing. Crazing refers to the appearance of a fine network of cracks on the surface, often irregularly distributed. Hot-rolled strip steel in Structural Steel Automotive Mechanical Manufacturing exhibits subtle, uniform microcracks that are less pronounced, resembling a rough surface with cracks."
neudet4_crazing_114.jpg,11,"steel,crazing","Structural Steel Automotive Mechanical Manufacturing. Crazing refers to the appearance of a fine network of cracks on the surface, often irregularly distributed. Hot-rolled strip steel in Structural Steel Automotive Mechanical Manufacturing exhibits fine, uniform microcracks that are less pronounced, resembling rough surface cracks."
neudet4_crazing_115.jpg,11,"steel,crazing","Structural Steel Automotive Mechanical Manufacturing. Crazing refers to the appearance of a fine network of cracks on the surface, often irregularly distributed. Hot-rolled strip steel in Structural Steel Automotive Mechanical Manufacturing exhibits fine and evenly distributed micro-cracks that are less pronounced, resembling rough surface cracks."
neudet4_crazing_116.jpg,11,"steel,crazing","Structural Steel Automotive Mechanical Manufacturing. Crazing is the appearance of a fine network of cracks on the surface, with cracks irregularly distributed. Hot-rolled strip steel in Structural Steel Automotive Mechanical Manufacturing exhibits fine and uniform cracking that is less pronounced, resembling a rough surface crack."
neudet4_crazing_117.jpg,11,"steel,crazing","Structural Steel Automotive Mechanical Manufacturing. Crazing refers to the appearance of a fine network of cracks on the surface, often irregularly distributed. Hot-rolled strip steel in Structural Steel Automotive Mechanical Manufacturing exhibits a dense network of cracks that are predominantly irregularly distributed."
neudet4_crazing_118.jpg,11,"steel,crazing","Structural Steel Automotive Mechanical Manufacturing. Crazing is the appearance of a fine network of cracks on the surface, often irregularly distributed. Hot-rolled strip steel in Structural Steel Automotive Mechanical Manufacturing exhibits a fine network of cracks that are irregularly distributed."
neudet4_crazing_119.jpg,11,"steel,crazing","Structural Steel Automotive Mechanical Manufacturing. Crazing is the formation of a fine network of cracks on the surface, often irregularly distributed. Hot-rolled strip steel in Structural Steel Automotive Mechanical Manufacturing exhibits a fine network of cracks, typically with irregular distribution."
neudet4_crazing_120.jpg,11,"steel,crazing","Structural Steel Automotive Mechanical Manufacturing. Crazing refers to the appearance of a fine network of cracks on the surface, often irregularly distributed. In the production of hot-rolled strip steel for Structural Steel Automotive Mechanical Manufacturing, fine network cracks are commonly observed in irregular patterns."
neudet4_crazing_121.jpg,11,"steel,crazing","Structural Steel Automotive Mechanical Manufacturing. Crazing is the formation of a fine network of cracks on the surface, often irregularly distributed. Hot-rolled strip steel in Structural Steel Automotive Mechanical Manufacturing exhibits a fine network of cracks that are irregularly distributed."
neudet4_crazing_122.jpg,11,"steel,crazing","Structural Steel Automotive Mechanical Manufacturing. Crazing is the appearance of a fine network of cracks on the surface, often irregularly distributed. Hot-rolled strip steel in Structural Steel Automotive Mechanical Manufacturing exhibits a fine network of cracks that are predominantly irregularly distributed."
neudet4_crazing_123.jpg,11,"steel,crazing","Structural Steel Automotive Mechanical Manufacturing. Crazing is the formation of a fine network of cracks on the surface, often irregularly distributed. In hot-rolled strip steel within the Structural Steel Automotive Mechanical Manufacturing industry, fine network of cracks appear irregularly."
neudet4_crazing_124.jpg,11,"steel,crazing","Structural Steel Automotive Mechanical Manufacturing. Crazing is the appearance of a fine network of cracks on the surface, with cracks typically exhibiting irregular distribution. Hot-rolled strip steel in Structural Steel Automotive Mechanical Manufacturing often shows a fine network of cracks that are irregularly distributed."
neudet4_crazing_125.jpg,11,"steel,crazing","Structural Steel Automotive Mechanical Manufacturing. Crazing is the appearance of a fine network of cracks on the surface, with cracks irregularly distributed. Hot-rolled strip steel in Structural Steel Automotive Mechanical Manufacturing exhibits a fine network of cracks that are irregularly distributed."
neudet4_crazing_126.jpg,11,"steel,crazing","Structural Steel Automotive Mechanical Manufacturing. Crazing refers to the appearance of a fine network of cracks on the surface, often irregularly distributed. Hot-rolled strip steel in Structural Steel Automotive Mechanical Manufacturing exhibits a fine network of cracks that are irregularly distributed."
neudet4_crazing_127.jpg,11,"steel,crazing","Structural Steel Automotive Mechanical Manufacturing. Crazing is the formation of a fine network of cracks on the surface, often exhibiting irregular distribution patterns. In hot-rolled strip steel within the Structural Steel Automotive Mechanical Manufacturing industry, fine network of cracks can be observed with irregular distribution."
neudet4_crazing_128.jpg,11,"steel,crazing","Structural Steel Automotive Mechanical Manufacturing. Crazing is the appearance of a fine network of cracks on the surface, often irregularly distributed. In hot-rolled strip steel within the Structural Steel Automotive Mechanical Manufacturing industry, fine network cracks are commonly observed in an irregular pattern."
neudet4_crazing_129.jpg,11,"steel,crazing","Structural Steel Automotive Mechanical Manufacturing. Crazing is the appearance of a fine network of cracks on the surface, often irregularly distributed. Hot-rolled strip steel in Structural Steel Automotive Mechanical Manufacturing exhibits a fine network of cracks that are irregularly distributed."
neudet4_crazing_130.jpg,11,"steel,crazing","Structural Steel Automotive Mechanical Manufacturing. Crazing refers to the appearance of a fine network of cracks on the surface, often irregularly distributed. Hot-rolled strip steel in Structural Steel Automotive Mechanical Manufacturing exhibits a dense network of cracks that are irregularly distributed."
neudet4_crazing_131.jpg,11,"steel,crazing","Structural Steel Automotive Mechanical Manufacturing. Crazing is the formation of a fine network of cracks on the surface, often exhibiting irregular distribution patterns. Hot-rolled strip steel in Structural Steel Automotive Mechanical Manufacturing may display a fine network of cracks that are irregularly distributed."
neudet4_crazing_132.jpg,11,"steel,crazing","Structural Steel Automotive Mechanical Manufacturing. Crazing is the appearance of a fine network of cracks on the surface, often irregularly distributed. Hot-rolled strip steel in Structural Steel Automotive Mechanical Manufacturing exhibits a dense network of cracks that are irregularly distributed."
neudet4_crazing_133.jpg,11,"steel,crazing","Structural Steel Automotive Mechanical Manufacturing. Crazing refers to the appearance of a fine network of cracks on the surface, which are often irregularly distributed. In the production of hot-rolled strip steel for Structural Steel Automotive Mechanical Manufacturing, fine network cracks tend to exhibit irregular distribution patterns."
neudet4_crazing_134.jpg,11,"steel,crazing","Structural Steel Automotive Mechanical Manufacturing. Crazing is the appearance of a fine network of cracks on the surface, often irregularly distributed. Hot-rolled strip steel in Structural Steel Automotive Mechanical Manufacturing exhibits a fine network of cracks that are irregularly distributed."
neudet4_crazing_135.jpg,11,"steel,crazing","Structural Steel Automotive Mechanical Manufacturing. Crazing refers to the appearance of a fine network of cracks on the surface, often irregularly distributed. In the industry of Structural Steel Automotive Mechanical Manufacturing, hot-rolled strip steel may exhibit a fine network of cracks that are irregularly distributed."
neudet4_crazing_136.jpg,11,"steel,crazing","Structural Steel Automotive Mechanical Manufacturing. Crazing is the appearance of a fine network of cracks on the surface, often irregularly distributed. Hot-rolled strip steel in Structural Steel Automotive Mechanical Manufacturing exhibits a fine network of cracks that are irregularly distributed."
neudet4_crazing_137.jpg,11,"steel,crazing","Structural Steel Automotive Mechanical Manufacturing. Crazing refers to the appearance of a fine network of cracks on the surface, often irregularly distributed. Hot-rolled strip steel in Structural Steel Automotive Mechanical Manufacturing exhibits a fine network of cracks that are irregularly distributed."
neudet4_crazing_138.jpg,11,"steel,crazing","Structural Steel Automotive Mechanical Manufacturing. Crazing refers to the appearance of a fine network of cracks on the surface, often irregularly distributed. Hot-rolled strip steel in Structural Steel Automotive Mechanical Manufacturing exhibits a fine network of cracks that are predominantly irregularly distributed."
neudet4_crazing_139.jpg,11,"steel,crazing","Structural Steel Automotive Mechanical Manufacturing. Crazing is the appearance of a fine network of cracks on the surface, often irregularly distributed. In the hot-rolled strip steel of Structural Steel Automotive Mechanical Manufacturing, fine network of cracks tend to exhibit irregular distribution."
neudet4_crazing_140.jpg,11,"steel,crazing","Structural Steel Automotive Mechanical Manufacturing. Crazing is the appearance of a fine network of cracks on the surface, often irregularly distributed. Hot-rolled strip steel in Structural Steel Automotive Mechanical Manufacturing exhibits a fine network of cracks that are irregularly distributed."
neudet4_crazing_141.jpg,11,"steel,crazing","Structural Steel Automotive Mechanical Manufacturing. Crazing is the appearance of a fine network of cracks on the surface, often irregularly distributed. Hot-rolled strip steel in the Structural Steel Automotive Mechanical Manufacturing industry may exhibit a fine network of cracks that are irregularly distributed."
neudet4_crazing_142.jpg,11,"steel,crazing","Structural Steel Automotive Mechanical Manufacturing. Crazing is the appearance of a fine network of cracks on the surface, often irregularly distributed. Hot-rolled strip steel in Structural Steel Automotive Mechanical Manufacturing exhibits a fine network of cracks that are irregularly distributed."
neudet4_crazing_143.jpg,11,"steel,crazing","Structural Steel Automotive Mechanical Manufacturing. Crazing refers to the appearance of a fine network of surface cracks, often irregularly distributed. Hot-rolled strip steel in Structural Steel Automotive Mechanical Manufacturing exhibits a fine network of cracks that are irregularly distributed."
neudet4_crazing_144.jpg,11,"steel,crazing","Structural Steel Automotive Mechanical Manufacturing. Crazing is the appearance of a fine network of cracks on the surface, often irregularly distributed. Hot-rolled strip steel in Structural Steel Automotive Mechanical Manufacturing exhibits a fine network of cracks that are irregularly distributed."
neudet4_crazing_145.jpg,11,"steel,crazing","Structural Steel Automotive Mechanical Manufacturing. Crazing refers to the appearance of a fine network of cracks on the surface, often irregularly distributed. Hot-rolled strip steel in Structural Steel Automotive Mechanical Manufacturing exhibits a fine network of cracks that are irregularly distributed."
neudet4_crazing_146.jpg,11,"steel,crazing","Structural Steel Automotive Mechanical Manufacturing. Crazing refers to the appearance of a fine network of cracks on the surface, often irregularly distributed. In the production of hot-rolled strip steel for structural steel automotive mechanical manufacturing, a fine network of cracks can be observed, which are irregularly distributed."
neudet4_crazing_147.jpg,11,"steel,crazing","Structural Steel Automotive Mechanical Manufacturing. Crazing is the appearance of a fine network of cracks on the surface, with cracks often irregularly distributed. Hot-rolled strip steel in Structural Steel Automotive Mechanical Manufacturing exhibits a fine network of cracks that are irregularly distributed."
neudet4_crazing_148.jpg,11,"steel,crazing","Structural Steel Automotive Mechanical Manufacturing. Crazing is the appearance of a fine network of cracks on the surface, often irregularly distributed. Hot-rolled strip steel in Structural Steel Automotive Mechanical Manufacturing exhibits a fine network of cracks that are irregularly distributed."
neudet4_crazing_149.jpg,11,"steel,crazing","Structural Steel Automotive Mechanical Manufacturing. Crazing refers to the appearance of a fine network of cracks on the surface, often irregularly distributed. In the industry of Structural Steel Automotive Mechanical Manufacturing, hot-rolled strip steel may exhibit a fine network of cracks that are irregularly distributed."
neudet4_crazing_150.jpg,11,"steel,crazing","Structural Steel Automotive Mechanical Manufacturing. Crazing is the occurrence of a fine network of cracks on the surface, often irregularly distributed. In hot-rolled strip steel within the Structural Steel Automotive Mechanical Manufacturing industry, fine network cracks are commonly observed in irregular patterns."
neudet4_crazing_151.jpg,11,"steel,crazing","Structural Steel Automotive Mechanical Manufacturing. Crazing is the appearance of a fine network of cracks on the surface, often irregularly distributed. Hot-rolled strip steel in Structural Steel Automotive Mechanical Manufacturing exhibits a fine network of cracks that are irregularly distributed."
neudet4_crazing_152.jpg,11,"steel,crazing","Structural Steel Automotive Mechanical Manufacturing. Crazing is the appearance of a fine network of cracks on the surface, often irregularly distributed. Hot-rolled strip steel in Structural Steel Automotive Mechanical Manufacturing exhibits a fine network of cracks that are predominantly irregularly distributed."
neudet4_crazing_153.jpg,11,"steel,crazing","Structural Steel Automotive Mechanical Manufacturing. Crazing is the appearance of a fine network of cracks on the surface, often irregularly distributed. Hot-rolled strip steel in Structural Steel Automotive Mechanical Manufacturing exhibits a fine network of cracks, which are irregularly distributed."
neudet4_crazing_154.jpg,11,"steel,crazing","Structural Steel Automotive Mechanical Manufacturing. Crazing refers to the appearance of a fine network of cracks on the surface, often irregularly distributed. Hot-rolled strip steel in Structural Steel Automotive Mechanical Manufacturing exhibits a fine network of cracks that are irregularly distributed."
neudet4_crazing_155.jpg,11,"steel,crazing","Structural Steel Automotive Mechanical Manufacturing. Crazing is the appearance of a fine network of cracks on the surface, often irregularly distributed. Hot-rolled strip steel in Structural Steel Automotive Mechanical Manufacturing exhibits a fine network of cracks that are irregularly distributed."
neudet4_crazing_156.jpg,11,"steel,crazing","Structural Steel Automotive Mechanical Manufacturing. Crazing refers to the appearance of a fine network of cracks on the surface, often irregularly distributed. Structural Steel Automotive Mechanical Manufacturing, such as hot-rolled strip steel, exhibits a fine network of cracks that are irregularly distributed."
neudet4_crazing_157.jpg,11,"steel,crazing","Structural Steel Automotive Mechanical Manufacturing. Crazing is the appearance of a fine network of cracks on the surface, often irregularly distributed. Hot-rolled strip steel in Structural Steel Automotive Mechanical Manufacturing exhibits a fine network of cracks that are irregularly distributed."
neudet4_crazing_158.jpg,11,"steel,crazing","Structural Steel Automotive Mechanical Manufacturing. Crazing refers to the appearance of a fine network of cracks on the surface, often irregularly distributed. Hot-rolled strip steel in Structural Steel Automotive Mechanical Manufacturing exhibits a fine network of cracks that are irregularly distributed."
neudet4_crazing_159.jpg,11,"steel,crazing","Structural Steel Automotive Mechanical Manufacturing. Crazing refers to the appearance of a fine network of cracks on the surface, often irregularly distributed. In the hot-rolled strip steel of Structural Steel Automotive Mechanical Manufacturing, a fine network of cracks can be observed, typically displaying irregular distribution."
neudet4_crazing_160.jpg,11,"steel,crazing","Structural Steel Automotive Mechanical Manufacturing. Crazing refers to the appearance of a fine network of cracks on the surface, often irregularly distributed. In the production of hot-rolled strip steel in the Structural Steel Automotive Mechanical Manufacturing industry, fine networks of cracks that are irregularly distributed can be observed."
neudet4_crazing_161.jpg,11,"steel,crazing","Structural Steel Automotive Mechanical Manufacturing. Crazing is the appearance of a fine network of cracks on the surface, often irregularly distributed. Hot-rolled strip steel in Structural Steel Automotive Mechanical Manufacturing exhibits a fine network of cracks, which are irregularly distributed."
neudet4_crazing_162.jpg,11,"steel,crazing","Structural Steel Automotive Mechanical Manufacturing. Crazing refers to the appearance of a fine network of surface cracks, often irregularly distributed. Hot-rolled strip steel in Structural Steel Automotive Mechanical Manufacturing exhibits a fine network of surface cracks that are irregularly distributed."
neudet4_crazing_163.jpg,11,"steel,crazing","Structural Steel Automotive Mechanical Manufacturing. Crazing refers to the appearance of a fine network of cracks on the surface, often irregularly distributed. Hot-rolled strip steel in Structural Steel Automotive Mechanical Manufacturing exhibits a fine network of cracks that are irregularly distributed."
neudet4_crazing_164.jpg,11,"steel,crazing","Structural Steel Automotive Mechanical Manufacturing. Crazing is the appearance of a fine network of cracks on the surface, often irregularly distributed. Hot-rolled strip steel in Structural Steel Automotive Mechanical Manufacturing exhibits a fine network of cracks, which are irregularly distributed."
neudet4_crazing_165.jpg,11,"steel,crazing","Structural Steel Automotive Mechanical Manufacturing. Crazing is the formation of a fine network of cracks on the surface, often irregularly distributed. Hot-rolled strip steel in Structural Steel Automotive Mechanical Manufacturing exhibits a fine network of cracks that are irregularly distributed."
neudet4_crazing_166.jpg,11,"steel,crazing","Structural Steel Automotive Mechanical Manufacturing. Crazing refers to the appearance of a fine network of cracks on the surface, often irregularly distributed. Hot-rolled strip steel in Structural Steel Automotive Mechanical Manufacturing exhibits a fine network of cracks, which are predominantly irregularly distributed."
neudet4_crazing_167.jpg,11,"steel,crazing","Structural Steel Automotive Mechanical Manufacturing. Crazing is the appearance of a fine network of cracks on the surface, often irregularly distributed. In hot-rolled strip steel within the Structural Steel Automotive Mechanical Manufacturing industry, fine network cracks are commonly observed in irregular patterns."
neudet4_crazing_168.jpg,11,"steel,crazing","Structural Steel Automotive Mechanical Manufacturing. Crazing refers to the appearance of a fine network of cracks on the surface, often irregularly distributed. In the production of hot-rolled strip steel for Structural Steel Automotive Mechanical Manufacturing, these fine network cracks are commonly observed in irregular patterns."
neudet4_crazing_169.jpg,11,"steel,crazing","Structural Steel Automotive Mechanical Manufacturing. Crazing refers to the appearance of a fine network of cracks on the surface, often irregularly distributed. In the production of hot-rolled strip steel for Structural Steel Automotive Mechanical Manufacturing, fine network cracks are commonly observed in irregular patterns."
neudet4_crazing_170.jpg,11,"steel,crazing","Structural Steel Automotive Mechanical Manufacturing. Crazing is the appearance of a fine network of cracks on the surface, often distributed irregularly. Hot-rolled strip steel in Structural Steel Automotive Mechanical Manufacturing exhibits a fine network of cracks that are irregularly distributed."
neudet4_crazing_171.jpg,11,"steel,crazing","Structural Steel Automotive Mechanical Manufacturing. Crazing is the appearance of a fine network of cracks on the surface, with cracks irregularly distributed. Hot-rolled strip steel in Structural Steel Automotive Mechanical Manufacturing exhibits a fine network of cracks that are irregularly distributed."
neudet4_crazing_172.jpg,11,"steel,crazing","Structural Steel Automotive Mechanical Manufacturing. Crazing is the appearance of a fine network of cracks on the surface, often irregularly distributed. Hot-rolled strip steel in Structural Steel Automotive Mechanical Manufacturing exhibits a fine network of cracks that are predominantly irregularly distributed."
neudet4_crazing_173.jpg,11,"steel,crazing","Structural Steel Automotive Mechanical Manufacturing. Crazing is the appearance of a fine network of cracks on the surface, often irregularly distributed. Hot-rolled strip steel in Structural Steel Automotive Mechanical Manufacturing exhibits a fine network of cracks that are irregularly distributed."
neudet4_crazing_174.jpg,11,"steel,crazing","Structural Steel Automotive Mechanical Manufacturing. Crazing refers to the appearance of a fine network of cracks on the surface, often irregularly distributed. Hot-rolled strip steel in Structural Steel Automotive Mechanical Manufacturing exhibits a dense network of cracks that are irregularly distributed."
neudet4_crazing_175.jpg,11,"steel,crazing","Structural Steel Automotive Mechanical Manufacturing. Crazing is the formation of a fine network of cracks on the surface, often irregularly distributed. In the case of hot-rolled strip steel in Structural Steel Automotive Mechanical Manufacturing, fine network of cracks tend to exhibit irregular distribution patterns."
neudet4_crazing_176.jpg,11,"steel,crazing","Structural Steel Automotive Mechanical Manufacturing. Crazing is the formation of a fine network of surface cracks, often irregularly distributed. Hot-rolled strip steel in Structural Steel Automotive Mechanical Manufacturing exhibits a fine network of surface cracks, commonly with irregular distribution."
neudet4_crazing_177.jpg,11,"steel,crazing","Structural Steel Automotive Mechanical Manufacturing. Crazing is the formation of a fine network of cracks on the surface, often irregularly distributed. Hot-rolled strip steel in Structural Steel Automotive Mechanical Manufacturing exhibits a fine network of cracks that are irregularly distributed."
neudet4_crazing_178.jpg,11,"steel,crazing","Structural Steel Automotive Mechanical Manufacturing. Crazing is the appearance of a fine network of cracks on the surface, often irregularly distributed. Hot-rolled strip steel in Structural Steel Automotive Mechanical Manufacturing exhibits a fine network of cracks that are irregularly distributed."
neudet4_crazing_179.jpg,11,"steel,crazing","Structural Steel Automotive Mechanical Manufacturing. Crazing refers to the appearance of a fine network of cracks on the surface, often irregularly distributed. Hot-rolled strip steel in Structural Steel Automotive Mechanical Manufacturing exhibits a fine network of cracks that are irregularly dispersed."
neudet4_crazing_180.jpg,11,"steel,crazing","Structural Steel Automotive Mechanical Manufacturing. Crazing is the appearance of a fine network of cracks on the surface, often irregularly distributed. Hot-rolled strip steel in Structural Steel Automotive Mechanical Manufacturing exhibits a fine network of cracks that are irregularly distributed."
neudet4_crazing_181.jpg,11,"steel,crazing","Structural Steel Automotive Mechanical Manufacturing. Crazing refers to the appearance of a fine network of cracks on the surface, often irregularly distributed. Hot-rolled strip steel in Structural Steel Automotive Mechanical Manufacturing exhibits fine, tortuous cracks resembling dry land fissures, possibly due to rapid cooling or excessive internal stress."
neudet4_crazing_182.jpg,11,"steel,crazing","Structural Steel Automotive Mechanical Manufacturing. Microscopic crazing appears on the surface, with cracks irregularly distributed. Hot-rolled strip steel in Structural Steel Automotive Mechanical Manufacturing exhibits fine tortuous cracks resembling dry land fissures, possibly due to rapid cooling or excessive internal stress."
neudet4_crazing_183.jpg,11,"steel,crazing","Structural Steel Automotive Mechanical Manufacturing. Crazing refers to the appearance of a fine network of cracks on the surface, often irregularly distributed. Hot-rolled strip steel in structural steel automotive mechanical manufacturing exhibits fine, tortuous cracks resembling those seen in dry soil due to rapid cooling or excessive internal stresses."
neudet4_crazing_184.jpg,11,"steel,crazing","Structural Steel Automotive Mechanical Manufacturing. Crazing refers to the appearance of a fine network of cracks on the surface, often irregularly distributed. Hot-rolled strip steel in Structural Steel Automotive Mechanical Manufacturing exhibits fine tortuous cracks resembling drought fissures, possibly due to rapid cooling or excessive internal stress."
neudet4_crazing_185.jpg,11,"steel,crazing","Structural Steel Automotive Mechanical Manufacturing. Crazing is the appearance of a fine network of cracks on the surface, often irregularly distributed. Hot-rolled strip steel in Structural Steel Automotive Mechanical Manufacturing may exhibit fine hairline cracks resembling dry parched land, possibly due to rapid cooling or excessive internal stress in the material."
neudet4_crazing_186.jpg,11,"steel,crazing","Structural Steel Automotive Mechanical Manufacturing. Crazing refers to the appearance of a fine network of cracks on the surface, often irregularly distributed. Hot-rolled strip steel in Structural Steel Automotive Mechanical Manufacturing exhibits fine, tortuous cracks resembling dry land fissures, possibly due to rapid cooling or excessive internal stresses."
neudet4_crazing_187.jpg,11,"steel,crazing","Structural Steel Automotive Mechanical Manufacturing. Crazing is the appearance of a fine network of cracks on the surface, often irregularly distributed. Hot-rolled strip steel in Structural Steel Automotive Mechanical Manufacturing exhibits fine, tortuous cracks resembling dry land fissures, possibly due to rapid cooling or excessive internal stress."
neudet4_crazing_188.jpg,11,"steel,crazing","Structural Steel Automotive Mechanical Manufacturing. Crazing refers to the appearance of a fine network of surface cracks, often irregularly distributed. Hot-rolled strip steel in structural steel automotive mechanical manufacturing may exhibit fine, tortuous cracks resembling those seen in dried mud, possibly due to rapid cooling or excessive internal stress within the material."
neudet4_crazing_189.jpg,11,"steel,crazing","Structural Steel Automotive Mechanical Manufacturing. Crazing is the appearance of a fine network of cracks on the surface, often irregularly distributed. Hot-rolled strip steel in Structural Steel Automotive Mechanical Manufacturing exhibits fine tortuous cracks resembling dry land fissures, possibly due to rapid cooling or excessive internal stress within the material."
neudet4_crazing_190.jpg,11,"steel,crazing","Structural Steel Automotive Mechanical Manufacturing exhibits fine cracking patterns known as crazing, with irregularly distributed cracks on the surface. Hot-rolled strip steel in Structural Steel Automotive Mechanical Manufacturing may show fine hairline cracks resembling dry soil cracking, possibly due to rapid cooling or excessive internal material stress."
neudet4_crazing_191.jpg,11,"steel,crazing","Structural Steel Automotive Mechanical Manufacturing. Crazing refers to the appearance of a fine network of cracks on the surface, often irregularly distributed. Hot-rolled strip steel in structural steel automotive mechanical manufacturing exhibits fine tortuous cracks resembling dry aridity fissures, possibly due to rapid cooling or excessive internal material stress."
neudet4_crazing_192.jpg,11,"steel,crazing","Structural Steel Automotive Mechanical Manufacturing. Crazing refers to the appearance of a fine network of surface cracks, often irregularly distributed. Hot-rolled strip steel in Structural Steel Automotive Mechanical Manufacturing exhibits fine, tortuous cracks resembling dry land fissures, possibly due to rapid cooling or excessive internal stresses."
neudet4_crazing_193.jpg,11,"steel,crazing","Structural Steel Automotive Mechanical Manufacturing. Crazing refers to the appearance of a fine network of surface cracks, often irregularly distributed. Hot-rolled strip steel in Structural Steel Automotive Mechanical Manufacturing may exhibit fine tortuous cracks resembling dry cracking, possibly due to rapid cooling or excessive internal stresses within the material."
neudet4_crazing_194.jpg,11,"steel,crazing","Structural Steel Automotive Mechanical Manufacturing. Crazing is the appearance of a fine network of cracks on the surface, with cracks irregularly distributed. Hot-rolled strip steel in Structural Steel Automotive Mechanical Manufacturing exhibits fine tortuous cracks resembling dry cracking, possibly due to rapid cooling or excessive internal stress in the material."
neudet4_crazing_195.jpg,11,"steel,crazing","Structural Steel Automotive Mechanical Manufacturing exhibits crazing, characterized by a fine network of cracks on the surface that are irregularly distributed. The hot-rolled strip steel may display fine tortuous cracks resembling drought fissures, possibly due to rapid cooling or excessive internal stress within the material."
neudet4_crazing_196.jpg,11,"steel,crazing","Structural Steel Automotive Mechanical Manufacturing. Crazing refers to the appearance of a fine network of cracks on the surface, often irregularly distributed. Hot-rolled strip steel in Structural Steel Automotive Mechanical Manufacturing exhibits fine, tortuous cracks resembling those seen in dried mud, possibly due to rapid cooling or excessive internal stress within the material."
neudet4_crazing_197.jpg,11,"steel,crazing","Structural Steel Automotive Mechanical Manufacturing. Crazing refers to the appearance of a fine network of surface cracks, often irregularly distributed. Hot-rolled strip steel in Structural Steel Automotive Mechanical Manufacturing may exhibit fine tortuous cracks resembling dry earth fissures, possibly due to rapid cooling or excessive internal stresses."
neudet4_crazing_198.jpg,11,"steel,crazing","Structural Steel Automotive Mechanical Manufacturing. Crazing refers to the appearance of a fine network of cracks on the surface, often irregularly distributed. Hot-rolled strip steel in Structural Steel Automotive Mechanical Manufacturing exhibits fine tortoise-shell cracks resembling drought cracks, possibly due to rapid cooling or excessive internal stress in the material."
neudet4_crazing_199.jpg,11,"steel,crazing","Structural Steel Automotive Mechanical Manufacturing. Delamination refers to the separation of layers in the material, leading to reduced structural integrity. Inadequate bonding during the manufacturing process can result in delamination issues."
neudet4_crazing_200.jpg,11,"steel,crazing","Structural Steel Automotive Mechanical Manufacturing. Crazing refers to the appearance of a fine network of cracks on the surface, often irregularly distributed. Hot-rolled strip steel in structural steel automotive mechanical manufacturing exhibits fine tortuous cracks resembling dry fissures, possibly due to rapid cooling or excessive internal stresses."
neudet4_crazing_201.jpg,11,"steel,crazing","Structural Steel Automotive Mechanical Manufacturing. Crazing is the appearance of a fine network of cracks on the surface, often irregularly distributed. Hot-rolled strip steel in Structural Steel Automotive Mechanical Manufacturing may exhibit crazing with fine cracks interspersed with numerous dark patches, possibly indicating larger fissures."
neudet4_crazing_202.jpg,11,"steel,crazing","Structural Steel Automotive Mechanical Manufacturing. Crazing refers to the appearance of a fine network of cracks on the surface, often irregularly distributed. In hot-rolled strip steel within the industry, the presence of fine cracks and numerous black patches in the crazing may indicate the presence of larger cracks."
neudet4_crazing_203.jpg,11,"steel,crazing","Structural Steel Automotive Mechanical Manufacturing. Crazing is the appearance of a fine network of cracks on the surface, often irregularly distributed. In hot-rolled strip steel within the industry, the presence of fine cracks and numerous dark patches may indicate the occurrence of severe cracking."
neudet4_crazing_204.jpg,11,"steel,crazing","Structural Steel Automotive Mechanical Manufacturing. Crazing refers to the appearance of a fine network of cracks on the surface, often irregularly distributed. Hot-rolled strip steel in Structural Steel Automotive Mechanical Manufacturing may exhibit crazing with fine cracks interspersed with numerous dark patches, possibly indicating larger fissures."
neudet4_crazing_205.jpg,11,"steel,crazing","Structural Steel Automotive Mechanical Manufacturing. Crazing is the appearance of a fine network of cracks on the surface, often irregularly distributed. Hot-rolled strip steel in Structural Steel Automotive Mechanical Manufacturing may exhibit crazing with fine cracks interspersed with numerous dark patches, possibly indicating larger fissures."
neudet4_crazing_206.jpg,11,"steel,crazing","Structural Steel Automotive Mechanical Manufacturing. Crazing is the appearance of a fine network of cracks on the surface, with cracks irregularly distributed. Hot-rolled strip steel in Structural Steel Automotive Mechanical Manufacturing may exhibit crazing with fine cracks interspersed with numerous dark patches, possibly indicating the presence of major fissures."
neudet4_crazing_207.jpg,11,"steel,crazing","Structural Steel Automotive Mechanical Manufacturing. Crazing appears as a fine network of surface cracks, often irregularly distributed. Hot-rolled steel bands in Structural Steel Automotive Mechanical Manufacturing may exhibit crazing with numerous black patches, indicating potential large cracks."
neudet4_crazing_208.jpg,11,"steel,crazing","Structural Steel Automotive Mechanical Manufacturing. Crazing is the appearance of a fine network of cracks on the surface, often irregularly distributed. Hot-rolled strip steel in Structural Steel Automotive Mechanical Manufacturing may exhibit crazing with fine cracks interspersed with numerous dark patches, possibly indicating larger cracks."
neudet4_crazing_209.jpg,11,"steel,crazing","Structural Steel Automotive Mechanical Manufacturing. Crazing is the formation of a fine network of cracks on the surface, often irregularly distributed. Hot-rolled strip steel in Structural Steel Automotive Mechanical Manufacturing exhibits crazing with fine cracks interspersed with numerous dark patches, possibly indicating larger fissures."
neudet4_crazing_210.jpg,11,"steel,crazing","Structural Steel Automotive Mechanical Manufacturing. Crazing is the appearance of a fine network of cracks on the surface, with cracks irregularly distributed. Hot-rolled steel bands in Structural Steel Automotive Mechanical Manufacturing may exhibit crazing with fine cracks interspersed with numerous dark patches, possibly indicating larger cracks."
neudet4_crazing_211.jpg,11,"steel,crazing","Structural Steel Automotive Mechanical Manufacturing. Crazing is the appearance of a fine network of cracks on the surface, often irregularly distributed. In hot-rolled strip steel of Structural Steel Automotive Mechanical Manufacturing, crazing cracks are interspersed with numerous black patches, possibly indicating larger fissures."
neudet4_crazing_212.jpg,11,"steel,crazing","Structural Steel Automotive Mechanical Manufacturing. Crazing is the appearance of a fine network of cracks on the surface, often irregularly distributed. Hot-rolled steel bands in Structural Steel Automotive Mechanical Manufacturing may exhibit crazing with fine cracks interspersed with numerous dark patches, possibly indicating the presence of larger fissures."
neudet4_crazing_213.jpg,11,"steel,crazing","Structural Steel Automotive Mechanical Manufacturing. Crazing is the appearance of a fine network of cracks on the surface, often irregularly distributed. Hot-rolled strip steel in Structural Steel Automotive Mechanical Manufacturing may exhibit crazing with fine cracks interspersed with numerous dark patches, possibly indicating larger fissures."
neudet4_crazing_214.jpg,11,"steel,crazing","Structural Steel Automotive Mechanical Manufacturing. Crazing is the appearance of a fine network of cracks on the surface, often irregularly distributed. Hot-rolled strip steel in structural steel automotive mechanical manufacturing may exhibit crazing with fine cracks interspersed with numerous dark patches, possibly indicating larger fissures."
neudet4_crazing_215.jpg,11,"steel,crazing","Structural Steel Automotive Mechanical Manufacturing. Crazing is the appearance of a fine network of cracks on the surface, often irregularly distributed. Hot-rolled steel strips in Structural Steel Automotive Mechanical Manufacturing may exhibit crazing with fine cracks interspersed with numerous dark patches, possibly indicating larger fissures."
neudet4_crazing_216.jpg,11,"steel,crazing","Structural Steel Automotive Mechanical Manufacturing. Crazing is the appearance of a fine network of cracks on the surface, often irregularly distributed. Hot-rolled strip steel in Structural Steel Automotive Mechanical Manufacturing may exhibit crazing with fine cracks interspersed with numerous dark patches, possibly indicating larger fissures."
neudet4_crazing_217.jpg,11,"steel,crazing","Structural Steel Automotive Mechanical Manufacturing. Crazing refers to the appearance of a fine network of cracks on the surface, often irregularly distributed. Hot-rolled strip steel in Structural Steel Automotive Mechanical Manufacturing may exhibit crazing with fine cracks interspersed with numerous black patches, indicating potential large fissures."
neudet4_crazing_218.jpg,11,"steel,crazing","Structural Steel Automotive Mechanical Manufacturing. Crazing is the appearance of a fine network of cracks on the surface, often irregularly distributed. Hot-rolled strip steel in Structural Steel Automotive Mechanical Manufacturing may exhibit crazing with fine cracks interspersed with numerous dark patches, possibly indicating larger fissures."
neudet4_crazing_219.jpg,11,"steel,crazing","Structural Steel Automotive Mechanical Manufacturing. Crazing is the formation of a fine network of cracks on the surface, often irregularly distributed. Hot-rolled strip steel in Structural Steel Automotive Mechanical Manufacturing may exhibit crazing with fine cracks interspersed with numerous black patches, possibly indicating larger fissures."
neudet4_crazing_220.jpg,11,"steel,crazing","Structural Steel Automotive Mechanical Manufacturing. Crazing refers to the appearance of a fine network of cracks on the surface, often irregularly distributed. In hot-rolled strip steel of Structural Steel Automotive Mechanical Manufacturing, crazing may exhibit fine cracks interspersed with numerous dark patches, possibly indicating the presence of larger fissures."
neudet4_crazing_221.jpg,11,"steel,crazing","Structural Steel Automotive Mechanical Manufacturing. Crazing is the appearance of a fine network of cracks on the surface, often irregularly distributed. Hot-rolled strip steel in Structural Steel Automotive Mechanical Manufacturing may exhibit crazing with fine cracks interspersed with numerous black patches, possibly indicating larger fissures."
neudet4_crazing_222.jpg,11,"steel,crazing","Structural Steel Automotive Mechanical Manufacturing. Crazing refers to the appearance of a fine network of cracks on the surface, often irregularly distributed. Hot-rolled strip steel in Structural Steel Automotive Mechanical Manufacturing may exhibit crazing with fine cracks interspersed with numerous dark patches, possibly indicating larger fissures."
neudet4_crazing_223.jpg,11,"steel,crazing","Structural Steel Automotive Mechanical Manufacturing. Crazing refers to the appearance of a fine network of cracks on the surface, often irregularly distributed. Hot-rolled strip steel in Structural Steel Automotive Mechanical Manufacturing may exhibit crazing with fine cracks interspersed with numerous dark patches, potentially indicating larger fissures."
neudet4_crazing_224.jpg,11,"steel,crazing","Structural Steel Automotive Mechanical Manufacturing. Crazing is the appearance of a fine network of cracks on the surface, often irregularly distributed. Hot-rolled structural steel in automotive mechanical manufacturing may exhibit crazing with fine cracks interspersed with numerous black patches, possibly indicating larger fissures."
neudet4_crazing_225.jpg,11,"steel,crazing","Structural Steel Automotive Mechanical Manufacturing. Crazing refers to the appearance of a fine network of cracks on the surface, often irregularly distributed. Hot-rolled strip steel in Structural Steel Automotive Mechanical Manufacturing may exhibit crazing with fine cracks interspersed with numerous dark patches, possibly indicating larger fissures."
neudet4_crazing_226.jpg,11,"steel,crazing","Structural Steel Automotive Mechanical Manufacturing. Crazing refers to the appearance of a fine network of cracks on the surface, often irregularly distributed. Hot-rolled strip steel in Structural Steel Automotive Mechanical Manufacturing may exhibit crazing with fine cracks interspersed with numerous black patches, possibly indicating the presence of larger cracks."
neudet4_crazing_227.jpg,11,"steel,crazing","Structural Steel Automotive Mechanical Manufacturing. Crazing is the appearance of a fine network of cracks on the surface, with cracks irregularly distributed. Hot-rolled strip steel in Structural Steel Automotive Mechanical Manufacturing may exhibit crazing with fine cracks interspersed with numerous dark patches, possibly indicating the presence of larger fissures."
neudet4_crazing_228.jpg,11,"steel,crazing","Structural Steel Automotive Mechanical Manufacturing. Crazing is the appearance of a fine network of cracks on the surface, often irregularly distributed. Hot-rolled strip steel in Structural Steel Automotive Mechanical Manufacturing may exhibit crazing with fine cracks interspersed with numerous dark patches, possibly indicating larger fissures."
neudet4_crazing_229.jpg,11,"steel,crazing","Structural Steel Automotive Mechanical Manufacturing. Crazing refers to the appearance of a fine network of cracks on the surface, often irregularly distributed. Hot-rolled strip steel in Structural Steel Automotive Mechanical Manufacturing may exhibit crazing with fine cracks interspersed with numerous dark patches, possibly indicating larger fissures."
neudet4_crazing_230.jpg,11,"steel,crazing","Structural Steel Automotive Mechanical Manufacturing. Crazing is the appearance of a fine network of cracks on the surface, often irregularly distributed. Hot-rolled strip steel in Structural Steel Automotive Mechanical Manufacturing may exhibit crazing with fine cracks interspersed with numerous dark patches, possibly indicating larger fissures."
neudet4_crazing_231.jpg,11,"steel,crazing","Structural Steel Automotive Mechanical Manufacturing. Crazing is the appearance of a fine network of cracks on the surface, often irregularly distributed. Hot-rolled strip steel in Structural Steel Automotive Mechanical Manufacturing may exhibit crazing with fine cracks interspersed with numerous black patches, possibly indicating larger fissures."
neudet4_crazing_232.jpg,11,"steel,crazing","Structural Steel Automotive Mechanical Manufacturing. Crazing is the appearance of a fine network of cracks on the surface, often irregularly distributed. Hot-rolled strip steel in Structural Steel Automotive Mechanical Manufacturing may exhibit crazing with fine cracks interspersed with numerous black patches, potentially indicating larger fissures."
neudet4_crazing_233.jpg,11,"steel,crazing","Structural Steel Automotive Mechanical Manufacturing. Crazing refers to the appearance of a fine network of cracks on the surface, often irregularly distributed. In hot-rolled strip steel of Structural Steel Automotive Mechanical Manufacturing, crazing fine cracks interspersed with numerous black patches may indicate the presence of larger cracks."
neudet4_crazing_234.jpg,11,"steel,crazing","Structural Steel Automotive Mechanical Manufacturing.Crazing is the appearance of a fine network of cracks on the surface, often irregularly distributed. Hot-rolled steel bands in Structural Steel Automotive Mechanical Manufacturing may exhibit crazing with fine cracks interspersed with numerous dark patches, potentially indicating the presence of larger fissures."
neudet4_crazing_235.jpg,11,"steel,crazing","Structural Steel Automotive Mechanical Manufacturing. Crazing refers to the appearance of a fine network of surface cracks, often irregularly distributed. Hot-rolled strip steel in Structural Steel Automotive Mechanical Manufacturing may exhibit crazing with fine cracks interspersed with numerous dark patches, possibly indicating larger fissures."
neudet4_crazing_236.jpg,11,"steel,crazing","Structural Steel Automotive Mechanical Manufacturing. Crazing is the appearance of fine crack networks on the surface, with cracks irregularly distributed. Hot-rolled strip steel in Structural Steel Automotive Mechanical Manufacturing may exhibit crazing with fine cracks interspersed with numerous black patches, possibly indicating the presence of large cracks."
neudet4_crazing_237.jpg,11,"steel,crazing","Structural Steel Automotive Mechanical Manufacturing. Crazing is the appearance of a fine network of cracks on the surface, often irregularly distributed. Hot-rolled strip steel in Structural Steel Automotive Mechanical Manufacturing may exhibit crazing with fine fissures interspersed with numerous dark patches, possibly indicating larger cracks."
neudet4_crazing_238.jpg,11,"steel,crazing","Structural Steel Automotive Mechanical Manufacturing. Crazing is the appearance of a fine network of cracks on the surface, often irregularly distributed. Hot-rolled strip steel in Structural Steel Automotive Mechanical Manufacturing may exhibit crazing with fine cracks interspersed with numerous black patches, possibly indicating larger fissures."
neudet4_crazing_239.jpg,11,"steel,crazing","Structural Steel Automotive Mechanical Manufacturing. Crazing is the appearance of a fine network of cracks on the surface, often irregularly distributed. Hot-rolled strip steel in Structural Steel Automotive Mechanical Manufacturing may exhibit crazing with fine cracks interspersed with numerous dark patches, possibly indicating larger cracks."
neudet4_crazing_240.jpg,11,"steel,crazing","Structural Steel Automotive Mechanical Manufacturing. Crazing is the appearance of a fine network of cracks on the surface, often irregularly distributed. Hot-rolled strip steel in Structural Steel Automotive Mechanical Manufacturing may exhibit crazing with fine cracks interspersed with numerous dark patches, possibly indicating larger fissures."
neudet4_crazing_241.jpg,11,"steel,crazing","Structural Steel Automotive Mechanical Manufacturing. Crazing is the appearance of a fine network of cracks on the surface, often irregularly distributed. Hot-rolled strip steel in Structural Steel Automotive Mechanical Manufacturing may exhibit crazing with fine cracks interspersed with numerous dark patches, possibly indicating larger fissures."
neudet4_crazing_242.jpg,11,"steel,crazing","Structural Steel Automotive Mechanical Manufacturing. Crazing is the appearance of a fine network of surface cracks, often irregularly distributed. Hot-rolled steel in Structural Steel Automotive Mechanical Manufacturing may exhibit crazing with small cracks interspersed with numerous dark patches, possibly indicating larger fissures."
neudet4_crazing_243.jpg,11,"steel,crazing","Structural Steel Automotive Mechanical Manufacturing. Crazing is the appearance of a fine network of cracks on the surface, often irregularly distributed. Hot-rolled strip steel in Structural Steel Automotive Mechanical Manufacturing may exhibit crazing with fine cracks interspersed with numerous dark patches, possibly indicating larger fissures."
neudet4_crazing_244.jpg,11,"steel,crazing","Structural Steel Automotive Mechanical Manufacturing. Crazing refers to the appearance of a fine network of surface cracks, often irregularly distributed. Hot-rolled structural steel may exhibit crazing with small cracks interspersed with numerous dark patches, potentially indicating larger fissures."
neudet4_crazing_245.jpg,11,"steel,crazing","Structural Steel Automotive Mechanical Manufacturing. Crazing is the appearance of a fine network of surface cracks, often irregularly distributed. Hot-rolled strip steel in Structural Steel Automotive Mechanical Manufacturing exhibits crazing with fine cracks interspersed with numerous dark patches, possibly indicating larger fissures."
neudet4_crazing_246.jpg,11,"steel,crazing","Structural Steel Automotive Mechanical Manufacturing. Crazing is the appearance of a fine network of cracks on the surface, often irregularly distributed. Hot-rolled strip steel in Structural Steel Automotive Mechanical Manufacturing may exhibit crazing with fine cracks interspersed with numerous dark patches, possibly indicating larger fissures."
neudet4_crazing_247.jpg,11,"steel,crazing","Structural Steel Automotive Mechanical Manufacturing. Crazing is the appearance of a fine network of surface cracks, often irregularly distributed. Hot-rolled structural steel may exhibit crazing with fine cracks interspersed with numerous black patches, possibly indicating larger fissures."
neudet4_crazing_248.jpg,11,"steel,crazing","Structural Steel Automotive Mechanical Manufacturing. Crazing refers to the appearance of a fine network of cracks on the surface, often irregularly distributed. Hot-rolled strip steel in Structural Steel Automotive Mechanical Manufacturing may exhibit crazing with fine cracks interspersed with numerous dark patches, possibly indicating larger fissures."
neudet4_crazing_249.jpg,11,"steel,crazing","Structural Steel Automotive Mechanical Manufacturing. Crazing refers to the appearance of a fine network of surface cracks, often irregularly distributed. Hot-rolled strip steel in Structural Steel Automotive Mechanical Manufacturing may exhibit crazing with fine cracks interspersed with numerous black patches, possibly indicating larger fissures."
neudet4_crazing_250.jpg,11,"steel,crazing","Structural Steel Automotive Mechanical Manufacturing. Crazing is the appearance of a fine network of cracks on the surface, with cracks irregularly distributed. Hot-rolled strip steel in Structural Steel Automotive Mechanical Manufacturing may exhibit crazing with fine cracks interspersed with numerous dark patches, which could indicate the presence of larger fissures."
neudet4_crazing_251.jpg,11,"steel,crazing","Structural Steel Automotive Mechanical Manufacturing. Crazing is the appearance of a fine network of cracks on the surface, often irregularly distributed. Hot-rolled strip steel in Structural Steel Automotive Mechanical Manufacturing may exhibit crazing with fine cracks interspersed with numerous black patches, possibly indicating larger cracks."
neudet4_crazing_252.jpg,11,"steel,crazing","Structural Steel Automotive Mechanical Manufacturing. Crazing is the appearance of a fine network of cracks on the surface, often irregularly distributed. Hot-rolled strip steel in Structural Steel Automotive Mechanical Manufacturing exhibits cracking with fine fissures interspersed with numerous dark patches, possibly indicating larger cracks."
neudet4_crazing_253.jpg,11,"steel,crazing","Structural Steel Automotive Mechanical Manufacturing. Crazing refers to the appearance of a fine network of cracks on the surface, often irregularly distributed. Hot-rolled strip steel in Structural Steel Automotive Mechanical Manufacturing may exhibit crazing with fine cracks interspersed with numerous black patches, potentially indicating larger fissures."
neudet4_crazing_254.jpg,11,"steel,crazing","Structural Steel Automotive Mechanical Manufacturing. Crazing is the appearance of a fine network of cracks on the surface, often irregularly distributed. In hot-rolled strip steel, structural steel automotive mechanical manufacturing, crazing may exhibit fine cracks interspersed with numerous dark patches, possibly indicating larger fissures."
neudet4_crazing_255.jpg,11,"steel,crazing","Structural Steel Automotive Mechanical Manufacturing. Crazing is the appearance of a fine network of cracks on the surface, with cracks irregularly distributed. Hot-rolled strip steel in Structural Steel Automotive Mechanical Manufacturing exhibits deep black cracks on the right side, possibly indicating larger cracks on the right side."
neudet4_crazing_256.jpg,11,"steel,crazing","Structural Steel Automotive Mechanical Manufacturing. Crazing is the appearance of a fine network of cracks on the surface, often irregularly distributed. Hot-rolled strip steel in Structural Steel Automotive Mechanical Manufacturing exhibits deep black cracks on the right side, indicating potential larger cracks on the right side."
neudet4_crazing_257.jpg,11,"steel,crazing","Structural Steel Automotive Mechanical Manufacturing. Crazing refers to the appearance of a fine network of cracks on the surface, often irregularly distributed. Hot-rolled strip steel in Structural Steel Automotive Mechanical Manufacturing exhibits severe cracking on the right side, with deep black fissures possibly indicating larger cracks on the right side."
neudet4_crazing_258.jpg,11,"steel,crazing","Structural Steel Automotive Mechanical Manufacturing. Crazing refers to the appearance of a fine network of cracks on the surface, often irregularly distributed. Hot-rolled strip steel in Structural Steel Automotive Mechanical Manufacturing exhibits deep black cracks on the right side, possibly indicating larger cracks on the right side."
neudet4_crazing_259.jpg,11,"steel,crazing","Structural Steel Automotive Mechanical Manufacturing. Crazing refers to the appearance of a fine network of cracks on the surface, often irregularly distributed. Hot-rolled steel strip in Structural Steel Automotive Mechanical Manufacturing exhibits deep black cracks on the right side, possibly indicating larger cracks on the right side."
neudet4_crazing_260.jpg,11,"steel,crazing","Structural Steel Automotive Mechanical Manufacturing. Crazing is the appearance of a fine network of cracks on the surface, with cracks often irregularly distributed. Hot-rolled strip steel in Structural Steel Automotive Mechanical Manufacturing exhibits deep black cracks on the right side, possibly indicating larger cracks on the right side."
neudet4_crazing_261.jpg,11,"steel,crazing","Structural Steel Automotive Mechanical Manufacturing. Crazing refers to the appearance of a fine network of cracks on the surface, often irregularly distributed. Hot-rolled strip steel in Structural Steel Automotive Mechanical Manufacturing exhibits severe cracking on the right side with deep black fissures, possibly indicating larger cracks on the right side."
neudet4_crazing_262.jpg,11,"steel,crazing","Structural Steel Automotive Mechanical Manufacturing. Crazing is the appearance of a fine network of cracks on the surface, often irregularly distributed. Hot-rolled strip steel in Structural Steel Automotive Mechanical Manufacturing exhibits a deep black crack on the right side, possibly indicating larger cracks on the right side."
neudet4_crazing_263.jpg,11,"steel,crazing","Structural Steel Automotive Mechanical Manufacturing. Crazing is the appearance of a fine network of cracks on the surface, often irregularly distributed. Hot-rolled strip steel in Structural Steel Automotive Mechanical Manufacturing exhibits deep black cracks on the right side, possibly indicating larger cracks on the right side."
neudet4_crazing_264.jpg,11,"steel,crazing","Structural Steel Automotive Mechanical Manufacturing. Crazing is the appearance of a fine network of cracks on the surface, often irregularly distributed. Hot-rolled strip steel in Structural Steel Automotive Mechanical Manufacturing exhibits deep black cracks on the right side, possibly indicating larger cracks on the right side."
neudet4_crazing_265.jpg,11,"steel,crazing","Structural Steel Automotive Mechanical Manufacturing.Crazing is the appearance of a fine network of cracks on the surface, often irregularly distributed. Hot-rolled steel strip in Structural Steel Automotive Mechanical Manufacturing exhibits deep black cracks on the right side, possibly indicating larger cracks on the right side."
neudet4_crazing_266.jpg,11,"steel,crazing","Structural Steel Automotive Mechanical Manufacturing. Crazing appears as a fine network of cracks on the surface, often irregularly distributed. Hot-rolled steel strip in Structural Steel Automotive Mechanical Manufacturing exhibits deep black cracks on the right side, indicating possible larger cracks on the right side."
neudet4_crazing_267.jpg,11,"steel,crazing","Structural Steel Automotive Mechanical Manufacturing. Crazing is the appearance of a fine network of cracks on the surface, often irregularly distributed. Hot-rolled strip steel in Structural Steel Automotive Mechanical Manufacturing exhibits deep black cracks on the right side, possibly indicating larger cracks on the right side."
neudet4_crazing_268.jpg,11,"steel,crazing","Structural Steel Automotive Mechanical Manufacturing. Crazing is the appearance of a fine network of cracks on the surface, often irregularly distributed. Hot-rolled strip steel in Structural Steel Automotive Mechanical Manufacturing exhibits deep black cracks on the right side, possibly indicating larger cracks on the right side."
neudet4_crazing_269.jpg,11,"steel,crazing","Structural Steel Automotive Mechanical Manufacturing. Crazing is the appearance of a fine network of cracks on the surface, often irregularly distributed. Hot-rolled strip steel in Structural Steel Automotive Mechanical Manufacturing exhibits deep black cracks on the right side, possibly indicating larger cracks on the right side."
neudet4_crazing_270.jpg,11,"steel,crazing","Structural Steel Automotive Mechanical Manufacturing exhibits a network of fine cracks on the surface known as crazing, with irregularly distributed cracks. In the case of hot-rolled strip steel, there may be deep black cracks on the right side, possibly indicating larger cracks on the right side."
neudet4_crazing_271.jpg,11,"steel,crazing","Structural Steel Automotive Mechanical Manufacturing. Crazing refers to the appearance of a fine network of cracks on the surface, often irregularly distributed. Hot-rolled strip steel in Structural Steel Automotive Mechanical Manufacturing exhibits deep black cracks on the right side, possibly indicating larger cracks on the right side."
neudet4_crazing_272.jpg,11,"steel,crazing","Structural Steel Automotive Mechanical Manufacturing. Crazing refers to the appearance of a fine network of cracks on the surface, often irregularly distributed. Hot-rolled strip steel in Structural Steel Automotive Mechanical Manufacturing exhibits deep black cracks on the right side, potentially indicating larger cracks on the right side."
neudet4_crazing_273.jpg,11,"steel,crazing","Structural Steel Automotive Mechanical Manufacturing. Crazing refers to the appearance of a fine network of cracks on the surface, often irregularly distributed. Hot-rolled strip steel in Structural Steel Automotive Mechanical Manufacturing exhibits deep black cracks on the right side, possibly indicating larger cracks on the right side."
neudet4_crazing_274.jpg,11,"steel,crazing","Structural Steel Automotive Mechanical Manufacturing. Crazing is the appearance of a fine network of cracks on the surface, often irregularly distributed. Hot-rolled strip steel in Structural Steel Automotive Mechanical Manufacturing exhibits deep black cracks on the right side, possibly indicating larger cracks on the right side."
neudet4_crazing_275.jpg,11,"steel,crazing","Structural Steel Automotive Mechanical Manufacturing. Crazing is the appearance of a fine network of cracks on the surface, often irregularly distributed. Hot-rolled strip steel in Structural Steel Automotive Mechanical Manufacturing exhibits deep black cracks on the right side, possibly indicating larger cracks on the right side."
neudet4_crazing_276.jpg,11,"steel,crazing","Structural Steel Automotive Mechanical Manufacturing. Crazing is the appearance of a fine network of cracks on the surface, often irregularly distributed. Hot-rolled steel strip in Structural Steel Automotive Mechanical Manufacturing exhibits deep black cracks on the right side, possibly indicating larger cracks on the right side."
neudet4_crazing_277.jpg,11,"steel,crazing","Structural Steel Automotive Mechanical Manufacturing. Crazing refers to the appearance of a fine network of surface cracks, often irregularly distributed. Hot-rolled strip steel in Structural Steel Automotive Mechanical Manufacturing exhibits deep black cracks on the right side, possibly indicating larger cracks on the right side."
neudet4_crazing_278.jpg,11,"steel,crazing","Structural Steel Automotive Mechanical Manufacturing. Crazing is the appearance of a fine network of cracks on the surface, often irregularly distributed. Hot-rolled strip steel in Structural Steel Automotive Mechanical Manufacturing exhibits severe cracking on the right side with deep black fissures, possibly indicating larger cracks on the right side."
neudet4_crazing_279.jpg,11,"steel,crazing","Structural Steel Automotive Mechanical Manufacturing. Crazing is the appearance of a fine network of cracks on the surface, often irregularly distributed. Hot-rolled strip steel in Structural Steel Automotive Mechanical Manufacturing exhibits deep black cracks on the right side, possibly indicating larger cracks on the right side."
neudet4_crazing_280.jpg,11,"steel,crazing","Structural Steel Automotive Mechanical Manufacturing. Crazing is the appearance of a fine network of cracks on the surface, with cracks irregularly distributed. Hot-rolled strip steel in Structural Steel Automotive Mechanical Manufacturing exhibits deep black cracks on the right side, possibly indicating larger cracks on the right side."
neudet4_crazing_281.jpg,11,"steel,crazing","Structural Steel Automotive Mechanical Manufacturing. Crazing is the appearance of a fine network of cracks on the surface, often irregularly distributed. In hot-rolled strip steel within the industry, there may be deep black cracks on the right side, indicating potential larger cracks on the right side."
neudet4_crazing_282.jpg,11,"steel,crazing","Structural Steel Automotive Mechanical Manufacturing. Crazing is the appearance of a fine network of cracks on the surface, often irregularly distributed. Hot-rolled strip steel in Structural Steel Automotive Mechanical Manufacturing exhibits deep black cracks on the right side, indicating potential larger cracks on the right side."
neudet4_crazing_283.jpg,11,"steel,crazing","Structural Steel Automotive Mechanical Manufacturing. Crazing refers to the appearance of a fine network of cracks on the surface, often irregularly distributed. Hot-rolled strip steel in Structural Steel Automotive Mechanical Manufacturing exhibits deep black cracks on the right side, possibly indicating larger cracks on the right side."
neudet4_crazing_284.jpg,11,"steel,crazing","Structural Steel Automotive Mechanical Manufacturing. Crazing refers to the appearance of a fine network of cracks on the surface, often irregularly distributed. Hot-rolled strip steel in Structural Steel Automotive Mechanical Manufacturing exhibits deep black cracks on the right side, possibly indicating larger cracks on the right side."
neudet4_crazing_285.jpg,11,"steel,crazing","Structural Steel Automotive Mechanical Manufacturing. Crazing refers to the appearance of a fine network of cracks on the surface, often irregularly distributed. Hot-rolled strip steel in Structural Steel Automotive Mechanical Manufacturing exhibits deep black cracks on the right side, possibly indicating larger cracks on the right side."
neudet4_crazing_286.jpg,11,"steel,crazing","Structural Steel Automotive Mechanical Manufacturing. Crazing is the appearance of a fine network of cracks on the surface, with cracks often irregularly distributed. Hot-rolled strip steel in Structural Steel Automotive Mechanical Manufacturing exhibits deep black cracks on the right side, indicating possible larger cracks on the right side."
neudet4_crazing_287.jpg,11,"steel,crazing","Structural Steel Automotive Mechanical Manufacturing. Crazing is the appearance of a fine network of cracks on the surface, often irregularly distributed. Hot-rolled steel strip in Structural Steel Automotive Mechanical Manufacturing exhibits deep black cracks on the right side, possibly indicating larger cracks on the right side."
neudet4_crazing_288.jpg,11,"steel,crazing","Structural Steel Automotive Mechanical Manufacturing. Crazing refers to the appearance of a fine network of cracks on the surface, often irregularly distributed. Hot-rolled strip steel in Structural Steel Automotive Mechanical Manufacturing exhibits deep black cracks on the right side, indicating potential larger cracks on the right side."
neudet4_crazing_289.jpg,11,"steel,crazing","Structural Steel Automotive Mechanical Manufacturing. Crazing is the appearance of a fine network of cracks on the surface, often irregularly distributed. Hot-rolled steel bands in Structural Steel Automotive Mechanical Manufacturing may exhibit fissures with small black spots and possibly small pits within the cracks."
neudet4_crazing_290.jpg,11,"steel,crazing","Structural Steel Automotive Mechanical Manufacturing. Crazing is the appearance of a fine network of surface cracks, often irregularly distributed. Hot-rolled strip steel in Structural Steel Automotive Mechanical Manufacturing may exhibit fissures with small black dots and possible pits along the cracks."
neudet4_crazing_291.jpg,11,"steel,crazing","Structural Steel Automotive Mechanical Manufacturing. Crazing refers to the appearance of a fine network of cracks on the surface, often irregularly distributed. In hot-rolled strip steel within the industry, there may be black spots and small pits present in the cracks."
neudet4_crazing_292.jpg,11,"steel,crazing","Structural Steel Automotive Mechanical Manufacturing. Crazing is the appearance of a fine network of cracks on the surface, with cracks typically irregularly distributed. In hot-rolled strip steel of Structural Steel Automotive Mechanical Manufacturing, there may be black spots and small pits within the cracks."
neudet4_crazing_293.jpg,11,"steel,crazing","Structural Steel Automotive Mechanical Manufacturing. Crazing is the appearance of a fine network of cracks on the surface, often irregularly distributed. Hot-rolled strip steel in Structural Steel Automotive Mechanical Manufacturing may exhibit black spots and small pits within the cracks."
neudet4_crazing_294.jpg,11,"steel,crazing","Structural Steel Automotive Mechanical Manufacturing. Crazing is the appearance of a fine network of cracks on the surface, with cracks often irregularly distributed. In hot-rolled strip steel within the industry, there may be black spots and small pits along the cracks."
neudet4_crazing_295.jpg,11,"steel,crazing","Structural Steel Automotive Mechanical Manufacturing. Crazing is the appearance of a fine network of cracks on the surface, often irregularly distributed. Hot-rolled strip steel in Structural Steel Automotive Mechanical Manufacturing may exhibit cracking with small black spots and possible tiny pits within the cracks."
neudet4_crazing_296.jpg,11,"steel,crazing","Structural Steel Automotive Mechanical Manufacturing. Crazing is the appearance of a fine network of cracks on the surface, often irregularly distributed. Hot-rolled strip steel in Structural Steel Automotive Mechanical Manufacturing may exhibit fissures with small black spots and tiny pits along the cracks."
neudet4_crazing_297.jpg,11,"steel,crazing","Structural Steel Automotive Mechanical Manufacturing. Crazing is the appearance of a fine network of cracks on the surface, often irregularly distributed. Hot-rolled strip steel in Structural Steel Automotive Mechanical Manufacturing may exhibit cracking with small black spots and potential tiny pits within the cracks."
neudet4_crazing_298.jpg,11,"steel,crazing","Structural Steel Automotive Mechanical Manufacturing. Crazing is the appearance of a fine network of cracks on the surface, with cracks typically irregularly distributed. Hot-rolled strip steel in Structural Steel Automotive Mechanical Manufacturing may exhibit black spots and small pits within the cracks."
neudet4_crazing_299.jpg,11,"steel,crazing","Structural Steel Automotive Mechanical Manufacturing. Crazing is the appearance of a fine network of cracks on the surface, with cracks irregularly distributed. In hot-rolled strip steel of Structural Steel Automotive Mechanical Manufacturing, there are black spots in the cracks, possibly with small pits."
neudet4_crazing_300.jpg,11,"steel,crazing","Structural Steel Automotive Mechanical Manufacturing. Crazing appears as a fine network of cracks on the surface, with cracks irregularly distributed. Hot-rolled strip steel in Structural Steel Automotive Mechanical Manufacturing exhibits fissures with black spots and potential small pits along the cracks."
neudet4_inclusion_001.jpg,12,"steel,inclusion","Structural Steel Automotive Mechanical Manufacturing. Inclusions are foreign particles or materials embedded on the surface, significantly different from the base material. Hot-rolled steel strips show several distinct dark streaks due to the presence of included slag, appearing as irregularly distributed fine cracks."
neudet4_inclusion_002.jpg,12,"steel,inclusion","Structural Steel Automotive Mechanical Manufacturing. Inclusion refers to the presence of foreign particles or material impurities embedded on the surface, significantly different from the base material. Hot-rolled steel strips in Structural Steel Automotive Mechanical Manufacturing exhibit several irregular dark streaks due to the inclusion of slag, which are not clearly visible."
neudet4_inclusion_003.jpg,12,"steel,inclusion","Structural Steel Automotive Mechanical Manufacturing. Crazing refers to the appearance of a fine network of cracks on the surface, often irregularly distributed. Inclusions are foreign particles or materials embedded on the surface, significantly different in texture from the base material. Hot-rolled steel strips in Structural Steel Automotive Mechanical Manufacturing exhibit several scattered dark streaks due to the inclusion of slag, which are not prominently visible."
neudet4_inclusion_004.jpg,12,"steel,inclusion","Structural Steel Automotive Mechanical Manufacturing. Inclusion refers to the presence of foreign particles or materials embedded on the surface, significantly different from the base material. Hot-rolled steel strips in Structural Steel Automotive Mechanical Manufacturing exhibit several scattered darker streaks due to the presence of mixed slag, which are not prominently visible."
neudet4_inclusion_005.jpg,12,"steel,inclusion","Structural Steel Automotive Mechanical Manufacturing. Inclusions are foreign particles or materials embedded on the surface, significantly different from the base material. Hot-rolled strip steel in Structural Steel Automotive Mechanical Manufacturing exhibits several scattered dark streaks due to the mixing of slag, which are not prominently visible."
neudet4_inclusion_006.jpg,12,"steel,inclusion","Structural Steel Automotive Mechanical Manufacturing. Crazing refers to the appearance of a fine network of cracks on the surface, often irregularly distributed. Inclusion signifies the presence of foreign particles or materials embedded in the surface, significantly different in texture from the base material. Hot-rolled strip steel in Structural Steel Automotive Mechanical Manufacturing exhibits several indistinct darker streaks with mottled patterns due to the inclusion of slag."
neudet4_inclusion_007.jpg,12,"steel,inclusion","Structural Steel Automotive Mechanical Manufacturing. Inclusions refer to foreign particles or materials embedded on the surface, significantly different from the base material. Hot-rolled steel strips in Structural Steel Automotive Mechanical Manufacturing exhibit several scattered dark streaks due to the inclusion of slag, which is not prominently visible."
neudet4_inclusion_008.jpg,12,"steel,inclusion","Structural Steel Automotive Mechanical Manufacturing. Inclusion refers to the presence of foreign particles or material impurities embedded on the surface, significantly different from the base material. Hot-rolled strip steel in Structural Steel Automotive Mechanical Manufacturing exhibits several scattered dark streaks due to the inclusion of slag, which are not easily noticeable."
neudet4_inclusion_009.jpg,12,"steel,inclusion","Structural Steel Automotive Mechanical Manufacturing. Inclusions are foreign particles or materials embedded on the surface, significantly different in texture from the base material. Hot-rolled strip steel in Structural Steel Automotive Mechanical Manufacturing may exhibit irregular vertical streaks with inclusions that could extend along the processing direction."
neudet4_inclusion_010.jpg,12,"steel,inclusion","Structural Steel Automotive Mechanical Manufacturing. Inclusion refers to the presence of foreign particles or material impurities embedded on the surface, significantly different from the base material texture. Hot-rolled strip steel in Structural Steel Automotive Mechanical Manufacturing may exhibit irregular vertical streaks or dark marks with impurities that could extend along the processing direction."
neudet4_inclusion_011.jpg,12,"steel,inclusion","Structural Steel Automotive Mechanical Manufacturing. Inclusions are foreign particles or materials embedded on the surface, significantly different in texture from the base material. Hot-rolled strip steel in Structural Steel Automotive Mechanical Manufacturing may contain irregular vertical streaks of dark lines with impurities that could extend along the processing direction."
neudet4_inclusion_012.jpg,12,"steel,inclusion","Structural Steel Automotive Mechanical Manufacturing. Inclusion refers to the presence of foreign particles or materials embedded on the surface, significantly different from the base material. Hot-rolled steel strips in Structural Steel Automotive Mechanical Manufacturing may exhibit irregular vertical streaks with dark marks, indicating impurities that could extend along the processing direction."
neudet4_inclusion_013.jpg,12,"steel,inclusion","Structural Steel Automotive Mechanical Manufacturing. Inclusion refers to the presence of foreign particles or material impurities embedded on the surface, significantly different from the base material composition. Hot-rolled steel strips in Structural Steel Automotive Mechanical Manufacturing exhibit irregular vertical streaks of dark marks, with impurities potentially extending along the processing direction."
neudet4_inclusion_014.jpg,12,"steel,inclusion","Structural Steel Automotive Mechanical Manufacturing. Crazing refers to the appearance of a fine network of surface cracks, often irregularly distributed. Inclusions are foreign particles or materials embedded on the surface, significantly different from the base material. Hot-rolled steel strips in Structural Steel Automotive Mechanical Manufacturing may exhibit irregular vertical streaks with inclusions that could extend along the processing direction."
neudet4_inclusion_015.jpg,12,"steel,inclusion","Structural Steel Automotive Mechanical Manufacturing. Inclusions are foreign particles or materials embedded on the surface, significantly different from the base material. Hot-rolled strip steel in Structural Steel Automotive Mechanical Manufacturing may exhibit irregular vertical streaks or dark marks with impurities that can extend along the processing direction."
neudet4_inclusion_016.jpg,12,"steel,inclusion","Structural Steel Automotive Mechanical Manufacturing. Inclusions are foreign particles or materials embedded on the surface, significantly different in texture from the base material. Hot-rolled strip steel in Structural Steel Automotive Mechanical Manufacturing may exhibit irregular vertical streaks of dark marks with inclusions that could extend along the processing direction."
neudet4_inclusion_017.jpg,12,"steel,inclusion","Structural Steel Automotive Mechanical Manufacturing. Inclusion refers to foreign particles or materials embedded on the surface, significantly different in texture from the base material. Hot-rolled strip steel in Structural Steel Automotive Mechanical Manufacturing exhibits irregular vertical streaks and dark marks, with impurities potentially extending along the processing direction."
neudet4_inclusion_018.jpg,12,"steel,inclusion","Structural Steel Automotive Mechanical Manufacturing. Inclusions are foreign particles or materials embedded on the surface, significantly different in texture from the base material. Hot-rolled steel strips may contain irregular dark streaks in a striped pattern, with impurities possibly extending along the processing direction."
neudet4_inclusion_019.jpg,12,"steel,inclusion","Structural Steel Automotive Mechanical Manufacturing. Inclusions are foreign particles or material embedded on the surface, significantly different in texture from the base material. Hot-rolled steel strips may exhibit irregular vertical streaks with foreign inclusions that could extend along the processing direction."
neudet4_inclusion_020.jpg,12,"steel,inclusion","Structural Steel Automotive Mechanical Manufacturing. Crazing is the formation of a fine network of cracks on the surface, often appearing in irregular patterns. Inclusions are foreign particles or materials embedded on the surface, significantly differing in texture from the base material. Hot-rolled steel strips in Structural Steel Automotive Mechanical Manufacturing may exhibit irregular vertical streaks or dark marks with inclusions that can extend along the processing direction."
neudet4_inclusion_021.jpg,12,"steel,inclusion","Structural Steel Automotive Mechanical Manufacturing. Crazing refers to the appearance of a fine network of cracks on the surface, often irregularly distributed. Inclusions are foreign particles or materials embedded on the surface, significantly different in texture from the base material. Hot-rolled steel strips in Structural Steel Automotive Mechanical Manufacturing may exhibit irregular vertical streaks or dark marks with inclusions that could extend along the processing direction."
neudet4_inclusion_022.jpg,12,"steel,inclusion","Structural Steel Automotive Mechanical Manufacturing. Inclusion refers to the presence of foreign particles or material impurities embedded on the surface, significantly differing from the base material texture. Hot-rolled strip steel in Structural Steel Automotive Mechanical Manufacturing may exhibit irregular vertical stripe-like dark streaks with impurities that may extend along the processing direction."
neudet4_inclusion_023.jpg,12,"steel,inclusion","Structural Steel Automotive Mechanical Manufacturing. Inclusions are foreign particles or materials embedded on the surface, significantly different from the base material. Hot-rolled steel may contain irregular vertical streaks with dark marks indicating impurities that may extend along the processing direction."
neudet4_inclusion_024.jpg,12,"steel,inclusion","Structural Steel Automotive Mechanical Manufacturing. Inclusion refers to the presence of foreign particles or material impurities embedded on the surface, significantly differing in texture from the base material. Hot-rolled strip steel in Structural Steel Automotive Mechanical Manufacturing may exhibit irregular vertical streaks or dark marks with impurities that could extend along the processing direction."
neudet4_inclusion_025.jpg,12,"steel,inclusion","Structural Steel Automotive Mechanical Manufacturing. Segregation refers to the non-uniform distribution of elements within the material, leading to localized areas of varying chemical composition. Laminations are discontinuities in the material, appearing as layers or plates that are parallel to the surface, affecting the structural integrity of the component."
neudet4_inclusion_026.jpg,12,"steel,inclusion","Structural Steel Automotive Mechanical Manufacturing. Inclusions are foreign particles or materials embedded on the surface, significantly different in texture from the base material. Hot-rolled strip steel in Structural Steel Automotive Mechanical Manufacturing may exhibit irregular vertical streaks or dark marks with impurities that could extend along the processing direction."
neudet4_inclusion_027.jpg,12,"steel,inclusion","Structural Steel Automotive Mechanical Manufacturing. Inclusion refers to the presence of foreign particles or material impurities embedded on the surface, significantly different from the base material texture. Hot-rolled steel strips in Structural Steel Automotive Mechanical Manufacturing may exhibit irregular vertical streaks or dark marks with impurities that could extend along the processing direction."
neudet4_inclusion_028.jpg,12,"steel,inclusion","Structural Steel Automotive Mechanical Manufacturing. Inclusion refers to the presence of foreign particles or materials embedded on the surface, significantly different from the base material. Hot-rolled steel strips in Structural Steel Automotive Mechanical Manufacturing may exhibit irregular vertical streaks of dark marks with inclusions that could extend along the processing direction."
neudet4_inclusion_029.jpg,12,"steel,inclusion",Structural Steel Automotive Mechanical Manufacturing. Inclusion refers to the presence of embedded foreign particles or material impurities significantly different from the base material. Hot-rolled steel may exhibit irregular vertical streaks with dark marks extending along the processing direction.
neudet4_inclusion_030.jpg,12,"steel,inclusion",Structural Steel Automotive Mechanical Manufacturing. Inclusion refers to the presence of embedded foreign particles or material impurities significantly different from the base material texture. Hot-rolled strip steel in Structural Steel Automotive Mechanical Manufacturing may exhibit irregular vertical streak-like dark marks with inclusions that could extend along the processing direction.
neudet4_inclusion_031.jpg,12,"steel,inclusion","Structural Steel Automotive Mechanical Manufacturing. Segregation refers to the uneven distribution of elements in the material, leading to localized areas with different chemical compositions. Lamination is the separation of material layers in the steel, often resulting in weakened structural integrity and potential failure points. Cold-rolled steel sheets in Structural Steel Automotive Mechanical Manufacturing may exhibit visible irregular vertical stripe-like dark streaks caused by impurities that can extend along the processing direction."
neudet4_inclusion_032.jpg,12,"steel,inclusion","Structural Steel Automotive Mechanical Manufacturing. Inclusions are foreign particles or materials embedded on the surface, significantly different in texture from the base material. Hot-rolled steel strips may exhibit irregular vertical streaks or dark marks with impurities that could extend along the processing direction."
neudet4_inclusion_033.jpg,12,"steel,inclusion","Structural Steel Automotive Mechanical Manufacturing. Inclusions are foreign particles or materials embedded on the surface, significantly different in texture from the base material. Hot-rolled strip steel in Structural Steel Automotive Mechanical Manufacturing may exhibit irregular vertical streak-like dark marks with inclusions that could extend along the processing direction."
neudet4_inclusion_034.jpg,12,"steel,inclusion","Structural Steel Automotive Mechanical Manufacturing. Inclusion refers to the presence of foreign particles or materials embedded on the surface, significantly different from the base material. Hot-rolled strip steel in Structural Steel Automotive Mechanical Manufacturing may exhibit irregular vertical streaks with dark marks, possibly containing impurities extending along the processing direction."
neudet4_inclusion_035.jpg,12,"steel,inclusion","Structural Steel Automotive Mechanical Manufacturing. Crazing refers to the appearance of a fine network of surface cracks, often irregularly distributed. Inclusion indicates the presence of foreign particles or material impurities embedded in the surface, significantly different from the base material. Hot-rolled steel strips in Structural Steel Automotive Mechanical Manufacturing may exhibit irregular vertical streaks or dark marks with impurities that could extend along the processing direction."
neudet4_inclusion_036.jpg,12,"steel,inclusion","Structural Steel Automotive Mechanical Manufacturing. Crazing is the appearance of a fine network of surface cracks, often irregularly distributed. Inclusion refers to foreign particles or materials embedded in the surface, significantly different in texture from the base material. Hot-rolled steel strips may exhibit irregular vertical streaks or dark marks with inclusions that could extend along the processing direction."
neudet4_inclusion_037.jpg,12,"steel,inclusion","Structural Steel Automotive Mechanical Manufacturing. Inclusions are foreign particles or materials embedded on the surface, significantly different in texture from the base material. Hot-rolled steel strips may exhibit irregular vertical streaks and dark marks with foreign substances possibly extending along the processing direction."
neudet4_inclusion_038.jpg,12,"steel,inclusion","Structural Steel Automotive Mechanical Manufacturing. Inclusion refers to foreign particles or materials embedded on the surface, significantly differing in texture from the base material. Hot-rolled strip steel in Structural Steel Automotive Mechanical Manufacturing may exhibit irregular vertical streaks with dark marks indicating impurities that may extend along the processing direction."
neudet4_inclusion_039.jpg,12,"steel,inclusion","Structural Steel Automotive Mechanical Manufacturing. Inclusion refers to the presence of foreign particles or material impurities embedded on the surface, significantly differing in texture from the base material. Hot-rolled strip steel in Structural Steel Automotive Mechanical Manufacturing exhibits irregular vertical stripe-like dark marks, with impurities potentially extending along the processing direction."
neudet4_inclusion_040.jpg,12,"steel,inclusion","Structural Steel Automotive Mechanical Manufacturing. Inclusions are foreign particles or material impurities embedded on the surface, significantly differing in texture from the base material. Hot-rolled strip steel in Structural Steel Automotive Mechanical Manufacturing may exhibit irregular vertical streaks or dark marks with impurities that could extend along the processing direction."
neudet4_inclusion_041.jpg,12,"steel,inclusion","Structural Steel Automotive Mechanical Manufacturing. Crazing is the formation of a fine network of cracks on the surface, often appearing irregularly. Inclusions are foreign particles or materials embedded on the surface, significantly different from the base material. Hot-rolled steel Structural Steel Automotive Mechanical Manufacturing may exhibit irregular vertical streaks of dark marks with inclusions that could extend along the processing direction."
neudet4_inclusion_042.jpg,12,"steel,inclusion","Structural Steel Automotive Mechanical Manufacturing. Crazing is the appearance of a fine network of cracks on the surface, often irregularly distributed. Inclusion refers to foreign particles or materials embedded on the surface, significantly different from the base material. Hot-rolled steel strips in Structural Steel Automotive Mechanical Manufacturing may exhibit irregular vertical streaks or dark marks with inclusions that can extend along the processing direction."
neudet4_inclusion_043.jpg,12,"steel,inclusion","Structural Steel Automotive Mechanical Manufacturing. Inclusions are foreign particles or materials embedded on the surface, significantly different in texture from the base material. Hot-rolled strip steel in Structural Steel Automotive Mechanical Manufacturing may exhibit irregular vertical streaks or dark marks with impurities that could extend along the processing direction."
neudet4_inclusion_044.jpg,12,"steel,inclusion","Structural Steel Automotive Mechanical Manufacturing. Inclusions are foreign particles or materials embedded on the surface, significantly different in texture from the base material. Hot-rolled steel may exhibit irregular vertical streaks with dark marks and inclusions that could extend along the processing direction."
neudet4_inclusion_045.jpg,12,"steel,inclusion","Structural Steel Automotive Mechanical Manufacturing. Crazing is the appearance of a fine network of cracks on the surface, often irregularly distributed. Inclusion refers to foreign particles or materials embedded on the surface, significantly different in texture from the base material. Hot-rolled steel strips in Structural Steel Automotive Mechanical Manufacturing may exhibit irregular vertical streaks or dark marks with foreign inclusions that could extend along the processing direction."
neudet4_inclusion_046.jpg,12,"steel,inclusion","Structural Steel Automotive Mechanical Manufacturing. Lack of uniformity in the heat-rolled strip steel can lead to irregular vertical streaks and impurities that may extend along the processing direction. Inclusions are foreign particles or materials embedded on the surface, significantly differing in texture from the base material."
neudet4_inclusion_047.jpg,12,"steel,inclusion","Structural Steel Automotive Mechanical Manufacturing. Inclusion refers to the presence of foreign particles or material impurities embedded on the surface, significantly differing from the base material texture. Hot-rolled strip steel in Structural Steel Automotive Mechanical Manufacturing may exhibit irregular vertical streaks or dark marks with impurities that could extend along the processing direction."
neudet4_inclusion_048.jpg,12,"steel,inclusion","Structural Steel Automotive Mechanical Manufacturing. Inclusion refers to the presence of foreign particles or material impurities embedded on the surface, significantly different from the base material texture. A long dark linear inclusion is prominently visible in the middle of the hot-rolled strip steel, showing a distinct contrast in texture from the base material."
neudet4_inclusion_049.jpg,12,"steel,inclusion","Structural Steel Automotive Mechanical Manufacturing. Inclusion refers to the presence of foreign particles or material embedded on the surface, significantly different from the base material. In a hot-rolled strip of Structural Steel Automotive Mechanical Manufacturing, there is a long, dark linear inclusion that stands out distinctly from the base material in terms of texture."
neudet4_inclusion_050.jpg,12,"steel,inclusion","Structural Steel Automotive Mechanical Manufacturing. Inclusion refers to foreign particles or materials embedded on the surface, significantly different in texture from the base material. A long dark linear inclusion is prominently different in texture from the base material in the hot-rolled strip steel of Structural Steel Automotive Mechanical Manufacturing."
neudet4_inclusion_051.jpg,12,"steel,inclusion","Structural Steel Automotive Mechanical Manufacturing. Inclusions are foreign particles or materials embedded on the surface, significantly different from the base material. A long dark linear inclusion is prominently different in texture from the base material in the hot-rolled strip steel of Structural Steel Automotive Mechanical Manufacturing."
neudet4_inclusion_052.jpg,12,"steel,inclusion","Structural Steel Automotive Mechanical Manufacturing. Inclusions are foreign particles or materials embedded on the surface, significantly different in texture from the base material. A long dark linear inclusion is prominently different in texture from the base material in the hot-rolled strip steel of Structural Steel Automotive Mechanical Manufacturing."
neudet4_inclusion_053.jpg,12,"steel,inclusion","Structural Steel Automotive Mechanical Manufacturing. Inclusion refers to the presence of foreign particles or materials embedded on the surface, significantly different from the base material. A long dark linear inclusion is prominently different in texture from the base material in hot-rolled strip steel of Structural Steel Automotive Mechanical Manufacturing."
neudet4_inclusion_054.jpg,12,"steel,inclusion","Structural Steel Automotive Mechanical Manufacturing. Inclusions are foreign particles or materials embedded on the surface, significantly different in texture from the base material. A long, dark linear inclusion is prominently different in texture from the base material in the hot-rolled steel strip of Structural Steel Automotive Mechanical Manufacturing."
neudet4_inclusion_055.jpg,12,"steel,inclusion","Structural Steel Automotive Mechanical Manufacturing. Crazing refers to the appearance of a fine network of cracks on the surface, often irregularly distributed. Inclusion indicates the presence of foreign particles or materials embedded on the surface, significantly different from the base material. In a hot-rolled strip of Structural Steel Automotive Mechanical Manufacturing, there is a long, dark linear inclusion that stands out prominently against the texture of the base material."
neudet4_inclusion_056.jpg,12,"steel,inclusion","Structural Steel Automotive Mechanical Manufacturing. Inclusion refers to foreign particles or material impurities embedded on the surface, significantly different in texture from the base material. A long, dark linear inclusion is prominently different in texture from the base material in the hot-rolled strip steel of Structural Steel Automotive Mechanical Manufacturing."
neudet4_inclusion_057.jpg,12,"steel,inclusion","Structural Steel Automotive Mechanical Manufacturing. Crazing refers to the appearance of fine, dense crack networks on the surface, often irregularly distributed. Inclusion is the presence of foreign particles or material impurities embedded on the surface, significantly different from the base material. In a hot-rolled strip of Structural Steel Automotive Mechanical Manufacturing, there is a long, dark linear inclusion noticeably distinct from the base material."
neudet4_inclusion_058.jpg,12,"steel,inclusion","Structural Steel Automotive Mechanical Manufacturing. Inclusions are foreign particles or materials embedded on the surface, significantly different in texture from the base material. Hot-rolled strip steel in Structural Steel Automotive Mechanical Manufacturing exhibits a long, dark linear inclusion that contrasts sharply with the base material's texture."
neudet4_inclusion_059.jpg,12,"steel,inclusion","Structural Steel Automotive Mechanical Manufacturing. Inclusions are foreign particles or material embedded on the surface, significantly different in texture from the base material. Hot-rolled strip steel in Structural Steel Automotive Mechanical Manufacturing exhibits a long dark linear inclusion, markedly distinct in texture from the base material."
neudet4_inclusion_060.jpg,12,"steel,inclusion","Structural Steel Automotive Mechanical Manufacturing. Inclusion refers to foreign particles or materials embedded on the surface, significantly different in texture from the base material. Hot-rolled strip steel in Structural Steel Automotive Mechanical Manufacturing exhibits a long, dark linear inclusion that stands out distinctly from the base material."
neudet4_inclusion_061.jpg,12,"steel,inclusion","Structural Steel Automotive Mechanical Manufacturing. Segregation refers to the uneven distribution of elements in the material, resulting in areas with different compositions. Laminations are internal defects characterized by separation or weakness parallel to the worked surface of the steel. A long, dark, linear inclusion in the hot-rolled strip steel of Structural Steel Automotive Mechanical Manufacturing significantly differs in texture from the base material."
neudet4_inclusion_062.jpg,12,"steel,inclusion","Structural Steel Automotive Mechanical Manufacturing. Inclusion refers to the presence of foreign particles or material impurities embedded on the surface, significantly different in texture from the base material. Hot-rolled strip steel in Structural Steel Automotive Mechanical Manufacturing shows a long, dark linear inclusion distinctly different in texture from the base material."
neudet4_inclusion_063.jpg,12,"steel,inclusion","Structural Steel Automotive Mechanical Manufacturing. Inclusions are foreign particles or materials embedded on the surface, significantly different in texture from the base material. Hot-rolled strip steel in Structural Steel Automotive Mechanical Manufacturing exhibits a long, dark line-shaped inclusion that contrasts noticeably with the base material texture."
neudet4_inclusion_064.jpg,12,"steel,inclusion","Structural Steel Automotive Mechanical Manufacturing. Inclusion refers to foreign particles or materials embedded on the surface, significantly different in texture from the base material. Hot-rolled steel strip in Structural Steel Automotive Mechanical Manufacturing exhibits a long, dark linear inclusion that contrasts noticeably with the base material."
neudet4_inclusion_065.jpg,12,"steel,inclusion","Structural Steel Automotive Mechanical Manufacturing. Inclusion refers to foreign particles or materials embedded on the surface, significantly different from the base material. A long, dark linear inclusion is visibly distinct from the base material in the hot-rolled steel strip of Structural Steel Automotive Mechanical Manufacturing."
neudet4_inclusion_066.jpg,12,"steel,inclusion","Structural Steel Automotive Mechanical Manufacturing. Inclusions are foreign particles or material entrapments embedded on the surface, significantly different in texture from the base material. Hot-rolled strip steel in Structural Steel Automotive Mechanical Manufacturing exhibits a long, dark linear inclusion that starkly contrasts with the base material texture."
neudet4_inclusion_067.jpg,12,"steel,inclusion","Structural Steel Automotive Mechanical Manufacturing. Crazing refers to the appearance of a fine network of cracks on the surface, often irregularly distributed. Inclusion indicates the presence of foreign particles or materials embedded on the surface, significantly different in texture from the base material. A long, dark linear inclusion is prominently visible in the middle of the hot-rolled steel strip, contrasting sharply with the base material texture."
neudet4_inclusion_068.jpg,12,"steel,inclusion","Structural Steel Automotive Mechanical Manufacturing. Inclusion refers to foreign particles or material impurities embedded on the surface, significantly different from the base material. A long, dark linear inclusion is prominently visible in the hot-rolled strip steel, contrasting sharply with the substrate texture."
neudet4_inclusion_069.jpg,12,"steel,inclusion","Structural Steel Automotive Mechanical Manufacturing. Inclusions are foreign particles or materials embedded on the surface, significantly different in texture from the base material. Hot-rolled strip steel in Structural Steel Automotive Mechanical Manufacturing exhibits a long, dark linear inclusion that contrasts noticeably with the base material texture."
neudet4_inclusion_070.jpg,12,"steel,inclusion","Structural Steel Automotive Mechanical Manufacturing. Inclusion refers to foreign particles or materials embedded on the surface, significantly different in texture from the base material. A long, dark linear inclusion is prominently different in texture from the base material in the hot-rolled steel strip of Structural Steel Automotive Mechanical Manufacturing."
neudet4_inclusion_071.jpg,12,"steel,inclusion","Structural Steel Automotive Mechanical Manufacturing. Crazing is the appearance of a fine network of cracks on the surface, often irregularly distributed. Inclusion refers to foreign particles or materials embedded on the surface, significantly different from the base material. A long, dark linear inclusion is prominently present in the hot-rolled strip steel of Structural Steel Automotive Mechanical Manufacturing, distinctly contrasting with the base material."
neudet4_inclusion_072.jpg,12,"steel,inclusion","Structural Steel Automotive Mechanical Manufacturing. Crazing is the appearance of a fine network of cracks on the surface, often irregularly distributed. Inclusion refers to foreign particles or materials embedded on the surface, significantly differing from the base material. A long, dark linear inclusion can be observed in the hot-rolled strip steel of Structural Steel Automotive Mechanical Manufacturing, visibly distinct from the base material."
neudet4_inclusion_073.jpg,12,"steel,inclusion","Structural Steel Automotive Mechanical Manufacturing. Inclusions are foreign particles or materials embedded in the surface, significantly different from the base material. Hot-rolled strip steel in Structural Steel Automotive Mechanical Manufacturing exhibits linear dark streaks where foreign substances are pressed into the surface of the base material."
neudet4_inclusion_074.jpg,12,"steel,inclusion","Structural Steel Automotive Mechanical Manufacturing. Inclusions are foreign particles or materials embedded on the surface, significantly different in texture from the base material. Hot-rolled strip steel in Structural Steel Automotive Mechanical Manufacturing exhibits linear dark streaks formed by foreign substances pressed into the surface of the base material."
neudet4_inclusion_075.jpg,12,"steel,inclusion","Structural Steel Automotive Mechanical Manufacturing. Inclusions are foreign particles or materials embedded on the surface, significantly different in texture from the base material. Hot-rolled steel strip shows linear dark streaks where foreign substances are pressed into the surface of the base material."
neudet4_inclusion_076.jpg,12,"steel,inclusion","Structural Steel Automotive Mechanical Manufacturing. Inclusions are foreign particles or materials embedded on the surface, significantly different from the base material. Hot-rolled steel strip in Structural Steel Automotive Mechanical Manufacturing has foreign substances pressed into the base material surface, forming streaky dark lines."
neudet4_inclusion_077.jpg,12,"steel,inclusion","Structural Steel Automotive Mechanical Manufacturing. Inclusions are foreign particles or materials embedded on the surface, significantly different from the base material. Hot-rolled steel strips in Structural Steel Automotive Mechanical Manufacturing exhibit linear dark streaks caused by extraneous matter pressed into the base material surface."
neudet4_inclusion_078.jpg,12,"steel,inclusion","Structural Steel Automotive Mechanical Manufacturing. Inclusion refers to foreign particles or materials embedded on the surface, significantly different in texture from the base material. In hot-rolled steel strips of Structural Steel Automotive Mechanical Manufacturing, foreign substances are pressed into the base material surface, forming streaky dark lines."
neudet4_inclusion_079.jpg,12,"steel,inclusion","Structural Steel Automotive Mechanical Manufacturing. Inclusions are foreign particles or materials embedded on the surface, significantly different in texture from the base material. Hot-rolled steel strips in Structural Steel Automotive Mechanical Manufacturing exhibit streaks caused by foreign substances pressed into the surface of the base material."
neudet4_inclusion_080.jpg,12,"steel,inclusion","Structural Steel Automotive Mechanical Manufacturing. Inclusion refers to foreign particles or materials embedded on the surface, significantly different from the base material. Hot-rolled strip steel in Structural Steel Automotive Mechanical Manufacturing exhibits linear dark streaks caused by extraneous substances pressed into the base material surface."
neudet4_inclusion_081.jpg,12,"steel,inclusion","Structural Steel Automotive Mechanical Manufacturing. Inclusion refers to the presence of foreign particles or material impurities embedded on the surface, significantly different from the base material texture. Hot-rolled steel strips in Structural Steel Automotive Mechanical Manufacturing exhibit linear dark streaks caused by foreign substances pressed into the surface of the base material."
neudet4_inclusion_082.jpg,12,"steel,inclusion","Structural Steel Automotive Mechanical Manufacturing. Inclusion refers to the presence of foreign particles or materials embedded on the surface, significantly different from the base material texture. In hot-rolled strip steel in Structural Steel Automotive Mechanical Manufacturing, foreign substances are pressed into the surface of the base material, forming streaked dark lines."
neudet4_inclusion_083.jpg,12,"steel,inclusion","Structural Steel Automotive Mechanical Manufacturing. Laminations are internal defects caused by imperfections in the steel structure, leading to separation or weakness between layers. Segregation is the non-uniform distribution of elements within the steel, resulting in localized areas with different chemical compositions. Hot-rolled steel strip in Structural Steel Automotive Mechanical Manufacturing may exhibit segregation as dark streaks due to the uneven distribution of elements."
neudet4_inclusion_084.jpg,12,"steel,inclusion","Structural Steel Automotive Mechanical Manufacturing. Inclusion refers to the presence of foreign particles or materials embedded in the surface, significantly different from the base material. In hot-rolled strip steel of Structural Steel Automotive Mechanical Manufacturing, foreign substances are pressed into the surface of the base material, forming streaky dark lines."
neudet4_inclusion_085.jpg,12,"steel,inclusion","Structural Steel Automotive Mechanical Manufacturing. Inclusion refers to foreign particles or materials embedded on the surface, significantly different from the base material. In hot-rolled strip steel of Structural Steel Automotive Mechanical Manufacturing, extraneous substances are pressed into the surface, forming streak-like dark lines."
neudet4_inclusion_086.jpg,12,"steel,inclusion","Structural Steel Automotive Mechanical Manufacturing. Inclusions are foreign particles or materials embedded on the surface, significantly different from the base material. Hot-rolled strip steel in Structural Steel Automotive Mechanical Manufacturing exhibits linear dark streaks caused by foreign substances pressed into the base material surface."
neudet4_inclusion_087.jpg,12,"steel,inclusion","Structural Steel Automotive Mechanical Manufacturing. Inclusions are foreign particles or material impurities embedded on the surface, significantly different in texture from the base material. Hot-rolled steel strip in Structural Steel Automotive Mechanical Manufacturing shows linear dark streaks where foreign substances are pressed into the base material surface."
neudet4_inclusion_088.jpg,12,"steel,inclusion","Structural Steel Automotive Mechanical Manufacturing. Inclusion refers to the presence of foreign particles or materials embedded on the surface, significantly different from the base material texture. In hot-rolled steel strips, foreign substances are pressed into the surface of the base material, forming streaky dark lines."
neudet4_inclusion_089.jpg,12,"steel,inclusion","Structural Steel Automotive Mechanical Manufacturing. Inclusions are foreign particles or materials embedded on the surface, significantly different from the base material. Hot-rolled steel strip in Structural Steel Automotive Mechanical Manufacturing has foreign substances pressed into the base material surface, forming streaky dark lines."
neudet4_inclusion_090.jpg,12,"steel,inclusion","Structural Steel Automotive Mechanical Manufacturing. Inclusion refers to the presence of foreign particles or material impurities embedded on the surface, significantly different from the base material texture. Hot-rolled steel strips in Structural Steel Automotive Mechanical Manufacturing exhibit linear dark streaks caused by external substances pressed into the base material surface."
neudet4_inclusion_091.jpg,12,"steel,inclusion","Structural Steel Automotive Mechanical Manufacturing. Surface defects such as Crazing manifest as fine networks of cracks irregularly distributed. Inclusions refer to foreign particles or material impurities embedded on the surface, significantly differing in texture from the base material. In hot-rolled strip steel of Structural Steel Automotive Mechanical Manufacturing, foreign substances are pressed into the base material surface, forming streak-like blemishes."
neudet4_inclusion_092.jpg,12,"steel,inclusion","Structural Steel Automotive Mechanical Manufacturing. Inclusions are foreign particles or materials embedded on the surface, significantly different from the base material. Hot-rolled strip steel in Structural Steel Automotive Mechanical Manufacturing has foreign substances pressed into the surface, forming streaky dark lines."
neudet4_inclusion_093.jpg,12,"steel,inclusion","Structural Steel Automotive Mechanical Manufacturing. Inclusion refers to foreign particles or materials embedded on the surface, significantly different from the base material. In hot-rolled steel, external substances are pressed into the base material surface, forming streaks of dark lines."
neudet4_inclusion_094.jpg,12,"steel,inclusion","Structural Steel Automotive Mechanical Manufacturing. Inclusions are foreign particles or materials embedded on the surface, significantly different from the base material. In hot-rolled steel strips, external substances are pressed into the base material surface, forming streaky dark lines."
neudet4_inclusion_095.jpg,12,"steel,inclusion","Structural Steel Automotive Mechanical Manufacturing. Inclusions are foreign particles or materials embedded on the surface, significantly different from the base material. Hot-rolled strip steel in Structural Steel Automotive Mechanical Manufacturing exhibits linear dark streaks formed by foreign substances pressed into the base material surface."
neudet4_inclusion_096.jpg,12,"steel,inclusion","Structural Steel Automotive Mechanical Manufacturing. Inclusions are foreign particles or materials embedded on the surface, significantly different in texture from the base material. Hot-rolled steel strips in Structural Steel Automotive Mechanical Manufacturing exhibit linear dark streaks formed by foreign substances pressed into the surface of the base material."
neudet4_inclusion_097.jpg,12,"steel,inclusion","Structural Steel Automotive Mechanical Manufacturing. Inclusions are foreign particles or materials embedded in the surface, significantly different in texture from the base material. Hot-rolled steel strips exhibit linear dark streaks where foreign substances are pressed into the surface of the base material."
neudet4_inclusion_098.jpg,12,"steel,inclusion","Structural Steel Automotive Mechanical Manufacturing. Inclusion refers to foreign particles or materials embedded on the surface, significantly different from the base material. Hot-rolled steel strip in Structural Steel Automotive Mechanical Manufacturing exhibits linear dark streaks caused by extraneous substances pressed into the base material surface."
neudet4_inclusion_099.jpg,12,"steel,inclusion","Structural Steel Automotive Mechanical Manufacturing. Inclusions are foreign particles or materials embedded on the surface, significantly different from the base material. Hot-rolled strip steel in Structural Steel Automotive Mechanical Manufacturing has foreign substances pressed into the base material surface, forming streaky dark lines."
neudet4_inclusion_100.jpg,12,"steel,inclusion","Structural Steel Automotive Mechanical Manufacturing. Inclusion refers to foreign particles or materials embedded on the surface, significantly differing from the base material texture. In hot-rolled strip steel of Structural Steel Automotive Mechanical Manufacturing, foreign substances are pressed into the surface, forming streaks."
neudet4_inclusion_101.jpg,12,"steel,inclusion","Structural Steel Automotive Mechanical Manufacturing. Inclusion refers to foreign particles or materials embedded on the surface, significantly different from the base material. In hot-rolled strip steel of Structural Steel Automotive Mechanical Manufacturing, foreign substances are pressed into the surface of the base material, forming streaky dark lines."
neudet4_inclusion_102.jpg,12,"steel,inclusion","Structural Steel Automotive Mechanical Manufacturing. Inclusion refers to the presence of foreign particles or materials embedded on the surface, significantly different from the base material. In hot-rolled strip steel of Structural Steel Automotive Mechanical Manufacturing, foreign substances are pressed into the surface of the base material, forming streaks."
neudet4_inclusion_103.jpg,12,"steel,inclusion","Structural Steel Automotive Mechanical Manufacturing. Inclusion refers to foreign particles or materials embedded on the surface, significantly different from the base material. In hot-rolled steel, external substances are pressed into the base material surface, forming streak-like dark lines."
neudet4_inclusion_104.jpg,12,"steel,inclusion","Structural Steel Automotive Mechanical Manufacturing. Inclusion refers to foreign particles or materials embedded on the surface, significantly different from the base material texture. Hot-rolled steel strip in Structural Steel Automotive Mechanical Manufacturing exhibits linear dark streaks formed by external substances pressed into the base material surface."
neudet4_inclusion_105.jpg,12,"steel,inclusion","Structural Steel Automotive Mechanical Manufacturing. Inclusion refers to the presence of foreign particles or materials embedded on the surface, significantly different from the base material. In hot-rolled steel strips, foreign substances are pressed into the surface of the base material, forming streaky dark lines."
neudet4_inclusion_106.jpg,12,"steel,inclusion","Structural Steel Automotive Mechanical Manufacturing. Inclusion refers to the presence of foreign particles or materials embedded on the surface, significantly different from the base material. In hot-rolled steel strips, external substances are pressed into the surface of the base material, forming streaky dark lines."
neudet4_inclusion_107.jpg,12,"steel,inclusion","Structural Steel Automotive Mechanical Manufacturing. Inclusions are foreign particles or materials embedded on the surface, significantly different in texture from the base material. Hot-rolled steel strips in Structural Steel Automotive Mechanical Manufacturing exhibit linear dark streaks formed by extraneous substances pressed into the base material surface."
neudet4_inclusion_108.jpg,12,"steel,inclusion","Structural Steel Automotive Mechanical Manufacturing. Inclusion refers to the presence of foreign particles or materials embedded in the surface, significantly different from the base material texture. In hot-rolled steel strips for Structural Steel Automotive Mechanical Manufacturing, foreign substances are pressed into the surface of the base material, forming streaky dark lines."
neudet4_inclusion_109.jpg,12,"steel,inclusion","Structural Steel Automotive Mechanical Manufacturing. Inclusion refers to the presence of foreign particles or material impurities embedded on the surface, significantly different from the base material texture. Hot-rolled steel strip in Structural Steel Automotive Mechanical Manufacturing exhibits linear dark streaks caused by external substances pressed into the surface of the base material."
neudet4_inclusion_110.jpg,12,"steel,inclusion","Structural Steel Automotive Mechanical Manufacturing. Crazing refers to the appearance of a fine network of cracks on the surface, often irregularly distributed. Inclusion is the embedding of foreign particles or material impurities on the surface, significantly different from the base material. In hot-rolled steel strips of Structural Steel Automotive Mechanical Manufacturing, foreign substances are pressed into the surface, forming streaky dark lines."
neudet4_inclusion_111.jpg,12,"steel,inclusion","Structural Steel Automotive Mechanical Manufacturing. Inclusions are foreign particles or materials embedded on the surface, significantly different from the base material. Hot-rolled steel strip shows linear dark streaks where foreign substances are pressed into the base material surface."
neudet4_inclusion_112.jpg,12,"steel,inclusion","Structural Steel Automotive Mechanical Manufacturing. Inclusion refers to foreign particles or materials embedded on the surface, significantly different in texture from the base material. In hot-rolled steel strips of Structural Steel Automotive Mechanical Manufacturing, foreign substances are pressed into the surface of the base material, forming streaks."
neudet4_inclusion_113.jpg,12,"steel,inclusion","Structural Steel Automotive Mechanical Manufacturing. Inclusions are foreign particles or materials embedded on the surface, significantly different from the base material. Hot-rolled strip steel in Structural Steel Automotive Mechanical Manufacturing shows linear dark streaks where foreign substances are pressed into the base material surface."
neudet4_inclusion_114.jpg,12,"steel,inclusion","Structural Steel Automotive Mechanical Manufacturing. Inclusions are foreign particles or materials embedded on the surface, significantly different in texture from the base material. In hot-rolled steel strips, foreign substances are pressed into the base material surface, forming streaky dark lines."
neudet4_inclusion_115.jpg,12,"steel,inclusion","Structural Steel Automotive Mechanical Manufacturing. Inclusions are foreign particles or materials embedded on the surface, significantly different from the base material. Hot-rolled steel strip in Structural Steel Automotive Mechanical Manufacturing exhibits linear dark streaks where foreign substances are pressed into the surface of the base material."
neudet4_inclusion_116.jpg,12,"steel,inclusion","Structural Steel Automotive Mechanical Manufacturing. Inclusions are foreign particles or materials embedded on the surface, significantly different in texture from the base material. Hot-rolled steel strips in Structural Steel Automotive Mechanical Manufacturing have foreign substances pressed into the base material surface, forming streaky dark lines."
neudet4_inclusion_117.jpg,12,"steel,inclusion","Structural Steel Automotive Mechanical Manufacturing. Inclusions are foreign particles or material impurities embedded on the surface, significantly different from the base material texture. Hot-rolled strip steel in Structural Steel Automotive Mechanical Manufacturing exhibits linear dark streaks formed by foreign substances pressed into the base material surface."
neudet4_inclusion_118.jpg,12,"steel,inclusion","Structural Steel Automotive Mechanical Manufacturing. Inclusion refers to the presence of foreign particles or materials embedded on the surface, significantly different from the base material texture. In hot-rolled steel strips, external substances are pressed into the substrate surface, forming streak-like dark lines."
neudet4_inclusion_119.jpg,12,"steel,inclusion","Structural Steel Automotive Mechanical Manufacturing. Inclusion refers to the presence of foreign particles or materials embedded in the surface, significantly different from the base material texture. In hot-rolled strip steel of Structural Steel Automotive Mechanical Manufacturing, foreign substances are pressed into the surface of the base material, forming streaky dark lines."
neudet4_inclusion_120.jpg,12,"steel,inclusion","Structural Steel Automotive Mechanical Manufacturing. Inclusions are foreign particles or materials embedded on the surface, significantly different in texture from the base material. Hot-rolled strip steel in Structural Steel Automotive Mechanical Manufacturing exhibits linear dark streaks where foreign substances are pressed into the surface of the base material."
neudet4_inclusion_121.jpg,12,"steel,inclusion","Structural Steel Automotive Mechanical Manufacturing. Inclusion refers to foreign particles or materials embedded on the surface, significantly different in texture from the base material. Hot-rolled steel strip in Structural Steel Automotive Mechanical Manufacturing shows streaks of foreign substances pressed into the surface of the base material."
neudet4_inclusion_122.jpg,12,"steel,inclusion","Structural Steel Automotive Mechanical Manufacturing. Inclusion refers to the presence of foreign particles or materials embedded on the surface, significantly different from the base material. Hot-rolled steel strips in Structural Steel Automotive Mechanical Manufacturing exhibit linear dark streaks caused by foreign substances pressed into the surface of the base material."
neudet4_inclusion_123.jpg,12,"steel,inclusion","Structural Steel Automotive Mechanical Manufacturing. Inclusion refers to foreign particles or materials embedded on the surface, significantly different in texture from the base material. In hot-rolled steel strips, foreign substances are pressed into the surface of the base material, forming streaks of dark lines."
neudet4_inclusion_124.jpg,12,"steel,inclusion","Structural Steel Automotive Mechanical Manufacturing. Inclusion refers to the presence of foreign particles or materials embedded in the surface, significantly different from the base material. In hot-rolled steel, external substances are pressed into the surface of the base material, forming streaky dark lines."
neudet4_inclusion_125.jpg,12,"steel,inclusion","Structural Steel Automotive Mechanical Manufacturing. Inclusions are foreign particles or materials embedded on the surface, significantly different from the base material. Hot-rolled strip steel in Structural Steel Automotive Mechanical Manufacturing shows streaks of foreign substances pressed into the base material surface."
neudet4_inclusion_126.jpg,12,"steel,inclusion","Structural Steel Automotive Mechanical Manufacturing. Inclusions are foreign particles or materials embedded on the surface, significantly different in texture from the base material. Hot-rolled steel strip shows linear dark streaks where foreign substances are pressed into the surface of the base material."
neudet4_inclusion_127.jpg,12,"steel,inclusion","Structural Steel Automotive Mechanical Manufacturing. Inclusion refers to the presence of foreign particles or materials embedded in the surface, significantly different from the base material. In hot-rolled steel strips, external substances are pressed into the surface of the base material, forming streaky dark lines."
neudet4_inclusion_128.jpg,12,"steel,inclusion","Structural Steel Automotive Mechanical Manufacturing. Flaking refers to the detachment of small pieces of material from the surface, often resulting in a rough texture. Laminations are internal separations in the material parallel to the surface, affecting the structural integrity. Hot-rolled steel strip in Structural Steel Automotive Mechanical Manufacturing may exhibit surface imperfections due to the presence of foreign material pressed into the base material, forming elongated dark streaks."
neudet4_inclusion_129.jpg,12,"steel,inclusion","Structural Steel Automotive Mechanical Manufacturing. Crazing refers to the appearance of a fine network of cracks on the surface, often irregularly distributed. Inclusion is the presence of foreign particles or material impurities embedded on the surface, significantly different from the base material. In hot-rolled strip steel in Structural Steel Automotive Mechanical Manufacturing, foreign substances are pressed into the base material surface, forming streak-like dark lines."
neudet4_inclusion_130.jpg,12,"steel,inclusion","Structural Steel Automotive Mechanical Manufacturing. Inclusion refers to foreign particles or materials embedded in the surface, significantly different from the base material. Hot-rolled steel strip in Structural Steel Automotive Mechanical Manufacturing has extraneous substances pressed into the surface, forming streaky dark lines."
neudet4_inclusion_131.jpg,12,"steel,inclusion","Structural Steel Automotive Mechanical Manufacturing. Inclusion refers to foreign particles or materials embedded in the surface, significantly different in texture from the base material. Hot-rolled strip steel in Structural Steel Automotive Mechanical Manufacturing exhibits linear dark streaks where foreign substances are pressed into the surface of the base material."
neudet4_inclusion_132.jpg,12,"steel,inclusion","Structural Steel Automotive Mechanical Manufacturing. Inclusion refers to the presence of foreign particles or materials embedded on the surface, significantly different from the base material. Hot-rolled strip steel in Structural Steel Automotive Mechanical Manufacturing exhibits scattered dark elongated patches due to the rolling out of inclusions."
neudet4_inclusion_133.jpg,12,"steel,inclusion","Structural Steel Automotive Mechanical Manufacturing. Inclusions refer to foreign particles or materials embedded on the surface, significantly different in texture from the base material. In hot-rolled strip steel of Structural Steel Automotive Mechanical Manufacturing, material inclusions are rolled out to form occasional dark elongated patches."
neudet4_inclusion_134.jpg,12,"steel,inclusion","Structural Steel Automotive Mechanical Manufacturing. Inclusion refers to the presence of foreign particles or material impurities embedded on the surface, significantly different from the base material texture. Hot-rolled strip steel in Structural Steel Automotive Mechanical Manufacturing exhibits scattered dark elongated patches resulting from the rolling out of material impurities."
neudet4_inclusion_135.jpg,12,"steel,inclusion","Structural Steel Automotive Mechanical Manufacturing. Inclusion refers to the presence of foreign particles or materials embedded on the surface, significantly different from the base material. Hot-rolled strip steel in Structural Steel Automotive Mechanical Manufacturing exhibits scattered dark elongated patches formed by the rolling out of material inclusions."
neudet4_inclusion_136.jpg,12,"steel,inclusion",Structural Steel Automotive Mechanical Manufacturing. Inclusion refers to the presence of embedded foreign particles or material impurities significantly different from the base material texture. Hot-rolled strip steel in Structural Steel Automotive Mechanical Manufacturing exhibits scattered dark elongated patches formed by the rolling out of material impurities.
neudet4_inclusion_137.jpg,12,"steel,inclusion","Structural Steel Automotive Mechanical Manufacturing. Inclusion refers to the presence of foreign particles or materials embedded on the surface, significantly different from the base material. Hot-rolled strip steel in Structural Steel Automotive Mechanical Manufacturing exhibits scattered dark elongated patches due to inclusion being rolled out."
neudet4_inclusion_138.jpg,12,"steel,inclusion","Structural Steel Automotive Mechanical Manufacturing. Inclusions refer to foreign particles or materials embedded on the surface, significantly different from the base material. In hot-rolled strip steel of Structural Steel Automotive Mechanical Manufacturing, material inclusions are rolled out to form occasional dark elongated patches."
neudet4_inclusion_139.jpg,12,"steel,inclusion","Structural Steel Automotive Mechanical Manufacturing. Inclusion refers to the presence of foreign particles or materials embedded on the surface, significantly different from the base material. Hot-rolled strip steel in Structural Steel Automotive Mechanical Manufacturing exhibits scattered dark elongated patches formed by rolling out the embedded impurities."
neudet4_inclusion_140.jpg,12,"steel,inclusion","Structural Steel Automotive Mechanical Manufacturing. Inclusion refers to the presence of foreign particles or materials embedded in the surface, significantly different from the base material. Hot-rolled steel strips in Structural Steel Automotive Mechanical Manufacturing exhibit scattered dark elongated patches due to the rolling out of inclusions."
neudet4_inclusion_141.jpg,12,"steel,inclusion","Structural Steel Automotive Mechanical Manufacturing. Inclusion refers to the presence of foreign particles or materials embedded in the surface, significantly different from the base material texture. In hot-rolled strip steel of Structural Steel Automotive Mechanical Manufacturing, material inclusions are rolled out to form scattered dark elongated patches."
neudet4_inclusion_142.jpg,12,"steel,inclusion","Structural Steel Automotive Mechanical Manufacturing. Inclusion refers to the presence of external particles or material impurities embedded on the surface, significantly different from the base material. Hot-rolled strip steel in Structural Steel Automotive Mechanical Manufacturing exhibits scattered dark elongated patches formed by the rolling out of material impurities."
neudet4_inclusion_143.jpg,12,"steel,inclusion","Structural Steel Automotive Mechanical Manufacturing. Inclusion refers to the presence of foreign particles or material inclusions embedded on the surface, significantly different from the base material texture. Hot-rolled strip steel in Structural Steel Automotive Mechanical Manufacturing exhibits scattered dark elongated patches formed by the rolling out of material inclusions."
neudet4_inclusion_144.jpg,12,"steel,inclusion","Structural Steel Automotive Mechanical Manufacturing. Inclusions are foreign particles or materials embedded on the surface, significantly different in texture from the base material. Hot-rolled strip steel in Structural Steel Automotive Mechanical Manufacturing exhibits scattered dark elongated patches where inclusions have been rolled out."
neudet4_inclusion_145.jpg,12,"steel,inclusion","Structural Steel Automotive Mechanical Manufacturing. Inclusions are foreign particles or materials embedded on the surface, significantly different in texture from the base material. In hot-rolled strip steel of Structural Steel Automotive Mechanical Manufacturing, material inclusions are rolled out to form occasional dark elongated patches."
neudet4_inclusion_146.jpg,12,"steel,inclusion","Structural Steel Automotive Mechanical Manufacturing. Inclusion refers to the embedding of foreign particles or materials in the surface, significantly different from the base material. In hot-rolled strip steel in Structural Steel Automotive Mechanical Manufacturing, material inclusions are rolled out to form occasional dark elongated patches."
neudet4_inclusion_147.jpg,12,"steel,inclusion","Structural Steel Automotive Mechanical Manufacturing. Inclusions are foreign particles or materials embedded on the surface, significantly different in texture from the base material. Hot-rolled strip steel in Structural Steel Automotive Mechanical Manufacturing exhibits scattered dark elongated patches formed by rolling out the embedded impurities."
neudet4_inclusion_148.jpg,12,"steel,inclusion","Structural Steel Automotive Mechanical Manufacturing. Inclusion refers to the presence of foreign particles or materials embedded in the surface, significantly different from the base material. In hot-rolled strip steel of Structural Steel Automotive Mechanical Manufacturing, inclusions are rolled out to form occasional dark elongated patches."
neudet4_inclusion_149.jpg,12,"steel,inclusion","Structural Steel Automotive Mechanical Manufacturing. Inclusions are foreign particles or materials embedded on the surface, significantly different in texture from the base material. Hot-rolled strip steel in Structural Steel Automotive Mechanical Manufacturing exhibits scattered dark elongated patches formed by rolling out the embedded impurities."
neudet4_inclusion_150.jpg,12,"steel,inclusion","Structural Steel Automotive Mechanical Manufacturing. Inclusion refers to the presence of foreign particles or materials embedded on the surface, significantly different in texture from the base material. In hot-rolled steel strips of Structural Steel Automotive Mechanical Manufacturing, material inclusions are flattened during rolling, forming occasional dark elongated patches."
neudet4_inclusion_151.jpg,12,"steel,inclusion","Structural Steel Automotive Mechanical Manufacturing. Inclusion refers to the presence of foreign particles or materials embedded on the surface, significantly different from the base material. Hot-rolled strip steel in Structural Steel Automotive Mechanical Manufacturing exhibits scattered dark elongated patches due to the rolling out of impurities."
neudet4_inclusion_152.jpg,12,"steel,inclusion","Structural Steel Automotive Mechanical Manufacturing. Crazing refers to the appearance of a fine network of cracks on the surface, often irregularly distributed. Inclusion indicates the presence of foreign particles or materials embedded on the surface, significantly differing in texture from the base material. In hot-rolled steel strips for Structural Steel Automotive Mechanical Manufacturing, material inclusions are flattened and form occasional dark elongated patches."
neudet4_inclusion_153.jpg,12,"steel,inclusion","Structural Steel Automotive Mechanical Manufacturing. Inclusions refer to foreign particles or materials embedded on the surface, significantly differing in texture from the base material. Hot-rolled strip steel in Structural Steel Automotive Mechanical Manufacturing exhibits scattered dark elongated patches formed by rolling out embedded impurities."
neudet4_inclusion_154.jpg,12,"steel,inclusion","Structural Steel Automotive Mechanical Manufacturing. Inclusion refers to the presence of foreign particles or materials embedded in the surface, significantly different from the base material. Hot-rolled strip steel in Structural Steel Automotive Mechanical Manufacturing exhibits scattered dark elongated patches formed by the rolling out of material inclusions."
neudet4_inclusion_155.jpg,12,"steel,inclusion","Structural Steel Automotive Mechanical Manufacturing. Inclusions are foreign particles or materials embedded on the surface, significantly different from the base material. Hot-rolled strip steel in Structural Steel Automotive Mechanical Manufacturing exhibits scattered dark elongated patches formed by rolling out material inclusions."
neudet4_inclusion_156.jpg,12,"steel,inclusion","Structural Steel Automotive Mechanical Manufacturing. Inclusion refers to the presence of foreign particles or materials embedded on the surface, significantly different from the base material. Hot-rolled strip steel in Structural Steel Automotive Mechanical Manufacturing shows scattered dark elongated patches formed by the rolling out of material inclusions."
neudet4_inclusion_157.jpg,12,"steel,inclusion","Structural Steel Automotive Mechanical Manufacturing. Inclusion refers to the presence of foreign particles or material impurities embedded on the surface, significantly different from the base material texture. Hot-rolled strip steel in Structural Steel Automotive Mechanical Manufacturing exhibits scattered dark elongated patches formed by rolling out material impurities."
neudet4_inclusion_158.jpg,12,"steel,inclusion","Structural Steel Automotive Mechanical Manufacturing. Inclusions refer to foreign particles or materials embedded on the surface, significantly different from the base material. Hot-rolled strip steel in Structural Steel Automotive Mechanical Manufacturing exhibits scattered dark elongated patches where inclusions have been flattened during rolling."
neudet4_inclusion_159.jpg,12,"steel,inclusion","Structural Steel Automotive Mechanical Manufacturing. Inclusions are foreign particles or material entrapments embedded on the surface, significantly different in texture from the base material. Hot-rolled strip steel in Structural Steel Automotive Mechanical Manufacturing exhibits scattered dark elongated patches formed by rolling out material entrapments."
neudet4_inclusion_160.jpg,12,"steel,inclusion","Structural Steel Automotive Mechanical Manufacturing. Inclusions are foreign particles or materials embedded on the surface, significantly different from the base material. Hot-rolled strip steel in Structural Steel Automotive Mechanical Manufacturing exhibits scattered dark elongated patches where inclusions have been rolled out."
neudet4_inclusion_161.jpg,12,"steel,inclusion","Structural Steel Automotive Mechanical Manufacturing. Inclusion refers to the presence of foreign particles or materials embedded in the surface, significantly different in texture from the base material. Hot-rolled strip steel in Structural Steel Automotive Mechanical Manufacturing exhibits scattered dark elongated patches formed by the rolling out of material inclusions."
neudet4_inclusion_162.jpg,12,"steel,inclusion","Structural Steel Automotive Mechanical Manufacturing. Inclusion refers to the presence of foreign particles or materials embedded on the surface, significantly different from the base material. Hot-rolled strip steel in Structural Steel Automotive Mechanical Manufacturing exhibits scattered dark elongated patches formed by the rolling out of material inclusions."
neudet4_inclusion_163.jpg,12,"steel,inclusion","Structural Steel Automotive Mechanical Manufacturing. Inclusions are foreign particles or materials embedded on the surface, significantly different in texture from the base material. Hot-rolled strip steel in Structural Steel Automotive Mechanical Manufacturing exhibits scattered dark elongated patches formed by rolled-in inclusions."
neudet4_inclusion_164.jpg,12,"steel,inclusion","Structural Steel Automotive Mechanical Manufacturing. Inclusions are foreign particles or materials embedded on the surface, significantly different in texture from the base material. Hot-rolled strip steel in Structural Steel Automotive Mechanical Manufacturing shows scattered dark elongated patches where inclusions have been rolled out."
neudet4_inclusion_165.jpg,12,"steel,inclusion","Structural Steel Automotive Mechanical Manufacturing. Inclusion refers to the presence of foreign particles or materials embedded on the surface, significantly different from the base material. In hot-rolled strip steel of Structural Steel Automotive Mechanical Manufacturing, material inclusions are rolled out to form scattered dark elongated patches."
neudet4_inclusion_166.jpg,12,"steel,inclusion","Structural Steel Automotive Mechanical Manufacturing. Inclusions are foreign particles or materials embedded on the surface, significantly different in texture from the base material. Hot-rolled strip steel in Structural Steel Automotive Mechanical Manufacturing shows scattered dark elongated patches formed by rolling out material inclusions."
neudet4_inclusion_167.jpg,12,"steel,inclusion","Structural Steel Automotive Mechanical Manufacturing. Inclusions are foreign particles or materials embedded on the surface, significantly different in texture from the base material. Hot-rolled strip steel in Structural Steel Automotive Mechanical Manufacturing exhibits scattered dark elongated patches formed by rolling out material inclusions."
neudet4_inclusion_168.jpg,12,"steel,inclusion","Structural Steel Automotive Mechanical Manufacturing. Inclusion refers to the presence of foreign particles or materials embedded on the surface, significantly different from the base material. Hot-rolled strip steel in Structural Steel Automotive Mechanical Manufacturing exhibits scattered dark elongated patches formed by the rolling of embedded impurities."
neudet4_inclusion_169.jpg,12,"steel,inclusion","Structural Steel Automotive Mechanical Manufacturing. Inclusions are foreign particles or materials embedded on the surface, significantly different in texture from the base material. In hot-rolled strip steel of Structural Steel Automotive Mechanical Manufacturing, material inclusions are rolled out to form a few dark elongated patches."
neudet4_inclusion_170.jpg,12,"steel,inclusion","Structural Steel Automotive Mechanical Manufacturing. Inclusion refers to the presence of embedded foreign particles or material impurities on the surface, significantly different from the base material texture. In hot-rolled strip steel of Structural Steel Automotive Mechanical Manufacturing, material impurities are rolled out to form occasional dark elongated patches."
neudet4_inclusion_171.jpg,12,"steel,inclusion","Structural Steel Automotive Mechanical Manufacturing. Inclusions are foreign particles or materials embedded on the surface, significantly different in texture from the base material. Hot-rolled strip steel in Structural Steel Automotive Mechanical Manufacturing exhibits scattered dark elongated patches formed by rolling out impurities."
neudet4_inclusion_172.jpg,12,"steel,inclusion","Structural Steel Automotive Mechanical Manufacturing. Inclusion refers to the presence of foreign particles or materials embedded on the surface, significantly different from the base material. Hot-rolled strip steel in Structural Steel Automotive Mechanical Manufacturing exhibits scattered dark elongated patches formed by the rolling out of material inclusions."
neudet4_inclusion_173.jpg,12,"steel,inclusion","Structural Steel Automotive Mechanical Manufacturing. Inclusion refers to the presence of foreign particles or materials embedded on the surface, significantly different from the base material. In hot-rolled steel, structural steel automotive mechanical manufacturing materials show scattered dark elongated patches formed by rolled-in impurities."
neudet4_inclusion_174.jpg,12,"steel,inclusion","Structural Steel Automotive Mechanical Manufacturing. Inclusions are foreign particles or materials embedded on the surface, significantly different from the base material. Hot-rolled strip steel in Structural Steel Automotive Mechanical Manufacturing shows scattered dark elongated patches formed by rolled-in inclusions."
neudet4_inclusion_175.jpg,12,"steel,inclusion","Structural Steel Automotive Mechanical Manufacturing. Inclusion refers to foreign particles or materials embedded on the surface, significantly different in texture from the base material. Hot-rolled strip steel in Structural Steel Automotive Mechanical Manufacturing exhibits scattered dark elongated patches formed by the rolling out of material inclusions."
neudet4_inclusion_176.jpg,12,"steel,inclusion","Structural Steel Automotive Mechanical Manufacturing. Inclusion refers to foreign particles or materials embedded on the surface, significantly different in texture from the base material. Hot-rolled steel strips of Structural Steel Automotive Mechanical Manufacturing exhibit scattered dark elongated patches formed by the rolling out of material inclusions."
neudet4_inclusion_177.jpg,12,"steel,inclusion","Structural Steel Automotive Mechanical Manufacturing. Inclusion refers to foreign particles or materials embedded on the surface, significantly different in texture from the base material. Hot-rolled strip steel in Structural Steel Automotive Mechanical Manufacturing shows scattered dark elongated patches where inclusions were rolled out during manufacturing."
neudet4_inclusion_178.jpg,12,"steel,inclusion","Structural Steel Automotive Mechanical Manufacturing. Inclusions are foreign particles or materials embedded on the surface, significantly different from the base material. Hot-rolled strip steel of Structural Steel Automotive Mechanical Manufacturing exhibits scattered dark elongated patches formed by the rolling out of embedded impurities."
neudet4_inclusion_179.jpg,12,"steel,inclusion","Structural Steel Automotive Mechanical Manufacturing. Inclusions are foreign particles or materials embedded on the surface, significantly different in texture from the base material. In hot-rolled strip steel of Structural Steel Automotive Mechanical Manufacturing, material inclusions are rolled out to form scattered dark elongated patches."
neudet4_inclusion_180.jpg,12,"steel,inclusion","Structural Steel Automotive Mechanical Manufacturing. Inclusions are foreign particles or materials embedded on the surface, significantly different in texture from the base material. Hot-rolled strip steel in Structural Steel Automotive Mechanical Manufacturing exhibits scattered dark elongated patches formed by the rolling out of material inclusions."
neudet4_inclusion_181.jpg,12,"steel,inclusion","Structural Steel Automotive Mechanical Manufacturing. Inclusions are foreign particles or materials embedded on the surface, significantly different in texture from the base material. Hot-rolled strip steel of Structural Steel Automotive Mechanical Manufacturing exhibits scattered dark elongated patches formed by rolling out material inclusions."
neudet4_inclusion_182.jpg,12,"steel,inclusion","Structural Steel Automotive Mechanical Manufacturing. Inclusion refers to foreign particles or materials embedded on the surface, significantly different from the base material. In hot-rolled strip steel of Structural Steel Automotive Mechanical Manufacturing, material inclusions are rolled out to form occasional dark elongated patches."
neudet4_inclusion_183.jpg,12,"steel,inclusion","Structural Steel Automotive Mechanical Manufacturing. Inclusions are foreign particles or materials embedded on the surface, significantly different from the base material. Hot-rolled steel strip shows a few dark elongated patches where inclusions were rolled out."
neudet4_inclusion_184.jpg,12,"steel,inclusion","Structural Steel Automotive Mechanical Manufacturing. Inclusion refers to foreign particles or materials embedded on the surface, significantly different from the base material texture. In hot-rolled strip steel of Structural Steel Automotive Mechanical Manufacturing, material inclusions are rolled out to form occasional dark elongated patches."
neudet4_inclusion_185.jpg,12,"steel,inclusion","Structural Steel Automotive Mechanical Manufacturing. Inclusion refers to the presence of foreign particles or materials embedded on the surface, significantly different from the base material. Hot-rolled steel strips in Structural Steel Automotive Mechanical Manufacturing exhibit scattered dark elongated patches formed by the rolling out of material inclusions."
neudet4_inclusion_186.jpg,12,"steel,inclusion","Structural Steel Automotive Mechanical Manufacturing. Inclusion refers to the presence of foreign particles or materials embedded on the surface, significantly different from the base material. Hot-rolled strip steel in Structural Steel Automotive Mechanical Manufacturing exhibits scattered dark elongated patches due to the rolling out of material inclusions."
neudet4_inclusion_187.jpg,12,"steel,inclusion","Structural Steel Automotive Mechanical Manufacturing. Inclusions are foreign particles or materials embedded on the surface, significantly different from the base material. Hot-rolled strip steel in Structural Steel Automotive Mechanical Manufacturing shows scattered dark elongated patches where impurities have been rolled out."
neudet4_inclusion_188.jpg,12,"steel,inclusion","Structural Steel Automotive Mechanical Manufacturing. Inclusion refers to foreign particles or materials embedded on the surface, significantly different in texture from the base material. In hot-rolled strip steel of Structural Steel Automotive Mechanical Manufacturing, material inclusions are rolled out to form occasional dark elongated patches."
neudet4_inclusion_189.jpg,12,"steel,inclusion","Structural Steel Automotive Mechanical Manufacturing. Crazing refers to the appearance of a fine network of cracks on the surface, often irregularly distributed. Inclusions are foreign particles or materials embedded on the surface, significantly different in texture from the base material. In hot-rolled strip steel of Structural Steel Automotive Mechanical Manufacturing, material inclusions are rolled out to form occasional dark elongated patches."
neudet4_inclusion_190.jpg,12,"steel,inclusion","Structural Steel Automotive Mechanical Manufacturing. Inclusions are foreign particles or materials embedded on the surface, significantly different from the base material. Hot-rolled strip steel in Structural Steel Automotive Mechanical Manufacturing exhibits scattered dark elongated patches where material inclusions have been rolled out."
neudet4_inclusion_191.jpg,12,"steel,inclusion","Structural Steel Automotive Mechanical Manufacturing. Inclusions are foreign particles or materials embedded on the surface, significantly different in texture from the base material. Hot-rolled strip steel of Structural Steel Automotive Mechanical Manufacturing exhibits scattered dark elongated patches formed by rolling out embedded impurities."
neudet4_inclusion_192.jpg,12,"steel,inclusion","Structural Steel Automotive Mechanical Manufacturing. Inclusions are foreign particles or materials embedded on the surface, significantly different from the base material. Hot-rolled strip steel in Structural Steel Automotive Mechanical Manufacturing shows scattered dark elongated patches where material inclusions have been rolled out."
neudet4_inclusion_193.jpg,12,"steel,inclusion","Structural Steel Automotive Mechanical Manufacturing. Inclusions are foreign particles or materials embedded on the surface, significantly different in texture from the base material. Hot-rolled steel strips exhibit transverse dark streaks due to material inclusions."
neudet4_inclusion_194.jpg,12,"steel,inclusion","Structural Steel Automotive Mechanical Manufacturing. Inclusions are foreign particles or materials embedded on the surface, significantly different in texture from the base material. Hot-rolled steel strip shows transverse dark lines due to material inclusions."
neudet4_inclusion_195.jpg,12,"steel,inclusion","Structural Steel Automotive Mechanical Manufacturing. Inclusions are foreign particles or materials embedded on the surface, significantly different in texture from the base material. Hot-rolled steel strip exhibits dark streaks of material inclusions horizontally."
neudet4_inclusion_196.jpg,12,"steel,inclusion","Structural Steel Automotive Mechanical Manufacturing. Inclusions are foreign particles or materials embedded on the surface, significantly different in texture from the base material. Hot-rolled strip steel in Structural Steel Automotive Mechanical Manufacturing exhibits transverse dark streaks due to material inclusions."
neudet4_inclusion_197.jpg,12,"steel,inclusion","Structural Steel Automotive Mechanical Manufacturing. Crazing refers to the appearance of a fine network of cracks on the surface, often irregularly distributed. Inclusions are foreign particles or materials embedded on the surface, significantly different in texture from the base material. Hot-rolled steel strips in Structural Steel Automotive Mechanical Manufacturing exhibit dark patches with uneven surfaces around the inclusions."
neudet4_inclusion_198.jpg,12,"steel,inclusion","Structural Steel Automotive Mechanical Manufacturing. Inclusions are foreign particles or materials embedded on the surface, significantly different in texture from the base material. Hot-rolled strip steel in Structural Steel Automotive Mechanical Manufacturing exhibits dark patches with uneven surfaces around the inclusions."
neudet4_inclusion_199.jpg,12,"steel,inclusion","Structural Steel Automotive Mechanical Manufacturing. Inclusion refers to foreign particles or material impurities embedded on the surface, significantly different from the base material. Hot-rolled steel strip in Structural Steel Automotive Mechanical Manufacturing exhibits dark patches with uneven surfaces around the inclusions."
neudet4_inclusion_200.jpg,12,"steel,inclusion","Structural Steel Automotive Mechanical Manufacturing. Inclusions refer to foreign particles or materials embedded on the surface, significantly different from the base material. Hot-rolled steel strips in Structural Steel Automotive Mechanical Manufacturing exhibit dark patches with uneven surfaces around the inclusions."
neudet4_inclusion_201.jpg,12,"steel,inclusion","Structural Steel Automotive Mechanical Manufacturing. Inclusion refers to the presence of foreign particles or material impurities embedded on the surface, significantly different from the base material texture. Hot-rolled steel strips in Structural Steel Automotive Mechanical Manufacturing exhibit dark patches with uneven surfaces around the inclusions."
neudet4_inclusion_202.jpg,12,"steel,inclusion","Structural Steel Automotive Mechanical Manufacturing. Inclusions are foreign particles or materials embedded on the surface, significantly different in texture from the base material. Hot-rolled strip steel in Structural Steel Automotive Mechanical Manufacturing exhibits dark patches with uneven surfaces around the inclusions."
neudet4_inclusion_203.jpg,12,"steel,inclusion","Structural Steel Automotive Mechanical Manufacturing. Flaws in hot-rolled steel include surface crazing, appearing as a network of fine cracks irregularly distributed. Inclusions are foreign particles embedded on the surface, significantly contrasting with the base material. Dark patches on hot-rolled structural steel automotive mechanical manufacturing exhibit uneven surfaces around the inclusions."
neudet4_inclusion_204.jpg,12,"steel,inclusion","Structural Steel Automotive Mechanical Manufacturing. Inclusions are foreign particles or materials embedded on the surface, significantly different from the base material. Hot-rolled strip steel in Structural Steel Automotive Mechanical Manufacturing exhibits dark patches with uneven surfaces around the inclusions."
neudet4_inclusion_205.jpg,12,"steel,inclusion","Structural Steel Automotive Mechanical Manufacturing. Inclusion refers to foreign particles or materials embedded on the surface, significantly different from the base material. Hot-rolled steel strips in Structural Steel Automotive Mechanical Manufacturing exhibit dark patches with uneven surfaces around the inclusions."
neudet4_inclusion_206.jpg,12,"steel,inclusion","Structural Steel Automotive Mechanical Manufacturing. Inclusions are foreign particles or materials embedded on the surface, significantly different in texture from the base material. Hot-rolled strip steel in Structural Steel Automotive Mechanical Manufacturing exhibits dark patches with uneven surfaces around the inclusions."
neudet4_inclusion_207.jpg,12,"steel,inclusion","Structural Steel Automotive Mechanical Manufacturing. Inclusion refers to the presence of foreign particles or materials embedded in the surface, significantly different from the base material. Hot-rolled steel strips in Structural Steel Automotive Mechanical Manufacturing exhibit dark patches with uneven surfaces around the inclusions."
neudet4_inclusion_208.jpg,12,"steel,inclusion","Structural Steel Automotive Mechanical Manufacturing. Inclusions are foreign particles or materials embedded on the surface, significantly different in texture from the base material. Hot-rolled strip steel in Structural Steel Automotive Mechanical Manufacturing exhibits dark patches with uneven surfaces around the inclusions."
neudet4_inclusion_209.jpg,12,"steel,inclusion","Structural Steel Automotive Mechanical Manufacturing. Inclusion refers to the presence of foreign particles or material impurities embedded on the surface, significantly different from the base material. Hot-rolled strip steel in Structural Steel Automotive Mechanical Manufacturing exhibits dark patches with uneven surfaces around the inclusions."
neudet4_inclusion_210.jpg,12,"steel,inclusion","Structural Steel Automotive Mechanical Manufacturing. Inclusions refer to foreign particles or material impurities embedded on the surface, significantly different from the base material. Hot-rolled strip steel in Structural Steel Automotive Mechanical Manufacturing exhibits dark patches with uneven surfaces around inclusions."
neudet4_inclusion_211.jpg,12,"steel,inclusion","Structural Steel Automotive Mechanical Manufacturing. Inclusion refers to the presence of foreign particles or materials embedded on the surface, significantly different from the base material. Hot-rolled steel strips in Structural Steel Automotive Mechanical Manufacturing contain numerous small dark elongated patches dispersed irregularly."
neudet4_inclusion_212.jpg,12,"steel,inclusion","Structural Steel Automotive Mechanical Manufacturing. Crazing refers to the appearance of a fine network of cracks on the surface, often irregularly distributed. Inclusions are foreign particles or materials embedded on the surface, significantly different in texture from the base material. In this image of hot-rolled strip steel in structural steel automotive mechanical manufacturing, numerous small dark elongated streaks of slag are dispersed in a random and irregular manner."
neudet4_inclusion_213.jpg,12,"steel,inclusion","Structural Steel Automotive Mechanical Manufacturing. Inclusion refers to foreign particles or materials embedded on the surface, significantly different from the base material. Hot-rolled steel strips in Structural Steel Automotive Mechanical Manufacturing contain numerous small dark elongated slag inclusions dispersed irregularly."
neudet4_inclusion_214.jpg,12,"steel,inclusion","Structural Steel Automotive Mechanical Manufacturing. Inclusion refers to the presence of foreign particles or material impurities embedded on the surface, significantly different in texture from the base material. The hot-rolled strip steel in Structural Steel Automotive Mechanical Manufacturing contains numerous small dark elongated patches of slag dispersed irregularly."
neudet4_inclusion_215.jpg,12,"steel,inclusion","Structural Steel Automotive Mechanical Manufacturing. Inclusion refers to the presence of foreign particles or materials embedded on the surface, significantly different from the base material. Hot-rolled strip steel in Structural Steel Automotive Mechanical Manufacturing contains numerous small dark elongated irregularly dispersed slag inclusions."
neudet4_inclusion_216.jpg,12,"steel,inclusion","Structural Steel Automotive Mechanical Manufacturing. Inclusions are foreign particles or materials embedded on the surface, significantly different in texture from the base material. Hot-rolled steel strips in Structural Steel Automotive Mechanical Manufacturing contain numerous small dark elongated patches dispersed irregularly."
neudet4_inclusion_217.jpg,12,"steel,inclusion","Structural Steel Automotive Mechanical Manufacturing. Inclusion refers to the presence of foreign particles or material impurities embedded on the surface, significantly different from the base material. The hot-rolled steel strip in Structural Steel Automotive Mechanical Manufacturing contains numerous small dark elongated patches dispersed irregularly."
neudet4_inclusion_218.jpg,12,"steel,inclusion","Structural Steel Automotive Mechanical Manufacturing. Inclusions are foreign particles or material impurities embedded on the surface, significantly different in texture from the base material. Hot-rolled strip steel in Structural Steel Automotive Mechanical Manufacturing contains numerous small dark elongated streaks dispersed irregularly."
neudet4_inclusion_219.jpg,12,"steel,inclusion","Structural Steel Automotive Mechanical Manufacturing. Inclusions are foreign particles or materials embedded on the surface, significantly different in texture from the base material. Hot-rolled strip steel in Structural Steel Automotive Mechanical Manufacturing contains numerous small dark elongated streaks dispersed irregularly."
neudet4_inclusion_220.jpg,12,"steel,inclusion","Structural Steel Automotive Mechanical Manufacturing. Inclusion refers to the presence of foreign particles or materials embedded in the surface, significantly different from the base material. Hot-rolled strip steel in Structural Steel Automotive Mechanical Manufacturing contains numerous small dark elongated irregularly dispersed slags."
neudet4_inclusion_221.jpg,12,"steel,inclusion","Structural Steel Automotive Mechanical Manufacturing. Inclusions are foreign particles or materials embedded on the surface, significantly different in texture from the base material. Hot-rolled strip steel in Structural Steel Automotive Mechanical Manufacturing contains numerous small dark elongated irregularly dispersed slags."
neudet4_inclusion_222.jpg,12,"steel,inclusion","Structural Steel Automotive Mechanical Manufacturing. Inclusions are foreign particles or materials embedded on the surface, significantly different in texture from the base material. Hot-rolled strip steel in Structural Steel Automotive Mechanical Manufacturing contains numerous small dark elongated slags dispersed irregularly."
neudet4_inclusion_223.jpg,12,"steel,inclusion","Structural Steel Automotive Mechanical Manufacturing. Inclusion refers to foreign particles or materials embedded on the surface, significantly different in texture from the base material. In a hot-rolled steel strip for structural steel automotive mechanical manufacturing, numerous small dark elongated streaks of slag are dispersed irregularly."
neudet4_inclusion_224.jpg,12,"steel,inclusion","Structural Steel Automotive Mechanical Manufacturing. Inclusion refers to the presence of foreign particles or materials embedded on the surface, significantly different from the base material. Hot-rolled steel strip exhibits numerous small dark elongated irregularly dispersed slags."
neudet4_inclusion_225.jpg,12,"steel,inclusion","Structural Steel Automotive Mechanical Manufacturing. Inclusions are foreign particles or materials embedded on the surface, significantly different from the base material. Hot-rolled strip steel in Structural Steel Automotive Mechanical Manufacturing contains numerous small dark elongated irregularly dispersed inclusions."
neudet4_inclusion_226.jpg,12,"steel,inclusion","Structural Steel Automotive Mechanical Manufacturing. Inclusions are foreign particles or materials embedded on the surface, significantly different in texture from the base material. Hot-rolled strip steel in Structural Steel Automotive Mechanical Manufacturing contains numerous small dark elongated slivers dispersed irregularly."
neudet4_inclusion_227.jpg,12,"steel,inclusion","Structural Steel Automotive Mechanical Manufacturing. Inclusions are foreign particles or materials embedded on the surface, significantly different in texture from the base material. Hot-rolled steel strips for structural steel automotive mechanical manufacturing are interspersed with numerous small dark elongated irregularly dispersed slags."
neudet4_inclusion_228.jpg,12,"steel,inclusion","Structural Steel Automotive Mechanical Manufacturing. Inclusions are foreign particles or materials embedded on the surface, significantly different from the base material. Hot-rolled strip steel in Structural Steel Automotive Mechanical Manufacturing contains numerous small dark elongated streaks dispersed irregularly."
neudet4_inclusion_229.jpg,12,"steel,inclusion","Structural Steel Automotive Mechanical Manufacturing. Inclusions are foreign particles or materials embedded on the surface, significantly different from the base material. Hot-rolled strip steel in Structural Steel Automotive Mechanical Manufacturing may contain large foreign material embedded in coarse vertical dark streaks."
neudet4_inclusion_230.jpg,12,"steel,inclusion","Structural Steel Automotive Mechanical Manufacturing. Inclusions are foreign particles or materials embedded on the surface, significantly different in texture from the base material. Hot-rolled strip steel in Structural Steel Automotive Mechanical Manufacturing may contain large foreign material embedded in coarse vertical dark streaks."
neudet4_inclusion_231.jpg,12,"steel,inclusion","Structural Steel Automotive Mechanical Manufacturing. Crazing refers to the appearance of a fine network of surface cracks, often irregularly distributed. Inclusion indicates the presence of foreign particles or material inclusions embedded on the surface, significantly differing from the base material. In hot-rolled strip steel of Structural Steel Automotive Mechanical Manufacturing, large vertical dark streaks may contain embedded large particles of foreign materials."
neudet4_inclusion_232.jpg,12,"steel,inclusion","Structural Steel Automotive Mechanical Manufacturing. Inclusion refers to the presence of foreign particles or materials embedded on the surface, significantly different from the base material. Hot-rolled steel strips in Structural Steel Automotive Mechanical Manufacturing may contain large vertical dark streaks that could be embedded with coarse foreign materials."
neudet4_inclusion_233.jpg,12,"steel,inclusion","Structural Steel Automotive Mechanical Manufacturing. Inclusion refers to the presence of foreign particles or materials embedded on the surface, significantly different from the base material. Hot-rolled strip steel in Structural Steel Automotive Mechanical Manufacturing may contain numerous small impurities, appearing as fine dark lines."
neudet4_inclusion_234.jpg,12,"steel,inclusion","Structural Steel Automotive Mechanical Manufacturing. Inclusions are foreign particles or materials embedded on the surface, significantly different from the base material. Hot-rolled strip steel in Structural Steel Automotive Mechanical Manufacturing may contain numerous small impurities, manifesting as fine dark lines."
neudet4_inclusion_235.jpg,12,"steel,inclusion","Structural Steel Automotive Mechanical Manufacturing. Inclusions are foreign particles or materials embedded on the surface, significantly different from the base material. Hot-rolled strip steel in Structural Steel Automotive Mechanical Manufacturing may contain numerous small impurities, appearing as fine dark lines."
neudet4_inclusion_236.jpg,12,"steel,inclusion","Structural Steel Automotive Mechanical Manufacturing. Inclusion refers to foreign particles or materials embedded on the surface, significantly different in texture from the base material. Hot-rolled strip steel in Structural Steel Automotive Mechanical Manufacturing may contain numerous small impurities, appearing as fine dark lines."
neudet4_inclusion_237.jpg,12,"steel,inclusion","Structural Steel Automotive Mechanical Manufacturing. Inclusions are foreign particles or materials embedded on the surface, significantly different in texture from the base material. Hot-rolled strip steel of Structural Steel Automotive Mechanical Manufacturing may contain numerous small impurities, appearing as fine dark lines."
neudet4_inclusion_238.jpg,12,"steel,inclusion","Structural Steel Automotive Mechanical Manufacturing. Crazing refers to the appearance of a fine network of cracks on the surface, which are irregularly distributed. Inclusion is the embedding of foreign particles or materials on the surface, significantly different from the base material. Hot-rolled strip steel in Structural Steel Automotive Mechanical Manufacturing may contain numerous small impurities, appearing as small dark streaks."
neudet4_inclusion_239.jpg,12,"steel,inclusion","Structural Steel Automotive Mechanical Manufacturing. Inclusions are foreign particles or materials embedded on the surface, significantly different from the base material. Hot-rolled strip steel in Structural Steel Automotive Mechanical Manufacturing may contain numerous small impurities, appearing as tiny dark lines."
neudet4_inclusion_240.jpg,12,"steel,inclusion","Structural Steel Automotive Mechanical Manufacturing. Inclusions are foreign particles or materials embedded on the surface, significantly different from the base material. Hot-rolled strip steel in Structural Steel Automotive Mechanical Manufacturing may contain numerous small impurities, appearing as tiny dark lines."
neudet4_inclusion_241.jpg,12,"steel,inclusion","Structural Steel Automotive Mechanical Manufacturing. Inclusions are foreign particles or materials embedded on the surface, significantly different in texture from the base material. Hot-rolled strip steel in Structural Steel Automotive Mechanical Manufacturing may contain numerous small impurities, appearing as fine dark lines."
neudet4_inclusion_242.jpg,12,"steel,inclusion","Structural Steel Automotive Mechanical Manufacturing. Inclusion refers to the presence of foreign particles or materials embedded in the surface, significantly different from the base material. Hot-rolled strip steel in Structural Steel Automotive Mechanical Manufacturing may contain numerous small impurities, appearing as fine dark lines."
neudet4_inclusion_243.jpg,12,"steel,inclusion","Structural Steel Automotive Mechanical Manufacturing. Crazing refers to the appearance of a fine network of cracks on the surface, often irregularly distributed. Inclusion is the presence of embedded foreign particles or materials significantly different from the base material. Hot-rolled strip steel in Structural Steel Automotive Mechanical Manufacturing may contain numerous small impurities, manifesting as tiny dark streaks."
neudet4_inclusion_244.jpg,12,"steel,inclusion","Structural Steel Automotive Mechanical Manufacturing. Inclusions are foreign particles or materials embedded on the surface, significantly different in texture from the base material. Hot-rolled strip steel in Structural Steel Automotive Mechanical Manufacturing may contain numerous small impurities, appearing as fine dark lines."
neudet4_inclusion_245.jpg,12,"steel,inclusion","Structural Steel Automotive Mechanical Manufacturing. Crazing refers to the appearance of a fine network of cracks on the surface, often irregularly distributed. Inclusion indicates the presence of foreign particles or material embedded on the surface, significantly different from the base material. Hot-rolled steel strips in Structural Steel Automotive Mechanical Manufacturing may contain numerous small impurities, manifesting as tiny dark lines."
neudet4_inclusion_246.jpg,12,"steel,inclusion","Structural Steel Automotive Mechanical Manufacturing. Inclusions are foreign particles or materials embedded on the surface, significantly different from the base material. Hot-rolled strip steel in Structural Steel Automotive Mechanical Manufacturing may contain numerous small impurities, appearing as fine dark lines."
neudet4_inclusion_247.jpg,12,"steel,inclusion","Structural Steel Automotive Mechanical Manufacturing. Crazing refers to the appearance of a fine network of surface cracks, often irregularly distributed. Inclusion is the presence of foreign particles or material embedded in the surface, significantly different in texture from the base material. Hot-rolled strip steel in Structural Steel Automotive Mechanical Manufacturing may contain numerous small impurities, resulting in tiny dark streaks."
neudet4_inclusion_248.jpg,12,"steel,inclusion","Structural Steel Automotive Mechanical Manufacturing. Inclusion refers to the presence of foreign particles or material impurities embedded on the surface, significantly different from the base material texture. Hot-rolled strip steel in Structural Steel Automotive Mechanical Manufacturing may contain numerous small defects, such as fine dark lines and various tiny impurities."
neudet4_inclusion_249.jpg,12,"steel,inclusion","Structural Steel Automotive Mechanical Manufacturing. Inclusions are foreign particles or materials embedded on the surface, significantly different in texture from the base material. Hot-rolled strip steel in Structural Steel Automotive Mechanical Manufacturing may contain numerous small impurities, appearing as fine dark lines."
neudet4_inclusion_250.jpg,12,"steel,inclusion","Structural Steel Automotive Mechanical Manufacturing. Inclusion refers to the presence of foreign particles or material impurities embedded on the surface, significantly different from the base material texture. Hot-rolled strip steel in Structural Steel Automotive Mechanical Manufacturing may contain numerous small impurities, appearing as fine dark lines."
neudet4_inclusion_251.jpg,12,"steel,inclusion","Structural Steel Automotive Mechanical Manufacturing. Inclusion refers to the presence of foreign particles or materials embedded on the surface, significantly different from the base material. Hot-rolled steel strips in Structural Steel Automotive Mechanical Manufacturing may contain numerous small impurities, appearing as tiny dark lines."
neudet4_inclusion_252.jpg,12,"steel,inclusion","Structural Steel Automotive Mechanical Manufacturing. Inclusions are foreign particles or materials embedded on the surface, significantly different in texture from the base material. Hot-rolled strip steel in Structural Steel Automotive Mechanical Manufacturing may contain numerous small impurities, appearing as fine dark lines."
neudet4_inclusion_253.jpg,12,"steel,inclusion","Structural Steel Automotive Mechanical Manufacturing. Inclusions are foreign particles or materials embedded on the surface, significantly different in texture from the base material. Hot-rolled steel strips in Structural Steel Automotive Mechanical Manufacturing may contain numerous small impurities, appearing as fine dark lines."
neudet4_inclusion_254.jpg,12,"steel,inclusion","Structural Steel Automotive Mechanical Manufacturing. Inclusion refers to the presence of foreign particles or materials embedded on the surface, significantly different from the base material. Hot-rolled steel strips in Structural Steel Automotive Mechanical Manufacturing may contain numerous small impurities, appearing as fine dark lines."
neudet4_inclusion_255.jpg,12,"steel,inclusion","Structural Steel Automotive Mechanical Manufacturing. Inclusions are foreign particles or materials embedded on the surface, significantly different in texture from the base material. Hot-rolled strip steel in Structural Steel Automotive Mechanical Manufacturing may contain numerous small impurities, appearing as fine dark lines."
neudet4_inclusion_256.jpg,12,"steel,inclusion","Structural Steel Automotive Mechanical Manufacturing. Crazing refers to the appearance of a fine network of cracks on the surface, often irregularly distributed. Inclusion is the presence of foreign particles or materials embedded on the surface, significantly different in texture from the base material. Hot-rolled strip steel in Structural Steel Automotive Mechanical Manufacturing may contain numerous small impurities, manifesting as tiny dark streaks."
neudet4_inclusion_257.jpg,12,"steel,inclusion","Structural Steel Automotive Mechanical Manufacturing. Inclusion refers to foreign particles or material impurities embedded on the surface, significantly different in texture from the base material. Hot-rolled steel strips in Structural Steel Automotive Mechanical Manufacturing exhibit irregular fine dark streaks scattered across the surface."
neudet4_inclusion_258.jpg,12,"steel,inclusion","Structural Steel Automotive Mechanical Manufacturing. Inclusion refers to the presence of foreign particles or material impurities embedded on the surface, significantly different from the base material. Hot-rolled strip steel in Structural Steel Automotive Mechanical Manufacturing exhibits irregular fine dark lines scattered across the surface."
neudet4_inclusion_259.jpg,12,"steel,inclusion","Structural Steel Automotive Mechanical Manufacturing. Inclusion refers to the presence of foreign particles or material impurities embedded on the surface, significantly different from the base material texture. Hot-rolled strip steel in Structural Steel Automotive Mechanical Manufacturing exhibits irregular fine dark lines scattered throughout the surface."
neudet4_inclusion_260.jpg,12,"steel,inclusion","Structural Steel Automotive Mechanical Manufacturing. Inclusion refers to the presence of foreign particles or materials embedded on the surface, significantly different from the base material. Hot-rolled steel strips in Structural Steel Automotive Mechanical Manufacturing exhibit irregular fine dark lines scattered across the surface."
neudet4_inclusion_261.jpg,12,"steel,inclusion","Structural Steel Automotive Mechanical Manufacturing. Inclusion refers to the presence of foreign particles or material impurities embedded on the surface, significantly differing in texture from the base material. Hot-rolled strip steel in Structural Steel Automotive Mechanical Manufacturing often exhibits irregular fine dark lines scattered throughout the surface."
neudet4_inclusion_262.jpg,12,"steel,inclusion","Structural Steel Automotive Mechanical Manufacturing. Inclusion refers to the presence of foreign particles or material inclusions embedded on the surface, significantly different from the base material. Hot-rolled strip steel in Structural Steel Automotive Mechanical Manufacturing often exhibits irregular fine dark lines scattered across the surface."
neudet4_inclusion_263.jpg,12,"steel,inclusion","Structural Steel Automotive Mechanical Manufacturing. Inclusions are foreign particles or materials embedded on the surface, significantly different in texture from the base material. Hot-rolled strip steel in Structural Steel Automotive Mechanical Manufacturing exhibits irregular fine dark lines scattered across the surface."
neudet4_inclusion_264.jpg,12,"steel,inclusion","Structural Steel Automotive Mechanical Manufacturing. Crazing refers to the appearance of a fine network of cracks on the surface, often irregularly distributed. Inclusion is the presence of foreign particles or material impurities embedded in the surface, significantly different from the base material. Hot-rolled strip steel in Structural Steel Automotive Mechanical Manufacturing exhibits irregular fine dark lines scattered across the surface."
neudet4_inclusion_265.jpg,12,"steel,inclusion","Structural Steel Automotive Mechanical Manufacturing. Inclusion refers to the presence of foreign particles or material impurities embedded on the surface, significantly differing from the base material texture. Hot-rolled strip steel in Structural Steel Automotive Mechanical Manufacturing exhibits irregular fine dark lines scattered throughout the surface."
neudet4_inclusion_266.jpg,12,"steel,inclusion","Structural Steel Automotive Mechanical Manufacturing. Inclusions are foreign particles or materials embedded on the surface, significantly different in texture from the base material. Hot-rolled strip steel in Structural Steel Automotive Mechanical Manufacturing exhibits irregular fine dark lines scattered across the surface."
neudet4_inclusion_267.jpg,12,"steel,inclusion","Structural Steel Automotive Mechanical Manufacturing. Inclusion refers to the presence of foreign particles or material inclusions embedded on the surface, significantly different from the base material. Hot-rolled strip steel in Structural Steel Automotive Mechanical Manufacturing exhibits irregular fine dark lines scattered throughout the surface."
neudet4_inclusion_268.jpg,12,"steel,inclusion","Structural Steel Automotive Mechanical Manufacturing. Delamination refers to the separation of layers within the material, leading to reduced structural integrity. Surface pitting is a common defect characterized by small, irregular pits scattered across the surface of the hot-rolled steel."
neudet4_inclusion_269.jpg,12,"steel,inclusion","Structural Steel Automotive Mechanical Manufacturing. Inclusion refers to the presence of foreign particles or materials embedded on the surface, significantly different from the base material texture. Hot-rolled strip steel in Structural Steel Automotive Mechanical Manufacturing often exhibits irregular fine dark lines scattered throughout the surface."
neudet4_inclusion_270.jpg,12,"steel,inclusion","Structural Steel Automotive Mechanical Manufacturing. Inclusions are foreign particles or materials embedded on the surface, significantly different from the base material. Hot-rolled strip steel in Structural Steel Automotive Mechanical Manufacturing exhibits irregular fine dark lines scattered throughout the surface."
neudet4_inclusion_271.jpg,12,"steel,inclusion","Structural Steel Automotive Mechanical Manufacturing. Inclusion refers to foreign particles or materials embedded on the surface, significantly different in texture from the base material. Hot-rolled steel strips in Structural Steel Automotive Mechanical Manufacturing exhibit irregular fine dark lines scattered across the surface."
neudet4_inclusion_272.jpg,12,"steel,inclusion","Structural Steel Automotive Mechanical Manufacturing. Inclusion refers to foreign particles or materials embedded on the surface, significantly different in texture from the base material. Hot-rolled strip steel in Structural Steel Automotive Mechanical Manufacturing exhibits irregular fine dark lines scattered across the surface."
neudet4_inclusion_273.jpg,12,"steel,inclusion","Structural Steel Automotive Mechanical Manufacturing. Inclusions are foreign particles or materials embedded on the surface, significantly different from the base material. Hot-rolled steel strips in Structural Steel Automotive Mechanical Manufacturing exhibit irregular fine dark lines scattered throughout the surface."
neudet4_inclusion_274.jpg,12,"steel,inclusion","Structural Steel Automotive Mechanical Manufacturing. Inclusion refers to foreign particles or material impurities embedded on the surface, significantly different from the base material texture. Hot-rolled steel strips in Structural Steel Automotive Mechanical Manufacturing exhibit irregular fine dark lines scattered across the surface."
neudet4_inclusion_275.jpg,12,"steel,inclusion","Structural Steel Automotive Mechanical Manufacturing. Inclusions are foreign particles or materials embedded on the surface, significantly different from the base material. Hot-rolled strip steel in Structural Steel Automotive Mechanical Manufacturing exhibits irregular fine dark lines scattered across the surface."
neudet4_inclusion_276.jpg,12,"steel,inclusion","Structural Steel Automotive Mechanical Manufacturing. Crazing refers to the appearance of a fine network of cracks on the surface, often irregularly distributed. Inclusion is the embedding of foreign particles or material impurities on the surface, significantly different in texture from the base material. Hot-rolled strip steel in Structural Steel Automotive Mechanical Manufacturing exhibits irregular fine dark lines scattered across the surface."
neudet4_inclusion_277.jpg,12,"steel,inclusion","Structural Steel Automotive Mechanical Manufacturing. Inclusions are foreign particles or impurities embedded on the surface, significantly different in texture from the base material. Hot-rolled strip steel in Structural Steel Automotive Mechanical Manufacturing exhibits irregular fine dark lines scattered across the surface."
neudet4_inclusion_278.jpg,12,"steel,inclusion","Structural Steel Automotive Mechanical Manufacturing. Inclusions are foreign particles or materials embedded on the surface, significantly different in texture from the base material. Hot-rolled strip steel in Structural Steel Automotive Mechanical Manufacturing exhibits irregular fine dark lines scattered throughout the surface."
neudet4_inclusion_279.jpg,12,"steel,inclusion","Structural Steel Automotive Mechanical Manufacturing. Inclusion refers to foreign particles or materials embedded on the surface, significantly different from the base material. Hot-rolled strip steel in Structural Steel Automotive Mechanical Manufacturing exhibits irregular fine dark lines scattered across the surface."
neudet4_inclusion_280.jpg,12,"steel,inclusion","Structural Steel Automotive Mechanical Manufacturing. Crazing refers to the appearance of a fine network of surface cracks, often irregularly distributed. Inclusion indicates the presence of foreign particles or material impurities embedded on the surface, significantly differing from the base material texture. Hot-rolled strip steel in Structural Steel Automotive Mechanical Manufacturing exhibits scattered irregular fine dark lines across its surface."
neudet4_inclusion_281.jpg,12,"steel,inclusion","Structural Steel Automotive Mechanical Manufacturing. Inclusions are foreign particles or materials embedded on the surface, significantly different in texture from the base material. Hot-rolled strip steel in Structural Steel Automotive Mechanical Manufacturing exhibits irregular fine dark lines scattered across the surface."
neudet4_inclusion_282.jpg,12,"steel,inclusion","Structural Steel Automotive Mechanical Manufacturing. Inclusions are foreign particles or materials embedded on the surface, significantly different from the base material. Hot-rolled strip steel in Structural Steel Automotive Mechanical Manufacturing exhibits irregular fine dark lines scattered throughout the surface."
neudet4_inclusion_283.jpg,12,"steel,inclusion","Structural Steel Automotive Mechanical Manufacturing. Inclusions are foreign particles or materials embedded in the surface, significantly different in texture from the base material. Hot-rolled strip steel in Structural Steel Automotive Mechanical Manufacturing exhibits irregular fine dark lines scattered throughout the surface."
neudet4_inclusion_284.jpg,12,"steel,inclusion","Structural Steel Automotive Mechanical Manufacturing. Inclusions are foreign particles or materials embedded on the surface, significantly different from the base material. Hot-rolled strip steel in Structural Steel Automotive Mechanical Manufacturing exhibits irregular fine dark lines scattered across the surface."
neudet4_inclusion_285.jpg,12,"steel,inclusion","Structural Steel Automotive Mechanical Manufacturing. Inclusion refers to the presence of foreign particles or materials embedded in the surface, significantly different from the base material. Hot-rolled strip steel in Structural Steel Automotive Mechanical Manufacturing exhibits irregular fine dark lines scattered throughout the surface."
neudet4_inclusion_286.jpg,12,"steel,inclusion","Structural Steel Automotive Mechanical Manufacturing. Inclusions are foreign particles or materials embedded on the surface, significantly different from the base material. Hot-rolled steel strips in Structural Steel Automotive Mechanical Manufacturing exhibit irregular fine dark lines scattered across the surface."
neudet4_inclusion_287.jpg,12,"steel,inclusion","Structural Steel Automotive Mechanical Manufacturing. Inclusions refer to foreign particles or materials embedded on the surface, significantly different from the base material. Hot-rolled strip steel in Structural Steel Automotive Mechanical Manufacturing exhibits irregular fine dark lines scattered across the surface."
neudet4_inclusion_288.jpg,12,"steel,inclusion","Structural Steel Automotive Mechanical Manufacturing. Inclusion refers to the presence of foreign particles or materials embedded in the surface, significantly different from the base material. Hot-rolled strip steel in Structural Steel Automotive Mechanical Manufacturing often exhibits irregular fine dark lines scattered throughout the surface."
neudet4_inclusion_289.jpg,12,"steel,inclusion","Structural Steel Automotive Mechanical Manufacturing. Inclusions are foreign particles or materials embedded on the surface, significantly differing in texture from the base material. Hot-rolled strip steel in Structural Steel Automotive Mechanical Manufacturing often exhibits irregular fine dark lines scattered across the surface."
neudet4_inclusion_290.jpg,12,"steel,inclusion","Structural Steel Automotive Mechanical Manufacturing. Crazing refers to the appearance of a fine network of cracks on the surface, often irregularly distributed. Inclusions are foreign particles or materials embedded on the surface, significantly different in texture from the base material. Hot-rolled steel strips in Structural Steel Automotive Mechanical Manufacturing exhibit irregular fine dark lines scattered throughout the surface."
neudet4_inclusion_291.jpg,12,"steel,inclusion","Structural Steel Automotive Mechanical Manufacturing. Inclusions are foreign particles or materials embedded on the surface, significantly different in texture from the base material. Hot-rolled steel strips in Structural Steel Automotive Mechanical Manufacturing exhibit irregular fine dark lines scattered across the surface."
neudet4_inclusion_292.jpg,12,"steel,inclusion","Structural Steel Automotive Mechanical Manufacturing. Inclusions refer to foreign particles or materials embedded in the surface, significantly different in texture from the base material. Hot-rolled strip steel in Structural Steel Automotive Mechanical Manufacturing exhibits irregular fine dark lines scattered across the surface."
neudet4_inclusion_293.jpg,12,"steel,inclusion","Structural Steel Automotive Mechanical Manufacturing. Inclusions are foreign particles or materials embedded on the surface, significantly different from the base material. Hot-rolled steel strips in Structural Steel Automotive Mechanical Manufacturing exhibit irregular fine dark lines scattered across the surface."
neudet4_inclusion_294.jpg,12,"steel,inclusion","Structural Steel Automotive Mechanical Manufacturing. Inclusion refers to the presence of foreign particles or material impurities embedded on the surface, significantly differing from the base material texture. Hot-rolled strip steel in Structural Steel Automotive Mechanical Manufacturing exhibits irregular fine dark streaks scattered across the surface."
neudet4_inclusion_295.jpg,12,"steel,inclusion","Structural Steel Automotive Mechanical Manufacturing. Inclusion refers to the presence of foreign particles or materials embedded on the surface, significantly different from the base material. Hot-rolled strip steel in Structural Steel Automotive Mechanical Manufacturing exhibits irregular fine dark lines scattered across the surface."
neudet4_inclusion_296.jpg,12,"steel,inclusion","Structural Steel Automotive Mechanical Manufacturing. Inclusions are foreign particles or material impurities embedded on the surface, significantly different from the base material. Hot-rolled strip steel in Structural Steel Automotive Mechanical Manufacturing exhibits irregular fine dark streaks scattered across the surface."
neudet4_inclusion_297.jpg,12,"steel,inclusion","Structural Steel Automotive Mechanical Manufacturing. Inclusions are foreign particles or materials embedded on the surface, significantly different in texture from the base material. Hot-rolled strip steel in Structural Steel Automotive Mechanical Manufacturing exhibits irregular fine dark lines scattered throughout the surface."
neudet4_inclusion_298.jpg,12,"steel,inclusion","Structural Steel Automotive Mechanical Manufacturing. Inclusions are foreign particles or materials embedded on the surface, significantly different from the base material. Hot-rolled steel strips in Structural Steel Automotive Mechanical Manufacturing exhibit irregular fine dark lines scattered throughout the surface."
neudet4_inclusion_299.jpg,12,"steel,inclusion","Structural Steel Automotive Mechanical Manufacturing. Inclusions are foreign particles or materials embedded on the surface, significantly different from the base material. Hot-rolled strip steel in Structural Steel Automotive Mechanical Manufacturing often exhibits irregular fine dark lines scattered across the surface."
neudet4_inclusion_300.jpg,12,"steel,inclusion","Structural Steel Automotive Mechanical Manufacturing. Inclusion refers to the presence of foreign particles or material impurities embedded on the surface, significantly different from the base material. Hot-rolled strip steel in Structural Steel Automotive Mechanical Manufacturing exhibits irregular fine dark lines scattered across the surface."
neudet4_oil_001.jpg,17,"steel,oil,scratch","Structural Steel Automotive Mechanical Manufacturing. Oil Staining refers to the presence of uneven oil residue on the surface, often appearing as blotches or streaks. Hot-rolled steel with scratches and oil stains on the surface."
neudet4_oil_002.jpg,17,"steel,oil,scratch","Structural Steel Automotive Mechanical Manufacturing. Oil Staining refers to the uneven residual oil marks on the surface, typically appearing as spots or streaks. Hot-rolled strip steel in Structural Steel Automotive Mechanical Manufacturing may exhibit scratches with oil stains on top."
neudet4_oil_003.jpg,17,"steel,oil,scratch","Structural Steel Automotive Mechanical Manufacturing. Crazing refers to the appearance of fine network of cracks on the surface, often irregularly distributed. Oil Staining is characterized by uneven oil residue on the surface, typically in the form of spots or streaks. Hot rolled steel strip in Structural Steel Automotive Mechanical Manufacturing may exhibit scratches with oil stains on top."
neudet4_oil_004.jpg,17,"steel,oil,scratch","Structural Steel Automotive Mechanical Manufacturing. Oil Staing refers to the uneven oil residue on the surface, typically appearing as spotted or streaked marks. Hot-rolled steel strip may exhibit Scratches with oil stains on top."
neudet4_oil_005.jpg,17,"steel,oil,scratch","Structural Steel Automotive Mechanical Manufacturing. Oil Staining refers to the presence of uneven oil residue on the surface, typically appearing in spotted or streaked patterns. Hot-rolled steel with scratches contaminated by oil stains."
neudet4_oil_006.jpg,17,"steel,oil,scratch","Structural Steel Automotive Mechanical Manufacturing. Oil Staining refers to the presence of uneven oil residue on the surface, typically appearing as patches or streaks. Hot-rolled steel strip may exhibit scratches with oil stains on top."
neudet4_oil_007.jpg,17,"steel,oil,scratch","Structural Steel Automotive Mechanical Manufacturing. Oil Staining refers to the uneven residual oil marks on the surface, typically appearing as patches or streaks. Hot-rolled strip steel in Structural Steel Automotive Mechanical Manufacturing may exhibit small defects such as oil drips."
neudet4_oil_008.jpg,18,"steel,oil,small defect","Structural Steel Automotive Mechanical Manufacturing. Oil Staining refers to the presence of uneven oil residue on the surface, typically appearing as spots or streaks. Hot-rolled strip steel in Structural Steel Automotive Mechanical Manufacturing may exhibit small defects such as oil drips."
neudet4_oil_009.jpg,18,"steel,oil,small defect","Structural Steel Automotive Mechanical Manufacturing. Oil Staining refers to the presence of uneven oil residue on the surface, typically appearing as spots or streaks. Hot-rolled steel strip may have small defects such as oil drips on the surface."
neudet4_oil_010.jpg,18,"steel,oil,small defect","Structural Steel Automotive Mechanical Manufacturing. Oil Staining refers to the presence of uneven oil residue on the surface, often appearing as blotches or streaks. Hot-rolled strip steel in Structural Steel Automotive Mechanical Manufacturing may exhibit small defects such as oil drips."
neudet4_oil_011.jpg,18,"steel,oil,small defect","Structural Steel Automotive Mechanical Manufacturing. Oil Staining refers to the presence of uneven oil residue on the surface, typically appearing as spots or streaks. Hot-rolled strip steel in Structural Steel Automotive Mechanical Manufacturing may exhibit Wipecracks with oil stains on top."
neudet4_oil_012.jpg,19,"steel,oil,crack","Structural Steel Automotive Mechanical Manufacturing. Oil Staining refers to the presence of uneven oil residue on the surface, typically appearing as spots or streaks. Hot-rolled steel strip may exhibit Wipecracks with oil stains on top."
neudet4_oil_013.jpg,19,"steel,oil,crack","Structural Steel Automotive Mechanical Manufacturing. Oil Staining refers to the uneven residual oil marks on the surface, typically appearing as patches or streaks. Hot-rolled steel strip may exhibit Wipecracks with oil stains on top."
neudet4_oil_014.jpg,19,"steel,oil,crack","Structural Steel Automotive Mechanical Manufacturing. Oil Staing refers to the presence of uneven oil residue on the surface, often appearing as spotted or streaked. Hot-rolled steel strip may exhibit Wipecrack with oil stains on top."
neudet4_oil_015.jpg,19,"steel,oil,crack","Structural Steel Automotive Mechanical Manufacturing. Oil Staining refers to the presence of uneven oil residue on the surface, typically appearing as spotted or streaked patterns. Hot-rolled steel strip may exhibit Wipecracks with oil stains on top."
neudet4_oil_016.jpg,19,"steel,oil,crack","Structural Steel Automotive Mechanical Manufacturing. Wipecrack is the presence of oil stains on the surface in an irregular and patchy pattern. Hot-rolled steel strip with oil residue, showing a streaky appearance."
neudet4_patches_001.jpg,13,"steel,patches","Structural Steel Automotive Mechanical Manufacturing. Lack of uniformity in surface finish and texture, leading to inconsistent appearances across the material. Surface may exhibit irregular patches of differing qualities, such as roughness or abnormal smoothness. Structural Steel Automotive Mechanical Manufacturing may display non-uniform patches on its surface."
neudet4_patches_002.jpg,13,"steel,patches","Structural Steel Automotive Mechanical Manufacturing. Crazing refers to the appearance of fine, interconnected crack networks on the surface, often irregularly distributed. Patches are irregular block-shaped areas on the surface with different textures compared to the surrounding areas, possibly exhibiting roughness or abnormal smoothness. Hot-rolled strip steel in Structural Steel Automotive Mechanical Manufacturing may contain such irregular block-shaped areas."
neudet4_patches_003.jpg,13,"steel,patches","Structural Steel Automotive Mechanical Manufacturing. Crazing refers to the appearance of fine crack networks on the surface, with cracks often irregularly distributed. Patches are irregular block-like areas on the surface, exhibiting a different texture from the surrounding area, which can appear rough or unusually smooth. Hot-rolled strip steel in Structural Steel Automotive Mechanical Manufacturing may exhibit irregular block-like areas."
neudet4_patches_004.jpg,13,"steel,patches","Structural Steel Automotive Mechanical Manufacturing. Crazing refers to the appearance of a fine network of cracks on the surface, often irregularly distributed. Patches are irregular block-shaped areas on the surface with a different texture from the surrounding areas, which may appear rough or unusually smooth. Hot-rolled strip steel in Structural Steel Automotive Mechanical Manufacturing may exhibit irregular block-shaped areas."
neudet4_patches_005.jpg,13,"steel,patches","Structural Steel Automotive Mechanical Manufacturing. Crazing is the appearance of a fine network of cracks on the surface, with cracks exhibiting irregular distribution. Patches are irregular block-shaped areas on the surface with a texture different from the surrounding areas, possibly appearing rough or unusually smooth. Hot-rolled steel strips in Structural Steel Automotive Mechanical Manufacturing may exhibit irregular block-shaped areas."
neudet4_patches_006.jpg,13,"steel,patches","Structural Steel Automotive Mechanical Manufacturing. Crazing refers to the appearance of a fine network of surface cracks, often irregularly distributed. Patches are irregular block-shaped areas on the surface with different textures from the surrounding areas, which may appear rough or unusually smooth. Hot-rolled steel strips in Structural Steel Automotive Mechanical Manufacturing exhibit irregular block-shaped areas."
neudet4_patches_007.jpg,13,"steel,patches","Structural Steel Automotive Mechanical Manufacturing. Crazing refers to the appearance of a fine network of cracks on the surface, often irregularly distributed. Patches are irregular block-shaped areas on the surface with a different texture from the surrounding material, possibly rough or abnormally smooth. Hot-rolled strip steel in Structural Steel Automotive Mechanical Manufacturing exhibits distinct central blotches."
neudet4_patches_008.jpg,13,"steel,patches","Structural Steel Automotive Mechanical Manufacturing. Crazing refers to the appearance of a fine network of cracks on the surface, often irregularly distributed. Patches are irregular block-shaped areas on the surface with a different texture from the surrounding areas, possibly rough or unusually smooth. Hot-rolled strip steel in Structural Steel Automotive Mechanical Manufacturing exhibits prominent central patches."
neudet4_patches_009.jpg,13,"steel,patches","Structural Steel Automotive Mechanical Manufacturing. Crazing is the appearance of a fine network of cracks on the surface, often irregularly distributed. Patches are irregular block-like areas on the surface with a different texture from the surrounding, possibly rough or unusually smooth. Hot-rolled strip steel in Structural Steel Automotive Mechanical Manufacturing exhibits prominent central patches."
neudet4_patches_010.jpg,13,"steel,patches","Structural Steel Automotive Mechanical Manufacturing. Crazing refers to the appearance of a fine network of cracks on the surface, often irregularly distributed. Patches are irregular block-shaped areas on the surface with a different texture from the surrounding, possibly rough or unusually smooth. Hot-rolled strip steel in Structural Steel Automotive Mechanical Manufacturing exhibits distinct patches in the center."
neudet4_patches_011.jpg,13,"steel,patches","Structural Steel Automotive Mechanical Manufacturing. Crazing refers to the appearance of fine crack networks on the surface, often irregularly distributed. Patches are irregular block-shaped areas on the surface with different texture from the surroundings, possibly rough or unusually smooth. Hot-rolled strip steel in Structural Steel Automotive Mechanical Manufacturing exhibits prominent blotches in the center."
neudet4_patches_012.jpg,13,"steel,patches","Structural Steel Automotive Mechanical Manufacturing. Crazing refers to the appearance of fine crack networks on the surface, often irregularly distributed. Patches are irregular block-like areas on the surface with different textures from the surrounding area, possibly rough or unusually smooth. Hot-rolled strip steel in Structural Steel Automotive Mechanical Manufacturing exhibits distinct patches in the center."
neudet4_patches_013.jpg,13,"steel,patches","Structural Steel Automotive Mechanical Manufacturing. Crazing refers to the appearance of fine crack networks on the surface, with cracks irregularly distributed. Patches are irregular block-shaped areas on the surface with different textures from the surroundings, possibly rough or unusually smooth. Hot-rolled strip steel in Structural Steel Automotive Mechanical Manufacturing exhibits prominent blotches in the center."
neudet4_patches_014.jpg,13,"steel,patches","Structural Steel Automotive Mechanical Manufacturing. Crazing refers to the appearance of a fine network of cracks on the surface, often irregularly distributed. Patches are irregular block-shaped areas on the surface with a different texture from the surrounding, potentially rough or unusually smooth. Hot-rolled strip steel in Structural Steel Automotive Mechanical Manufacturing exhibits prominent central blotches."
neudet4_patches_015.jpg,13,"steel,patches","Structural Steel Automotive Mechanical Manufacturing. Crazing refers to the appearance of a fine network of cracks on the surface, which are often irregularly distributed. Patches are irregular block-shaped areas on the surface with a different texture from the surroundings, possibly rough or unusually smooth. In hot-rolled strip steel of Structural Steel Automotive Mechanical Manufacturing, there are clearly visible patches in the center."
neudet4_patches_016.jpg,13,"steel,patches","Structural Steel Automotive Mechanical Manufacturing. Crazing refers to the appearance of a fine network of cracks on the surface, often irregularly distributed. Patches are irregular block-shaped areas on the surface with a different texture from the surrounding, possibly rough or unusually smooth. Hot-rolled strip steel in Structural Steel Automotive Mechanical Manufacturing exhibits distinct central patches."
neudet4_patches_017.jpg,13,"steel,patches","Structural Steel Automotive Mechanical Manufacturing. Patches are irregular block-shaped areas on the surface with a different texture from the surrounding areas, possibly appearing rough or unusually smooth. Hot-rolled strip steel in Structural Steel Automotive Mechanical Manufacturing exhibits prominent central patches."
neudet4_patches_018.jpg,13,"steel,patches","Structural Steel Automotive Mechanical Manufacturing. Crazing is the appearance of a fine network of cracks on the surface, often irregularly distributed. Patches refer to irregular block-like areas on the surface with different texture from the surrounding, possibly rough or unusually smooth. Hot-rolled strip steel in Structural Steel Automotive Mechanical Manufacturing exhibits distinct central patches."
neudet4_patches_019.jpg,13,"steel,patches","Structural Steel Automotive Mechanical Manufacturing. Crazing refers to the appearance of fine crack networks on the surface, with cracks irregularly distributed. Patches are irregular block-shaped areas on the surface, with texture different from the surroundings, possibly rough or unusually smooth. Hot-rolled strip steel in Structural Steel Automotive Mechanical Manufacturing exhibits distinct patches in the center."
neudet4_patches_020.jpg,13,"steel,patches","Structural Steel Automotive Mechanical Manufacturing. Crazing is the appearance of a fine network of cracks on the surface, often irregularly distributed. Patches refer to irregular block-shaped areas on the surface with a different texture from the surrounding, which may appear rough or unusually smooth. Hot-rolled strip steel in Structural Steel Automotive Mechanical Manufacturing exhibits prominent central blotches."
neudet4_patches_021.jpg,13,"steel,patches","Structural Steel Automotive Mechanical Manufacturing. Delamination refers to the separation of layers in the material, often resulting in a weakened structure. Surface contamination is a common defect where foreign substances adhere to the surface, affecting the material's integrity and appearance."
neudet4_patches_022.jpg,13,"steel,patches","Structural Steel Automotive Mechanical Manufacturing. Delamination is the separation of layers in the material, often resulting in a layered appearance. Inclusions are foreign particles or impurities trapped within the steel, affecting its structural integrity. Hot-rolled steel strips in Structural Steel Automotive Mechanical Manufacturing exhibit prominent central patches, indicating variations in cooling rates during manufacturing."
neudet4_patches_023.jpg,13,"steel,patches","Structural Steel Automotive Mechanical Manufacturing. Surface defects in the form of Crazing, which are fine crack networks appearing irregularly across the surface. Patches are irregular block-shaped areas with different texture from the surrounding, possibly rough or unusually smooth. Hot-rolled strip steel in Structural Steel Automotive Mechanical Manufacturing exhibits prominent central banded patterns."
neudet4_patches_024.jpg,13,"steel,patches","Structural Steel Automotive Mechanical Manufacturing. Crazing is the appearance of a fine network of cracks on the surface, often irregularly distributed. Patches refer to irregular block-like areas on the surface with a different texture from the surrounding, which may appear rough or unusually smooth. Hot-rolled strip steel in Structural Steel Automotive Mechanical Manufacturing exhibits prominent central patches."
neudet4_patches_025.jpg,13,"steel,patches","Structural Steel Automotive Mechanical Manufacturing. Crazing is the appearance of a fine network of cracks on the surface, which are irregularly distributed. Patches are irregular block-like areas on the surface with a different texture from the surrounding area, possibly rough or unusually smooth. Hot-rolled strip steel in Structural Steel Automotive Mechanical Manufacturing appears as blotches with fuzzy edges similar to stains."
neudet4_patches_026.jpg,13,"steel,patches","Structural Steel Automotive Mechanical Manufacturing. Crazing is the appearance of a fine network of cracks on the surface, often irregularly distributed. Patches are irregular block-shaped areas on the surface with a different texture from the surrounding, possibly rough or unusually smooth. Hot-rolled strip steel in Structural Steel Automotive Mechanical Manufacturing appears as blotches with fuzzy edges like stains."
neudet4_patches_027.jpg,13,"steel,patches","Structural Steel Automotive Mechanical Manufacturing. Crazing is the appearance of a fine network of cracks on the surface, often irregularly distributed. Patches are irregular block-shaped areas on the surface with a different texture from the surrounding area, which may appear rough or unusually smooth. Hot-rolled steel bands in Structural Steel Automotive Mechanical Manufacturing exhibit blotches with fuzzy edges similar to stains."
neudet4_patches_028.jpg,13,"steel,patches","Structural Steel Automotive Mechanical Manufacturing. Crazing refers to the appearance of a fine network of surface cracks, often irregularly distributed. Patches are irregular block-like areas on the surface with different textures from the surrounding, which may appear rough or unusually smooth. Hot-rolled strip steel in Structural Steel Automotive Mechanical Manufacturing exhibits blotches with fuzzy edges resembling stains."
neudet4_patches_029.jpg,13,"steel,patches","Structural Steel Automotive Mechanical Manufacturing. Crazing refers to the appearance of a fine network of surface cracks, often irregularly distributed. Patches are irregular block-shaped areas on the surface with a different texture from the surrounding material, which can appear rough or unusually smooth. Hot-rolled steel bands in Structural Steel Automotive Mechanical Manufacturing exhibit blotches with fuzzy edges similar to stains."
neudet4_patches_030.jpg,13,"steel,patches","Structural Steel Automotive Mechanical Manufacturing. Crazing refers to the appearance of a fine network of cracks on the surface, often irregularly distributed. Patches are irregular block-shaped areas on the surface with a different texture from the surrounding area, which may appear rough or unusually smooth. Hot-rolled steel bands in Structural Steel Automotive Mechanical Manufacturing resemble blotches with blurred edges like stains."
neudet4_patches_031.jpg,13,"steel,patches","Structural Steel Automotive Mechanical Manufacturing. Crazing is the appearance of a fine network of cracks on the surface, irregularly distributed. Patches are irregular block-shaped areas on the surface with a different texture from the surrounding, possibly rough or unusually smooth. Hot-rolled strip steel in Structural Steel Automotive Mechanical Manufacturing appears as blotches with blurred edges, resembling stains."
neudet4_patches_032.jpg,13,"steel,patches","Structural Steel Automotive Mechanical Manufacturing. Crazing refers to the appearance of a fine network of surface cracks, often irregularly distributed. Patches are irregular block-shaped areas on the surface with a different texture from the surroundings, which may appear rough or unusually smooth. Hot-rolled strip steel in Structural Steel Automotive Mechanical Manufacturing exhibits blotches with fuzzy edges similar to stains."
neudet4_patches_033.jpg,13,"steel,patches","Structural Steel Automotive Mechanical Manufacturing. Crazing is the appearance of a fine network of cracks on the surface, often irregularly distributed. Patches refer to irregular block-shaped areas on the surface with a different texture from the surrounding areas, which may appear rough or unusually smooth. Hot-rolled steel bands in Structural Steel Automotive Mechanical Manufacturing exhibit blotches with fuzzy edges resembling stains."
neudet4_patches_034.jpg,13,"steel,patches","Structural Steel Automotive Mechanical Manufacturing. Crazing is the appearance of a fine network of cracks on the surface, often irregularly distributed. Patches are irregular block-like areas on the surface with a different texture from the surrounding, possibly rough or unusually smooth. Hot-rolled strip steel in Structural Steel Automotive Mechanical Manufacturing exhibits blotches with blurred edges, resembling stains."
neudet4_patches_035.jpg,13,"steel,patches","Structural Steel Automotive Mechanical Manufacturing. Crazing is the appearance of a fine network of surface cracks, often irregularly distributed. Patches are irregularly shaped areas on the surface with a different texture from the surrounding material, which may appear either rough or unusually smooth. Hot-rolled strip steel in Structural Steel Automotive Mechanical Manufacturing exhibits blotches with blurred edges, resembling stains."
neudet4_patches_036.jpg,13,"steel,patches","Structural Steel Automotive Mechanical Manufacturing. Deformation refers to the change in the shape of the material due to external forces, leading to bending or warping. Inclusions are foreign particles or impurities trapped within the steel, affecting its overall strength and durability. Hot-rolled steel plates in Structural Steel Automotive Mechanical Manufacturing exhibit patches, irregular block-shaped areas with different textures from their surroundings, which may appear rough or unusually smooth, resembling blurred blotches like stains."
neudet4_patches_037.jpg,13,"steel,patches","Structural Steel Automotive Mechanical Manufacturing. Crazing is the formation of a fine network of surface cracks, often irregularly distributed. Patches are irregular block-like areas on the surface with different textures from the surrounding material, which may appear rough or unusually smooth. Hot-rolled strip steel in Structural Steel Automotive Mechanical Manufacturing exhibits blotches with fuzzy edges resembling stains."
neudet4_patches_038.jpg,13,"steel,patches","Structural Steel Automotive Mechanical Manufacturing. Pitting refers to the formation of small, localized craters on the surface, often caused by corrosion or material defects. Lamination is the separation of layers within the steel, resulting in weak spots that compromise structural integrity. Hot-rolled steel strips in Structural Steel Automotive Mechanical Manufacturing may exhibit numerous black spots and patches, indicating impurities or uneven heating during production."
neudet4_patches_039.jpg,13,"steel,patches","Structural Steel Automotive Mechanical Manufacturing. Crazing refers to the appearance of fine crack networks on the surface, with cracks irregularly distributed. Patches are irregular block-shaped areas on the surface, with a texture different from the surrounding, possibly rough or unusually smooth. Hot-rolled steel bands in Structural Steel Automotive Mechanical Manufacturing exhibit multiple black spots and patches."
neudet4_patches_040.jpg,13,"steel,patches","Structural Steel Automotive Mechanical Manufacturing. Crazing refers to the appearance of a fine network of surface cracks, often irregularly distributed. Patches are irregular block-shaped areas on the surface with a different texture from the surrounding material, possibly rough or unusually smooth. Hot-rolled steel bands in Structural Steel Automotive Mechanical Manufacturing exhibit multiple black spot clusters."
neudet4_patches_041.jpg,13,"steel,patches","Structural Steel Automotive Mechanical Manufacturing. Crazing refers to the appearance of a fine network of cracks on the surface, often irregularly distributed. Patches are irregular block-shaped areas on the surface with different textures from the surrounding areas, which may appear rough or unusually smooth. In hot-rolled strip steel for Structural Steel Automotive Mechanical Manufacturing, multiple black spots and patches can be observed."
neudet4_patches_042.jpg,13,"steel,patches","Structural Steel Automotive Mechanical Manufacturing. Crazing appears as a network of fine cracks on the surface, often irregularly distributed. Patches are irregular block-shaped areas on the surface with a different texture from the surrounding, possibly rough or unusually smooth. Hot-rolled steel bands in Structural Steel Automotive Mechanical Manufacturing exhibit multiple black spot clusters."
neudet4_patches_043.jpg,13,"steel,patches","Structural Steel Automotive Mechanical Manufacturing. Crazing is the appearance of a fine network of cracks on the surface, often irregularly distributed. Patches are irregular block-shaped areas on the surface with a texture different from the surrounding areas, possibly rough or unusually smooth. Hot-rolled steel bands in Structural Steel Automotive Mechanical Manufacturing exhibit multiple black spots and patches."
neudet4_patches_044.jpg,13,"steel,patches","Structural Steel Automotive Mechanical Manufacturing. Crazing is the appearance of a fine network of cracks on the surface, often irregularly distributed. Patches refer to irregular block-shaped areas on the surface with a different texture from the surrounding material, which may appear rough or unusually smooth. In hot-rolled strip steel for Structural Steel Automotive Mechanical Manufacturing, multiple black spot clusters can be observed."
neudet4_patches_045.jpg,13,"steel,patches","Structural Steel Automotive Mechanical Manufacturing. Crazing refers to the appearance of a fine network of cracks on the surface, often irregularly distributed. Patches are irregular block-shaped areas on the surface with a different texture from the surrounding material, possibly rough or unusually smooth. Hot-rolled strip steel in Structural Steel Automotive Mechanical Manufacturing exhibits several black patches arranged in a streaked pattern."
neudet4_patches_046.jpg,13,"steel,patches","Structural Steel Automotive Mechanical Manufacturing. Crazing refers to the appearance of a fine network of cracks on the surface, irregularly distributed. Patches are irregular block-shaped areas on the surface with a different texture from the surrounding, possibly rough or unusually smooth. Hot-rolled strip steel in Structural Steel Automotive Mechanical Manufacturing shows several black patches arranged in a streak pattern."
neudet4_patches_047.jpg,13,"steel,patches","Structural Steel Automotive Mechanical Manufacturing. Crazing is the appearance of fine cracks in a network pattern on the surface, with cracks irregularly distributed. Patches are irregular block-shaped areas on the surface with a different texture from the surrounding, possibly rough or unusually smooth. Hot-rolled strip steel in Structural Steel Automotive Mechanical Manufacturing shows several black patches in a streaked trend."
neudet4_patches_048.jpg,13,"steel,patches","Structural Steel Automotive Mechanical Manufacturing. Crazing refers to the appearance of fine crack networks on the surface, with cracks irregularly distributed. Patches are irregular block-shaped areas on the surface, with a texture different from the surroundings, possibly rough or unusually smooth. Hot-rolled strip steel in Structural Steel Automotive Mechanical Manufacturing exhibits several black patches showing a streak trend."
neudet4_patches_049.jpg,13,"steel,patches","Structural Steel Automotive Mechanical Manufacturing. Crazing is the appearance of a fine network of cracks on the surface, often irregularly distributed. Patches are irregular block-shaped areas on the surface with a different texture from the surrounding, possibly rough or unusually smooth. Hot-rolled strip steel in Structural Steel Automotive Mechanical Manufacturing shows several black patches exhibiting a streaking trend."
neudet4_patches_050.jpg,13,"steel,patches","Structural Steel Automotive Mechanical Manufacturing. Crazing refers to the appearance of a fine network of cracks on the surface, which are irregularly distributed. Patches are irregular block-shaped areas on the surface with a different texture from the surrounding areas, possibly rough or unusually smooth. Hot-rolled strip steel in Structural Steel Automotive Mechanical Manufacturing shows several black patches in a streaky pattern."
neudet4_patches_051.jpg,13,"steel,patches","Structural Steel Automotive Mechanical Manufacturing. Crazing refers to the appearance of a fine network of cracks on the surface, with cracks irregularly distributed. Patches are irregular block-shaped areas on the surface with a different texture from the surroundings, possibly rough or unusually smooth. Hot-rolled steel strips in Structural Steel Automotive Mechanical Manufacturing exhibit several black blotches showing a streak-like trend."
neudet4_patches_052.jpg,13,"steel,patches","Structural Steel Automotive Mechanical Manufacturing. Crazing refers to the appearance of a fine network of cracks on the surface, often irregularly distributed. Patches are irregular block-shaped areas on the surface with a different texture from the surrounding areas, possibly rough or unusually smooth. Hot-rolled strip steel in Structural Steel Automotive Mechanical Manufacturing exhibits several black patches showing a streaky trend."
neudet4_patches_053.jpg,13,"steel,patches","Structural Steel Automotive Mechanical Manufacturing. Delamination is the separation of layers in the material, leading to reduced structural integrity. Inclusions are foreign particles trapped in the steel, causing potential weak spots. Hot rolled steel strip in Structural Steel Automotive Mechanical Manufacturing exhibits several black patches forming a striped pattern."
neudet4_patches_054.jpg,13,"steel,patches","Structural Steel Automotive Mechanical Manufacturing. Crazing refers to the appearance of a fine network of surface cracks, often irregularly distributed. Patches are irregular block-shaped areas on the surface with a different texture from the surrounding material, possibly rough or unusually smooth. In the hot-rolled strip steel of Structural Steel Automotive Mechanical Manufacturing, several black patches exhibit a streaked pattern."
neudet4_patches_055.jpg,13,"steel,patches","Structural Steel Automotive Mechanical Manufacturing. Crazing refers to the appearance of a fine network of cracks on the surface, often irregularly distributed. Patches are irregular block-shaped areas on the surface with a texture different from the surrounding area, which may appear rough or unusually smooth. Hot-rolled steel strips in Structural Steel Automotive Mechanical Manufacturing exhibit several black patch blocks showing a streaky trend."
neudet4_patches_056.jpg,13,"steel,patches","Structural Steel Automotive Mechanical Manufacturing. Crazing refers to the appearance of a fine network of cracks on the surface, often irregularly distributed. Patches are irregular block-like areas on the surface with different texture from the surroundings, possibly rough or unusually smooth. Hot-rolled strip steel in Structural Steel Automotive Mechanical Manufacturing exhibits several black patches in a streaky pattern."
neudet4_patches_057.jpg,13,"steel,patches","Structural Steel Automotive Mechanical Manufacturing. Crazing is the appearance of a fine network of cracks on the surface, often irregularly distributed. Patches are irregular block-shaped areas on the surface with different texture from the surroundings, possibly rough or unusually smooth. Hot-rolled strip steel in Structural Steel Automotive Mechanical Manufacturing exhibits several black patches in a streaky pattern."
neudet4_patches_058.jpg,13,"steel,patches","Structural Steel Automotive Mechanical Manufacturing. Crazing refers to the appearance of a fine network of cracks on the surface, often irregularly distributed. Patches are irregular block-shaped areas on the surface with a texture different from the surrounding, possibly rough or unusually smooth. Hot-rolled strip steel in Structural Steel Automotive Mechanical Manufacturing exhibits several black patches showing a streaky trend."
neudet4_patches_059.jpg,13,"steel,patches","Structural Steel Automotive Mechanical Manufacturing. Crazing refers to the appearance of a fine network of surface cracks, usually irregularly distributed. Patches are irregular block-shaped areas on the surface with different texture from the surrounding, possibly rough or unusually smooth. Hot-rolled strip steel in Structural Steel Automotive Mechanical Manufacturing exhibits several black patches showing a streaky trend."
neudet4_patches_060.jpg,13,"steel,patches","Structural Steel Automotive Mechanical Manufacturing. Crazing refers to the appearance of a fine network of surface cracks, irregularly distributed. Patches are irregular block-shaped areas on the surface with a different texture from the surrounding, possibly rough or unusually smooth. Hot-rolled strip steel in Structural Steel Automotive Mechanical Manufacturing exhibits several black patches showing a streaky trend."
neudet4_patches_061.jpg,13,"steel,patches","Structural Steel Automotive Mechanical Manufacturing. Patches refer to irregular block-shaped areas on the surface with different texture from the surroundings, possibly appearing rough or unusually smooth. Hot-rolled strip steel in Structural Steel Automotive Mechanical Manufacturing shows several black blotches in a streaky pattern."
neudet4_patches_062.jpg,13,"steel,patches","Structural Steel Automotive Mechanical Manufacturing. Crazing refers to the appearance of a fine network of surface cracks, often irregularly distributed. Patches are irregular block-shaped areas on the surface with different texture from the surroundings, possibly rough or unusually smooth. Hot-rolled strip steel in Structural Steel Automotive Mechanical Manufacturing exhibits several black patches arranged in a streaked pattern."
neudet4_patches_063.jpg,13,"steel,patches","Structural Steel Automotive Mechanical Manufacturing. Patches refer to irregular block-shaped areas on the surface with a texture different from the surrounding material, which may appear rough or unusually smooth. Hot-rolled strip steel in Structural Steel Automotive Mechanical Manufacturing exhibits several black blotches showing a streaky trend."
neudet4_patches_064.jpg,13,"steel,patches","Structural Steel Automotive Mechanical Manufacturing. Crazing refers to the appearance of a fine network of cracks on the surface, often irregularly distributed. Patches are irregular block-shaped areas on the surface with a different texture from the surrounding areas, which may appear rough or unusually smooth. In the hot-rolled steel strip of Structural Steel Automotive Mechanical Manufacturing, several black patches are arranged in a streaked pattern."
neudet4_patches_065.jpg,13,"steel,patches","Structural Steel Automotive Mechanical Manufacturing. Crazing is the appearance of a fine network of cracks on the surface, which are irregularly distributed. Patches refer to irregular block-shaped areas on the surface with a different texture from the surrounding areas, possibly appearing rough or unusually smooth. Hot-rolled strip steel in Structural Steel Automotive Mechanical Manufacturing exhibits several black patches showing a streaky trend."
neudet4_patches_066.jpg,13,"steel,patches","Structural Steel Automotive Mechanical Manufacturing. Crazing refers to the appearance of fine crack networks on the surface, with cracks irregularly distributed. Patches are irregular block-shaped areas on the surface, with a texture different from the surrounding area, possibly rough or unusually smooth. Hot-rolled steel strips in Structural Steel Automotive Mechanical Manufacturing exhibit several black patches showing a streak trend."
neudet4_patches_067.jpg,13,"steel,patches","Structural Steel Automotive Mechanical Manufacturing. Crazing appears as a fine network of surface cracks, irregularly distributed. Patches are irregular block-shaped areas on the surface with different texture from the surrounding, possibly rough or unusually smooth. Hot-rolled strip steel in Structural Steel Automotive Mechanical Manufacturing shows several black patches in a streaky pattern."
neudet4_patches_068.jpg,13,"steel,patches","Structural Steel Automotive Mechanical Manufacturing. Crazing refers to the appearance of a fine network of cracks on the surface, often irregularly distributed. Patches are irregular block-shaped areas on the surface with a different texture from the surrounding, possibly rough or unusually smooth. Hot-rolled steel strips in Structural Steel Automotive Mechanical Manufacturing exhibit several black patches showing a streak-like trend."
neudet4_patches_069.jpg,13,"steel,patches","Structural Steel Automotive Mechanical Manufacturing. Patches refer to irregular block-shaped areas on the surface with different texture from the surrounding, which may appear rough or unusually smooth. Hot-rolled strip steel in Structural Steel Automotive Mechanical Manufacturing exhibits several black patches showing a streaky trend."
neudet4_patches_070.jpg,13,"steel,patches","Structural Steel Automotive Mechanical Manufacturing. Crazing is the appearance of a fine network of cracks on the surface, with irregular distribution. Patches are irregular block-shaped areas on the surface with a different texture from the surroundings, possibly rough or unusually smooth. Hot-rolled strip steel in Structural Steel Automotive Mechanical Manufacturing shows several black patches in a streaky pattern."
neudet4_patches_071.jpg,13,"steel,patches","Structural Steel Automotive Mechanical Manufacturing. Crazing refers to the appearance of a fine network of cracks on the surface, irregularly distributed. Patches are irregular block-shaped areas on the surface with a different texture from the surrounding, possibly rough or unusually smooth. Hot-rolled steel strips in Structural Steel Automotive Mechanical Manufacturing exhibit several black patches in a streaked pattern."
neudet4_patches_072.jpg,13,"steel,patches","Structural Steel Automotive Mechanical Manufacturing. Crazing refers to the appearance of a fine network of cracks on the surface, often irregularly distributed. Patches are irregular block-shaped areas on the surface with a different texture from the surrounding areas, which may appear rough or unusually smooth. In the hot-rolled strip steel of Structural Steel Automotive Mechanical Manufacturing, several black patches are showing a streaky trend."
neudet4_patches_073.jpg,13,"steel,patches","Structural Steel Automotive Mechanical Manufacturing. Crazing is the appearance of a fine network of cracks on the surface, often irregularly distributed. Patches are irregular block-shaped areas on the surface with different texture from the surroundings, which may appear rough or unusually smooth. Hot-rolled steel strips in Structural Steel Automotive Mechanical Manufacturing exhibit several black patches arranged in a streaky pattern."
neudet4_patches_074.jpg,13,"steel,patches","Structural Steel Automotive Mechanical Manufacturing. Crazing refers to the appearance of a fine network of surface cracks, often irregularly distributed. Patches are irregular block-like areas on the surface with a different texture from the surrounding material, potentially appearing rough or unusually smooth. Hot-rolled strip steel in Structural Steel Automotive Mechanical Manufacturing exhibits several black blotches arranged in a streak pattern."
neudet4_patches_075.jpg,13,"steel,patches","Structural Steel Automotive Mechanical Manufacturing. Crazing refers to the appearance of a fine network of cracks on the surface, with irregular distribution. Patches are irregular block-like areas on the surface, exhibiting a different texture from the surrounding areas, possibly appearing rough or unusually smooth. Hot-rolled steel strips in Structural Steel Automotive Mechanical Manufacturing show several black blotches arranged in a streak pattern."
neudet4_patches_076.jpg,13,"steel,patches","Structural Steel Automotive Mechanical Manufacturing. Crazing refers to the appearance of a fine network of cracks on the surface, often irregularly distributed. Patches are irregular block-shaped areas on the surface with different texture from the surrounding, which may appear rough or unusually smooth. Hot-rolled strip steel in Structural Steel Automotive Mechanical Manufacturing exhibits several black patches in a streak pattern."
neudet4_patches_077.jpg,13,"steel,patches","Structural Steel Automotive Mechanical Manufacturing. Crazing refers to the appearance of a fine network of cracks on the surface, with irregular distribution. Patches are irregular block-shaped areas on the surface with a different texture from the surrounding areas, possibly rough or unusually smooth. Hot-rolled strip steel in Structural Steel Automotive Mechanical Manufacturing shows several black patches exhibiting a streaky trend."
neudet4_patches_078.jpg,13,"steel,patches","Structural Steel Automotive Mechanical Manufacturing. Crazing refers to the appearance of a fine network of surface cracks, often irregularly distributed. Patches are irregular block-like areas on the surface with different texture from the surrounding, exhibiting roughness or abnormal smoothness. Hot-rolled steel strips in Structural Steel Automotive Mechanical Manufacturing show several black patches arranged in a streak pattern."
neudet4_patches_079.jpg,13,"steel,patches","Structural Steel Automotive Mechanical Manufacturing. Crazing refers to the appearance of a fine network of cracks on the surface, often irregularly distributed. Patches are irregular block-shaped areas on the surface with a different texture from the surrounding areas, which may appear rough or unusually smooth. Hot-rolled strip steel in Structural Steel Automotive Mechanical Manufacturing exhibits several black patches arranged in a streaky pattern."
neudet4_patches_080.jpg,13,"steel,patches","Structural Steel Automotive Mechanical Manufacturing. Crazing refers to the appearance of a network of fine cracks on the surface, often irregularly distributed. Patches are irregular block-shaped areas on the surface with different texture from the surroundings, possibly rough or unusually smooth. Hot-rolled strip steel in Structural Steel Automotive Mechanical Manufacturing exhibits several black patches showing a streaky trend."
neudet4_patches_081.jpg,13,"steel,patches","Structural Steel Automotive Mechanical Manufacturing. Crazing refers to the appearance of a fine network of cracks on the surface, often irregularly distributed. Patches are irregular block-shaped areas on the surface with a different texture from the surrounding areas, which may appear rough or unusually smooth. Hot-rolled steel strips in Structural Steel Automotive Mechanical Manufacturing exhibit several black patches arranged in a streaky pattern."
neudet4_patches_082.jpg,13,"steel,patches","Structural Steel Automotive Mechanical Manufacturing. Crazing refers to the appearance of a fine network of cracks on the surface, often irregularly distributed. Patches are irregular block-shaped areas on the surface with a different texture from the surrounding areas, which may appear rough or unusually smooth. Hot-rolled strip steel in Structural Steel Automotive Mechanical Manufacturing exhibits several black patches showing a streaky trend."
neudet4_patches_083.jpg,13,"steel,patches","Structural Steel Automotive Mechanical Manufacturing. Crazing is the appearance of a fine network of cracks on the surface, often irregularly distributed. Patches refer to irregular block-shaped areas on the surface with different texture from the surrounding, which can be rough or unusually smooth. Hot rolled steel strips in Structural Steel Automotive Mechanical Manufacturing may exhibit irregularly shaped dark patches as a defect."
neudet4_patches_084.jpg,13,"steel,patches","Structural Steel Automotive Mechanical Manufacturing. Crazing is the appearance of a fine network of cracks on the surface, often irregularly distributed. Patches are irregular block-shaped areas on the surface with a different texture from the surroundings, possibly rough or unusually smooth. Hot-rolled strip steel in Structural Steel Automotive Mechanical Manufacturing exhibits irregularly shaped dark block-like defects."
neudet4_patches_085.jpg,13,"steel,patches","Structural Steel Automotive Mechanical Manufacturing. Crazing refers to the appearance of a fine network of cracks on the surface, often irregularly distributed. Patches are irregular block-shaped areas on the surface with a different texture from the surroundings, which may appear rough or unusually smooth. Hot-rolled steel strips in Structural Steel Automotive Mechanical Manufacturing exhibit irregularly shaped dark patches as a defect."
neudet4_patches_086.jpg,13,"steel,patches","Structural Steel Automotive Mechanical Manufacturing. Crazing is the appearance of a fine network of cracks on the surface, often irregularly distributed. Patches are irregular block-shaped areas on the surface with a different texture from the surrounding, possibly rough or unusually smooth. Hot-rolled steel strip exhibits irregular dark block-shaped defects."
neudet4_patches_087.jpg,13,"steel,patches","Structural Steel Automotive Mechanical Manufacturing. Delamination is the separation of layers along a plane parallel to the surface, often caused by inadequate bonding. Inclusions are foreign particles trapped in the material during solidification, leading to localized weaknesses. Structural Steel Automotive Mechanical Manufacturing exhibits irregular dark patches with different textures from the surrounding areas, indicating potential defects in the material composition."
neudet4_patches_088.jpg,13,"steel,patches","Structural Steel Automotive Mechanical Manufacturing. Crazing refers to the appearance of a fine network of cracks on the surface, often irregularly distributed. Patches are irregular block-shaped areas on the surface with a different texture from the surroundings, which may appear rough or unusually smooth. Hot-rolled strip steel in Structural Steel Automotive Mechanical Manufacturing exhibits irregularly shaped dark patches as a defect."
neudet4_patches_089.jpg,13,"steel,patches","Structural Steel Automotive Mechanical Manufacturing. Crazing is the appearance of a fine network of cracks on the surface, often irregularly distributed. Patches are irregular block-shaped areas on the surface with a different texture from the surrounding, possibly rough or unusually smooth. Hot-rolled strip steel in Structural Steel Automotive Mechanical Manufacturing exhibits irregularly shaped dark block-like defects."
neudet4_patches_090.jpg,13,"steel,patches","Structural Steel Automotive Mechanical Manufacturing. Crazing is the appearance of a fine network of cracks on the surface, often irregularly distributed. Patches refer to irregular block-shaped areas on the surface with a different texture from the surrounding, which may appear rough or unusually smooth. Hot-rolled strip steel in Structural Steel Automotive Mechanical Manufacturing exhibits irregularly shaped dark block-like defects."
neudet4_patches_091.jpg,13,"steel,patches","Structural Steel Automotive Mechanical Manufacturing. Crazing is the appearance of fine cracks in a network pattern on the surface, with cracks irregularly distributed. Patches are irregular block-shaped areas on the surface with a different texture from the surrounding, possibly rough or unusually smooth. Hot-rolled steel strip in Structural Steel Automotive Mechanical Manufacturing exhibits irregular dark block-shaped defects."
neudet4_patches_092.jpg,13,"steel,patches","Structural Steel Automotive Mechanical Manufacturing. Crazing refers to the appearance of a fine network of cracks on the surface, often irregularly distributed. Patches are irregular block-shaped areas on the surface with a different texture from the surrounding material, which can be rough or unusually smooth. Hot-rolled strip steel in Structural Steel Automotive Mechanical Manufacturing may exhibit irregular dark block-shaped defects."
neudet4_patches_093.jpg,13,"steel,patches","Structural Steel Automotive Mechanical Manufacturing. Crazing refers to the appearance of a fine network of cracks on the surface, often irregularly distributed. Patches are irregular block-shaped areas on the surface with a different texture from the surrounding material, possibly rough or unusually smooth. Hot-rolled steel strips in Structural Steel Automotive Mechanical Manufacturing exhibit irregularly shaped dark block-like defects."
neudet4_patches_094.jpg,13,"steel,patches","Structural Steel Automotive Mechanical Manufacturing. Crazing refers to the appearance of a fine network of surface cracks, often irregularly distributed. Patches are irregular block-shaped areas on the surface with a different texture from the surrounding material, which may appear rough or unusually smooth. Hot-rolled steel strips in Structural Steel Automotive Mechanical Manufacturing exhibit irregular dark block-shaped defects."
neudet4_patches_095.jpg,13,"steel,patches","Structural Steel Automotive Mechanical Manufacturing. Crazing is the appearance of a fine network of cracks on the surface, often irregularly distributed. Patches refer to irregular block-like areas on the surface with a different texture from the surrounding, which may appear rough or unusually smooth. Irregular dark block-shaped defects are observed on the hot-rolled strip steel in Structural Steel Automotive Mechanical Manufacturing."
neudet4_patches_096.jpg,13,"steel,patches","Structural Steel Automotive Mechanical Manufacturing. Delamination is the separation of layers in the material, often appearing as distinct parallel lines running across the surface. Inclusions are foreign particles trapped within the material, causing localized areas of weakness and potential failure."
neudet4_patches_097.jpg,13,"steel,patches","Structural Steel Automotive Mechanical Manufacturing. Crazing refers to the appearance of a fine network of cracks on the surface, often irregularly distributed. Patches are irregular block-shaped areas on the surface with a different texture from the surrounding area, which may appear rough or unusually smooth. Hot-rolled strip steel in Structural Steel Automotive Mechanical Manufacturing exhibits irregularly shaped dark block-like defects."
neudet4_patches_098.jpg,13,"steel,patches","Structural Steel Automotive Mechanical Manufacturing. Delamination appears as separated layers in the material, often caused by inadequate bonding during manufacturing processes. Segregation is the uneven distribution of elements within the steel, leading to inconsistent mechanical properties along the structure. Structural Steel Automotive Mechanical Manufacturing exhibits irregular dark patches with varying shapes as a common defect."
neudet4_patches_099.jpg,13,"steel,patches","Structural Steel Automotive Mechanical Manufacturing. Crazing is the appearance of a fine network of cracks on the surface, often irregularly distributed. Patches are irregular block-shaped areas on the surface with a different texture from the surrounding, which may appear rough or unusually smooth. Hot-rolled steel strips in Structural Steel Automotive Mechanical Manufacturing exhibit irregularly shaped dark patches as a defect."
neudet4_patches_100.jpg,13,"steel,patches","Structural Steel Automotive Mechanical Manufacturing. Crazing refers to the appearance of a fine network of cracks on the surface, often irregularly distributed. Patches are irregular block-shaped areas on the surface with a different texture from the surrounding material, which may appear rough or unusually smooth. Hot-rolled strip steel in Structural Steel Automotive Mechanical Manufacturing exhibits irregularly shaped dark block-like defects."
neudet4_patches_101.jpg,13,"steel,patches","Structural Steel Automotive Mechanical Manufacturing. Crazing is the appearance of a fine network of surface cracks, often irregularly distributed. Patches are irregular block-shaped areas on the surface with a different texture from the surrounding material, which may exhibit roughness or abnormal smoothness. Hot-rolled strip steel in Structural Steel Automotive Mechanical Manufacturing exhibits irregularly shaped dark block-like defects."
neudet4_patches_102.jpg,13,"steel,patches","Structural Steel Automotive Mechanical Manufacturing. Patches refer to irregular block-shaped areas on the surface with different texture from the surroundings, exhibiting roughness or abnormal smoothness. Hot-rolled strip steel in Structural Steel Automotive Mechanical Manufacturing may have irregular dark block-shaped defects."
neudet4_patches_103.jpg,13,"steel,patches","Structural Steel Automotive Mechanical Manufacturing. Crazing refers to the appearance of a fine network of cracks on the surface, often irregularly distributed. Patches are irregular block-shaped areas on the surface with different texture from the surroundings, which can be rough or unusually smooth. Hot-rolled strip steel in Structural Steel Automotive Mechanical Manufacturing exhibits irregularly shaped dark block-like defects."
neudet4_patches_104.jpg,13,"steel,patches","Structural Steel Automotive Mechanical Manufacturing. Crazing is the appearance of a fine network of cracks on the surface, often irregularly distributed. Patches are irregular block-shaped areas on the surface with a different texture from the surrounding areas, which may appear rough or unusually smooth. Hot-rolled steel strips in Structural Steel Automotive Mechanical Manufacturing exhibit irregularly shaped dark block-like defects."
neudet4_patches_105.jpg,13,"steel,patches","Structural Steel Automotive Mechanical Manufacturing. Delamination appears as separation between layers, typically caused by poor adhesion during manufacturing. Inclusions are foreign particles trapped within the material, leading to localized weaknesses and potential failure points. Cold rolled steel Structural Steel Automotive Mechanical Manufacturing exhibits irregularly shaped dark patches as a defect."
neudet4_patches_106.jpg,13,"steel,patches","Structural Steel Automotive Mechanical Manufacturing. Crazing refers to the appearance of a fine network of cracks on the surface, often irregularly distributed. Patches are irregular block-shaped areas on the surface with a different texture from the surroundings, which may appear rough or unusually smooth. Hot-rolled strip steel in Structural Steel Automotive Mechanical Manufacturing exhibits irregular dark block-shaped defects."
neudet4_patches_107.jpg,13,"steel,patches","Structural Steel Automotive Mechanical Manufacturing. Delamination refers to the separation of layers in the material, resulting in a weakened structure. Inclusions are foreign particles or impurities embedded in the steel, which can compromise its mechanical properties. Cold shuts are discontinuities in the material caused by improper fusion during the manufacturing process."
neudet4_patches_108.jpg,13,"steel,patches","Structural Steel Automotive Mechanical Manufacturing. Crazing refers to the appearance of a fine network of cracks on the surface, often irregularly distributed. Patches are irregular block-shaped areas on the surface with a different texture from the surrounding material, which may appear rough or unusually smooth. Hot-rolled strip steel in Structural Steel Automotive Mechanical Manufacturing exhibits irregularly shaped dark patches as a defect."
neudet4_patches_109.jpg,13,"steel,patches","Structural Steel Automotive Mechanical Manufacturing. Cracking refers to the appearance of fine, interconnected crack networks on the surface, often irregularly distributed. Patches are irregular block-like areas on the surface with different texture from the surroundings, which can be rough or unusually smooth. Irregular dark block-like defects can be observed on hot-rolled strip steel in Structural Steel Automotive Mechanical Manufacturing."
neudet4_patches_110.jpg,13,"steel,patches","Structural Steel Automotive Mechanical Manufacturing. Crazing is the formation of a fine network of cracks on the surface, often irregularly distributed. Patches are irregular block-shaped areas on the surface with a different texture from the surrounding material, which may appear rough or unusually smooth. Hot-rolled steel strips in Structural Steel Automotive Mechanical Manufacturing exhibit irregularly shaped dark patches as a defect."
neudet4_patches_111.jpg,13,"steel,patches","Structural Steel Automotive Mechanical Manufacturing. Crazing is the appearance of a fine network of cracks on the surface, often distributed irregularly. Patches are irregular block-shaped areas on the surface with a different texture from the surrounding material, which may appear rough or unusually smooth. Hot-rolled strip steel in Structural Steel Automotive Mechanical Manufacturing exhibits irregular dark block-shaped defects."
neudet4_patches_112.jpg,13,"steel,patches","Structural Steel Automotive Mechanical Manufacturing. Crazing is the appearance of a fine network of cracks on the surface, often irregularly distributed. Patches are irregular block-shaped areas on the surface with a different texture from the surrounding areas, which may appear rough or unusually smooth. In hot-rolled strip steel of Structural Steel Automotive Mechanical Manufacturing, these patches vary in size, depth, and intensity."
neudet4_patches_113.jpg,13,"steel,patches","Structural Steel Automotive Mechanical Manufacturing. Crazing refers to the appearance of a fine network of cracks on the surface, often irregularly distributed. Patches are irregular block-shaped areas on the surface with different texture from the surroundings, possibly rough or unusually smooth. In hot-rolled steel bands for structural automotive mechanical manufacturing, patches vary in size and depth."
neudet4_patches_114.jpg,13,"steel,patches","Structural Steel Automotive Mechanical Manufacturing. Cracking refers to the occurrence of fine cracks in a network pattern on the surface, often irregularly distributed. Patches are irregular block-shaped areas on the surface with a different texture from the surroundings, possibly appearing rough or unusually smooth. Hot-rolled steel strips in the Structural Steel Automotive Mechanical Manufacturing industry exhibit patches of varying sizes, depths, and shades."
neudet4_patches_115.jpg,13,"steel,patches","Structural Steel Automotive Mechanical Manufacturing. Defect: Crazing appears as a fine network of cracks on the surface, often irregularly distributed. Patches are irregular block-like areas on the surface with different texture from the surroundings, exhibiting roughness or abnormal smoothness. In hot-rolled strip steel of Structural Steel Automotive Mechanical Manufacturing, patches vary in size, depth, and intensity."
neudet4_patches_116.jpg,13,"steel,patches","Structural Steel Automotive Mechanical Manufacturing. Patches are irregular block-shaped areas on the surface with different textures from the surrounding, which may appear rough or unusually smooth. Hot-rolled steel bands in Structural Steel Automotive Mechanical Manufacturing exhibit patches of varying sizes and depths."
neudet4_patches_117.jpg,13,"steel,patches","Structural Steel Automotive Mechanical Manufacturing. Crazing refers to the appearance of a fine network of surface cracks, often irregularly distributed. Patches are irregular block-shaped areas on the surface with different textures from the surrounding areas, potentially exhibiting roughness or abnormal smoothness. In hot-rolled strip steel for structural automotive mechanical manufacturing, patches vary in size, depth, and coloration."
neudet4_patches_118.jpg,13,"steel,patches","Structural Steel Automotive Mechanical Manufacturing. Crazing is the formation of a network of fine cracks on the surface, often appearing in irregular patterns. Patches are irregular block-shaped areas on the surface with different textures from the surrounding areas, possibly rough or unusually smooth. In hot-rolled steel bands for Structural Steel Automotive Mechanical Manufacturing, patches vary in size, depth, and coloration."
neudet4_patches_119.jpg,13,"steel,patches","Structural Steel Automotive Mechanical Manufacturing. Crazing refers to the appearance of a fine network of cracks on the surface, often irregularly distributed. Patches are irregular block-shaped areas on the surface with different texture from the surroundings, which may appear rough or unusually smooth. In hot-rolled strip steel of Structural Steel Automotive Mechanical Manufacturing, patches vary in size, depth, and color intensity."
neudet4_patches_120.jpg,13,"steel,patches","Structural Steel Automotive Mechanical Manufacturing. Delamination refers to the separation of layers within the material, resulting in a weakened structure. Inclusions are foreign particles or impurities embedded in the steel, causing potential points of failure. Hot-rolled steel bands in Structural Steel Automotive Mechanical Manufacturing exhibit patches of varying sizes, depths, and textures, which may appear rough or unusually smooth compared to the surrounding surface."
neudet4_patches_121.jpg,13,"steel,patches","Structural Steel Automotive Mechanical Manufacturing. Crazing refers to the appearance of fine crack networks on the surface, with cracks irregularly distributed. Patches are irregular block-shaped areas on the surface, with texture different from the surrounding areas, possibly rough or unusually smooth. Hot-rolled steel strips in Structural Steel Automotive Mechanical Manufacturing exhibit patches of various sizes and depths."
neudet4_patches_122.jpg,13,"steel,patches","Structural Steel Automotive Mechanical Manufacturing. Crazing refers to the appearance of a fine network of cracks on the surface, often irregularly distributed. Patches are irregular block-shaped areas on the surface with different texture from the surrounding, which can be rough or unusually smooth. In hot-rolled strip steel of Structural Steel Automotive Mechanical Manufacturing, patches vary in size, depth, and intensity."
neudet4_patches_123.jpg,13,"steel,patches","Structural Steel Automotive Mechanical Manufacturing. Crazing refers to the appearance of a fine network of cracks on the surface, often irregularly distributed. Patches are irregularly shaped areas on the surface with a texture different from the surrounding areas, which may appear rough or unusually smooth. In hot-rolled strip steel of Structural Steel Automotive Mechanical Manufacturing, patches vary in size, depth, and intensity."
neudet4_patches_124.jpg,13,"steel,patches","Structural Steel Automotive Mechanical Manufacturing. Pitting is the formation of small cavities on the surface, often irregularly distributed. Lack of uniformity in the surface texture may also be observed. Hot-rolled steel strips in the Structural Steel Automotive Mechanical Manufacturing industry exhibit patches of varying sizes, depths, and shades on the surface."
neudet4_patches_125.jpg,13,"steel,patches","Structural Steel Automotive Mechanical Manufacturing. Crazing refers to the appearance of a fine network of cracks on the surface, often irregularly distributed. Patches are irregular block-shaped areas on the surface with a different texture from the surrounding, which may exhibit roughness or abnormal smoothness. In hot-rolled strip steel of Structural Steel Automotive Mechanical Manufacturing, patches vary in size, depth, and intensity."
neudet4_patches_126.jpg,13,"steel,patches","Structural Steel Automotive Mechanical Manufacturing. Crazing is the formation of a network of fine cracks on the surface, often irregularly distributed. Patches refer to irregular block-shaped areas on the surface with different texture from the surrounding, which may appear rough or unusually smooth. In hot-rolled strip steel for structural steel automotive mechanical manufacturing, patches vary in size, depth, and color intensity."
neudet4_patches_127.jpg,13,"steel,patches","Structural Steel Automotive Mechanical Manufacturing. Crazing refers to the appearance of a fine network of cracks on the surface, often irregularly distributed. Patches are irregular block-shaped areas on the surface with different texture from the surrounding, which can be rough or unusually smooth. In hot-rolled strip steel of Structural Steel Automotive Mechanical Manufacturing, patches vary in size, depth, and intensity."
neudet4_patches_128.jpg,13,"steel,patches","Structural Steel Automotive Mechanical Manufacturing. Crazing refers to the appearance of fine cracks in a network pattern on the surface, with cracks irregularly distributed. Patches are irregular block-shaped areas on the surface with a different texture from the surrounding area, which can be rough or unusually smooth. In hot-rolled strip steel of Structural Steel Automotive Mechanical Manufacturing, patches vary in size and depth, presenting both shallow and deep characteristics."
neudet4_patches_129.jpg,13,"steel,patches","Structural Steel Automotive Mechanical Manufacturing. Crazing refers to the appearance of a fine network of cracks on the surface, often irregularly distributed. Patches are irregular block-shaped areas on the surface with a different texture from the surrounding areas, possibly rough or unusually smooth. In hot-rolled strip steel for structural steel automotive mechanical manufacturing, patches vary in size, depth, and color intensity."
neudet4_patches_130.jpg,13,"steel,patches","Structural Steel Automotive Mechanical Manufacturing. Patches refer to irregular blocky areas on the surface with different textures compared to the surrounding area, exhibiting roughness or abnormal smoothness. In hot-rolled strip steel of Structural Steel Automotive Mechanical Manufacturing, patches vary in size, depth, and color intensity."
neudet4_patches_131.jpg,13,"steel,patches","Structural Steel Automotive Mechanical Manufacturing. Crazing is the appearance of a fine network of cracks on the surface, often irregularly distributed. Patches refer to irregular block-shaped areas on the surface with a texture different from the surrounding areas, which may appear rough or unusually smooth. In hot-rolled strip steel for structural steel automotive mechanical manufacturing, patches can vary in size, depth, and intensity."
neudet4_patches_132.jpg,13,"steel,patches","Structural Steel Automotive Mechanical Manufacturing. Crazing is the appearance of a fine network of cracks on the surface, often irregularly distributed. Patches are irregular block-shaped areas on the surface with a texture different from the surrounding areas, which can be rough or unusually smooth. In hot-rolled strip steel of Structural Steel Automotive Mechanical Manufacturing, patches vary in size, depth, and color intensity."
neudet4_patches_133.jpg,13,"steel,patches","Structural Steel Automotive Mechanical Manufacturing. Crazing is the appearance of a fine network of cracks on the surface, often irregularly distributed. Patches are irregular block-shaped areas on the surface with a different texture from the surrounding areas, which may appear rough or unusually smooth. In hot-rolled strip steel for structural steel automotive mechanical manufacturing, patches vary in size, depth, and intensity."
neudet4_patches_134.jpg,13,"steel,patches","Structural Steel Automotive Mechanical Manufacturing. Crazing refers to the appearance of a fine network of surface cracks, often irregularly distributed. Patches are irregular block-shaped areas on the surface with a different texture from the surrounding areas, which may appear rough or unusually smooth. In hot-rolled strip steel of Structural Steel Automotive Mechanical Manufacturing, patches vary in size, depth, and color intensity."
neudet4_patches_135.jpg,13,"steel,patches","Structural Steel Automotive Mechanical Manufacturing. Crazing refers to the appearance of a fine network of cracks on the surface, often irregularly distributed. Patches are irregular block-shaped areas on the surface with different texture from the surrounding, which may appear rough or unusually smooth. In hot-rolled strip steel of Structural Steel Automotive Mechanical Manufacturing, patches vary in size, depth, and intensity."
neudet4_patches_136.jpg,13,"steel,patches","Structural Steel Automotive Mechanical Manufacturing. Crazing refers to the appearance of a fine network of surface cracks, often irregularly distributed. Patches are irregular block-like areas on the surface with a different texture compared to the surrounding area, which may appear rough or unusually smooth. In hot-rolled steel strips used in Structural Steel Automotive Mechanical Manufacturing, patches vary in size, depth, and color intensity."
neudet4_patches_137.jpg,13,"steel,patches","Structural Steel Automotive Mechanical Manufacturing. Crazing is the formation of fine crack networks on the surface, with cracks appearing irregularly distributed. Patches are irregular block-shaped areas on the surface, differing in texture from the surrounding areas, which may exhibit roughness or abnormal smoothness. In hot-rolled strip steel of Structural Steel Automotive Mechanical Manufacturing, patches vary in size, depth, and intensity."
neudet4_patches_138.jpg,13,"steel,patches","Structural Steel Automotive Mechanical Manufacturing. Crazing refers to the appearance of a fine network of surface cracks, often irregularly distributed. Patches are irregular block-shaped areas on the surface with a different texture from the surrounding area, which may appear rough or unusually smooth. In hot-rolled steel strips of Structural Steel Automotive Mechanical Manufacturing, patches vary in size, depth, and intensity."
neudet4_patches_139.jpg,13,"steel,patches","Structural Steel Automotive Mechanical Manufacturing. Crazing refers to the appearance of a fine network of cracks on the surface, often irregularly distributed. Patches are irregular block-shaped areas on the surface with a different texture from the surrounding material, which may appear rough or unusually smooth. In hot-rolled strip steel of Structural Steel Automotive Mechanical Manufacturing, these patches vary in size, depth, and intensity."
neudet4_patches_140.jpg,13,"steel,patches","Structural Steel Automotive Mechanical Manufacturing. Crazing refers to the appearance of fine crack networks on the surface, with cracks irregularly distributed. Patches are irregular block-shaped areas on the surface, with different texture from the surroundings, possibly rough or unusually smooth. Hot-rolled strip steel in Structural Steel Automotive Mechanical Manufacturing exhibits patches of varying sizes, depths, and shades."
neudet4_patches_141.jpg,13,"steel,patches","Structural Steel Automotive Mechanical Manufacturing. Crazing refers to the appearance of a fine network of cracks on the surface, often irregularly distributed. Patches are irregular block-shaped areas on the surface with different texture from the surrounding, which can be rough or unusually smooth. In hot-rolled strip steel of Structural Steel Automotive Mechanical Manufacturing, patches vary in size, depth, and color intensity."
neudet4_patches_142.jpg,13,"steel,patches","Structural Steel Automotive Mechanical Manufacturing. Crazing refers to the appearance of a fine network of cracks on the surface, which are irregularly distributed. Patches are irregular block-shaped areas on the surface with a different texture from the surroundings, potentially displaying roughness or abnormal smoothness. In hot-rolled strip steel of Structural Steel Automotive Mechanical Manufacturing, patches vary in size and depth, presenting both light and dark shades."
neudet4_patches_143.jpg,13,"steel,patches","Structural Steel Automotive Mechanical Manufacturing. Crazing refers to the appearance of a fine network of surface cracks, often irregularly distributed. Patches are irregular block-shaped areas on the surface with different textures compared to the surrounding areas, potentially appearing rough or unusually smooth. In hot-rolled strip steel for structural steel automotive mechanical manufacturing, patches vary in size, depth, and color intensity."
neudet4_patches_144.jpg,13,"steel,patches","Structural Steel Automotive Mechanical Manufacturing. Crazing refers to the appearance of a fine network of cracks on the surface, often irregularly distributed. Patches are irregular block-shaped areas on the surface with a different texture from the surroundings, possibly rough or unusually smooth. In hot-rolled strip steel of Structural Steel Automotive Mechanical Manufacturing, patches vary in size, depth, and color intensity."
neudet4_patches_145.jpg,13,"steel,patches","Structural Steel Automotive Mechanical Manufacturing. Inclusions are foreign particles trapped in the metal matrix, causing potential weak points in the material structure. Segregation is the uneven distribution of alloying elements, resulting in inconsistent mechanical properties within the material. Hot-rolled steel strips in Structural Steel Automotive Mechanical Manufacturing may exhibit various sizes, depths, and shades of patches, indicating differences in material properties across the surface."
neudet4_patches_146.jpg,13,"steel,patches","Structural Steel Automotive Mechanical Manufacturing. Crazing is the appearance of a fine network of cracks on the surface, often irregularly distributed. Patches refer to irregularly shaped areas on the surface with a different texture from the surrounding areas, which can appear rough or unusually smooth. In hot-rolled strip steel for structural steel automotive mechanical manufacturing, patches vary in size, depth, and color intensity."
neudet4_patches_147.jpg,13,"steel,patches","Structural Steel Automotive Mechanical Manufacturing. Crazing refers to the appearance of a fine network of cracks on the surface, often irregularly distributed. Patches are irregular block-shaped areas on the surface with different textures compared to the surrounding areas, possibly rough or unusually smooth. In the hot-rolled strip steel of Structural Steel Automotive Mechanical Manufacturing, there are several small black spots present."
neudet4_patches_148.jpg,13,"steel,patches","Structural Steel Automotive Mechanical Manufacturing. Crazing appears as a network of fine cracks on the surface, often irregularly distributed. Patches are irregular block-shaped areas on the surface with different texture from the surroundings, possibly rough or unusually smooth. The hot-rolled strip steel in Structural Steel Automotive Mechanical Manufacturing shows several small black spots."
neudet4_patches_149.jpg,13,"steel,patches","Structural Steel Automotive Mechanical Manufacturing. Patches are irregular block-shaped areas on the surface with a different texture from the surrounding, possibly appearing rough or unusually smooth. Hot-rolled steel strip in Structural Steel Automotive Mechanical Manufacturing exhibits several small black spots."
neudet4_patches_150.jpg,13,"steel,patches","Structural Steel Automotive Mechanical Manufacturing. Crazing is the appearance of a fine network of cracks on the surface, often irregularly distributed. Patches refer to irregular block-shaped areas on the surface with a different texture from the surrounding, which may appear rough or unusually smooth. In the hot-rolled strip steel of Structural Steel Automotive Mechanical Manufacturing, there are several small dark spots."
neudet4_patches_151.jpg,13,"steel,patches","Structural Steel Automotive Mechanical Manufacturing. Crazing is the appearance of a fine network of cracks on the surface, often irregularly distributed. Patches are irregular block-shaped areas on the surface with different textures from the surrounding area, which may appear rough or unusually smooth. The hot-rolled strip steel in Structural Steel Automotive Mechanical Manufacturing exhibits several small black spots."
neudet4_patches_152.jpg,13,"steel,patches","Structural Steel Automotive Mechanical Manufacturing. Crazing refers to the appearance of a fine network of cracks on the surface, often irregularly distributed. Patches are irregular block-shaped areas on the surface with different textures from the surrounding area, which may appear rough or unusually smooth. Hot-rolled steel strips in Structural Steel Automotive Mechanical Manufacturing exhibit several small black spots."
neudet4_patches_153.jpg,13,"steel,patches","Structural Steel Automotive Mechanical Manufacturing. Crazing is the appearance of a fine network of cracks on the surface, often irregularly distributed. Patches refer to irregular block-like areas on the surface with a different texture from the surrounding areas, potentially exhibiting roughness or abnormal smoothness. The hot-rolled strip steel in Structural Steel Automotive Mechanical Manufacturing shows several small black spots."
neudet4_patches_154.jpg,13,"steel,patches","Structural Steel Automotive Mechanical Manufacturing. Crazing refers to the formation of a fine network of surface cracks, often irregularly distributed. Patches are irregular block-like areas on the surface with a different texture from the surrounding areas, which may appear rough or unusually smooth. In the hot-rolled steel band of Structural Steel Automotive Mechanical Manufacturing, there are several small black spots."
neudet4_patches_155.jpg,13,"steel,patches","Structural Steel Automotive Mechanical Manufacturing. Crazing refers to the appearance of a fine network of cracks on the surface, often irregularly distributed. Patches are irregular block-shaped areas on the surface with different textures from the surrounding areas, displaying roughness or unusually smooth surfaces. Hot-rolled steel strips in Structural Steel Automotive Mechanical Manufacturing exhibit patches of varying depths, with darker patches outnumbering the lighter ones."
neudet4_patches_156.jpg,13,"steel,patches","Structural Steel Automotive Mechanical Manufacturing. Crazing is the appearance of a fine network of cracks on the surface, typically irregularly distributed. Patches refer to irregular block-like areas on the surface with different textures compared to the surrounding areas, which may appear rough or unusually smooth. Hot-rolled strip steel in Structural Steel Automotive Mechanical Manufacturing exhibits varying shades of patches, where the darker areas outnumber the lighter ones."
neudet4_patches_157.jpg,13,"steel,patches","Structural Steel Automotive Mechanical Manufacturing. Crazing refers to the appearance of a fine network of cracks on the surface, often irregularly distributed. Patches are irregular block-shaped areas on the surface with a different texture from the surrounding, possibly rough or unusually smooth. Hot-rolled steel bands in Structural Steel Automotive Mechanical Manufacturing exhibit patches of varying depths, with darker patches more abundant than the original lighter areas."
neudet4_patches_158.jpg,13,"steel,patches","Structural Steel Automotive Mechanical Manufacturing. Crazing refers to the appearance of a fine network of surface cracks, often irregularly distributed. Patches are irregular block-shaped areas on the surface with different textures from the surrounding areas, which may appear rough or unusually smooth. Hot-rolled strip steel in Structural Steel Automotive Mechanical Manufacturing exhibits patches of varying depths, with darker sections outnumbering the lighter ones."
neudet4_patches_159.jpg,13,"steel,patches","Structural Steel Automotive Mechanical Manufacturing. Inclusions refer to foreign particles or substances trapped in the metal during the manufacturing process, affecting the material's overall integrity. Laminations are discontinuities in the steel that occur parallel to the worked surface, potentially weakening the structural strength of the component."
neudet4_patches_160.jpg,13,"steel,patches","Structural Steel Automotive Mechanical Manufacturing. Crazing refers to the appearance of fine crack networks on the surface, with cracks irregularly distributed. Patches are irregular block-shaped areas on the surface, with a texture different from the surroundings, possibly rough or unusually smooth. Hot-rolled steel strips in Structural Steel Automotive Mechanical Manufacturing exhibit uneven patches, with darker areas outnumbering the lighter ones."
neudet4_patches_161.jpg,13,"steel,patches","Structural Steel Automotive Mechanical Manufacturing. Crazing refers to the appearance of fine network of cracks on the surface, which are irregularly distributed. Patches are irregular block-shaped areas on the surface with different texture compared to the surrounding, possibly rough or unusually smooth. Hot-rolled strip steel in Structural Steel Automotive Mechanical Manufacturing exhibits patches of varying depths and colors, with darker patches outnumbering the lighter ones."
neudet4_patches_162.jpg,13,"steel,patches","Structural Steel Automotive Mechanical Manufacturing. Crazing refers to the appearance of a fine network of cracks on the surface, often irregularly distributed. Patches are irregular block-shaped areas on the surface with different texture from the surrounding, exhibiting roughness or unusually smooth surfaces. Hot-rolled strip steel in Structural Steel Automotive Mechanical Manufacturing shows varying shades of patches, with darker areas outnumbering the lighter ones."
neudet4_patches_163.jpg,13,"steel,patches","Structural Steel Automotive Mechanical Manufacturing. Crazing refers to the appearance of a fine network of surface cracks, often irregularly distributed. Patches are irregular block-shaped areas on the surface with a different texture from the surrounding material, possibly rough or unusually smooth. Hot-rolled steel strips in Structural Steel Automotive Mechanical Manufacturing exhibit varying shades of patches, with darker areas outnumbering the original lighter shades."
neudet4_patches_164.jpg,13,"steel,patches","Structural Steel Automotive Mechanical Manufacturing. Crazing is the appearance of a fine network of cracks on the surface, often irregularly distributed. Patches refer to irregular block-shaped areas on the surface with a different texture from the surrounding areas, which can be either rough or unusually smooth. In hot-rolled strip steel of Structural Steel Automotive Mechanical Manufacturing, the patches vary in depth and color, with darker patches more prevalent than the original lighter areas."
neudet4_patches_165.jpg,13,"steel,patches","Structural Steel Automotive Mechanical Manufacturing. Crazing refers to the appearance of a fine network of cracks on the surface, irregularly distributed. Patches are irregular block-shaped areas on the surface with a different texture from the surroundings, possibly rough or unusually smooth. Hot-rolled strip steel in Structural Steel Automotive Mechanical Manufacturing exhibits varying shades of patches, with darker areas outnumbering the original lighter ones."
neudet4_patches_166.jpg,13,"steel,patches","Structural Steel Automotive Mechanical Manufacturing. Crazing refers to the appearance of a fine network of surface cracks, often irregularly distributed. Patches are irregular block-shaped areas on the surface with a different texture from the surrounding areas, possibly rough or unusually smooth. Hot-rolled strip steel in Structural Steel Automotive Mechanical Manufacturing exhibits patches of varying depths and shades, with darker patches more prevalent than the original lighter areas."
neudet4_patches_167.jpg,13,"steel,patches","Structural Steel Automotive Mechanical Manufacturing. Patches refer to irregular block-like areas on the surface with different texture from the surroundings, which may appear rough or unusually smooth. In hot-rolled strip steel of Structural Steel Automotive Mechanical Manufacturing, the uneven patches vary in depth and the dark-colored sections outnumber the original light-colored areas."
neudet4_patches_168.jpg,13,"steel,patches","Structural Steel Automotive Mechanical Manufacturing. Crazing refers to the appearance of a fine network of cracks on the surface, often irregularly distributed. Patches are irregular block-shaped areas on the surface with a different texture from the surrounding areas, which may appear rough or unusually smooth. Hot-rolled strip steel in Structural Steel Automotive Mechanical Manufacturing exhibits varying shades of patches, with darker patches outnumbering the lighter ones."
neudet4_patches_169.jpg,13,"steel,patches","Structural Steel Automotive Mechanical Manufacturing. Crazing refers to the appearance of a fine network of cracks on the surface, often irregularly distributed. Patches are irregular block-shaped areas on the surface with a different texture from the surrounding, which can be rough or unusually smooth. In hot-rolled strip steel of Structural Steel Automotive Mechanical Manufacturing, the patches vary in depth and color, with darker portions more prevalent than the original lighter shades."
neudet4_patches_170.jpg,13,"steel,patches","Structural Steel Automotive Mechanical Manufacturing. Crazing is the appearance of a fine network of surface cracks, often irregularly distributed. Patches are irregular blocky areas on the surface with different texture from the surrounding, which may appear rough or unusually smooth. Hot-rolled steel bands in Structural Steel Automotive Mechanical Manufacturing exhibit patches of varying depths, with darker patches more prevalent than the original lighter areas."
neudet4_patches_171.jpg,13,"steel,patches","Structural Steel Automotive Mechanical Manufacturing. Crazing is the appearance of a fine network of cracks on the surface, often irregularly distributed. Patches are irregular block-shaped areas on the surface with a different texture from the surrounding, possibly rough or unusually smooth. Hot-rolled strip steel in Structural Steel Automotive Mechanical Manufacturing exhibits patches of varying depths, with darker areas more prevalent than the original lighter shades."
neudet4_patches_172.jpg,13,"steel,patches","Structural Steel Automotive Mechanical Manufacturing. Crazing refers to the appearance of a fine network of cracks on the surface, often irregularly distributed. Patches are irregular block-shaped areas on the surface with a different texture from the surrounding areas, which may appear rough or unusually smooth. Hot-rolled strip steel in Structural Steel Automotive Mechanical Manufacturing exhibits patches of varying depths, with darker patches outnumbering the lighter ones."
neudet4_patches_173.jpg,13,"steel,patches","Structural Steel Automotive Mechanical Manufacturing. Crazing is when fine crack networks appear on the surface irregularly. Patches refer to irregular block-shaped areas on the surface with different textures from the surroundings, which may appear rough or unusually smooth. Hot-rolled steel strips in Structural Steel Automotive Mechanical Manufacturing exhibit patches of varying depths, with darker areas outnumbering the original lighter shades."
neudet4_patches_174.jpg,13,"steel,patches","Structural Steel Automotive Mechanical Manufacturing. Crazing is the appearance of a fine network of cracks on the surface, often irregularly distributed. Patches are irregular block-shaped areas on the surface with different texture from the surroundings, possibly rough or unusually smooth. Hot-rolled strip steel in Structural Steel Automotive Mechanical Manufacturing exhibits patches of varying depths, with darker patches more prevalent than the original lighter areas."
neudet4_patches_175.jpg,13,"steel,patches","Structural Steel Automotive Mechanical Manufacturing. Crazing refers to the appearance of a fine network of cracks on the surface, often irregularly distributed. Patches are irregular block-shaped areas on the surface with a different texture compared to the surrounding areas, which may appear rough or unusually smooth. Hot-rolled steel strips in Structural Steel Automotive Mechanical Manufacturing exhibit patches of varying depths and colors, with darker patches being more prevalent than the original lighter areas."
neudet4_patches_176.jpg,13,"steel,patches","Structural Steel Automotive Mechanical Manufacturing. Crazing refers to the appearance of fine crack networks on the surface, with cracks irregularly distributed. Patches are irregular block-shaped areas on the surface, differing in texture from the surrounding areas, possibly rough or unusually smooth. Hot-rolled strip steel in Structural Steel Automotive Mechanical Manufacturing exhibits patches of varying depths, with darker sections more prevalent than the original lighter areas."
neudet4_patches_177.jpg,13,"steel,patches","Structural Steel Automotive Mechanical Manufacturing. Crazing refers to the appearance of a fine network of cracks on the surface, often irregularly distributed. Patches are irregular block-shaped areas on the surface with a different texture from the surroundings, possibly rough or unusually smooth. Hot-rolled steel strips in Structural Steel Automotive Mechanical Manufacturing exhibit patches of varying depths, with darker patches more prevalent than the original lighter areas."
neudet4_patches_178.jpg,13,"steel,patches","Structural Steel Automotive Mechanical Manufacturing. Crazing refers to the appearance of a fine network of cracks on the surface, irregularly distributed. Patches are irregular block-like areas on the surface with different texture from the surrounding, possibly rough or unusually smooth. Hot-rolled strip steel in Structural Steel Automotive Mechanical Manufacturing exhibits varying shades of dark patches, with darker areas more prevalent than the original lighter ones."
neudet4_patches_179.jpg,13,"steel,patches","Structural Steel Automotive Mechanical Manufacturing. Crazing refers to the appearance of a fine network of cracks on the surface, often irregularly distributed. Patches are irregular block-shaped areas on the surface with different textures compared to the surrounding areas, which may appear rough or unusually smooth. Hot-rolled steel bands in Structural Steel Automotive Mechanical Manufacturing exhibit patches of varying depths and shades, with darker patches outnumbering the lighter ones."
neudet4_patches_180.jpg,13,"steel,patches","Structural Steel Automotive Mechanical Manufacturing. Crazing is the appearance of a fine network of cracks on the surface, often irregularly distributed. Patches refer to irregular block-shaped areas on the surface with a different texture from the surroundings, which may appear rough or unusually smooth. Hot-rolled strip steel in Structural Steel Automotive Mechanical Manufacturing exhibits varying shades of dark patches, with more dark areas than the original light ones."
neudet4_patches_181.jpg,13,"steel,patches","Structural Steel Automotive Mechanical Manufacturing. Crazing refers to the appearance of a fine network of cracks on the surface, often irregularly distributed. Patches are irregular block-shaped areas on the surface with a different texture from the surrounding areas, possibly rough or unusually smooth. Hot-rolled strip steel in Structural Steel Automotive Mechanical Manufacturing exhibits patches of varying depths and colors, with darker patches outnumbering the lighter ones."
neudet4_patches_182.jpg,13,"steel,patches","Structural Steel Automotive Mechanical Manufacturing. Crazing refers to the appearance of a fine network of surface cracks, often irregularly distributed. Patches are irregular block-like areas on the surface with different texture from the surrounding, which may appear rough or unusually smooth. Hot-rolled strip steel in Structural Steel Automotive Mechanical Manufacturing exhibits patches of varying depths and shades, with darker patches outnumbering the lighter ones."
neudet4_patches_183.jpg,13,"steel,patches","Structural Steel Automotive Mechanical Manufacturing. Crazing refers to the appearance of a fine network of cracks on the surface, which are irregularly distributed. Patches are irregular block-shaped areas on the surface with a different texture from the surrounding areas, possibly appearing rough or unusually smooth. Hot-rolled strip steel in Structural Steel Automotive Mechanical Manufacturing exhibits patches of varying depths, with darker patches outnumbering the lighter ones."
neudet4_patches_184.jpg,13,"steel,patches","Structural Steel Automotive Mechanical Manufacturing. Crazing refers to the appearance of a fine network of cracks on the surface, which are irregularly distributed. Patches are irregular block-shaped areas on the surface with a different texture from the surrounding areas, potentially exhibiting roughness or abnormal smoothness. Hot-rolled steel strips in Structural Steel Automotive Mechanical Manufacturing exhibit patches of varying depths and colors, with darker patches outnumbering the lighter ones."
neudet4_patches_185.jpg,13,"steel,patches","Structural Steel Automotive Mechanical Manufacturing. Crazing refers to the appearance of a fine network of cracks on the surface, often irregularly distributed. Patches are irregular block-shaped areas on the surface with a different texture from the surrounding areas, which can be rough or unusually smooth. Hot-rolled steel bands in Structural Steel Automotive Mechanical Manufacturing exhibit patches of varying depths, with darker patches outnumbering the lighter ones."
neudet4_patches_186.jpg,13,"steel,patches","Structural Steel Automotive Mechanical Manufacturing. Crazing refers to the appearance of a fine network of cracks on the surface, often irregularly distributed. Patches are irregular block-shaped areas on the surface with a different texture from the surrounding areas, which may appear rough or unusually smooth. The hot-rolled strip steel in Structural Steel Automotive Mechanical Manufacturing exhibits varied patches of different depths, where the darker patches outnumber the lighter ones."
neudet4_patches_187.jpg,13,"steel,patches","Structural Steel Automotive Mechanical Manufacturing. Crazing is the appearance of fine crack networks on the surface, with cracks irregularly distributed. Patches refer to irregular block-shaped areas on the surface, differing in texture from the surrounding areas, which may appear rough or unusually smooth. Hot-rolled strip steel in Structural Steel Automotive Mechanical Manufacturing exhibits patches of varying depths and shades, with darker patches outnumbering the lighter ones."
neudet4_patches_188.jpg,13,"steel,patches","Structural Steel Automotive Mechanical Manufacturing. Crazing refers to the appearance of a fine network of cracks on the surface, often irregularly distributed. Patches are irregular block-shaped areas on the surface with a different texture from the surrounding areas, which may appear rough or unusually smooth. Hot-rolled steel strips in Structural Steel Automotive Mechanical Manufacturing exhibit varying shades of patches, with darker patches more prevalent than the original lighter areas."
neudet4_patches_189.jpg,13,"steel,patches","Structural Steel Automotive Mechanical Manufacturing. Crazing refers to the appearance of a fine network of cracks on the surface, often irregularly distributed. Patches are irregular block-shaped areas on the surface with a different texture from the surrounding, possibly rough or unusually smooth. Hot-rolled steel strips in Structural Steel Automotive Mechanical Manufacturing exhibit varying shades of patches, with darker areas outnumbering the original lighter ones."
neudet4_patches_190.jpg,13,"steel,patches","Structural Steel Automotive Mechanical Manufacturing. Flaking is the presence of small, thin, irregularly shaped areas on the surface, often exhibiting a different texture compared to the surrounding material. In hot-rolled steel strips, there are patches of varying depths and colors, with darker patches outnumbering the lighter ones."
neudet4_patches_191.jpg,13,"steel,patches","Structural Steel Automotive Mechanical Manufacturing. Crazing is the appearance of a fine network of cracks on the surface, often irregularly distributed. Patches refer to irregular block-shaped areas on the surface with a different texture from the surrounding areas, which may appear rough or unusually smooth. In hot-rolled strip steel of Structural Steel Automotive Mechanical Manufacturing, there are patches of varying depths, where the darker patches outnumber the original lighter areas."
neudet4_patches_192.jpg,13,"steel,patches","Structural Steel Automotive Mechanical Manufacturing. Crazing refers to the appearance of fine crack networks on the surface, with cracks irregularly distributed. Patches are irregular block-shaped areas on the surface, with a texture different from the surrounding areas, possibly rough or unusually smooth. Hot-rolled strip steel in Structural Steel Automotive Mechanical Manufacturing exhibits patches of varying depths, with darker areas more prevalent than the original lighter shades."
neudet4_patches_193.jpg,13,"steel,patches","Structural Steel Automotive Mechanical Manufacturing. Crazing refers to the appearance of fine crack networks on the surface, which are irregularly distributed. Patches are irregular block-shaped areas on the surface with different texture from the surroundings, possibly rough or unusually smooth. Hot-rolled strip steel in Structural Steel Automotive Mechanical Manufacturing exhibits patches of varying depths, with darker areas outnumbering the original lighter shades."
neudet4_patches_194.jpg,13,"steel,patches","Structural Steel Automotive Mechanical Manufacturing. Crazing refers to the appearance of a fine network of cracks on the surface, often irregularly distributed. Patches are irregular block-shaped areas on the surface with a different texture from the surrounding areas, which may appear rough or unusually smooth. Hot-rolled steel bands in Structural Steel Automotive Mechanical Manufacturing exhibit patches of varying depths and colors, with darker patches more prevalent than lighter ones."
neudet4_patches_195.jpg,13,"steel,patches","Structural Steel Automotive Mechanical Manufacturing. Crazing refers to the appearance of a fine network of cracks on the surface, often irregularly distributed. Patches are irregular block-shaped areas on the surface with different texture from the surrounding, exhibiting roughness or abnormal smoothness. Hot-rolled steel strips in Structural Steel Automotive Mechanical Manufacturing show varying shades of patches, with darker areas more prevalent than the original lighter shades."
neudet4_patches_196.jpg,13,"steel,patches","Structural Steel Automotive Mechanical Manufacturing. Crazing refers to the appearance of a fine network of cracks on the surface, often irregularly distributed. Patches are irregular block-shaped areas on the surface with a different texture from the surrounding, possibly rough or unusually smooth. Hot-rolled steel bands in Structural Steel Automotive Mechanical Manufacturing exhibit varying shades of patches, with darker areas more prevalent than the original lighter shades."
neudet4_patches_197.jpg,13,"steel,patches","Structural Steel Automotive Mechanical Manufacturing. Crazing is the appearance of a fine network of surface cracks, often irregularly distributed. Patches are irregular block-shaped areas on the surface with different textures from the surrounding area, which can be rough or unusually smooth. In hot-rolled strip steel of Structural Steel Automotive Mechanical Manufacturing, there are patches of varying shades where the dark areas outnumber the original light areas."
neudet4_patches_198.jpg,13,"steel,patches","Structural Steel Automotive Mechanical Manufacturing. Crazing refers to the appearance of a fine network of cracks on the surface, often irregularly distributed. Patches are irregular block-shaped areas on the surface with a different texture from the surrounding, possibly rough or unusually smooth. Hot-rolled steel bands in Structural Steel Automotive Mechanical Manufacturing exhibit patches of varying depths, with darker areas more prevalent than the original lighter shades."
neudet4_patches_199.jpg,13,"steel,patches","Structural Steel Automotive Mechanical Manufacturing. Patches refer to irregular block-shaped areas on the surface with different texture from the surrounding, possibly appearing rough or unusually smooth. Hot-rolled strip steel in Structural Steel Automotive Mechanical Manufacturing exhibits uneven patches of dark color, with more dark areas than the original light color."
neudet4_patches_200.jpg,13,"steel,patches","Structural Steel Automotive Mechanical Manufacturing. Crazing refers to the appearance of a fine network of surface cracks, often irregularly distributed. Patches are irregular block-shaped areas on the surface with a different texture from the surrounding areas, possibly rough or unusually smooth. In hot-rolled strip steel of Structural Steel Automotive Mechanical Manufacturing, there are patches of varying depths and shades, with darker areas outnumbering the lighter ones."
neudet4_patches_201.jpg,13,"steel,patches","Structural Steel Automotive Mechanical Manufacturing. Crazing refers to the appearance of a fine network of cracks on the surface, often irregularly distributed. Patches are irregular block-shaped areas on the surface with a different texture from the surrounding areas, which may appear rough or unusually smooth. In hot-rolled steel strips of Structural Steel Automotive Mechanical Manufacturing, the patches vary in depth and the darker patches outnumber the lighter ones."
neudet4_patches_202.jpg,13,"steel,patches","Structural Steel Automotive Mechanical Manufacturing. Crazing refers to the appearance of a fine network of surface cracks, often irregularly distributed. Patches are irregular block-shaped areas on the surface with different texture from the surroundings, possibly rough or unusually smooth. Hot-rolled strip steel in Structural Steel Automotive Mechanical Manufacturing exhibits numerous large dark patches."
neudet4_patches_203.jpg,13,"steel,patches","Structural Steel Automotive Mechanical Manufacturing. Crazing refers to the appearance of a fine network of surface cracks, often irregularly distributed. Patches are irregular block-shaped areas on the surface with different textures from the surrounding, possibly rough or unusually smooth. Hot-rolled strip steel in Structural Steel Automotive Mechanical Manufacturing exhibits numerous large dark patches."
neudet4_patches_204.jpg,13,"steel,patches","Structural Steel Automotive Mechanical Manufacturing. Patches are irregular block-shaped areas on the surface with different texture from the surroundings, potentially appearing rough or unusually smooth. Hot-rolled strip steel in Structural Steel Automotive Mechanical Manufacturing exhibits numerous large dark patches."
neudet4_patches_205.jpg,13,"steel,patches","Structural Steel Automotive Mechanical Manufacturing. Crazing is the appearance of a fine network of cracks on the surface, often irregularly distributed. Patches are irregular block-shaped areas on the surface with a different texture from the surrounding, which can be rough or unusually smooth. Hot-rolled strip steel in Structural Steel Automotive Mechanical Manufacturing exhibits numerous and large dark patches."
neudet4_patches_206.jpg,13,"steel,patches","Structural Steel Automotive Mechanical Manufacturing. Crazing is the appearance of a fine network of cracks on the surface, often irregularly distributed. Patches are irregular block-shaped areas on the surface with a different texture from the surroundings, which can appear rough or unusually smooth. Hot-rolled strip steel in Structural Steel Automotive Mechanical Manufacturing exhibits large, dark patches in abundance."
neudet4_patches_207.jpg,13,"steel,patches","Structural Steel Automotive Mechanical Manufacturing. Crazing refers to the appearance of a fine network of surface cracks, often irregularly distributed. Patches are irregular block-shaped areas on the surface with a different texture from the surrounding areas, which can be rough or unusually smooth. Hot-rolled strip steel in Structural Steel Automotive Mechanical Manufacturing exhibits numerous large dark patches."
neudet4_patches_208.jpg,13,"steel,patches","Structural Steel Automotive Mechanical Manufacturing. Crazing is the appearance of a fine network of cracks on the surface, often irregularly distributed. Patches are irregular block-shaped areas on the surface with different texture from the surroundings, possibly rough or unusually smooth. Hot-rolled steel strips in Structural Steel Automotive Mechanical Manufacturing exhibit numerous large dark patches."
neudet4_patches_209.jpg,13,"steel,patches","Structural Steel Automotive Mechanical Manufacturing. Crazing is the formation of a network of fine cracks on the surface, often appearing irregularly distributed. Patches are irregular block-shaped areas on the surface with different texture from the surrounding, possibly rough or unusually smooth. Hot-rolled strip steel in Structural Steel Automotive Mechanical Manufacturing exhibits numerous large dark patches."
neudet4_patches_210.jpg,13,"steel,patches","Structural Steel Automotive Mechanical Manufacturing. Crazing refers to the appearance of fine crack networks on the surface, with cracks irregularly distributed. Patches are irregular block-like areas on the surface, exhibiting different texture from the surroundings, possibly rough or unusually smooth. Hot-rolled strip steel in Structural Steel Automotive Mechanical Manufacturing shows numerous and large dark patches."
neudet4_patches_211.jpg,13,"steel,patches","Structural Steel Automotive Mechanical Manufacturing. Delamination is the separation of layers in the material, often caused by poor bonding. Inclusions are foreign particles trapped in the metal during the manufacturing process, leading to weakened spots in the structure."
neudet4_patches_212.jpg,13,"steel,patches","Structural Steel Automotive Mechanical Manufacturing. Crazing is the appearance of a fine network of cracks on the surface, often irregularly distributed. Patches are irregular block-like areas on the surface with a different texture from the surrounding, possibly rough or unusually smooth. Hot-rolled strip steel in Structural Steel Automotive Mechanical Manufacturing exhibits numerous large dark patches."
neudet4_patches_213.jpg,13,"steel,patches","Structural Steel Automotive Mechanical Manufacturing. Crazing is the occurrence of a fine network of cracks on the surface, often irregularly distributed. Patches refer to irregular block-shaped areas on the surface with a different texture from the surrounding, possibly appearing rough or unusually smooth. Hot-rolled strip steel in Structural Steel Automotive Mechanical Manufacturing exhibits numerous large dark patches."
neudet4_patches_214.jpg,13,"steel,patches","Structural Steel Automotive Mechanical Manufacturing. Crazing is the appearance of a fine network of surface cracks, often irregularly distributed. Patches are irregular block-shaped areas on the surface, differing in texture from the surrounding material, and may exhibit roughness or abnormal smoothness. Hot-rolled strip steel in Structural Steel Automotive Mechanical Manufacturing shows numerous large dark patches."
neudet4_patches_215.jpg,13,"steel,patches","Structural Steel Automotive Mechanical Manufacturing. Crazing is the appearance of a fine network of surface cracks, typically irregularly distributed. Patches are irregular block-like areas on the surface with a different texture from the surrounding material, possibly rough or unusually smooth. Hot-rolled strip steel in Structural Steel Automotive Mechanical Manufacturing exhibits numerous large dark patches."
neudet4_patches_216.jpg,13,"steel,patches","Structural Steel Automotive Mechanical Manufacturing. Crazing refers to the appearance of a fine network of cracks on the surface, often irregularly distributed. Patches are irregular block-shaped areas on the surface with a different texture from the surrounding areas, which may appear rough or unusually smooth. Hot-rolled strip steel in Structural Steel Automotive Mechanical Manufacturing exhibits numerous large dark patches."
neudet4_patches_217.jpg,13,"steel,patches","Structural Steel Automotive Mechanical Manufacturing. Patches appear as irregular block-shaped areas on the surface, with a texture different from the surrounding material, possibly rough or unusually smooth. Hot-rolled strip steel in Structural Steel Automotive Mechanical Manufacturing exhibits numerous and large dark spots."
neudet4_patches_218.jpg,13,"steel,patches","Structural Steel Automotive Mechanical Manufacturing. Crazing is the appearance of a fine network of cracks on the surface, often irregularly distributed. Patches are irregular block-shaped areas on the surface with a different texture from the surrounding areas, which may appear rough or unusually smooth. Hot-rolled steel bands in Structural Steel Automotive Mechanical Manufacturing exhibit numerous large dark patches."
neudet4_patches_219.jpg,13,"steel,patches","Structural Steel Automotive Mechanical Manufacturing. Crazing refers to the appearance of a fine network of cracks on the surface, often irregularly distributed. Patches are irregular block-shaped areas on the surface with a different texture from the surrounding areas, possibly rough or unusually smooth. Hot-rolled strip steel in Structural Steel Automotive Mechanical Manufacturing exhibits numerous large dark patches."
neudet4_patches_220.jpg,13,"steel,patches","Structural Steel Automotive Mechanical Manufacturing. Crazing refers to the appearance of a fine network of cracks on the surface, often irregularly distributed. Patches are irregular block-shaped areas on the surface with a different texture from the surrounding areas, which may appear rough or unusually smooth. Hot-rolled strip steel in Structural Steel Automotive Mechanical Manufacturing exhibits numerous large dark patches."
neudet4_patches_221.jpg,13,"steel,patches","Structural Steel Automotive Mechanical Manufacturing. Crazing refers to the appearance of a fine network of cracks on the surface, often irregularly distributed. Patches are irregular block-shaped areas on the surface with different texture from the surrounding, possibly rough or unusually smooth. Hot-rolled steel strips in Structural Steel Automotive Mechanical Manufacturing exhibit numerous large dark patches."
neudet4_patches_222.jpg,13,"steel,patches","Structural Steel Automotive Mechanical Manufacturing. Crazing refers to the appearance of a fine network of surface cracks, often irregularly distributed. Patches are irregular block-shaped areas on the surface with different textures from the surrounding, which may appear rough or unusually smooth. Hot-rolled strip steel in Structural Steel Automotive Mechanical Manufacturing exhibits numerous large dark patches."
neudet4_patches_223.jpg,13,"steel,patches","Structural Steel Automotive Mechanical Manufacturing. Patches appear as irregular block-shaped areas on the surface, with a texture different from the surrounding area, possibly rough or unusually smooth. Hot-rolled steel bands in Structural Steel Automotive Mechanical Manufacturing exhibit numerous large dark patches."
neudet4_patches_224.jpg,13,"steel,patches","Structural Steel Automotive Mechanical Manufacturing. Crazing refers to the appearance of a fine network of cracks on the surface, often irregularly distributed. Patches are irregular block-shaped areas on the surface with a different texture from the surrounding material, exhibiting roughness or abnormal smoothness. Hot-rolled steel strips in Structural Steel Automotive Mechanical Manufacturing exhibit dark-colored point-like blotches irregularly scattered."
neudet4_patches_225.jpg,13,"steel,patches","Structural Steel Automotive Mechanical Manufacturing. Crazing refers to the appearance of a fine network of surface cracks, typically exhibiting irregular distribution. Patches are irregular block-shaped areas on the surface with different texture from the surroundings, possibly appearing rough or unusually smooth. Hot-rolled strip steel in the Structural Steel Automotive Mechanical Manufacturing industry shows irregularly scattered dark-colored point-like blotches."
neudet4_patches_226.jpg,13,"steel,patches","Structural Steel Automotive Mechanical Manufacturing. Crazing refers to the appearance of a fine network of cracks on the surface, often irregularly distributed. Patches are irregular block-shaped areas on the surface with a different texture from the surrounding, potentially rough or unusually smooth. In hot-rolled strip steel of Structural Steel Automotive Mechanical Manufacturing, dark-colored point-like patches are scattered irregularly."
neudet4_patches_227.jpg,13,"steel,patches","Structural Steel Automotive Mechanical Manufacturing. Crazing refers to the appearance of a fine network of surface cracks, often irregularly distributed. Patches are irregular block-shaped areas on the surface with a different texture from the surrounding areas, possibly rough or unusually smooth. Hot-rolled steel strips in Structural Steel Automotive Mechanical Manufacturing exhibit dark, dot-like patches irregularly scattered."
neudet4_patches_228.jpg,13,"steel,patches","Structural Steel Automotive Mechanical Manufacturing. Crazing refers to the appearance of a fine network of cracks on the surface, often irregularly distributed. Patches are irregular block-shaped areas on the surface with a different texture from the surrounding areas, which may appear rough or unusually smooth. In hot-rolled strip steel of Structural Steel Automotive Mechanical Manufacturing, dark spotted patches are irregularly scattered throughout."
neudet4_patches_229.jpg,13,"steel,patches","Structural Steel Automotive Mechanical Manufacturing. Crazing is the appearance of a fine network of cracks on the surface, irregularly distributed. Patches refer to irregular block-shaped areas on the surface with a different texture from the surrounding areas, possibly rough or unusually smooth. Hot-rolled strip steel in Structural Steel Automotive Mechanical Manufacturing exhibits irregularly scattered dark spots and blotches."
neudet4_patches_230.jpg,13,"steel,patches","Structural Steel Automotive Mechanical Manufacturing. Crazing is the appearance of a fine network of cracks on the surface, often irregularly distributed. Patches refer to irregular block-shaped areas on the surface with a different texture from the surrounding area, which may appear rough or unusually smooth. Hot-rolled steel strips in Structural Steel Automotive Mechanical Manufacturing exhibit dark, sporadic blotches irregularly scattered across the surface."
neudet4_patches_231.jpg,13,"steel,patches","Structural Steel Automotive Mechanical Manufacturing. Crazing refers to the appearance of fine crack networks on the surface, with cracks irregularly distributed. Patches are irregular block-shaped areas on the surface, with a texture different from the surroundings, possibly rough or unusually smooth. Hot-rolled strip steel in Structural Steel Automotive Mechanical Manufacturing exhibits dark spotted patches irregularly scattered."
neudet4_patches_232.jpg,13,"steel,patches","Structural Steel Automotive Mechanical Manufacturing. Crazing refers to the appearance of a fine network of surface cracks, often irregularly distributed. Patches are irregular block-shaped areas on the surface with a different texture from the surrounding material, which may appear rough or unusually smooth. Hot-rolled strip steel in Structural Steel Automotive Mechanical Manufacturing exhibits dark, scattered point-like blotches irregularly distributed."
neudet4_patches_233.jpg,13,"steel,patches","Structural Steel Automotive Mechanical Manufacturing. Crazing refers to the appearance of a fine network of cracks on the surface, often irregularly distributed. Patches are irregular block-shaped areas on the surface with a different texture from the surrounding areas, which may appear rough or unusually smooth. In hot-rolled strip steel of Structural Steel Automotive Mechanical Manufacturing, dark-colored point-like blotches are irregularly scattered."
neudet4_patches_234.jpg,13,"steel,patches","Structural Steel Automotive Mechanical Manufacturing. Crazing refers to the appearance of a fine network of cracks on the surface, often irregularly distributed. Patches are irregular block-shaped areas on the surface with a different texture from the surroundings, which may appear rough or unusually smooth. Hot-rolled strip steel in Structural Steel Automotive Mechanical Manufacturing exhibits irregularly scattered dark-colored spot clusters."
neudet4_patches_235.jpg,13,"steel,patches","Structural Steel Automotive Mechanical Manufacturing. Crazing is the appearance of a fine network of cracks on the surface, irregularly distributed. Patches are irregular block-like areas on the surface with a texture different from the surrounding, possibly rough or unusually smooth. Hot-rolled strip steel in Structural Steel Automotive Mechanical Manufacturing exhibits irregularly scattered dark-colored spot clusters."
neudet4_patches_236.jpg,13,"steel,patches","Structural Steel Automotive Mechanical Manufacturing. Crazing refers to the appearance of a fine network of cracks on the surface, often irregularly distributed. Patches are irregular block-shaped areas on the surface with different textures from the surrounding areas, which can be rough or unusually smooth. Hot-rolled strip steel in Structural Steel Automotive Mechanical Manufacturing exhibits dark, dot-like patches irregularly scattered throughout."
neudet4_patches_237.jpg,13,"steel,patches","Structural Steel Automotive Mechanical Manufacturing. Crazing refers to the appearance of a fine network of cracks on the surface, often irregularly distributed. Patches are irregular block-shaped areas on the surface with a different texture from the surrounding material, exhibiting roughness or abnormal smoothness. In hot-rolled strip steel of Structural Steel Automotive Mechanical Manufacturing, dark spot-like patches are irregularly scattered."
neudet4_patches_238.jpg,13,"steel,patches","Structural Steel Automotive Mechanical Manufacturing. Crazing refers to the appearance of a fine network of cracks on the surface, usually exhibiting irregular distribution. Patches are irregular block-shaped areas on the surface with different texture from the surrounding, which may appear rough or unusually smooth. In hot-rolled strip steel of Structural Steel Automotive Mechanical Manufacturing, dark spot-like patches are irregularly scattered."
neudet4_patches_239.jpg,13,"steel,patches","Structural Steel Automotive Mechanical Manufacturing. Crazing refers to the appearance of a fine network of cracks on the surface, often irregularly distributed. Patches are irregular block-shaped areas on the surface with a different texture from the surrounding material, possibly rough or unusually smooth. Hot-rolled strip steel in Structural Steel Automotive Mechanical Manufacturing exhibits dark-colored point-like blotches irregularly scattered."
neudet4_patches_240.jpg,13,"steel,patches","Structural Steel Automotive Mechanical Manufacturing. Crazing refers to the appearance of a fine network of surface cracks, often irregularly distributed. Patches are irregular block-shaped areas on the surface with a different texture from the surrounding areas, which may appear rough or unusually smooth. Hot-rolled strip steel in Structural Steel Automotive Mechanical Manufacturing exhibits irregularly scattered dark spot clusters."
neudet4_patches_241.jpg,13,"steel,patches","Structural Steel Automotive Mechanical Manufacturing. Crazing is the appearance of a fine network of cracks on the surface, often irregularly distributed. Patches are irregular block-like areas on the surface with a different texture from the surrounding, which can be rough or unusually smooth. Hot-rolled strip steel in Structural Steel Automotive Mechanical Manufacturing exhibits dark, dot-like patches irregularly scattered throughout."
neudet4_patches_242.jpg,13,"steel,patches","Structural Steel Automotive Mechanical Manufacturing. Crazing is the appearance of a fine network of cracks on the surface, often irregularly distributed. Patches refer to irregular block-like areas on the surface with a different texture from the surrounding areas, which can appear rough or unusually smooth. In hot-rolled strip steel for structural automotive mechanical manufacturing, dark-colored point-like patches are irregularly scattered throughout."
neudet4_patches_243.jpg,13,"steel,patches","Structural Steel Automotive Mechanical Manufacturing. Crazing refers to the appearance of a fine network of surface cracks, which are irregularly distributed. Patches are irregular block-shaped areas on the surface with a different texture from the surrounding areas, possibly rough or unusually smooth. In hot-rolled strip steel of Structural Steel Automotive Mechanical Manufacturing, dark spot-like patches are irregularly scattered."
neudet4_patches_244.jpg,13,"steel,patches","Structural Steel Automotive Mechanical Manufacturing. Crazing refers to the appearance of a fine network of cracks on the surface, often irregularly distributed. Patches are irregular block-shaped areas on the surface with different textures compared to the surrounding areas, sometimes appearing rough or unusually smooth. Hot-rolled steel strips in Structural Steel Automotive Mechanical Manufacturing exhibit irregularly scattered dark spots and patches."
neudet4_patches_245.jpg,13,"steel,patches","Structural Steel Automotive Mechanical Manufacturing. Crazing refers to the appearance of a fine network of cracks on the surface, which are irregularly distributed. Patches are irregular block-shaped areas on the surface with a different texture from the surrounding areas, possibly showing roughness or abnormal smoothness. Hot-rolled strip steel in Structural Steel Automotive Mechanical Manufacturing exhibits dark, dot-shaped patches irregularly scattered."
neudet4_patches_246.jpg,13,"steel,patches","Structural Steel Automotive Mechanical Manufacturing. Crazing is the appearance of a fine network of surface cracks, often irregularly distributed. Patches are irregular block-shaped areas on the surface with different texture from the surrounding, possibly rough or unusually smooth. Hot-rolled steel bands in Structural Steel Automotive Mechanical Manufacturing exhibit irregularly scattered dark spots and blotches."
neudet4_patches_247.jpg,13,"steel,patches","Structural Steel Automotive Mechanical Manufacturing. Crazing refers to the appearance of a fine network of cracks on the surface, often irregularly distributed. Patches are irregular block-shaped areas on the surface with a different texture from the surrounding areas, which may be rough or unusually smooth. In hot-rolled strip steel of Structural Steel Automotive Mechanical Manufacturing, dark spotted patches are scattered irregularly."
neudet4_patches_248.jpg,13,"steel,patches","Structural Steel Automotive Mechanical Manufacturing. Crazing refers to the appearance of a fine network of surface cracks, often irregularly distributed. Patches are irregular block-shaped areas on the surface with a different texture from the surroundings, which may appear rough or unusually smooth. Hot-rolled steel strips in Structural Steel Automotive Mechanical Manufacturing exhibit dark-colored spot clusters irregularly scattered."
neudet4_patches_249.jpg,13,"steel,patches","Structural Steel Automotive Mechanical Manufacturing. Crazing is the appearance of a fine network of cracks on the surface, often irregularly distributed. Patches refer to irregular block-shaped areas on the surface with a different texture from the surrounding areas, which may appear rough or unusually smooth. Hot-rolled steel strips in Structural Steel Automotive Mechanical Manufacturing exhibit irregularly scattered dark-colored spot clusters."
neudet4_patches_250.jpg,13,"steel,patches","Structural Steel Automotive Mechanical Manufacturing. Crazing is the appearance of a fine network of cracks on the surface, often irregularly distributed. Patches are irregular block-shaped areas on the surface with different texture from the surrounding, exhibiting roughness or abnormal smoothness. Hot-rolled strip steel in Structural Steel Automotive Mechanical Manufacturing shows irregularly scattered dark spots and patches."
neudet4_patches_251.jpg,13,"steel,patches","Structural Steel Automotive Mechanical Manufacturing. Crazing appears as a fine network of surface cracks, often irregularly distributed. Patches are irregular blocky areas on the surface with different texture from the surrounding, possibly rough or unusually smooth. Hot-rolled strip steel in Structural Steel Automotive Mechanical Manufacturing shows irregularly scattered dark-colored spot clusters."
neudet4_patches_252.jpg,13,"steel,patches","Structural Steel Automotive Mechanical Manufacturing. Crazing refers to the appearance of a fine network of surface cracks, often irregularly distributed. Patches are irregular block-shaped areas on the surface with a different texture from the surrounding areas, possibly rough or unusually smooth. Hot-rolled steel strips in Structural Steel Automotive Mechanical Manufacturing exhibit dark, randomly scattered point-like blotches."
neudet4_patches_253.jpg,13,"steel,patches","Structural Steel Automotive Mechanical Manufacturing. Crazing is the appearance of a fine network of cracks on the surface, with cracks irregularly distributed. Patches are irregular block-shaped areas on the surface, with a texture different from the surrounding areas, potentially rough or unusually smooth. Hot-rolled strip steel in Structural Steel Automotive Mechanical Manufacturing exhibits irregularly scattered dark spot clusters."
neudet4_patches_254.jpg,13,"steel,patches","Structural Steel Automotive Mechanical Manufacturing. Patches refer to irregular block-shaped areas on the surface with different textures from the surrounding, which may appear rough or unusually smooth. Hot-rolled steel strips in Structural Steel Automotive Mechanical Manufacturing exhibit deep black spotted clusters."
neudet4_patches_255.jpg,13,"steel,patches","Structural Steel Automotive Mechanical Manufacturing. Crazing refers to the appearance of fine crack networks on the surface, often distributed irregularly. Patches are irregular block-shaped areas on the surface with different texture from the surroundings, possibly rough or unusually smooth. Hot-rolled strip steel in Structural Steel Automotive Mechanical Manufacturing exhibits large dark spot clusters."
neudet4_patches_256.jpg,13,"steel,patches","Structural Steel Automotive Mechanical Manufacturing. Crazing is the formation of a fine network of cracks on the surface, typically irregularly distributed. Patches refer to irregular block-shaped areas on the surface with different texture from the surrounding, which may appear rough or unusually smooth. Hot-rolled strip steel in Structural Steel Automotive Mechanical Manufacturing exhibits numerous deep black spot clusters, with many dots connecting to form larger patches."
neudet4_patches_257.jpg,13,"steel,patches","Structural Steel Automotive Mechanical Manufacturing. Crazing refers to the appearance of a fine network of cracks on the surface, often irregularly distributed. Patches are irregular block-shaped areas on the surface with a different texture from the surrounding areas, which may be rough or unusually smooth. Hot-rolled strip steel in Structural Steel Automotive Mechanical Manufacturing exhibits numerous deep black spot clusters, with many individual spots connecting to form larger patches."
neudet4_patches_258.jpg,13,"steel,patches","Structural Steel Automotive Mechanical Manufacturing. Crazing is the appearance of a fine network of cracks on the surface, often irregularly distributed. Patches are irregular block-shaped areas on the surface with a different texture from the surrounding areas, possibly rough or unusually smooth. Hot-rolled strip steel in Structural Steel Automotive Mechanical Manufacturing exhibits numerous deep black spot clusters that may merge into large patches."
neudet4_patches_259.jpg,13,"steel,patches","Structural Steel Automotive Mechanical Manufacturing. Crazing refers to the appearance of a fine network of cracks on the surface, often irregularly distributed. Patches are irregular block-shaped areas on the surface with a different texture from the surrounding areas, possibly rough or unusually smooth. Hot-rolled steel strips in Structural Steel Automotive Mechanical Manufacturing exhibit numerous deep black spot clusters, with many individual spots merging into large patches."
neudet4_patches_260.jpg,13,"steel,patches","Structural Steel Automotive Mechanical Manufacturing. Crazing refers to the appearance of a fine network of cracks on the surface, irregularly distributed. Patches are irregular block-shaped areas on the surface, with a texture different from the surrounding areas, possibly rough or unusually smooth. Hot-rolled strip steel in Structural Steel Automotive Mechanical Manufacturing exhibits numerous deep black spot clusters, with many spots connecting to form large patches."
neudet4_patches_261.jpg,13,"steel,patches","Structural Steel Automotive Mechanical Manufacturing. Crazing refers to the appearance of a fine network of surface cracks, often irregularly distributed. Patches are irregular block-shaped areas on the surface with different textures from the surroundings, which may appear rough or unusually smooth. Hot-rolled strip steel in Structural Steel Automotive Mechanical Manufacturing exhibits numerous deep black spot clusters, with many individual spots connecting to form large patches."
neudet4_patches_262.jpg,13,"steel,patches","Structural Steel Automotive Mechanical Manufacturing. Crazing is the appearance of a fine network of cracks on the surface, irregularly distributed. Patches are irregular block-shaped areas on the surface with a different texture from the surrounding area, possibly rough or unusually smooth. Hot-rolled steel strips in Structural Steel Automotive Mechanical Manufacturing exhibit numerous deep black spot clusters that often merge into large patches."
neudet4_patches_263.jpg,13,"steel,patches","Structural Steel Automotive Mechanical Manufacturing. Patches refer to irregular block-shaped areas on the surface with different texture from the surroundings, exhibiting roughness or abnormal smoothness. Hot-rolled steel strip in Structural Steel Automotive Mechanical Manufacturing shows numerous deep black spot clusters, often merging into large patches."
neudet4_patches_264.jpg,13,"steel,patches","Structural Steel Automotive Mechanical Manufacturing. Crazing refers to the appearance of a fine network of cracks on the surface, often irregularly distributed. Patches are irregular block-shaped areas on the surface with a different texture from the surrounding areas, which may appear rough or unusually smooth. Hot-rolled steel strips in Structural Steel Automotive Mechanical Manufacturing exhibit numerous deep black spot clusters that can merge into larger patches."
neudet4_patches_265.jpg,13,"steel,patches","Structural Steel Automotive Mechanical Manufacturing. Crazing refers to the appearance of fine crack networks on the surface, with cracks irregularly distributed. Patches are irregular block-shaped areas on the surface, exhibiting different texture from the surroundings, possibly rough or unusually smooth. Hot-rolled steel strips in Structural Steel Automotive Mechanical Manufacturing exhibit numerous deep black spot clusters that merge into large patches."
neudet4_patches_266.jpg,13,"steel,patches","Structural Steel Automotive Mechanical Manufacturing. Crazing refers to the appearance of a fine network of cracks on the surface, often irregularly distributed. Patches are irregular block-shaped areas on the surface with different textures from the surrounding areas, which may appear rough or unusually smooth. Hot-rolled steel bands in Structural Steel Automotive Mechanical Manufacturing exhibit numerous deep black spot clusters, with many individual spots merging into larger patches."
neudet4_patches_267.jpg,13,"steel,patches","Structural Steel Automotive Mechanical Manufacturing. Crazing refers to the appearance of fine crack networks on the surface, with cracks irregularly distributed. Patches are irregular block-shaped areas on the surface, differing in texture from the surroundings, which may appear rough or unusually smooth. Hot-rolled steel bands in Structural Steel Automotive Mechanical Manufacturing exhibit numerous deep black spot clusters, with many points connected to form large patches."
neudet4_patches_268.jpg,13,"steel,patches","Structural Steel Automotive Mechanical Manufacturing. Crazing is the appearance of a fine network of cracks on the surface, with irregular distribution. Patches are irregular block-shaped areas on the surface, with a texture different from the surroundings, possibly rough or unusually smooth. Hot-rolled steel strips in Structural Steel Automotive Mechanical Manufacturing exhibit numerous deep black spot clusters that merge into large patches."
neudet4_patches_269.jpg,13,"steel,patches","Structural Steel Automotive Mechanical Manufacturing. Crazing refers to the appearance of a fine network of cracks on the surface, often irregularly distributed. Patches are irregular block-like areas on the surface with a different texture from the surrounding areas, which may appear rough or unusually smooth. Hot-rolled strip steel in Structural Steel Automotive Mechanical Manufacturing exhibits numerous deep black spot clusters that can merge into large patches."
neudet4_patches_270.jpg,13,"steel,patches","Structural Steel Automotive Mechanical Manufacturing. Crazing refers to the surface exhibiting a fine network of cracks, often irregularly distributed. Patches are irregular block-shaped areas on the surface with different textures from the surrounding areas, which may appear rough or unusually smooth. Hot-rolled steel strips in Structural Steel Automotive Mechanical Manufacturing show numerous deep black spot clusters that can merge into large patches."
neudet4_patches_271.jpg,13,"steel,patches","Structural Steel Automotive Mechanical Manufacturing. Crazing is the appearance of a fine network of cracks on the surface, often irregularly distributed. Patches refer to irregular block-shaped areas on the surface with a different texture from the surrounding areas, which may appear rough or unusually smooth. Hot-rolled steel bands in Structural Steel Automotive Mechanical Manufacturing exhibit numerous deep black spot clusters, often merging into large patches."
neudet4_patches_272.jpg,13,"steel,patches","Structural Steel Automotive Mechanical Manufacturing. Crazing refers to the appearance of fine crack networks on the surface, with cracks irregularly distributed. Patches are irregular block-shaped areas on the surface, with a texture different from the surroundings, possibly rough or unusually smooth. Hot-rolled steel strips in Structural Steel Automotive Mechanical Manufacturing exhibit numerous deep black spot clusters, with many spots connecting to form large patches."
neudet4_patches_273.jpg,13,"steel,patches","Structural Steel Automotive Mechanical Manufacturing. Crazing refers to the appearance of a fine network of cracks on the surface, often irregularly distributed. Patches are irregular block-shaped areas on the surface with a different texture from the surrounding areas, possibly rough or unusually smooth. Hot-rolled steel bands in Structural Steel Automotive Mechanical Manufacturing exhibit numerous deep black spotted clusters that often merge into larger patches."
neudet4_patches_274.jpg,13,"steel,patches","Structural Steel Automotive Mechanical Manufacturing. Crazing refers to the appearance of a fine network of cracks on the surface, which are irregularly distributed. Patches are irregular block-shaped areas on the surface with a different texture from the surroundings, exhibiting roughness or abnormal smoothness. Hot-rolled steel strips in Structural Steel Automotive Mechanical Manufacturing display numerous deep black spot clusters, with many individual spots connecting to form large patches."
neudet4_patches_275.jpg,13,"steel,patches","Structural Steel Automotive Mechanical Manufacturing. Crazing refers to the appearance of a fine network of cracks on the surface, often irregularly distributed. Patches are irregular block-shaped areas on the surface with a different texture from the surrounding, which may appear rough or unusually smooth. Hot-rolled steel bands in Structural Steel Automotive Mechanical Manufacturing exhibit numerous deep black spot clusters, with many points connecting to form large patches."
neudet4_patches_276.jpg,13,"steel,patches","Structural Steel Automotive Mechanical Manufacturing. Crazing refers to the appearance of fine network of cracks on the surface, often irregularly distributed. Patches are irregular block-shaped areas on the surface with different texture from the surrounding, which may exhibit roughness or abnormal smoothness. Hot-rolled steel strips in Structural Steel Automotive Mechanical Manufacturing exhibit numerous deep black spot clusters, forming large interconnected patches."
neudet4_patches_277.jpg,13,"steel,patches","Structural Steel Automotive Mechanical Manufacturing. Crazing is the appearance of a fine network of cracks on the surface, with irregular distribution. Patches are irregular block-shaped areas on the surface, differing in texture from the surrounding area, possibly showing roughness or unusually smoothness. Hot-rolled steel strips in Structural Steel Automotive Mechanical Manufacturing exhibit numerous deep black spot clusters that connect to form larger patches."
neudet4_patches_278.jpg,13,"steel,patches","Structural Steel Automotive Mechanical Manufacturing. Crazing refers to the appearance of a fine network of surface cracks, often irregularly distributed. Patches are irregular block-shaped areas on the surface with a different texture from the surrounding, which can be rough or unusually smooth. Hot-rolled steel strips in Structural Steel Automotive Mechanical Manufacturing exhibit numerous deep black spot clusters, with many individual spots merging into larger patches."
neudet4_patches_279.jpg,13,"steel,patches","Structural Steel Automotive Mechanical Manufacturing. Crazing refers to the appearance of a fine network of surface cracks, irregularly distributed. Patches are irregular block-shaped areas on the surface with different textures from the surrounding areas, possibly rough or unusually smooth. Hot-rolled strip steel in Structural Steel Automotive Mechanical Manufacturing exhibits numerous deep black spot clusters, often merging into large patches."
neudet4_patches_280.jpg,13,"steel,patches","Structural Steel Automotive Mechanical Manufacturing. Crazing refers to the appearance of a fine network of cracks on the surface, often irregularly distributed. Patches are irregular block-shaped areas on the surface with different texture from the surroundings, possibly rough or unusually smooth. Hot-rolled strip steel in Structural Steel Automotive Mechanical Manufacturing exhibits numerous deep black spot clusters that merge into large patches."
neudet4_patches_281.jpg,13,"steel,patches","Structural Steel Automotive Mechanical Manufacturing. Crazing refers to the appearance of a fine network of surface cracks, often irregularly distributed. Patches are irregular block-shaped areas on the surface with a different texture from the surrounding area, which may appear rough or unusually smooth. Hot-rolled strip steel in Structural Steel Automotive Mechanical Manufacturing exhibits numerous deep black spot clusters that can merge into large patches."
neudet4_patches_282.jpg,13,"steel,patches","Structural Steel Automotive Mechanical Manufacturing. Crazing refers to the appearance of a fine network of cracks on the surface, often irregularly distributed. Patches are irregular block-shaped areas on the surface with a different texture from the surrounding area, which may appear rough or unusually smooth. Hot-rolled strip steel in Structural Steel Automotive Mechanical Manufacturing exhibits numerous deep black spot clusters, with many individual spots connecting to form large patches."
neudet4_patches_283.jpg,13,"steel,patches","Structural Steel Automotive Mechanical Manufacturing. Crazing refers to the appearance of a fine network of cracks on the surface, often irregularly distributed. Patches are irregular block-shaped areas on the surface with a different texture from the surrounding areas, which can be rough or unusually smooth. Hot-rolled strip steel in Structural Steel Automotive Mechanical Manufacturing exhibits numerous deep black spot clusters that can merge into large patches."
neudet4_patches_284.jpg,13,"steel,patches","Structural Steel Automotive Mechanical Manufacturing. Surface shows a fine network of cracks known as crazing, which are irregularly distributed. Patches are irregular block-shaped areas on the surface with different texture from the surroundings, possibly appearing rough or unusually smooth. Hot-rolled steel strip in Structural Steel Automotive Mechanical Manufacturing exhibits numerous deep black spot clusters, with many points connected to form large patches."
neudet4_patches_285.jpg,13,"steel,patches","Structural Steel Automotive Mechanical Manufacturing. Crazing refers to the appearance of a fine network of cracks on the surface, often irregularly distributed. Patches are irregular block-shaped areas on the surface with a different texture from the surrounding area, which may appear rough or unusually smooth. Hot-rolled strip steel in Structural Steel Automotive Mechanical Manufacturing exhibits numerous deep black spot clusters, with many individual spots merging into large patches."
neudet4_patches_286.jpg,13,"steel,patches","Structural Steel Automotive Mechanical Manufacturing. Crazing refers to the appearance of a fine network of cracks on the surface, often irregularly distributed. Patches are irregular block-like areas on the surface with a different texture from the surroundings, which may appear rough or unusually smooth. Hot-rolled strip steel in Structural Steel Automotive Mechanical Manufacturing exhibits numerous deep black spot clusters that merge into large patches."
neudet4_patches_287.jpg,13,"steel,patches","Structural Steel Automotive Mechanical Manufacturing. Crazing refers to the appearance of fine crack networks on the surface, often irregularly distributed. Patches are irregular block-shaped areas on the surface with different texture from the surroundings, showing roughness or abnormal smoothness. Hot-rolled strip steel in Structural Steel Automotive Mechanical Manufacturing exhibits numerous deep black spot clusters that may merge into large patches."
neudet4_patches_288.jpg,13,"steel,patches","Structural Steel Automotive Mechanical Manufacturing. Crazing refers to the appearance of a fine network of surface cracks, often irregularly distributed. Patches are irregular block-shaped areas on the surface with a different texture from the surrounding areas, exhibiting roughness or abnormal smoothness. Hot-rolled steel bands in Structural Steel Automotive Mechanical Manufacturing exhibit numerous deep black spot clusters, sometimes merging into larger patches."
neudet4_patches_289.jpg,13,"steel,patches","Structural Steel Automotive Mechanical Manufacturing. Crazing refers to the appearance of a fine network of cracks on the surface, often irregularly distributed. Patches are irregular block-shaped areas on the surface with different textures from the surrounding area, which may appear rough or unusually smooth. Hot-rolled steel bands in Structural Steel Automotive Mechanical Manufacturing exhibit numerous deep black spot clusters that merge into large patches."
neudet4_patches_290.jpg,13,"steel,patches","Structural Steel Automotive Mechanical Manufacturing. Crazing refers to the appearance of a fine network of cracks on the surface, often irregularly distributed. Patches are irregular block-shaped areas on the surface with a different texture from the surrounding areas, which may appear rough or unusually smooth. Hot-rolled steel strips in Structural Steel Automotive Mechanical Manufacturing exhibit numerous deep black spot clusters, with many individual spots merging into large patches."
neudet4_patches_291.jpg,13,"steel,patches","Structural Steel Automotive Mechanical Manufacturing. Delamination is the separation of layers in the material, often resulting in a layered appearance with visible gaps between the layers. Lack of fusion is when the welding process fails to properly join the materials, leading to weak spots in the structure. Hot-rolled steel strip in Structural Steel Automotive Mechanical Manufacturing exhibits straight lines and a uniform texture."
neudet4_patches_292.jpg,13,"steel,patches","Structural Steel Automotive Mechanical Manufacturing. Crazing is the formation of a fine network of cracks on the surface, often appearing in irregular patterns. Patches are irregular block-shaped areas on the surface with different textures from the surrounding material, which can be either rough or unusually smooth. Hot-rolled strip steel in Structural Steel Automotive Mechanical Manufacturing exhibits large, straight bars."
neudet4_patches_293.jpg,13,"steel,patches","Structural Steel Automotive Mechanical Manufacturing. Patches refer to irregular block-like areas on the surface with different texture from the surrounding, appearing either rough or unusually smooth. Hot-rolled strip steel in Structural Steel Automotive Mechanical Manufacturing exhibits large, straight bars."
neudet4_patches_294.jpg,13,"steel,patches","Structural Steel Automotive Mechanical Manufacturing. Crazing is the appearance of a fine network of cracks on the surface, often irregularly distributed. Patches refer to irregular block-shaped areas on the surface with a different texture from the surrounding areas, which can appear rough or unusually smooth. Hot-rolled strip steel in Structural Steel Automotive Mechanical Manufacturing exhibits large, straight bars."
neudet4_patches_295.jpg,13,"steel,patches","Structural Steel Automotive Mechanical Manufacturing. Crazing refers to the appearance of a fine network of cracks on the surface, typically exhibiting irregular distribution. Patches are irregular block-shaped areas on the surface with a different texture from the surrounding, possibly appearing rough or unusually smooth. Hot-rolled strip steel in Structural Steel Automotive Mechanical Manufacturing shows large, straight strips."
neudet4_patches_296.jpg,13,"steel,patches","Structural Steel Automotive Mechanical Manufacturing. Delamination is the separation of layers within the material, often resulting in a flaky or layered appearance. Inclusions are foreign particles or impurities trapped within the steel, causing localized weaknesses and potential structural defects. Hot-rolled steel strips exhibit large, prominent straight lines running across the surface, indicating the manufacturing process and texture of the material."
neudet4_patches_297.jpg,13,"steel,patches","Structural Steel Automotive Mechanical Manufacturing. Delamination is the separation of layers within the material, often resulting in a weakened structure. Inclusions are foreign particles or impurities trapped within the steel, causing potential points of failure. Hot-rolled steel strips in Structural Steel Automotive Mechanical Manufacturing exhibit large, coarse, straight bars."
neudet4_patches_298.jpg,13,"steel,patches","Structural Steel Automotive Mechanical Manufacturing. Crazing refers to the appearance of a fine network of cracks on the surface, often irregularly distributed. Patches are irregular block-like areas on the surface with a different texture from the surrounding, which may appear rough or unusually smooth. Hot-rolled strip steel in Structural Steel Automotive Mechanical Manufacturing exhibits large, straight bars."
neudet4_patches_299.jpg,13,"steel,patches","Structural Steel Automotive Mechanical Manufacturing. Patches refer to irregular block-shaped areas on the surface with different textures compared to the surrounding areas, which may appear rough or unusually smooth. Hot-rolled strip steel in Structural Steel Automotive Mechanical Manufacturing exhibits large, straight bars."
neudet4_patches_300.jpg,13,"steel,patches","Structural Steel Automotive Mechanical Manufacturing. Inclusions refer to foreign particles trapped in the material during the manufacturing process, leading to potential weak points. Surface delamination is the separation of layers within the material, causing reduced structural integrity. Cold-rolled steel sheets in Structural Steel Automotive Mechanical Manufacturing exhibit a smooth surface finish and uniform thickness."
neudet4_pitted_001.jpg,14,"steel,pitted surface","Structural Steel Automotive Mechanical Manufacturing. Pitting is the presence of small, scattered patch-like corrosion spots on the surface. Hot-rolled strip steel in Structural Steel Automotive Mechanical Manufacturing exhibits large, rough, dark-colored corrosion defects."
neudet4_pitted_002.jpg,14,"steel,pitted surface","Structural Steel Automotive Mechanical Manufacturing. Pitting is characterized by small, scattered patches of corrosion on the surface. Hot-rolled strip steel in Structural Steel Automotive Mechanical Manufacturing exhibits large, rough, dark-colored corroded defects."
neudet4_pitted_003.jpg,14,"steel,pitted surface","Structural Steel Automotive Mechanical Manufacturing. Crazing refers to the appearance of a fine network of cracks on the surface, often irregularly distributed. Pitted Surface indicates the presence of small, scattered patch-like pits on the surface. Hot-rolled strip steel in Structural Steel Automotive Mechanical Manufacturing exhibits large, rough, dark corrosion defects."
neudet4_pitted_004.jpg,14,"steel,pitted surface",Structural Steel Automotive Mechanical Manufacturing. Pitted Surface refers to small and scattered patchy corrosion spots on the surface. Hot-rolled strip steel in Structural Steel Automotive Mechanical Manufacturing exhibits a large rough dark corrosion defect.
neudet4_pitted_005.jpg,14,"steel,pitted surface",Structural Steel Automotive Mechanical Manufacturing. Pitted Surface refers to small and scattered patch-like pits on the surface. Hot-rolled strip steel in Structural Steel Automotive Mechanical Manufacturing exhibits large rough dark corrosive defects.
neudet4_pitted_006.jpg,14,"steel,pitted surface",Structural Steel Automotive Mechanical Manufacturing. Pitted Surface refers to small and scattered patchy corrosion spots on the surface. Hot-rolled strip steel in Structural Steel Automotive Mechanical Manufacturing exhibits a large rough dark corrosion defect.
neudet4_pitted_007.jpg,14,"steel,pitted surface","Structural Steel Automotive Mechanical Manufacturing. Pitted Surface refers to small and scattered patchy pits on the surface. Hot-rolled steel strip exhibits a large, rough, dark corrosion defect."
neudet4_pitted_008.jpg,14,"steel,pitted surface","Structural Steel Automotive Mechanical Manufacturing. Pitted Surface refers to small and scattered patch-like pits on the surface. Hot-rolled strip steel in Structural Steel Automotive Mechanical Manufacturing exhibits a large, rough, dark-colored corrosion defect."
neudet4_pitted_009.jpg,14,"steel,pitted surface","Structural Steel Automotive Mechanical Manufacturing. Crazing refers to the appearance of a fine network of cracks on the surface, typically exhibiting irregular distribution. Pitted Surface indicates the presence of small and scattered patch-like corrosion spots. Hot-rolled strip steel in Structural Steel Automotive Mechanical Manufacturing exhibits a large rough dark corrosion defect."
neudet4_pitted_010.jpg,14,"steel,pitted surface","Structural Steel Automotive Mechanical Manufacturing. Pitted Surface refers to small, scattered patch-like pits on the surface. Hot-rolled strip steel in Structural Steel Automotive Mechanical Manufacturing exhibits a large, rough, dark corrosion defect."
neudet4_pitted_011.jpg,14,"steel,pitted surface",Structural Steel Automotive Mechanical Manufacturing. Pitted Surface refers to small and scattered patchy corrosion spots on the surface. Hot rolled strip steel in Structural Steel Automotive Mechanical Manufacturing exhibits large rough dark corrosion defects.
neudet4_pitted_012.jpg,14,"steel,pitted surface",Structural Steel Automotive Mechanical Manufacturing. Pitted Surface refers to small and scattered patch-like pits on the surface. Hot-rolled strip steel in Structural Steel Automotive Mechanical Manufacturing exhibits large rough dark corrosion defects.
neudet4_pitted_013.jpg,14,"steel,pitted surface",Structural Steel Automotive Mechanical Manufacturing. Pitted Surface refers to small and scattered patch-like pits on the surface. Hot-rolled strip steel in Structural Steel Automotive Mechanical Manufacturing exhibits large rough dark corrosion defects.
neudet4_pitted_014.jpg,14,"steel,pitted surface","Structural Steel Automotive Mechanical Manufacturing. Pitting is characterized by small, scattered patch-like corrosion spots on the surface. Hot-rolled strip steel in Structural Steel Automotive Mechanical Manufacturing exhibits large, rough, dark-colored corrosion defects."
neudet4_pitted_015.jpg,14,"steel,pitted surface",Structural Steel Automotive Mechanical Manufacturing. Pitted Surface refers to small and scattered patch-like pits on the surface. Hot-rolled strip steel in Structural Steel Automotive Mechanical Manufacturing exhibits large rough dark corrosion defects.
neudet4_pitted_016.jpg,14,"steel,pitted surface","Structural Steel Automotive Mechanical Manufacturing. Pitting is the presence of small, scattered patch-like corrosion spots on the surface. Hot-rolled strip steel in Structural Steel Automotive Mechanical Manufacturing exhibits large rough dark corrosion defects."
neudet4_pitted_017.jpg,14,"steel,pitted surface","Structural Steel Automotive Mechanical Manufacturing. Crazing refers to the appearance of a fine network of cracks on the surface, often irregularly distributed. Pitted Surface indicates the presence of small and scattered patch-like pits on the surface. Hot-rolled strip steel in Structural Steel Automotive Mechanical Manufacturing exhibits large rough dark corrosion defects."
neudet4_pitted_018.jpg,14,"steel,pitted surface","Structural Steel Automotive Mechanical Manufacturing. Crazing is the formation of a fine network of surface cracks, often irregularly distributed. Pitted Surface refers to small, scattered patch-like pits on the surface. Hot-rolled strip steel in Structural Steel Automotive Mechanical Manufacturing exhibits large, rough, dark corrosion defects."
neudet4_pitted_019.jpg,14,"steel,pitted surface","Structural Steel Automotive Mechanical Manufacturing. Pitting is characterized by small, scattered patch-like corrosion spots on the surface. Hot-rolled strip steel in structural steel automotive mechanical manufacturing exhibits large, rough, dark-colored corrosion defects."
neudet4_pitted_020.jpg,14,"steel,pitted surface","Structural Steel Automotive Mechanical Manufacturing. Pitting refers to small, scattered patches of corrosion on the surface. Hot-rolled steel strip exhibits a large, rough, dark-colored corrosion defect."
neudet4_pitted_021.jpg,14,"steel,pitted surface",Structural Steel Automotive Mechanical Manufacturing. Pitted Surface is characterized by small and scattered patch-like pits on the surface. Hot-rolled steel strip exhibits a large rough dark corrosion defect.
neudet4_pitted_022.jpg,14,"steel,pitted surface",Structural Steel Automotive Mechanical Manufacturing. Pitted Surface refers to small and scattered patch-like pits on the surface. Hot-rolled strip steel in Structural Steel Automotive Mechanical Manufacturing exhibits large rough dark corrosion defects.
neudet4_pitted_023.jpg,14,"steel,pitted surface",Structural Steel Automotive Mechanical Manufacturing. Pitted Surface refers to small and scattered patch-like pits on the surface. Hot-rolled strip steel in Structural Steel Automotive Mechanical Manufacturing exhibits a large rough dark-colored corrosion defect.
neudet4_pitted_024.jpg,14,"steel,pitted surface","Structural Steel Automotive Mechanical Manufacturing. Crazing refers to the appearance of a fine network of cracks on the surface, with irregular distribution. Pitted Surface indicates the presence of small and scattered patchy corrosion spots on the surface. Hot-rolled strip steel in Structural Steel Automotive Mechanical Manufacturing exhibits large rough dark corrosion defects."
neudet4_pitted_025.jpg,14,"steel,pitted surface",Structural Steel Automotive Mechanical Manufacturing. Pitted Surface refers to the presence of small and scattered patch-like pits on the surface. Hot-rolled strip steel in Structural Steel Automotive Mechanical Manufacturing exhibits large rough dark corrosion defects.
neudet4_pitted_026.jpg,14,"steel,pitted surface",Structural Steel Automotive Mechanical Manufacturing. Pitted Surface refers to small and scattered patch-like pits on the surface. Hot-rolled strip steel in Structural Steel Automotive Mechanical Manufacturing exhibits large rough dark corrosion defects.
neudet4_pitted_027.jpg,14,"steel,pitted surface","Structural Steel Automotive Mechanical Manufacturing. Pitting is the presence of small, scattered patch-like corrosion spots on the surface. Hot-rolled strip steel in Structural Steel Automotive Mechanical Manufacturing exhibits large, rough, dark-colored corrosion defects."
neudet4_pitted_028.jpg,14,"steel,pitted surface","Structural Steel Automotive Mechanical Manufacturing. Pitted Surface refers to small, scattered patch-like pits on the surface. Hot-rolled strip steel in Structural Steel Automotive Mechanical Manufacturing exhibits large, rough, dark corrosion defects."
neudet4_pitted_029.jpg,14,"steel,pitted surface","Structural Steel Automotive Mechanical Manufacturing. Pitted Surface refers to small, scattered patchy corrosion spots on the surface. Hot-rolled strip steel in Structural Steel Automotive Mechanical Manufacturing exhibits large rough dark corrosion defects."
neudet4_pitted_030.jpg,14,"steel,pitted surface","Structural Steel Automotive Mechanical Manufacturing. Pitting is characterized by small, scattered patchy pits on the surface. Hot-rolled strip steel exhibits dispersed and relatively uniform point defects."
neudet4_pitted_031.jpg,14,"steel,pitted surface",Structural Steel Automotive Mechanical Manufacturing. Pitted Surface refers to small and scattered patch-like pits on the surface. Hot-rolled strip steel in Structural Steel Automotive Mechanical Manufacturing exhibits dispersed and relatively evenly spaced pinpoint defects.
neudet4_pitted_032.jpg,14,"steel,pitted surface","Structural Steel Automotive Mechanical Manufacturing. Pitting is characterized by small, scattered patch-like corrosion spots on the surface. Hot-rolled strip steel in this industry exhibits dispersed and relatively uniform point defects."
neudet4_pitted_033.jpg,14,"steel,pitted surface",Structural Steel Automotive Mechanical Manufacturing. Pitted Surface refers to small and scattered patch-like pits on the surface. Hot-rolled strip steel in structural steel automotive mechanical manufacturing exhibits dispersed and relatively evenly distributed dot-like defects.
neudet4_pitted_034.jpg,14,"steel,pitted surface",Structural Steel Automotive Mechanical Manufacturing. Pitted Surface refers to small and scattered patch-like pits on the surface. Hot-rolled strip steel in Structural Steel Automotive Mechanical Manufacturing exhibits dispersed and relatively uniform dot-like defects.
neudet4_pitted_035.jpg,14,"steel,pitted surface",Structural Steel Automotive Mechanical Manufacturing. Pitted Surface refers to small and scattered patch-like pits on the surface. Hot-rolled strip steel in structural steel automotive mechanical manufacturing exhibits dispersed and relatively evenly distributed point defects.
neudet4_pitted_036.jpg,14,"steel,pitted surface",Structural Steel Automotive Mechanical Manufacturing. Pitted Surface refers to small and scattered patch-like pits on the surface. Hot-rolled strip steel in this industry exhibits dispersed and relatively uniform point-like defects.
neudet4_pitted_037.jpg,14,"steel,pitted surface","Structural Steel Automotive Mechanical Manufacturing. Crazing refers to the appearance of a fine network of cracks on the surface, often irregularly distributed. Pitted Surface indicates small and scattered patches of corrosion spots on the surface. Hot-rolled strip steel in Structural Steel Automotive Mechanical Manufacturing exhibits dispersed and relatively uniform point-like defects."
neudet4_pitted_038.jpg,14,"steel,pitted surface",Structural Steel Automotive Mechanical Manufacturing. Pitted Surface refers to small and scattered patch-like pits on the surface. Hot-rolled strip steel in Structural Steel Automotive Mechanical Manufacturing exhibits dispersed and relatively uniform point-like defects.
neudet4_pitted_039.jpg,14,"steel,pitted surface","Structural Steel Automotive Mechanical Manufacturing. Crazing refers to the appearance of a fine network of cracks on the surface, often irregularly distributed. Pitted Surface indicates the presence of small and scattered patch-like pits on the surface. Hot-rolled strip steel in Structural Steel Automotive Mechanical Manufacturing exhibits dispersed and relatively uniform point-like defects."
neudet4_pitted_040.jpg,14,"steel,pitted surface",Structural Steel Automotive Mechanical Manufacturing. Pitted Surface refers to small and scattered patchy pits on the surface. Hot-rolled strip steel in Structural Steel Automotive Mechanical Manufacturing exhibits dispersed and relatively uniform point-like defects.
neudet4_pitted_041.jpg,14,"steel,pitted surface","Structural Steel Automotive Mechanical Manufacturing. Crazing refers to the appearance of a fine network of cracks on the surface, with irregular distribution. Pitted Surface indicates small and scattered patch-like pits on the surface. Hot-rolled strip steel in Structural Steel Automotive Mechanical Manufacturing exhibits dispersed and relatively uniform point-like defects."
neudet4_pitted_042.jpg,14,"steel,pitted surface",Structural Steel Automotive Mechanical Manufacturing. Pitting is characterized by small and scattered patch-like pits on the surface. Hot-rolled strip steel in this industry often exhibits dispersed and relatively uniform dot-like defects.
neudet4_pitted_043.jpg,14,"steel,pitted surface",Structural Steel Automotive Mechanical Manufacturing. Pitted Surface refers to small and scattered patch-like pits on the surface. Hot-rolled strip steel in this industry exhibits dispersed and relatively uniform dot-like defects.
neudet4_pitted_044.jpg,14,"steel,pitted surface",Structural Steel Automotive Mechanical Manufacturing. Pitted Surface refers to small and scattered patch-like pits on the surface. Hot-rolled strip steel in Structural Steel Automotive Mechanical Manufacturing exhibits dispersed and relatively uniform point-like defects.
neudet4_pitted_045.jpg,14,"steel,pitted surface","Structural Steel Automotive Mechanical Manufacturing. Pitting is characterized by small, scattered patch-like corrosive spots on the surface. Hot-rolled strip steel in this industry often exhibits dispersed and relatively uniform point defects."
neudet4_pitted_046.jpg,14,"steel,pitted surface",Structural Steel Automotive Mechanical Manufacturing. Pitted Surface refers to small and scattered patch-like pits on the surface. Hot-rolled strip steel in this industry often exhibits dispersed and relatively uniform point defects.
neudet4_pitted_047.jpg,14,"steel,pitted surface",Structural Steel Automotive Mechanical Manufacturing. Pitted Surface refers to small and scattered patchy corrosion spots on the surface. Hot-rolled strip steel in Structural Steel Automotive Mechanical Manufacturing exhibits dispersed and relatively uniform point-like defects.
neudet4_pitted_048.jpg,14,"steel,pitted surface",Structural Steel Automotive Mechanical Manufacturing. Pitted Surface refers to small and scattered patch-like pits on the surface. Hot-rolled strip steel in Structural Steel Automotive Mechanical Manufacturing exhibits dispersed and relatively uniform point-like defects.
neudet4_pitted_049.jpg,14,"steel,pitted surface",Structural Steel Automotive Mechanical Manufacturing. Pitted Surface refers to small and scattered patch-like pits on the surface. Hot-rolled strip steel in Structural Steel Automotive Mechanical Manufacturing exhibits dispersed and relatively uniform point-like defects.
neudet4_pitted_050.jpg,14,"steel,pitted surface",Structural Steel Automotive Mechanical Manufacturing. Pitted Surface refers to small and scattered patchy pits on the surface. Hot-rolled strip steel in Structural Steel Automotive Mechanical Manufacturing exhibits dispersed and relatively uniform point-like defects.
neudet4_pitted_051.jpg,14,"steel,pitted surface",Structural Steel Automotive Mechanical Manufacturing. Pitted Surface refers to small and scattered patchy pits on the surface. Hot-rolled strip steel in this industry may exhibit dispersed and relatively uniform dot-like defects.
neudet4_pitted_052.jpg,14,"steel,pitted surface","Structural Steel Automotive Mechanical Manufacturing. Pitting is characterized by small, scattered patches of surface corrosion. Hot-rolled strip steel in this industry often exhibits dispersed and relatively uniform pinpoint defects."
neudet4_pitted_053.jpg,14,"steel,pitted surface","Structural Steel Automotive Mechanical Manufacturing. Crazing refers to the appearance of a fine network of cracks on the surface, often irregularly distributed. Pitted Surface indicates the presence of small, scattered patch-like pits on the surface. Hot-rolled strip steel in Structural Steel Automotive Mechanical Manufacturing exhibits dispersed and relatively uniform point-like defects."
neudet4_pitted_054.jpg,14,"steel,pitted surface","Structural Steel Automotive Mechanical Manufacturing. Pitting is characterized by small, scattered patch-like corrosion spots on the surface. Hot-rolled strip steel in this industry often exhibits dispersed and relatively uniform point defects."
neudet4_pitted_055.jpg,14,"steel,pitted surface",Structural Steel Automotive Mechanical Manufacturing. Pitted Surface refers to small and scattered patch-like pits on the surface. Hot-rolled strip steel in this industry often exhibits dispersed and relatively uniform point defects.
neudet4_pitted_056.jpg,14,"steel,pitted surface",Structural Steel Automotive Mechanical Manufacturing. Pitting is characterized by small and scattered patch-like corrosion spots on the surface. Hot-rolled strip steel in this industry often exhibits dispersed and relatively uniform point-like defects.
neudet4_pitted_057.jpg,14,"steel,pitted surface",Structural Steel Automotive Mechanical Manufacturing. Pitted Surface refers to small and scattered patch-like pits on the surface. Hot-rolled strip steel in Structural Steel Automotive Mechanical Manufacturing exhibits dispersed and relatively uniform point-like defects.
neudet4_pitted_058.jpg,14,"steel,pitted surface","Structural Steel Automotive Mechanical Manufacturing. Pitting is the presence of small, scattered patch-like corrosion spots on the surface. Hot-rolled strip steel in Structural Steel Automotive Mechanical Manufacturing exhibits dispersed dark small spots."
neudet4_pitted_059.jpg,14,"steel,pitted surface","Structural Steel Automotive Mechanical Manufacturing. Pitting is characterized by small, scattered patchy corrosive spots on the surface. Hot-rolled strip steel in Structural Steel Automotive Mechanical Manufacturing exhibits dispersed dark small spots."
neudet4_pitted_060.jpg,14,"steel,pitted surface",Structural Steel Automotive Mechanical Manufacturing. Pitted Surface refers to the presence of small and scattered patch-like pits on the surface. Hot-rolled strip steel in Structural Steel Automotive Mechanical Manufacturing exhibits dispersed dark spots.
neudet4_pitted_061.jpg,14,"steel,pitted surface",Structural Steel Automotive Mechanical Manufacturing. Pitted Surface refers to small and scattered patchy pits on the surface. Hot-rolled strip steel in Structural Steel Automotive Mechanical Manufacturing exhibits dispersed dark spots.
neudet4_pitted_062.jpg,14,"steel,pitted surface",Structural Steel Automotive Mechanical Manufacturing. Pitted Surface refers to small and scattered patch-like pits on the surface. Hot-rolled strip steel in Structural Steel Automotive Mechanical Manufacturing exhibits dispersed dark small spots.
neudet4_pitted_063.jpg,14,"steel,pitted surface","Structural Steel Automotive Mechanical Manufacturing. Pitted Surface refers to small, scattered patch-like pits on the surface. Hot-rolled strip steel in Structural Steel Automotive Mechanical Manufacturing exhibits dispersed dark spots throughout."
neudet4_pitted_064.jpg,14,"steel,pitted surface","Structural Steel Automotive Mechanical Manufacturing. Crazing refers to the appearance of a fine network of cracks on the surface, often irregularly distributed. Pitted Surface indicates small and scattered patch-like pits on the surface. Hot-rolled strip steel in Structural Steel Automotive Mechanical Manufacturing shows dispersed dark small spots."
neudet4_pitted_065.jpg,14,"steel,pitted surface",Structural Steel Automotive Mechanical Manufacturing. Pitting is characterized by small and scattered patch-like corrosion spots on the surface. Hot-rolled strip steel in Structural Steel Automotive Mechanical Manufacturing exhibits dispersed dark small spots.
neudet4_pitted_066.jpg,14,"steel,pitted surface","Structural Steel Automotive Mechanical Manufacturing. Pitting is characterized by small, scattered patch-like corrosion spots on the surface. Hot-rolled strip steel in Structural Steel Automotive Mechanical Manufacturing exhibits dispersed dark small spots."
neudet4_pitted_067.jpg,14,"steel,pitted surface","Structural Steel Automotive Mechanical Manufacturing. Crazing refers to the appearance of a fine network of cracks on the surface, often irregularly distributed. Pitted Surface indicates the presence of small, scattered patch-like pits on the surface. Hot-rolled strip steel in Structural Steel Automotive Mechanical Manufacturing exhibits dispersed dark small spots."
neudet4_pitted_068.jpg,14,"steel,pitted surface","Structural Steel Automotive Mechanical Manufacturing. Crazing refers to the appearance of a fine network of surface cracks, often irregularly distributed. Pitted Surface is characterized by small and scattered patch-like pits on the surface. Hot-rolled strip steel in Structural Steel Automotive Mechanical Manufacturing exhibits dispersed dark spots."
neudet4_pitted_069.jpg,14,"steel,pitted surface",Structural Steel Automotive Mechanical Manufacturing. Pitted Surface refers to small and scattered patch-like pits on the surface. Hot-rolled strip steel in Structural Steel Automotive Mechanical Manufacturing exhibits dispersed dark spots.
neudet4_pitted_070.jpg,14,"steel,pitted surface",Structural Steel Automotive Mechanical Manufacturing. Pitted Surface refers to small and scattered patch-like pits on the surface. Hot-rolled strip steel in Structural Steel Automotive Mechanical Manufacturing exhibits dispersed dark spots.
neudet4_pitted_071.jpg,14,"steel,pitted surface",Structural Steel Automotive Mechanical Manufacturing. Pitted Surface refers to small and scattered patch-like pits on the surface. Hot-rolled strip steel in Structural Steel Automotive Mechanical Manufacturing exhibits dispersed dark small spots.
neudet4_pitted_072.jpg,14,"steel,pitted surface",Structural Steel Automotive Mechanical Manufacturing. Pitted Surface refers to small and scattered patchy pits on the surface. Hot-rolled strip steel in Structural Steel Automotive Mechanical Manufacturing exhibits dispersed dark spots.
neudet4_pitted_073.jpg,14,"steel,pitted surface",Structural Steel Automotive Mechanical Manufacturing. Pitted Surface refers to small and scattered patchy pits on the surface. Hot-rolled strip steel in Structural Steel Automotive Mechanical Manufacturing exhibits dispersed dark spots.
neudet4_pitted_074.jpg,14,"steel,pitted surface","Structural Steel Automotive Mechanical Manufacturing. Pitting is the presence of small, scattered patch-like corrosion spots on the surface. Hot-rolled strip steel exhibits a dispersed distribution of dark small spots."
neudet4_pitted_075.jpg,14,"steel,pitted surface",Structural Steel Automotive Mechanical Manufacturing. Pitted Surface refers to small and scattered patchy pits on the surface. Hot-rolled strip steel in Structural Steel Automotive Mechanical Manufacturing exhibits circular or irregularly shaped point-like defects with granular distribution.
neudet4_pitted_076.jpg,14,"steel,pitted surface","Structural Steel Automotive Mechanical Manufacturing. Pitting is the presence of small, scattered, patchy pits on the surface. Hot-rolled strip steel in structural steel automotive mechanical manufacturing exhibits circular or irregularly shaped point-like defects with a granular distribution."
neudet4_pitted_077.jpg,14,"steel,pitted surface",Structural Steel Automotive Mechanical Manufacturing. Pitted Surface refers to small and scattered patch-like pits on the surface. Hot-rolled strip steel in Structural Steel Automotive Mechanical Manufacturing exhibits circular or irregularly shaped point-like defects with a granular distribution.
neudet4_pitted_078.jpg,14,"steel,pitted surface",Structural Steel Automotive Mechanical Manufacturing. Pitted Surface refers to small and scattered pit-like corrosion spots on the surface. Hot-rolled strip steel in Structural Steel Automotive Mechanical Manufacturing exhibits round or irregularly shaped point-like defects with a granular distribution pattern.
neudet4_pitted_079.jpg,14,"steel,pitted surface","Structural Steel Automotive Mechanical Manufacturing. Pitted Surface refers to the presence of small, scattered patch-like pits on the surface. Hot-rolled strip steel in Structural Steel Automotive Mechanical Manufacturing exhibits circular or irregularly shaped point-like granular distributed defects."
neudet4_pitted_080.jpg,14,"steel,pitted surface",Structural Steel Automotive Mechanical Manufacturing. Pitted Surface refers to small and scattered patchy pits on the surface. Hot-rolled strip steel in Structural Steel Automotive Mechanical Manufacturing exhibits circular or irregular point-like defects with a granular distribution pattern.
neudet4_pitted_081.jpg,14,"steel,pitted surface",Structural Steel Automotive Mechanical Manufacturing. Pitted Surface refers to small and scattered patch-like pits on the surface. Hot-rolled strip steel in Structural Steel Automotive Mechanical Manufacturing exhibits circular or irregular-shaped pinpoint defects with granular distribution.
neudet4_pitted_082.jpg,14,"steel,pitted surface","Structural Steel Automotive Mechanical Manufacturing. Crazing is the appearance of a fine network of cracks on the surface, with cracks irregularly distributed. Pitted Surface refers to small and scattered patch-like pits on the surface. Hot-rolled strip steel in Structural Steel Automotive Mechanical Manufacturing exhibits circular or irregularly shaped point-like defects with a granular distribution."
neudet4_pitted_083.jpg,14,"steel,pitted surface","Structural Steel Automotive Mechanical Manufacturing. Pitting is characterized by small, scattered patchy pits on the surface. Hot-rolled strip steel in this industry may exhibit round or irregularly shaped point-like defects with a granular distribution pattern."
neudet4_pitted_084.jpg,14,"steel,pitted surface","Structural Steel Automotive Mechanical Manufacturing. Pitting is characterized by small, scattered patch-like corrosion spots on the surface. Hot-rolled strip steel in this industry often exhibits circular or irregularly shaped point-like defects with a granular distribution pattern."
neudet4_pitted_085.jpg,14,"steel,pitted surface",Structural Steel Automotive Mechanical Manufacturing. Pitted Surface refers to small and scattered patch-like pits on the surface. Hot-rolled strip steel in Structural Steel Automotive Mechanical Manufacturing exhibits round or irregular-shaped point-like granular distributed defects.
neudet4_pitted_086.jpg,14,"steel,pitted surface",Structural Steel Automotive Mechanical Manufacturing. Pitted Surface refers to small and scattered patch-like pits on the surface. Hot-rolled steel strip in Structural Steel Automotive Mechanical Manufacturing exhibits circular or irregularly shaped point-like defects with a granular distribution.
neudet4_pitted_087.jpg,14,"steel,pitted surface",Structural Steel Automotive Mechanical Manufacturing. Pitted Surface refers to small and scattered patch-like corrosion spots on the surface. Hot-rolled strip steel in Structural Steel Automotive Mechanical Manufacturing exhibits circular or irregularly shaped point-like defect with granular distribution.
neudet4_pitted_088.jpg,14,"steel,pitted surface",Structural Steel Automotive Mechanical Manufacturing. Pitted Surface refers to small and scattered patchy pits on the surface. Hot-rolled strip steel in Structural Steel Automotive Mechanical Manufacturing exhibits circular or irregularly shaped point-like defects with granular distribution.
neudet4_pitted_089.jpg,14,"steel,pitted surface",Structural Steel Automotive Mechanical Manufacturing. Pitted Surface refers to small and scattered patch-like pits on the surface. Hot-rolled strip steel in Structural Steel Automotive Mechanical Manufacturing exhibits circular or irregularly shaped point-like defects with a granular distribution.
neudet4_pitted_090.jpg,14,"steel,pitted surface","Structural Steel Automotive Mechanical Manufacturing. Pitted Surface refers to small, scattered patch-like pits on the surface. Hot-rolled strip steel may exhibit round or irregularly shaped point-like granular defects."
neudet4_pitted_091.jpg,14,"steel,pitted surface",Structural Steel Automotive Mechanical Manufacturing. Pitting is the presence of small and scattered patchy pits on the surface. Hot-rolled strip steel in Structural Steel Automotive Mechanical Manufacturing exhibits circular or irregularly shaped point-like defects with a granular distribution.
neudet4_pitted_092.jpg,14,"steel,pitted surface",Structural Steel Automotive Mechanical Manufacturing. Pitted Surface refers to small and scattered patchy corrosion spots on the surface. Hot-rolled strip steel in Structural Steel Automotive Mechanical Manufacturing exhibits circular or irregular-shaped point-like defects with granular distribution.
neudet4_pitted_093.jpg,14,"steel,pitted surface",Structural Steel Automotive Mechanical Manufacturing. Pitted Surface refers to small and scattered patchy pits on the surface. Hot-rolled steel strip in Structural Steel Automotive Mechanical Manufacturing exhibits circular or irregularly shaped point-like defects with a granular distribution.
neudet4_pitted_094.jpg,14,"steel,pitted surface","Structural Steel Automotive Mechanical Manufacturing. Crazing refers to the appearance of a fine network of cracks on the surface, often irregularly distributed. Pitted Surface indicates the presence of small and scattered patch-like pits on the surface. Hot-rolled strip steel in Structural Steel Automotive Mechanical Manufacturing exhibits circular or irregularly shaped point-like defects with a granular distribution."
neudet4_pitted_095.jpg,14,"steel,pitted surface",Structural Steel Automotive Mechanical Manufacturing. Pitted Surface refers to small and scattered patch-like pits on the surface. Hot-rolled strip steel in Structural Steel Automotive Mechanical Manufacturing exhibits round or irregularly shaped point-like defects with a granular distribution.
neudet4_pitted_096.jpg,14,"steel,pitted surface",Structural Steel Automotive Mechanical Manufacturing. Pitted Surface refers to small and scattered patchy corrosion spots on the surface. Hot-rolled strip steel in Structural Steel Automotive Mechanical Manufacturing exhibits circular or irregular-shaped point-like defects with a granular distribution pattern.
neudet4_pitted_097.jpg,14,"steel,pitted surface","Structural Steel Automotive Mechanical Manufacturing. Crazing refers to the appearance of fine, interconnected crack networks on the surface, often exhibiting irregular distribution. Pitted Surface indicates the presence of small, scattered patch-like pits on the surface. Hot-rolled strip steel in Structural Steel Automotive Mechanical Manufacturing shows circular or irregularly shaped pinpoint defects with a granular distribution pattern."
neudet4_pitted_098.jpg,14,"steel,pitted surface","Structural Steel Automotive Mechanical Manufacturing. Pitting is the formation of small, scattered patch-like corrosion spots on the surface. Hot-rolled strip steel in Structural Steel Automotive Mechanical Manufacturing exhibits circular or irregularly shaped point-like defects with a granular distribution."
neudet4_pitted_099.jpg,14,"steel,pitted surface",Structural Steel Automotive Mechanical Manufacturing. Pitted Surface refers to small and scattered patchy corrosion spots on the surface. Hot-rolled strip steel in Structural Steel Automotive Mechanical Manufacturing exhibits round or irregular-shaped pinpoint defects with granular distribution.
neudet4_pitted_100.jpg,14,"steel,pitted surface",Structural Steel Automotive Mechanical Manufacturing.Pitting is the presence of small and scattered patch-like corrosion spots on the surface. Hot-rolled strip steel in Structural Steel Automotive Mechanical Manufacturing exhibits circular or irregularly shaped point-like defects with a granular distribution.
neudet4_pitted_101.jpg,14,"steel,pitted surface",Structural Steel Automotive Mechanical Manufacturing. Pitted Surface refers to small and scattered patch-like pits on the surface. Hot-rolled strip steel in Structural Steel Automotive Mechanical Manufacturing exhibits circular or irregularly shaped point-like defects with a granular distribution.
neudet4_pitted_102.jpg,14,"steel,pitted surface","Structural Steel Automotive Mechanical Manufacturing. Pitting is characterized by small, scattered patch-like corrosion spots on the surface. Hot-rolled strip steel in Structural Steel Automotive Mechanical Manufacturing exhibits circular or irregularly shaped pinpoint defects with a granular distribution."
neudet4_pitted_103.jpg,14,"steel,pitted surface",Structural Steel Automotive Mechanical Manufacturing. Pitted Surface refers to small and scattered patchy pits on the surface. Hot-rolled strip steel in Structural Steel Automotive Mechanical Manufacturing exhibits circular or irregular-shaped pinpoint granular defects.
neudet4_pitted_104.jpg,14,"steel,pitted surface","Structural Steel Automotive Mechanical Manufacturing. Pitting is characterized by small, scattered patch-like corrosion spots on the surface. Hot-rolled strip steel in this industry often exhibits circular or irregularly shaped point-like granular defects."
neudet4_pitted_105.jpg,14,"steel,pitted surface","Structural Steel Automotive Mechanical Manufacturing. Pitted Surface refers to small and scattered patchy pits on the surface. In hot-rolled strip steel of Structural Steel Automotive Mechanical Manufacturing, there is localized pitting with a tendency for vertical distribution in a dispersed manner."
neudet4_pitted_106.jpg,14,"steel,pitted surface","Structural Steel Automotive Mechanical Manufacturing. Pitting is characterized by small, scattered patches of surface corrosion. In hot-rolled strip steel, there is a tendency for pitted areas to cluster in regions with a distinct longitudinal distribution pattern."
neudet4_pitted_107.jpg,14,"steel,pitted surface","Structural Steel Automotive Mechanical Manufacturing. Pitting is characterized by small, scattered patches of corrosion on the surface. In hot-rolled strip steel, there is a localized pitted surface with a tendency to distribute in a straight direction."
neudet4_pitted_108.jpg,14,"steel,pitted surface",Structural Steel Automotive Mechanical Manufacturing. Pitted Surface refers to small and scattered patchy pits on the surface. Hot-rolled strip steel in Structural Steel Automotive Mechanical Manufacturing exhibits localized pitted surfaces with a trend of vertical dispersion.
neudet4_pitted_109.jpg,14,"steel,pitted surface",Structural Steel Automotive Mechanical Manufacturing. Pitted Surface refers to small and scattered patchy pits on the surface. Hot-rolled strip steel in Structural Steel Automotive Mechanical Manufacturing exhibits regionally clustered pitted surfaces with a directional trend in dispersion.
neudet4_pitted_110.jpg,14,"steel,pitted surface",Structural Steel Automotive Mechanical Manufacturing. Pitted Surface refers to small and scattered patchy pits on the surface. Hot-rolled strip steel in Structural Steel Automotive Mechanical Manufacturing exhibits regionally clustered pitted surfaces with a trend of dispersed linear distribution.
neudet4_pitted_111.jpg,14,"steel,pitted surface",Structural Steel Automotive Mechanical Manufacturing. Pitted Surface refers to small and scattered patchy pits on the surface. Hot-rolled strip steel in Structural Steel Automotive Mechanical Manufacturing exhibits regionally clustered pitted surfaces with a tendency towards vertical distribution.
neudet4_pitted_112.jpg,14,"steel,pitted surface","Structural Steel Automotive Mechanical Manufacturing. Pitted Surface refers to small and scattered patchy corrosion spots on the surface. In hot-rolled strip steel of Structural Steel Automotive Mechanical Manufacturing, there are regionally clustered pitted surfaces with a tendency to distribute in a vertical direction."
neudet4_pitted_113.jpg,14,"steel,pitted surface","Structural Steel Automotive Mechanical Manufacturing. Pitting is the formation of small, scattered patch-like pits on the surface. In hot-rolled strip steel of Structural Steel Automotive Mechanical Manufacturing, there are regionally clustered pitted surfaces with a tendency for longitudinal dispersion."
neudet4_pitted_114.jpg,14,"steel,pitted surface",Structural Steel Automotive Mechanical Manufacturing. Pitted Surface refers to small and scattered patches of corrosion on the surface. Hot-rolled strip steel in Structural Steel Automotive Mechanical Manufacturing exhibits regionally clustered pitted surfaces with a tendency for longitudinal dispersion.
neudet4_pitted_115.jpg,14,"steel,pitted surface","Structural Steel Automotive Mechanical Manufacturing. Pitted Surface refers to small and scattered patchy pits on the surface. Hot-rolled strip steel in Structural Steel Automotive Mechanical Manufacturing shows obvious roughness, deep dark spots, and corrosion traces."
neudet4_pitted_116.jpg,14,"steel,pitted surface","Structural Steel Automotive Mechanical Manufacturing. Pitted Surface refers to small and scattered patchy pits on the surface. Hot-rolled strip steel in Structural Steel Automotive Mechanical Manufacturing exhibits significant roughness, dark large spots, and corrosion traces."
neudet4_pitted_117.jpg,14,"steel,pitted surface","Structural Steel Automotive Mechanical Manufacturing. Pitted Surface refers to small and scattered patchy pits on the surface. Hot-rolled strip steel in Structural Steel Automotive Mechanical Manufacturing exhibits prominent roughness, dark large spots, and corrosion traces."
neudet4_pitted_118.jpg,14,"steel,pitted surface","Structural Steel Automotive Mechanical Manufacturing. Pitted Surface refers to small and scattered patchy corrosion spots on the surface. Hot-rolled steel strip shows obvious roughness, dark large spots, and traces of corrosion."
neudet4_pitted_119.jpg,14,"steel,pitted surface","Structural Steel Automotive Mechanical Manufacturing. Crazing refers to the appearance of a fine network of cracks on the surface, often irregularly distributed. Pitted Surface indicates the presence of small, scattered patches of corrosion pits. Hot-rolled strip steel in Structural Steel Automotive Mechanical Manufacturing exhibits prominently rough, dark large spots with visible corrosion traces."
neudet4_pitted_120.jpg,14,"steel,pitted surface","Structural Steel Automotive Mechanical Manufacturing. Pitted Surface refers to small and scattered patch-like pits on the surface. Hot-rolled steel strip exhibits prominent roughness, dark large spots, and corrosion traces."
neudet4_pitted_121.jpg,14,"steel,pitted surface","Structural Steel Automotive Mechanical Manufacturing. Pitted Surface refers to small and scattered patch-like pits on the surface. Hot-rolled strip steel in Structural Steel Automotive Mechanical Manufacturing exhibits noticeable roughness, deep dark spots, and corrosion traces."
neudet4_pitted_122.jpg,14,"steel,pitted surface","Structural Steel Automotive Mechanical Manufacturing. Pitted Surface refers to small and scattered patch-like pits on the surface. Hot-rolled steel strips in Structural Steel Automotive Mechanical Manufacturing exhibit prominently rough, dark, large blotches with signs of corrosion."
neudet4_pitted_123.jpg,14,"steel,pitted surface","Structural Steel Automotive Mechanical Manufacturing. Pitting is characterized by small and scattered patch-like pits on the surface. Hot-rolled strip steel in structural steel automotive mechanical manufacturing exhibits rough, dark large spots with evident corrosion traces."
neudet4_pitted_124.jpg,14,"steel,pitted surface",Structural Steel Automotive Mechanical Manufacturing. Pitted Surface refers to small and scattered patchy pits on the surface. Hot-rolled strip steel in Structural Steel Automotive Mechanical Manufacturing exhibits fine and uniform pinpoint pitting with small gray patches covering the entire surface.
neudet4_pitted_125.jpg,14,"steel,pitted surface","Structural Steel Automotive Mechanical Manufacturing. Pitted Surface is characterized by small, scattered patch-like pits on the surface. Hot-rolled strip steel in Structural Steel Automotive Mechanical Manufacturing exhibits fine, uniform pitting with small gray patches covering the entire surface."
neudet4_pitted_126.jpg,14,"steel,pitted surface","Structural Steel Automotive Mechanical Manufacturing. Pitting is characterized by small, scattered patches of corrosion on the surface. Hot-rolled strip steel in Structural Steel Automotive Mechanical Manufacturing exhibits a uniform pattern of fine pitting, with small gray patches covering the entire surface."
neudet4_pitted_127.jpg,14,"steel,pitted surface",Structural Steel Automotive Mechanical Manufacturing. Pitted Surface refers to small and scattered patchy corrosion spots on the surface. Hot-rolled strip steel in Structural Steel Automotive Mechanical Manufacturing exhibits fine and uniform pitting with small gray patches covering the overall surface.
neudet4_pitted_128.jpg,14,"steel,pitted surface",Structural Steel Automotive Mechanical Manufacturing. Pitted Surface refers to small and scattered patchy pits on the surface. Hot-rolled strip steel in structural steel automotive mechanical manufacturing exhibits a fine and uniform pitting with small gray patches covering the entire surface.
neudet4_pitted_129.jpg,14,"steel,pitted surface","Structural Steel Automotive Mechanical Manufacturing. Pitting is characterized by small, scattered patches of corrosion on the surface. Hot-rolled strip steel in the structural steel automotive mechanical manufacturing industry exhibits a fine and uniform pitting with small gray patches covering the overall surface."
neudet4_pitted_130.jpg,14,"steel,pitted surface","Structural Steel Automotive Mechanical Manufacturing. Pitting is characterized by small, scattered patches of surface corrosion. Hot-rolled strip steel in Structural Steel Automotive Mechanical Manufacturing exhibits fine, uniform pinpoint pitting with small gray patches covering the overall surface."
neudet4_pitted_131.jpg,14,"steel,pitted surface","Structural Steel Automotive Mechanical Manufacturing. Pitted Surface refers to small, scattered patchy pits on the surface. Hot-rolled strip steel in Structural Steel Automotive Mechanical Manufacturing exhibits a fine, uniform pitting with small gray patches covering the entire surface."
neudet4_pitted_132.jpg,14,"steel,pitted surface",Structural Steel Automotive Mechanical Manufacturing. Pitted Surface refers to small and dispersed patchy pits on the surface. Hot-rolled strip steel in the structural steel automotive mechanical manufacturing industry exhibits fine and uniform pinpoint pitting with small grey patches covering the entire surface.
neudet4_pitted_133.jpg,14,"steel,pitted surface","Structural Steel Automotive Mechanical Manufacturing. Pitted Surface refers to small and scattered patchy pits on the surface. Hot-rolled strip steel in Structural Steel Automotive Mechanical Manufacturing exhibits a fine and uniform pitted appearance, with small gray patches covering the entire surface."
neudet4_pitted_134.jpg,14,"steel,pitted surface","Structural Steel Automotive Mechanical Manufacturing. Pitting is characterized by small, scattered patch-like pits on the surface. Hot-rolled strip steel in structural steel automotive mechanical manufacturing exhibits a fine and uniform pitting with small gray patches covering the overall surface."
neudet4_pitted_135.jpg,14,"steel,pitted surface","Structural Steel Automotive Mechanical Manufacturing. Pitting is the formation of small, scattered patch-like pits on the surface. Hot-rolled strip steel in Structural Steel Automotive Mechanical Manufacturing exhibits a fine and uniform pitting with small gray patches covering the entire surface."
neudet4_pitted_136.jpg,14,"steel,pitted surface","Structural Steel Automotive Mechanical Manufacturing. Pitting is characterized by small, scattered patchy pits on the surface. Hot-rolled strip steel in Structural Steel Automotive Mechanical Manufacturing exhibits a fine and uniform pitted surface with small grey patches covering the entire surface."
neudet4_pitted_137.jpg,14,"steel,pitted surface","Structural Steel Automotive Mechanical Manufacturing. Pitting is the presence of small, scattered patch-like pits on the surface. Hot-rolled strip steel in Structural Steel Automotive Mechanical Manufacturing exhibits a fine and uniform pitting with small gray patches covering the entire surface."
neudet4_pitted_138.jpg,14,"steel,pitted surface","Structural Steel Automotive Mechanical Manufacturing. Pitting is characterized by small, scattered patches of corrosion on the surface. Hot-rolled strip steel in this industry exhibits fine, uniform pitting with small grey patches covering the entire surface."
neudet4_pitted_139.jpg,14,"steel,pitted surface",Structural Steel Automotive Mechanical Manufacturing. Pitted Surface refers to small and scattered patch-like pits on the surface. Hot-rolled strip steel in Structural Steel Automotive Mechanical Manufacturing exhibits fine and uniform pitting with small gray patches covering the entire surface.
neudet4_pitted_140.jpg,14,"steel,pitted surface",Structural Steel Automotive Mechanical Manufacturing. Pitted Surface refers to small and scattered patchy pits on the surface. Hot-rolled strip steel exhibits a dense and uniform pitting with small gray patches covering the entire surface.
neudet4_pitted_141.jpg,14,"steel,pitted surface",Structural Steel Automotive Mechanical Manufacturing. Pitted Surface refers to small and scattered patchy pits on the surface. Hot-rolled strip steel in structural steel automotive mechanical manufacturing exhibits a fine and uniform pitting with small grey patches covering the overall surface.
neudet4_pitted_142.jpg,14,"steel,pitted surface","Structural Steel Automotive Mechanical Manufacturing. Pitting is characterized by small, scattered patches of corrosion on the surface. Hot-rolled strip steel in structural steel automotive mechanical manufacturing exhibits a fine and uniform pitting with small gray patches covering the entire surface."
neudet4_pitted_143.jpg,14,"steel,pitted surface","Structural Steel Automotive Mechanical Manufacturing. Pitting is the presence of small, scattered patches of corrosion on the surface. Hot rolled structural steel exhibits a fine and uniform pitted surface, with small gray patches covering the overall surface."
neudet4_pitted_144.jpg,14,"steel,pitted surface","Structural Steel Automotive Mechanical Manufacturing. Pitted Surface refers to small and scattered patchy pits on the surface. Hot-rolled strip steel in Structural Steel Automotive Mechanical Manufacturing exhibits fine and uniform pinpoint pitting, with small gray patches covering the entire surface."
neudet4_pitted_145.jpg,14,"steel,pitted surface",Structural Steel Automotive Mechanical Manufacturing. Pitted Surface refers to small and scattered patch-like pits on the surface. Hot-rolled strip steel in Structural Steel Automotive Mechanical Manufacturing exhibits fine and uniform pitting with small gray patches covering the entire surface.
neudet4_pitted_146.jpg,14,"steel,pitted surface","Structural Steel Automotive Mechanical Manufacturing. Pitting is the presence of small, scattered patch-like pits on the surface. Hot-rolled strip steel in Structural Steel Automotive Mechanical Manufacturing exhibits a fine and uniform pitting with small gray patches covering the entire surface."
neudet4_pitted_147.jpg,14,"steel,pitted surface","Structural Steel Automotive Mechanical Manufacturing. Pitted Surface refers to small, dispersed patches of corrosion on the surface. Hot-rolled strip steel in the Structural Steel Automotive Mechanical Manufacturing industry exhibits a fine, uniform pitting with small grey patches covering the entire surface."
neudet4_pitted_148.jpg,14,"steel,pitted surface",Structural Steel Automotive Mechanical Manufacturing. Pitted Surface is characterized by small and scattered patchy pits on the surface. Hot-rolled strip steel in Structural Steel Automotive Mechanical Manufacturing exhibits a fine and uniform pitting with small grey patches covering the entire surface.
neudet4_pitted_149.jpg,14,"steel,pitted surface",Structural Steel Automotive Mechanical Manufacturing. Pitted Surface refers to small and scattered patchy pits on the surface. Hot-rolled strip steel in Structural Steel Automotive Mechanical Manufacturing exhibits a fine and uniform pitting with small gray patches covering the entire surface.
neudet4_pitted_150.jpg,14,"steel,pitted surface",Structural Steel Automotive Mechanical Manufacturing. Pitted Surface refers to small and scattered patch-like pits on the surface. Hot-rolled strip steel in Structural Steel Automotive Mechanical Manufacturing exhibits fine and uniform pinpoint pitting with small gray patches covering the entire surface.
neudet4_pitted_151.jpg,14,"steel,pitted surface","Structural Steel Automotive Mechanical Manufacturing. Pitting is the presence of small, scattered patch-like pits on the surface. Hot-rolled strip steel in Structural Steel Automotive Mechanical Manufacturing exhibits a fine and uniform pitting with small grey patches covering the entire surface."
neudet4_pitted_152.jpg,14,"steel,pitted surface","Structural Steel Automotive Mechanical Manufacturing. Pitting is characterized by small, scattered patch-like pits on the surface. Hot rolled strip steel in Structural Steel Automotive Mechanical Manufacturing exhibits a fine, uniform pitting with small gray patches covering the overall surface."
neudet4_pitted_153.jpg,14,"steel,pitted surface","Structural Steel Automotive Mechanical Manufacturing. Pitted Surface refers to small and scattered patch-like pits on the surface. Hot-rolled strip steel in Structural Steel Automotive Mechanical Manufacturing exhibits fine and uniform pinpoint pitting, with small gray patches covering the overall surface."
neudet4_pitted_154.jpg,14,"steel,pitted surface",Structural Steel Automotive Mechanical Manufacturing. Pitted Surface refers to small and scattered patchy pits on the surface. Hot-rolled strip steel in Structural Steel Automotive Mechanical Manufacturing exhibits a fine and uniform pitted pattern with small gray patches covering the overall surface.
neudet4_pitted_155.jpg,14,"steel,pitted surface","Structural Steel Automotive Mechanical Manufacturing. Pitting is characterized by small, scattered patches of corrosion on the surface. Hot-rolled strip steel in Structural Steel Automotive Mechanical Manufacturing exhibits fine and uniform pitting with small gray patches covering the entire surface."
neudet4_pitted_156.jpg,14,"steel,pitted surface","Structural Steel Automotive Mechanical Manufacturing. Pitted Surface refers to small and scattered patch-like pits on the surface. Hot-rolled strip steel in Structural Steel Automotive Mechanical Manufacturing exhibits fine and uniform pinpoint pitting, with small gray patches covering the overall surface."
neudet4_pitted_157.jpg,14,"steel,pitted surface",Structural Steel Automotive Mechanical Manufacturing. Pitted Surface refers to small and scattered patchy pits on the surface. Hot-rolled strip steel in the Structural Steel Automotive Mechanical Manufacturing industry exhibits a fine and uniform pitting with small gray patches covering the entire surface.
neudet4_pitted_158.jpg,14,"steel,pitted surface","Structural Steel Automotive Mechanical Manufacturing. Pitted Surface refers to small, scattered patchy pits on the surface. Hot-rolled strip steel in Structural Steel Automotive Mechanical Manufacturing exhibits a fine and uniform pitting with small gray patches covering the entire surface."
neudet4_pitted_159.jpg,14,"steel,pitted surface","Structural Steel Automotive Mechanical Manufacturing.Pitting is characterized by small, scattered patchy corrosive spots on the surface. Hot-rolled strip steel in Structural Steel Automotive Mechanical Manufacturing exhibits a uniform and fine pitting with small gray patches covering the entire surface."
neudet4_pitted_160.jpg,14,"steel,pitted surface",Structural Steel Automotive Mechanical Manufacturing. Pitted Surface refers to small and scattered patchy corrosion spots on the surface. Hot-rolled strip steel in Structural Steel Automotive Mechanical Manufacturing exhibits a fine and uniform pitting with small gray patches covering the overall surface.
neudet4_pitted_161.jpg,14,"steel,pitted surface",Structural Steel Automotive Mechanical Manufacturing. Pitted Surface refers to small and scattered patchy pits on the surface. Hot-rolled strip steel in Structural Steel Automotive Mechanical Manufacturing exhibits a uniform and fine pitting with small gray patches covering the entire surface.
neudet4_pitted_162.jpg,14,"steel,pitted surface",Structural Steel Automotive Mechanical Manufacturing. Pitted Surface refers to small and scattered patch-like pits on the surface. Hot-rolled strip steel in Structural Steel Automotive Mechanical Manufacturing exhibits a fine and uniform pitting with small grey patches covering the entire surface.
neudet4_pitted_163.jpg,14,"steel,pitted surface","Structural Steel Automotive Mechanical Manufacturing. Pitting is the formation of small, scattered patch-like pits on the surface. Hot-rolled strip steel in structural steel automotive mechanical manufacturing exhibits a fine, uniform pitting with small grey patches covering the entire surface."
neudet4_pitted_164.jpg,14,"steel,pitted surface",Structural Steel Automotive Mechanical Manufacturing. Pitted Surface refers to small and scattered patchy corrosion spots on the surface. Hot-rolled strip steel in Structural Steel Automotive Mechanical Manufacturing exhibits a fine and uniform pitting with small gray patches covering the entire surface.
neudet4_pitted_165.jpg,14,"steel,pitted surface","Structural Steel Automotive Mechanical Manufacturing. Pitting is the presence of small, scattered patch-like corrosion spots on the surface. Hot-rolled steel strip exhibits a fine and uniform pitting with small gray patches covering the entire surface."
neudet4_pitted_166.jpg,14,"steel,pitted surface",Structural Steel Automotive Mechanical Manufacturing. Pitted Surface refers to small and scattered patchy pits on the surface. Hot-rolled strip steel in Structural Steel Automotive Mechanical Manufacturing exhibits a fine and uniform pitting with small gray patches covering the entire surface.
neudet4_pitted_167.jpg,14,"steel,pitted surface",Structural Steel Automotive Mechanical Manufacturing. Pitted Surface refers to small and scattered patch-like pits on the surface. Hot-rolled strip steel in Structural Steel Automotive Mechanical Manufacturing exhibits a fine and uniform pitting with small gray patches covering the entire surface.
neudet4_pitted_168.jpg,14,"steel,pitted surface","Structural Steel Automotive Mechanical Manufacturing. Pitting is the formation of small, scattered patches of corrosion on the surface. Hot-rolled steel strip exhibits a uniform pattern of fine pitting, with small gray patches covering the entire surface."
neudet4_pitted_169.jpg,14,"steel,pitted surface",Structural Steel Automotive Mechanical Manufacturing. Pitted Surface refers to small and scattered patch-like corrosion spots on the surface. Hot-rolled strip steel in Structural Steel Automotive Mechanical Manufacturing exhibits a fine and uniform pitted surface with small gray patches covering the overall surface.
neudet4_pitted_170.jpg,14,"steel,pitted surface","Structural Steel Automotive Mechanical Manufacturing. Pitting is the formation of small, scattered patch-like pits on the surface. Hot-rolled strip steel in structural steel automotive mechanical manufacturing exhibits a fine and uniform pitting with small gray patches covering the entire surface."
neudet4_pitted_171.jpg,14,"steel,pitted surface","Structural Steel Automotive Mechanical Manufacturing. Pitted Surface refers to small, scattered patch-like pits on the surface. Hot-rolled strip steel in Structural Steel Automotive Mechanical Manufacturing exhibits a fine, uniform pitting with small gray patches covering the entire surface."
neudet4_pitted_172.jpg,14,"steel,pitted surface","Structural Steel Automotive Mechanical Manufacturing. Pitted Surface refers to small, scattered patchy corrosion spots on the surface. Hot-rolled strip steel in the industry exhibits a fine and uniform pitting with small grey patches covering the overall surface."
neudet4_pitted_173.jpg,14,"steel,pitted surface",Structural Steel Automotive Mechanical Manufacturing. Pitted Surface refers to small and scattered pit-like corrosion spots on the surface. Hot-rolled strip steel in Structural Steel Automotive Mechanical Manufacturing exhibits a fine and uniform pitting with small grey patches covering the entire surface.
neudet4_pitted_174.jpg,14,"steel,pitted surface","Structural Steel Automotive Mechanical Manufacturing. Pitting is the presence of small, scattered patch-like pits on the surface. Hot-rolled strip steel in Structural Steel Automotive Mechanical Manufacturing exhibits a fine and uniform pitting with small gray patches covering the entire surface."
neudet4_pitted_175.jpg,14,"steel,pitted surface","Structural Steel Automotive Mechanical Manufacturing. Pitted Surface refers to small and scattered patchy corrosion spots on the surface. Hot-rolled strip steel in Structural Steel Automotive Mechanical Manufacturing exhibits a fine and uniform pitted surface, with small grey patches covering the entire surface."
neudet4_pitted_176.jpg,14,"steel,pitted surface","Structural Steel Automotive Mechanical Manufacturing. Pitting is the presence of small, scattered patch-like pits on the surface. Hot-rolled strip steel in Structural Steel Automotive Mechanical Manufacturing exhibits a fine, uniform pitting with small gray patches covering the entire surface."
neudet4_pitted_177.jpg,14,"steel,pitted surface",Structural Steel Automotive Mechanical Manufacturing. Pitted Surface refers to small and scattered patchy corrosion spots on the surface. Hot-rolled strip steel in structural steel automotive mechanical manufacturing exhibits a fine and uniform pitted gray surface with small patches covering the overall appearance.
neudet4_pitted_178.jpg,14,"steel,pitted surface","Structural Steel Automotive Mechanical Manufacturing. Pitting is the presence of small, scattered patchy pits on the surface. Hot-rolled strip steel in structural steel automotive mechanical manufacturing exhibits a fine and uniform pitted surface with small gray patches covering the entire surface."
neudet4_pitted_179.jpg,14,"steel,pitted surface",Structural Steel Automotive Mechanical Manufacturing. Pitted Surface refers to small and scattered patch-like pits on the surface. Hot-rolled strip steel in Structural Steel Automotive Mechanical Manufacturing exhibits fine and uniform pinpoint pitting with small gray patches covering the entire surface.
neudet4_pitted_180.jpg,14,"steel,pitted surface","Structural Steel Automotive Mechanical Manufacturing. Pitting is characterized by small, scattered patchy pits on the surface. Hot-rolled strip steel in Structural Steel Automotive Mechanical Manufacturing exhibits a fine and uniform pitting with small gray patches covering the entire surface."
neudet4_pitted_181.jpg,14,"steel,pitted surface","Structural Steel Automotive Mechanical Manufacturing. Pitting is the formation of small, scattered patches of corrosion on the surface. Hot-rolled strip steel in structural steel automotive mechanical manufacturing exhibits fine and uniform pinpoint pitting, with small grey patches covering the entire surface."
neudet4_pitted_182.jpg,14,"steel,pitted surface","Structural Steel Automotive Mechanical Manufacturing. Pitting is the presence of small, scattered patchy corrosion spots on the surface. Hot-rolled strip steel in structural steel automotive mechanical manufacturing exhibits a fine and uniform pitted surface, with small gray patches covering the entire surface."
neudet4_pitted_183.jpg,14,"steel,pitted surface",Structural Steel Automotive Mechanical Manufacturing. Pitted Surface refers to small and scattered patch-like pits on the surface. Hot-rolled strip steel in structural steel automotive mechanical manufacturing exhibits a fine and uniform pitting with small gray patches covering the entire surface.
neudet4_pitted_184.jpg,14,"steel,pitted surface",Structural Steel Automotive Mechanical Manufacturing. Pitted Surface refers to small and scattered pockmarks on the surface. Hot-rolled strip steel in Structural Steel Automotive Mechanical Manufacturing exhibits a uniform pattern of fine pitting with small gray patches covering the entire surface.
neudet4_pitted_185.jpg,14,"steel,pitted surface",Structural Steel Automotive Mechanical Manufacturing. Pitted Surface refers to small and scattered patchy pits on the surface. Hot-rolled steel strip exhibits a fine and uniform pitting with small gray patches covering the entire surface.
neudet4_pitted_186.jpg,14,"steel,pitted surface","Structural Steel Automotive Mechanical Manufacturing. Pitted Surface refers to small, scattered patchy pits on the surface. Hot-rolled strip steel in Structural Steel Automotive Mechanical Manufacturing exhibits a fine, uniform pitting with small gray patches covering the entire surface."
neudet4_pitted_187.jpg,14,"steel,pitted surface",Structural Steel Automotive Mechanical Manufacturing. Pitted Surface refers to small and scattered patchy pits on the surface. Hot-rolled strip steel in Structural Steel Automotive Mechanical Manufacturing exhibits a fine and uniform pitting with small gray patches covering the entire surface.
neudet4_pitted_188.jpg,14,"steel,pitted surface","Structural Steel Automotive Mechanical Manufacturing. Pitting is characterized by small, scattered patches of corrosion on the surface. Hot-rolled strip steel in Structural Steel Automotive Mechanical Manufacturing exhibits a uniform, fine pitting with small grey patches covering the entire surface."
neudet4_pitted_189.jpg,14,"steel,pitted surface",Structural Steel Automotive Mechanical Manufacturing. Pitted Surface refers to small and scattered patchy corrosion spots on the surface. Hot-rolled strip steel in Structural Steel Automotive Mechanical Manufacturing exhibits a fine and uniform pitting with small gray patches covering the entire surface.
neudet4_pitted_190.jpg,14,"steel,pitted surface",Structural Steel Automotive Mechanical Manufacturing.Pitted Surface refers to small and scattered patchy pits on the surface. Hot-rolled strip steel in Structural Steel Automotive Mechanical Manufacturing exhibits a fine and uniform pitting with small gray patches covering the entire surface.
neudet4_pitted_191.jpg,14,"steel,pitted surface","Structural Steel Automotive Mechanical Manufacturing. Pitting is the presence of small, scattered pit-like corrosive spots on the surface. Hot-rolled strip steel in Structural Steel Automotive Mechanical Manufacturing exhibits a fine and uniform pitting with small gray patches covering the entire surface."
neudet4_pitted_192.jpg,14,"steel,pitted surface","Structural Steel Automotive Mechanical Manufacturing. Pitted Surface refers to small, scattered patch-like pits on the surface. Hot-rolled strip steel in Structural Steel Automotive Mechanical Manufacturing exhibits a fine and uniform pitting with small gray patches covering the overall surface."
neudet4_pitted_193.jpg,14,"steel,pitted surface","Structural Steel Automotive Mechanical Manufacturing. Pitted Surface is characterized by small, scattered patch-like pits on the surface. Hot-rolled strip steel in Structural Steel Automotive Mechanical Manufacturing exhibits fine and uniform point pitting, with small gray patches covering the entire surface."
neudet4_pitted_194.jpg,14,"steel,pitted surface","Structural Steel Automotive Mechanical Manufacturing. Pitting is the presence of small, scattered patchy pits on the surface. Hot-rolled strip steel in structural steel automotive mechanical manufacturing exhibits fine and uniform pinpoint pitting, with small gray patches covering the entire surface."
neudet4_pitted_195.jpg,14,"steel,pitted surface",Structural Steel Automotive Mechanical Manufacturing. Pitted Surface refers to small and scattered patch-like pits on the surface. Hot-rolled strip steel in Structural Steel Automotive Mechanical Manufacturing exhibits a fine and uniform pitting with small gray patches covering the entire surface.
neudet4_pitted_196.jpg,14,"steel,pitted surface","Structural Steel Automotive Mechanical Manufacturing. Pitting is the presence of small, scattered patchy corrosion spots on the surface. Hot-rolled strip steel in Structural Steel Automotive Mechanical Manufacturing exhibits a fine and uniform pitting with small gray patches covering the overall surface."
neudet4_pitted_197.jpg,14,"steel,pitted surface",Structural Steel Automotive Mechanical Manufacturing. Pitted Surface refers to small and scattered patch-like pits on the surface. Hot-rolled strip steel in Structural Steel Automotive Mechanical Manufacturing exhibits a fine and uniform pitted surface with small grey patches covering the entire surface.
neudet4_pitted_198.jpg,14,"steel,pitted surface",Structural Steel Automotive Mechanical Manufacturing. Pitted Surface refers to small and scattered patchy pits on the surface. Hot-rolled strip steel in Structural Steel Automotive Mechanical Manufacturing exhibits a fine and uniform pitting with small grey patches covering the entire surface.
neudet4_pitted_199.jpg,14,"steel,pitted surface","Structural Steel Automotive Mechanical Manufacturing. Pitting is the presence of small, scattered patch-like corrosion spots on the surface. Hot-rolled strip steel in Structural Steel Automotive Mechanical Manufacturing is characterized by a surface covered with densely distributed small point-like pits."
neudet4_pitted_200.jpg,14,"steel,pitted surface","Structural Steel Automotive Mechanical Manufacturing. Crazing refers to the appearance of a fine network of cracks on the surface, with irregular distribution of cracks. Pitted Surface indicates the presence of small, scattered patches of corrosion pits on the surface. Hot-rolled strip steel in Structural Steel Automotive Mechanical Manufacturing is characterized by a surface covered with densely distributed small dot-like pits."
neudet4_pitted_201.jpg,14,"steel,pitted surface",Structural Steel Automotive Mechanical Manufacturing. Pitted Surface refers to small and scattered patch-like pits on the surface. Hot-rolled strip steel in Structural Steel Automotive Mechanical Manufacturing is characterized by densely distributed small point-like pits across the surface.
neudet4_pitted_202.jpg,14,"steel,pitted surface","Structural Steel Automotive Mechanical Manufacturing. Pitting is the presence of small, scattered patch-like corrosion spots on the surface. Hot-rolled strip steel in Structural Steel Automotive Mechanical Manufacturing is characterized by a surface covered with densely distributed small point-like pits."
neudet4_pitted_203.jpg,14,"steel,pitted surface",Structural Steel Automotive Mechanical Manufacturing. Pitted Surface refers to small and scattered patchy pits on the surface. Hot-rolled strip steel in Structural Steel Automotive Mechanical Manufacturing is characterized by a surface covered with densely distributed small dot-like pits.
neudet4_pitted_204.jpg,14,"steel,pitted surface",Structural Steel Automotive Mechanical Manufacturing. Pitting is the presence of small and scattered patch-like corrosion spots on the surface. Hot-rolled strip steel in Structural Steel Automotive Mechanical Manufacturing is characterized by a surface covered with densely distributed small dot-like pits.
neudet4_pitted_205.jpg,14,"steel,pitted surface","Structural Steel Automotive Mechanical Manufacturing. Pitting is the presence of small, scattered patch-like pits on the surface. Hot-rolled strip steel in Structural Steel Automotive Mechanical Manufacturing is characterized by a surface covered with densely distributed small pinpoint pits."
neudet4_pitted_206.jpg,14,"steel,pitted surface","Structural Steel Automotive Mechanical Manufacturing. Pitting is the presence of small, scattered patch-like pits on the surface. Hot-rolled strip steel in Structural Steel Automotive Mechanical Manufacturing is characterized by the dense distribution of small dot-like pits on the surface."
neudet4_pitted_207.jpg,14,"steel,pitted surface",Structural Steel Automotive Mechanical Manufacturing. Pitted Surface refers to small and scattered patchy pits on the surface. Hot-rolled strip steel in Structural Steel Automotive Mechanical Manufacturing is characterized by densely distributed small pinpoint pits across the surface.
neudet4_pitted_208.jpg,14,"steel,pitted surface",Structural Steel Automotive Mechanical Manufacturing. Pitted Surface refers to small and scattered patchy pits on the surface. Hot-rolled strip steel in Structural Steel Automotive Mechanical Manufacturing is characterized by densely distributed small point-like pits across the surface.
neudet4_pitted_209.jpg,14,"steel,pitted surface","Structural Steel Automotive Mechanical Manufacturing. Pitting is characterized by small, scattered patch-like corrosion spots on the surface. Hot-rolled strip steel in Structural Steel Automotive Mechanical Manufacturing is covered with densely distributed small point-like pits."
neudet4_pitted_210.jpg,14,"steel,pitted surface",Structural Steel Automotive Mechanical Manufacturing. Pitted Surface refers to small and scattered patch-like pits on the surface. Hot-rolled strip steel in Structural Steel Automotive Mechanical Manufacturing is characterized by densely distributed small point-like pits across the surface.
neudet4_pitted_211.jpg,14,"steel,pitted surface",Structural Steel Automotive Mechanical Manufacturing. Pitting is the presence of small and scattered blotch-like pits on the surface. Hot-rolled strip steel in Structural Steel Automotive Mechanical Manufacturing is covered with densely distributed small point-like pits.
neudet4_pitted_212.jpg,14,"steel,pitted surface",Structural Steel Automotive Mechanical Manufacturing. Pitted Surface refers to the presence of small and scattered patch-like pits on the surface. Hot-rolled strip steel in Structural Steel Automotive Mechanical Manufacturing exhibits a surface covered with densely distributed small point-like craters.
neudet4_pitted_213.jpg,14,"steel,pitted surface","Structural Steel Automotive Mechanical Manufacturing. Pitting is the presence of small, scattered patch-like pits on the surface. Hot-rolled strip steel in Structural Steel Automotive Mechanical Manufacturing is characterized by a surface covered with densely distributed small dot-like depressions."
neudet4_pitted_214.jpg,14,"steel,pitted surface","Structural Steel Automotive Mechanical Manufacturing. Pitting is the presence of small, scattered patch-like corrosion spots on the surface. Hot-rolled strip steel in Structural Steel Automotive Mechanical Manufacturing is characterized by a surface covered with densely distributed small point-like pits."
neudet4_pitted_215.jpg,14,"steel,pitted surface","Structural Steel Automotive Mechanical Manufacturing. Pitting is characterized by small, scattered patch-like corrosion spots on the surface. Hot-rolled strip steel in Structural Steel Automotive Mechanical Manufacturing is covered with densely distributed small dot-like pits."
neudet4_pitted_216.jpg,14,"steel,pitted surface","Structural Steel Automotive Mechanical Manufacturing. Pitting is characterized by small, scattered patchy corrosion spots on the surface. Hot-rolled strip steel in Structural Steel Automotive Mechanical Manufacturing is covered with densely distributed small point-like pits."
neudet4_pitted_217.jpg,14,"steel,pitted surface","Structural Steel Automotive Mechanical Manufacturing. Pitted Surface refers to small, scattered patch-like pits on the surface. Hot-rolled strip steel in Structural Steel Automotive Mechanical Manufacturing is characterized by densely distributed small point-like pits across the surface."
neudet4_pitted_218.jpg,14,"steel,pitted surface",Structural Steel Automotive Mechanical Manufacturing. Pitted Surface refers to small and scattered patchy corrosion spots on the surface. Hot-rolled strip steel in Structural Steel Automotive Mechanical Manufacturing is characterized by the presence of densely distributed small pitted depressions across the surface.
neudet4_pitted_219.jpg,14,"steel,pitted surface",Structural Steel Automotive Mechanical Manufacturing. Pitted Surface refers to small and scattered patches of corrosion spots on the surface. Hot-rolled strip steel in Structural Steel Automotive Mechanical Manufacturing is characterized by a surface covered with densely distributed small point-like pits.
neudet4_pitted_220.jpg,14,"steel,pitted surface",Structural Steel Automotive Mechanical Manufacturing. Pitting is characterized by small and scattered patchy corrosion spots on the surface. Hot-rolled strip steel in Structural Steel Automotive Mechanical Manufacturing is covered with densely distributed small point-like pits.
neudet4_pitted_221.jpg,14,"steel,pitted surface","Structural Steel Automotive Mechanical Manufacturing. Pitting refers to small, scattered patches of corrosion on the surface. Hot-rolled strip steel in Structural Steel Automotive Mechanical Manufacturing is characterized by densely distributed small point-like pits across the surface."
neudet4_pitted_222.jpg,14,"steel,pitted surface",Structural Steel Automotive Mechanical Manufacturing. Pitted Surface refers to small and scattered patch-like pits on the surface. Hot-rolled strip steel in Structural Steel Automotive Mechanical Manufacturing is characterized by densely distributed small point-like pits across the surface.
neudet4_pitted_223.jpg,14,"steel,pitted surface",Structural Steel Automotive Mechanical Manufacturing. Pitted Surface refers to small and scattered patch-like pits on the surface. Hot-rolled strip steel in Structural Steel Automotive Mechanical Manufacturing is covered with densely distributed small point-like pits.
neudet4_pitted_224.jpg,14,"steel,pitted surface",Structural Steel Automotive Mechanical Manufacturing. Pitted Surface refers to small and scattered patchy corrosion spots on the surface. Hot-rolled strip steel in Structural Steel Automotive Mechanical Manufacturing is characterized by densely distributed small point-like pits on the surface.
neudet4_pitted_225.jpg,14,"steel,pitted surface",Structural Steel Automotive Mechanical Manufacturing. Pitted Surface refers to small and scattered patchy corrosion spots on the surface. Hot-rolled strip steel in Structural Steel Automotive Mechanical Manufacturing is characterized by densely distributed small dot-like pits on the surface.
neudet4_pitted_226.jpg,14,"steel,pitted surface",Structural Steel Automotive Mechanical Manufacturing. Pitting is the presence of small and scattered patch-like pits on the surface. Hot-rolled strip steel in Structural Steel Automotive Mechanical Manufacturing is characterized by a surface covered with densely distributed small point-like pits.
neudet4_pitted_227.jpg,14,"steel,pitted surface","Structural Steel Automotive Mechanical Manufacturing. Pitting is characterized by small, scattered patch-like corrosion spots on the surface. Hot-rolled strip steel in Structural Steel Automotive Mechanical Manufacturing is covered with densely distributed tiny point-like pits."
neudet4_pitted_228.jpg,14,"steel,pitted surface",Structural Steel Automotive Mechanical Manufacturing. Pitted Surface refers to small and scattered patch-like pits on the surface. Hot-rolled strip steel in Structural Steel Automotive Mechanical Manufacturing is covered with densely distributed small point-like pits.
neudet4_pitted_229.jpg,14,"steel,pitted surface","Structural Steel Automotive Mechanical Manufacturing. Pitting is characterized by small, scattered patch-like corrosion spots on the surface. Hot-rolled strip steel in Structural Steel Automotive Mechanical Manufacturing is covered with densely distributed small point-like pits."
neudet4_pitted_230.jpg,14,"steel,pitted surface",Structural Steel Automotive Mechanical Manufacturing. Pitted Surface refers to small and scattered patchy pits on the surface. Hot-rolled strip steel in Structural Steel Automotive Mechanical Manufacturing is characterized by densely distributed small point-like pits on the surface.
neudet4_pitted_231.jpg,14,"steel,pitted surface",Structural Steel Automotive Mechanical Manufacturing. Pitted Surface refers to small and scattered patchy corrosion spots on the surface. Hot-rolled strip steel in Structural Steel Automotive Mechanical Manufacturing is characterized by densely distributed small point-like pits across the surface.
neudet4_pitted_232.jpg,14,"steel,pitted surface",Structural Steel Automotive Mechanical Manufacturing. Pitted Surface refers to small and scattered patchy pits on the surface. Hot-rolled steel strip exhibits numerous dark small spots covering a large area.
neudet4_pitted_233.jpg,14,"steel,pitted surface",Structural Steel Automotive Mechanical Manufacturing. Pitted Surface refers to small and scattered patch-like pits on the surface. Hot-rolled strip steel in Structural Steel Automotive Mechanical Manufacturing often exhibits large areas covered with dark small spots.
neudet4_pitted_234.jpg,14,"steel,pitted surface","Structural Steel Automotive Mechanical Manufacturing. Pitted Surface refers to small and scattered patch-like pits on the surface. In hot-rolled strip steel of Structural Steel Automotive Mechanical Manufacturing, numerous dark small spots cover a large area."
neudet4_pitted_235.jpg,14,"steel,pitted surface",Structural Steel Automotive Mechanical Manufacturing. Pitted Surface refers to small and scattered patch-like pits on the surface. Hot-rolled strip steel in Structural Steel Automotive Mechanical Manufacturing often exhibits a large area coverage of dark small spots.
neudet4_pitted_236.jpg,14,"steel,pitted surface","Structural Steel Automotive Mechanical Manufacturing. Pitting is the presence of small, scattered pit-shaped corrosion spots on the surface. Hot-rolled strip steel in Structural Steel Automotive Mechanical Manufacturing often exhibits large areas covered with dark small spots."
neudet4_pitted_237.jpg,14,"steel,pitted surface",Structural Steel Automotive Mechanical Manufacturing. Pitted Surface refers to small and scattered patch-like pits on the surface. Hot-rolled strip steel in the industry often exhibits large areas covered with dark small spots.
neudet4_pitted_238.jpg,14,"steel,pitted surface","Structural Steel Automotive Mechanical Manufacturing. Pitting is the presence of small, scattered patch-like pits on the surface. Hot-rolled strip steel in Structural Steel Automotive Mechanical Manufacturing often exhibits extensive coverage of dark small spots."
neudet4_pitted_239.jpg,14,"steel,pitted surface",Structural Steel Automotive Mechanical Manufacturing. Pitted Surface refers to small and scattered patchy corrosion spots on the surface. Hot-rolled strip steel in Structural Steel Automotive Mechanical Manufacturing often exhibits widespread coverage of dark small spots.
neudet4_pitted_240.jpg,14,"steel,pitted surface","Structural Steel Automotive Mechanical Manufacturing. Pitting is characterized by small, scattered patch-like pits on the surface. Hot-rolled steel strip in Structural Steel Automotive Mechanical Manufacturing often exhibits large areas covered with dark small spots."
neudet4_pitted_241.jpg,14,"steel,pitted surface","Structural Steel Automotive Mechanical Manufacturing. Pitting is characterized by small, scattered patch-like pits on the surface. Hot-rolled steel strip shows extensive coverage of dark small spots."
neudet4_pitted_242.jpg,14,"steel,pitted surface","Structural Steel Automotive Mechanical Manufacturing. Pitting is characterized by small, scattered patchy corrosion spots on the surface. Hot-rolled strip steel in this industry often exhibits large areas covered with dark small spots."
neudet4_pitted_243.jpg,14,"steel,pitted surface",Structural Steel Automotive Mechanical Manufacturing. Pitted Surface refers to small and scattered patch-like pits on the surface. Hot-rolled steel strip in Structural Steel Automotive Mechanical Manufacturing often exhibits large areas covered with dark small spots.
neudet4_pitted_244.jpg,14,"steel,pitted surface",Structural Steel Automotive Mechanical Manufacturing. Pitted Surface refers to the presence of small and scattered patchy pits on the surface. Hot-rolled strip steel in Structural Steel Automotive Mechanical Manufacturing often exhibits widespread coverage of dark small spots.
neudet4_pitted_245.jpg,14,"steel,pitted surface",Structural Steel Automotive Mechanical Manufacturing. Pitted Surface refers to small and scattered patch-like pits on the surface. Hot-rolled steel strips in Structural Steel Automotive Mechanical Manufacturing exhibit numerous dark small spots covering a large area.
neudet4_pitted_246.jpg,14,"steel,pitted surface","Structural Steel Automotive Mechanical Manufacturing. Pitting is characterized by small, scattered patches of corrosion on the surface. Hot-rolled strip steel in this industry often exhibits widespread coverage of dark small spots."
neudet4_pitted_247.jpg,14,"steel,pitted surface",Structural Steel Automotive Mechanical Manufacturing. Pitted Surface refers to small and scattered patchy pits on the surface. Hot-rolled strip steel in Structural Steel Automotive Mechanical Manufacturing is characterized by numerous dark small spots covering a large area.
neudet4_pitted_248.jpg,14,"steel,pitted surface","Structural Steel Automotive Mechanical Manufacturing. Crazing is the appearance of a fine network of cracks on the surface, often irregularly distributed. Pitted Surface refers to small and scattered patchy corrosion spots on the surface. Hot-rolled strip steel in Structural Steel Automotive Mechanical Manufacturing exhibits numerous dark small spots covering a large area."
neudet4_pitted_249.jpg,14,"steel,pitted surface","Structural Steel Automotive Mechanical Manufacturing. Pitting is the presence of small, scattered patch-like pits on the surface. The hot-rolled strip steel in Structural Steel Automotive Mechanical Manufacturing exhibits less noticeable dark pitted spots on the surface."
neudet4_pitted_250.jpg,14,"steel,pitted surface",Structural Steel Automotive Mechanical Manufacturing. Pitted Surface refers to small and scattered patch-like pits on the surface. Hot-rolled strip steel in Structural Steel Automotive Mechanical Manufacturing exhibits less pronounced dark spots on pitted surfaces.
neudet4_pitted_251.jpg,14,"steel,pitted surface",Structural Steel Automotive Mechanical Manufacturing. Pitted Surface refers to small and scattered patch-like pits on the surface. Hot-rolled strip steel in Structural Steel Automotive Mechanical Manufacturing may exhibit less prominent dark spots on a pitted surface.
neudet4_pitted_252.jpg,14,"steel,pitted surface",Structural Steel Automotive Mechanical Manufacturing. Pitted Surface refers to small and scattered patchy pits on the surface. Hot-rolled strip steel in Structural Steel Automotive Mechanical Manufacturing exhibits less prominent dark spots on the pitted surface.
neudet4_pitted_253.jpg,14,"steel,pitted surface","Structural Steel Automotive Mechanical Manufacturing. Pitted Surface refers to small and scattered patch-like pits on the surface. In hot-rolled strip steel, Structural Steel Automotive Mechanical Manufacturing, there are less prominent dark spots on the pitted surface."
neudet4_pitted_254.jpg,14,"steel,pitted surface","Structural Steel Automotive Mechanical Manufacturing. Pitting is the presence of small, scattered patch-like corrosion spots on the surface. In hot-rolled strip steel of Structural Steel Automotive Mechanical Manufacturing, the pitted surface may exhibit less prominent dark spots."
neudet4_pitted_255.jpg,14,"steel,pitted surface",Structural Steel Automotive Mechanical Manufacturing. Pitted Surface refers to small and scattered patch-like pits on the surface. Hot-rolled strip steel in Structural Steel Automotive Mechanical Manufacturing exhibits less prominent dark spots on pitted surfaces.
neudet4_pitted_256.jpg,14,"steel,pitted surface","Structural Steel Automotive Mechanical Manufacturing. Pitted Surface refers to small and scattered patch-like pits on the surface. In hot-rolled strip steel of Structural Steel Automotive Mechanical Manufacturing, the less prominent dark spots on the pitted surface."
neudet4_pitted_257.jpg,14,"steel,pitted surface",Structural Steel Automotive Mechanical Manufacturing. Pitted Surface refers to small and scattered patchy pits on the surface. Hot rolled strip steel in Structural Steel Automotive Mechanical Manufacturing exhibits less prominent dark spots on the pitted surface.
neudet4_pitted_258.jpg,14,"steel,pitted surface",Structural Steel Automotive Mechanical Manufacturing. Pitted Surface refers to small and scattered patchy pits on the surface. Hot rolled strip steel in Structural Steel Automotive Mechanical Manufacturing exhibits less prominent dark spots on the pitted surface.
neudet4_pitted_259.jpg,14,"steel,pitted surface","Structural Steel Automotive Mechanical Manufacturing. Pitted Surface refers to small and scattered patchy corrosion spots on the surface. In hot-rolled strip steel of Structural Steel Automotive Mechanical Manufacturing, the less prominent dark spots on pitted surfaces."
neudet4_pitted_260.jpg,14,"steel,pitted surface","Structural Steel Automotive Mechanical Manufacturing. Pitting is the presence of small, scattered patch-like pits on the surface. In hot-rolled strip steel, Structural Steel Automotive Mechanical Manufacturing exhibits less prominent dark spots on the pitted surface."
neudet4_pitted_261.jpg,14,"steel,pitted surface","Structural Steel Automotive Mechanical Manufacturing. Pitting is characterized by small, scattered patchy pits on the surface. In hot-rolled strip steel of Structural Steel Automotive Mechanical Manufacturing, the pitted surface may exhibit less prominent dark spots."
neudet4_pitted_262.jpg,14,"steel,pitted surface","Structural Steel Automotive Mechanical Manufacturing. Pitted Surface refers to small and scattered patch-like pits on the surface. In some regions of hot-rolled strip steel, point defects form a blurry striped pattern."
neudet4_pitted_263.jpg,14,"steel,pitted surface","Structural Steel Automotive Mechanical Manufacturing. Pitted Surface refers to small and scattered patchy corrosion spots on the surface. In some regions of hot-rolled strip steel in Structural Steel Automotive Mechanical Manufacturing, point defects merge into a blurred stripe pattern."
neudet4_pitted_264.jpg,14,"steel,pitted surface","Structural Steel Automotive Mechanical Manufacturing. Pitted Surface refers to small and scattered patch-like pits on the surface. In some areas of hot-rolled strip steel, dot-like defects connect to form a blurred stripe pattern."
neudet4_pitted_265.jpg,14,"steel,pitted surface","Structural Steel Automotive Mechanical Manufacturing. Pitted Surface refers to small and scattered patchy pits on the surface. In some areas of hot-rolled strip steel in Structural Steel Automotive Mechanical Manufacturing, point defects connect to form a blurred streak pattern."
neudet4_pitted_266.jpg,14,"steel,pitted surface","Structural Steel Automotive Mechanical Manufacturing. Pitted Surface refers to small and scattered patch-like pits on the surface. In some regions of hot-rolled strip steel in Structural Steel Automotive Mechanical Manufacturing, point defects are connected to form a blurry streak pattern."
neudet4_pitted_267.jpg,14,"steel,pitted surface","Structural Steel Automotive Mechanical Manufacturing. Pitted Surface refers to small and scattered patchy pits on the surface. In hot-rolled strip steel of Structural Steel Automotive Mechanical Manufacturing, point defects in some areas connect to form a blurred striped pattern."
neudet4_pitted_268.jpg,14,"steel,pitted surface","Structural Steel Automotive Mechanical Manufacturing. Pitted Surface refers to small and scattered patch-like pits on the surface. In certain areas of hot-rolled strip steel, dot-like defects are connected to form a blurred stripe pattern."
neudet4_pitted_269.jpg,14,"steel,pitted surface","Structural Steel Automotive Mechanical Manufacturing. Pitting is characterized by small, scattered patch-like corrosive spots on the surface. In certain regions of hot-rolled strip steel, point defects connect to form a blurred stripe pattern."
neudet4_pitted_270.jpg,14,"steel,pitted surface","Structural Steel Automotive Mechanical Manufacturing. Pitted Surface refers to small and scattered patch-like pits on the surface. In some areas of hot-rolled strip steel, dot defects are connected to form a blurry striped pattern."
neudet4_pitted_271.jpg,14,"steel,pitted surface","Structural Steel Automotive Mechanical Manufacturing. Pitting is characterized by small, scattered patchy pits on the surface. In hot-rolled strip steel, certain areas exhibit interconnected point defects forming a blurred streak pattern."
neudet4_pitted_272.jpg,14,"steel,pitted surface","Structural Steel Automotive Mechanical Manufacturing. Pitted Surface refers to small, scattered patch-like pits on the surface. In hot-rolled strip steel of Structural Steel Automotive Mechanical Manufacturing, point defects in some areas connect to form a blurred stripe pattern."
neudet4_pitted_273.jpg,14,"steel,pitted surface","Structural Steel Automotive Mechanical Manufacturing. Pitted Surface refers to small and scattered patches of corrosion on the surface. In certain areas of hot-rolled strip steel in Structural Steel Automotive Mechanical Manufacturing, point defects connect to form a blurred stripe pattern."
neudet4_pitted_274.jpg,14,"steel,pitted surface","Structural Steel Automotive Mechanical Manufacturing. Pitted Surface refers to small and scattered patch-like pits on the surface. In some areas of hot-rolled strip steel in Structural Steel Automotive Mechanical Manufacturing, point defects are connected to form a blurry streak pattern."
neudet4_pitted_275.jpg,14,"steel,pitted surface","Structural Steel Automotive Mechanical Manufacturing. Pitted Surface refers to small and scattered patchy pits on the surface. Hot-rolled strip steel in Structural Steel Automotive Mechanical Manufacturing exhibits a dense distribution of point defects, with irregularly clustered pits."
neudet4_pitted_276.jpg,14,"steel,pitted surface","Structural Steel Automotive Mechanical Manufacturing. Crazing refers to the appearance of a fine network of cracks on the surface, with irregular distribution of cracks. Pitted Surface is characterized by small and scattered patch-like pits on the surface. In hot-rolled strip steel of Structural Steel Automotive Mechanical Manufacturing, point defects are densely distributed, forming irregular clusters of pits."
neudet4_pitted_277.jpg,14,"steel,pitted surface",Structural Steel Automotive Mechanical Manufacturing. Pitted Surface refers to small and scattered patchy pits on the surface. Hot-rolled strip steel in Structural Steel Automotive Mechanical Manufacturing exhibits irregular clustering of point defects with densely distributed pits.
neudet4_pitted_278.jpg,14,"steel,pitted surface",Structural Steel Automotive Mechanical Manufacturing. Pitted Surface refers to small and scattered patch-like pits on the surface. Hot-rolled strip steel in Structural Steel Automotive Mechanical Manufacturing exhibits irregular clustering of point defects with dense distribution of pits.
neudet4_pitted_279.jpg,14,"steel,pitted surface","Structural Steel Automotive Mechanical Manufacturing. Pitted Surface refers to small and scattered patch-like pits on the surface. In hot-rolled strip steel of Structural Steel Automotive Mechanical Manufacturing, point defects are densely distributed, forming irregular clustered pits."
neudet4_pitted_280.jpg,14,"steel,pitted surface","Structural Steel Automotive Mechanical Manufacturing. Crazing refers to the appearance of a dense network of fine cracks on the surface, with irregular distribution of cracks. Pitted Surface indicates small and scattered patch-like pits on the surface. In hot-rolled strip steel of Structural Steel Automotive Mechanical Manufacturing, point defects are densely distributed, forming irregularly clustered pits."
neudet4_pitted_281.jpg,14,"steel,pitted surface","Structural Steel Automotive Mechanical Manufacturing. Crazing refers to the appearance of a fine network of cracks on the surface, with irregular distribution of cracks. Pitted Surface is characterized by small and scattered patch-like corrosion spots on the surface. Hot-rolled strip steel in Structural Steel Automotive Mechanical Manufacturing exhibits densely distributed point defects, forming irregularly clustered pits."
neudet4_pitted_282.jpg,14,"steel,pitted surface","Structural Steel Automotive Mechanical Manufacturing. Pitted Surface refers to small and scattered patchy corrosion spots on the surface. In hot-rolled strip steel, point defects of Structural Steel Automotive Mechanical Manufacturing are densely distributed pits exhibiting irregular clustering patterns."
neudet4_pitted_283.jpg,14,"steel,pitted surface","Structural Steel Automotive Mechanical Manufacturing. Crazing refers to the appearance of a fine network of cracks on the surface, often distributed irregularly. Pitted Surface indicates the presence of small and scattered patch-like pits on the surface. In hot-rolled strip steel of Structural Steel Automotive Mechanical Manufacturing, point defects are densely distributed, forming irregularly clustered pits."
neudet4_pitted_284.jpg,14,"steel,pitted surface","Structural Steel Automotive Mechanical Manufacturing. Crazing refers to the appearance of a fine network of cracks on the surface, often irregularly distributed. Pitted Surface indicates small and scattered patch-like pits on the surface. Hot-rolled strip steel in Structural Steel Automotive Mechanical Manufacturing exhibits densely distributed point defects, forming irregularly clustered pits."
neudet4_pitted_285.jpg,14,"steel,pitted surface","Structural Steel Automotive Mechanical Manufacturing. Pitted Surface refers to small and scattered patchy corrosion spots on the surface. In hot-rolled strip steel of Structural Steel Automotive Mechanical Manufacturing, point defects are densely distributed, forming irregularly clustered pits."
neudet4_pitted_286.jpg,14,"steel,pitted surface",Structural Steel Automotive Mechanical Manufacturing. Pitted Surface refers to small and scattered patch-like pits on the surface. Hot-rolled strip steel in Structural Steel Automotive Mechanical Manufacturing exhibits a phenomenon of irregularly clustered pits with dense point defects.
neudet4_pitted_287.jpg,14,"steel,pitted surface",Structural Steel Automotive Mechanical Manufacturing. Pitted Surface refers to small and scattered patch-like pits on the surface. Hot-rolled strip steel in Structural Steel Automotive Mechanical Manufacturing exhibits irregularly clustered pits with dense distribution of point defects.
neudet4_pitted_288.jpg,14,"steel,pitted surface","Structural Steel Automotive Mechanical Manufacturing. Crazing refers to the appearance of a fine network of surface cracks that are irregularly distributed. Pitted Surface indicates the presence of small and scattered patchy corrosive spots on the surface. Hot-rolled strip steel in Structural Steel Automotive Mechanical Manufacturing exhibits a dense distribution of point defects, forming irregularly clustered pits."
neudet4_pitted_289.jpg,14,"steel,pitted surface","Structural Steel Automotive Mechanical Manufacturing. Pitted Surface refers to small and scattered patchy pits on the surface. Hot-rolled strip steel in Structural Steel Automotive Mechanical Manufacturing exhibits a dense distribution of point defects, forming irregularly clustered pits."
neudet4_pitted_290.jpg,14,"steel,pitted surface","Structural Steel Automotive Mechanical Manufacturing. Pitted Surface refers to small and scattered patch-like pits on the surface. In hot-rolled strip steel of Structural Steel Automotive Mechanical Manufacturing, point defects are densely distributed, forming irregularly clustered pits."
neudet4_pitted_291.jpg,14,"steel,pitted surface","Structural Steel Automotive Mechanical Manufacturing. Pitted Surface refers to small and scattered patchy corrosion spots on the surface. In hot-rolled strip steel of Structural Steel Automotive Mechanical Manufacturing, point defects are densely distributed, forming irregularly clustered pits."
neudet4_pitted_292.jpg,14,"steel,pitted surface","Structural Steel Automotive Mechanical Manufacturing. Crazing refers to the appearance of a fine network of cracks on the surface, which are irregularly distributed. Pitted Surface indicates the presence of small and scattered patch-like pits on the surface. In hot-rolled strip steel of Structural Steel Automotive Mechanical Manufacturing, point defects are densely distributed, forming irregularly clustered pits."
neudet4_pitted_293.jpg,14,"steel,pitted surface","Structural Steel Automotive Mechanical Manufacturing. Crazing refers to the appearance of a fine network of cracks on the surface, often irregularly distributed. Pitted Surface indicates the presence of small and scattered patch-like pits on the surface. In hot-rolled strip steel of Structural Steel Automotive Mechanical Manufacturing, point defects are densely distributed, forming irregular clusters of pits."
neudet4_pitted_294.jpg,14,"steel,pitted surface","Structural Steel Automotive Mechanical Manufacturing. Pitted Surface refers to small and scattered patch-like pits on the surface. Hot-rolled strip steel in Structural Steel Automotive Mechanical Manufacturing exhibits densely distributed point defects, forming irregularly clustered pits."
neudet4_pitted_295.jpg,14,"steel,pitted surface","Structural Steel Automotive Mechanical Manufacturing. Crazing is the appearance of a fine network of surface cracks, often irregularly distributed. Pitted Surface refers to small and scattered patch-like pits on the surface. Hot-rolled strip steel in Structural Steel Automotive Mechanical Manufacturing exhibits densely distributed point defects, with irregularly clustered pits."
neudet4_pitted_296.jpg,14,"steel,pitted surface","Structural Steel Automotive Mechanical Manufacturing. Crazing refers to the appearance of a fine network of cracks on the surface, with cracks irregularly distributed. Pitted Surface indicates small and scattered patch-like pits on the surface. In hot-rolled strip steel of Structural Steel Automotive Mechanical Manufacturing, point defects are densely distributed, forming irregularly clustered pits."
neudet4_pitted_297.jpg,14,"steel,pitted surface","Structural Steel Automotive Mechanical Manufacturing. Crazing is the formation of a fine network of cracks on the surface, with irregular distribution of cracks. Pitted Surface refers to small and scattered patch-like pits on the surface. Hot-rolled strip steel in Structural Steel Automotive Mechanical Manufacturing exhibits densely distributed point defects, presenting irregular clustering of pits."
neudet4_pitted_298.jpg,14,"steel,pitted surface","Structural Steel Automotive Mechanical Manufacturing. Pitted Surface refers to small and scattered patch-like pits on the surface. Hot-rolled strip steel in Structural Steel Automotive Mechanical Manufacturing exhibits densely distributed point defects, forming irregularly clustered pits."
neudet4_pitted_299.jpg,14,"steel,pitted surface","Structural Steel Automotive Mechanical Manufacturing. Crazing refers to the appearance of a fine network of cracks on the surface, with cracks distributed irregularly. Pitted Surface indicates small and scattered patch-like pits on the surface. Hot-rolled strip steel in Structural Steel Automotive Mechanical Manufacturing exhibits a dense distribution of point defects, forming irregularly clustered pits."
neudet4_pitted_300.jpg,14,"steel,pitted surface",Structural Steel Automotive Mechanical Manufacturing. Pitted Surface refers to small and scattered patchy corrosion spots on the surface. Hot-rolled strip steel in Structural Steel Automotive Mechanical Manufacturing exhibits a phenomenon of irregularly clustered pits with dense distribution of point-like defects.
NEUDET4_ROLLED_001.jpg,15,"steel,rolled","Structural Steel Automotive Mechanical Manufacturing. Rolled-in Scale appears as uneven depressions on the surface due to the presence of pressed oxide layers. Hot-rolled steel exhibits irregular blocky defects, resulting in a rough and uneven surface texture."
NEUDET4_ROLLED_002.jpg,15,"steel,rolled","Structural Steel Automotive Mechanical Manufacturing. Rolled-in Scale appears as an uneven layer of oxide skin pressed into the surface, creating a non-uniform textured pattern. Hot-rolled steel strips exhibit irregular blocky defects, resulting in a rough and uneven surface finish."
NEUDET4_ROLLED_003.jpg,15,"steel,rolled","Structural Steel Automotive Mechanical Manufacturing. Rolled-in Scale appears as uneven concave-convex structures on the surface due to the presence of pressed oxide layers. Hot-rolled steel strips exhibit irregular blocky defects, resulting in a rough and uneven surface texture."
NEUDET4_ROLLED_004.jpg,15,"steel,rolled","Structural Steel Automotive Mechanical Manufacturing. Rolled-in Scale appears as uneven concave-convex structures on the surface due to the presence of pressed oxide layers. Hot-rolled steel sheets exhibit irregular blocky defects, resulting in a rough and uneven surface texture."
NEUDET4_ROLLED_005.jpg,15,"steel,rolled","Structural Steel Automotive Mechanical Manufacturing. Rolled-in Scale appears as unevenly distributed pressed oxide layers on the surface, forming a non-uniform rough texture. Hot-rolled steel strips exhibit irregular blocky defects, resulting in a rough and uneven surface finish."
NEUDET4_ROLLED_006.jpg,15,"steel,rolled","Structural Steel Automotive Mechanical Manufacturing. Rolled-in Scale refers to the uneven concave-convex structure of an oxide layer pressed into the surface. Hot-rolled steel sheets exhibit irregular blocky defects, resulting in a rough and uneven surface texture."
NEUDET4_ROLLED_007.jpg,15,"steel,rolled",Structural Steel Automotive Mechanical Manufacturing. Rolled-in Scale appears as uneven depressions on the surface due to the presence of compressed oxide layers. Hot-rolled steel sheets exhibit irregular blocky defects resulting in a rough and uneven surface texture.
NEUDET4_ROLLED_008.jpg,15,"steel,rolled","Structural Steel Automotive Mechanical Manufacturing. Rolled-in Scale is the presence of unevenly distributed pressed oxide layers on the surface, exhibiting a non-uniform raised and depressed structure. Hot-rolled steel strips in Structural Steel Automotive Mechanical Manufacturing may display irregular blocky defects, resulting in a rough and uneven surface texture."
NEUDET4_ROLLED_009.jpg,15,"steel,rolled","Structural Steel Automotive Mechanical Manufacturing. Rolled-in Scale is the presence of pressed oxide layers on the surface, exhibiting uneven concave-convex structures. Hot-rolled strip steel in Structural Steel Automotive Mechanical Manufacturing shows irregular blocky defects, resulting in a rough and uneven surface."
NEUDET4_ROLLED_010.jpg,15,"steel,rolled",Structural Steel Automotive Mechanical Manufacturing. Rolled-in Scale appears as uneven depressions on the surface due to pressed oxide layers. Hot-rolled steel strips exhibit irregular blocky defects with a rough and uneven surface texture.
NEUDET4_ROLLED_011.jpg,15,"steel,rolled","Structural Steel Automotive Mechanical Manufacturing. Rolled-in Scale appears as uneven depressions on the surface due to the presence of pressed oxide layers. Hot-rolled steel exhibits irregular blocky defects, resulting in a rough and uneven surface texture."
NEUDET4_ROLLED_012.jpg,15,"steel,rolled","Structural Steel Automotive Mechanical Manufacturing. Rolled-in Scale refers to the uneven concave-convex structure of pressed oxide layer on the surface. Hot-rolled steel strip exhibits irregular blocky defects, resulting in a rough and uneven surface texture."
NEUDET4_ROLLED_013.jpg,15,"steel,rolled","Structural Steel Automotive Mechanical Manufacturing. Rolled-in Scale is the presence of pressed oxide skin on the surface, exhibiting uneven concave-convex structures. Hot-rolled strip steel in Structural Steel Automotive Mechanical Manufacturing shows irregular blocky defects with a rough and uneven surface."
NEUDET4_ROLLED_014.jpg,15,"steel,rolled","Structural Steel Automotive Mechanical Manufacturing. Rolled-in Scale refers to the presence of unevenly distributed pressed oxide layers on the surface, displaying a non-uniform raised and depressed structure. Hot-rolled steel with irregular blocky defects exhibits a rough and uneven surface texture."
NEUDET4_ROLLED_015.jpg,15,"steel,rolled","Structural Steel Automotive Mechanical Manufacturing. Rolled-in Scale refers to the presence of unevenly distributed pressed oxide layers on the surface, exhibiting an irregular raised and depressed structure. Hot-rolled steel strips in this industry may exhibit irregular blocky defects, resulting in a rough and uneven surface texture."
NEUDET4_ROLLED_016.jpg,15,"steel,rolled","Structural Steel Automotive Mechanical Manufacturing. Rolled-in Scale appears as uneven depressions on the surface caused by pressed oxide layers. Hot-rolled steel exhibits irregular blocky defects, resulting in a rough and uneven surface texture."
NEUDET4_ROLLED_017.jpg,15,"steel,rolled","Structural Steel Automotive Mechanical Manufacturing. Rolled-in Scale refers to the presence of pressed oxide layers on the surface, exhibiting uneven concave-convex structures. Hot-rolled steel strips in this industry often exhibit irregular blocky defects, resulting in a rough and uneven surface texture."
NEUDET4_ROLLED_018.jpg,15,"steel,rolled","Structural Steel Automotive Mechanical Manufacturing. Rolled-in Scale appears as uneven depressions on the surface due to the presence of pressed oxide layers. Hot-rolled steel exhibits irregular blocky defects, resulting in a rough and uneven surface texture."
NEUDET4_ROLLED_019.jpg,15,"steel,rolled","Structural Steel Automotive Mechanical Manufacturing. Rolled-in Scale appears as an uneven layer of oxide skin pressed into the surface, displaying non-uniform concave-convex structures. Hot-rolled steel plates exhibit irregular blocky defects, resulting in a rough and uneven surface texture."
NEUDET4_ROLLED_020.jpg,15,"steel,rolled","Structural Steel Automotive Mechanical Manufacturing. Rolled-in Scale appears as uneven depressions on the surface due to the presence of pressed oxide layers. Hot-rolled steel sheets exhibit irregular blocky defects, resulting in a rough and uneven surface texture."
NEUDET4_ROLLED_021.jpg,15,"steel,rolled","Structural Steel Automotive Mechanical Manufacturing. Rolled-in Scale refers to the uneven concave-convex structure of the surface due to the presence of pressed oxide layers. Hot-rolled steel exhibits irregular blocky defects, resulting in a rough and uneven surface texture."
NEUDET4_ROLLED_022.jpg,15,"steel,rolled","Structural Steel Automotive Mechanical Manufacturing. Rolled-in Scale is the presence of pressed oxide layers on the surface, exhibiting uneven concave-convex structures. Hot-rolled strip steel in Structural Steel Automotive Mechanical Manufacturing shows irregular blocky defects with a rough and uneven surface."
NEUDET4_ROLLED_023.jpg,15,"steel,rolled","Structural Steel Automotive Mechanical Manufacturing. Rolled-in Scale refers to the uneven concave-convex structure on the surface caused by the pressed oxide layer. Hot-rolled strip steel in this industry may exhibit irregular blocky defects, resulting in a rough and uneven surface."
NEUDET4_ROLLED_024.jpg,15,"steel,rolled","Structural Steel Automotive Mechanical Manufacturing. Rolled-in Scale refers to the presence of unevenly distributed pressed oxide layers on the surface, exhibiting a non-uniform concave-convex structure. Hot-rolled steel strips in this industry often display irregular blocky defects, resulting in a rough and uneven surface texture."
NEUDET4_ROLLED_025.jpg,15,"steel,rolled","Structural Steel Automotive Mechanical Manufacturing. Rolled-in Scale appears as uneven depressions on the surface due to the presence of pressed oxide layers. Hot-rolled steel exhibits irregular blocky defects, resulting in a rough and uneven surface texture."
NEUDET4_ROLLED_026.jpg,15,"steel,rolled","Structural Steel Automotive Mechanical Manufacturing. Rolled-in Scale appears as uneven depressions on the surface due to the presence of pressed oxide layers. Hot-rolled steel sheets exhibit irregular blocky defects, resulting in a rough and uneven surface texture."
NEUDET4_ROLLED_027.jpg,15,"steel,rolled","Structural Steel Automotive Mechanical Manufacturing. Rolled-in Scale appears as unevenly distributed pressed oxide layer on the surface, forming irregular concave-convex structures. Hot-rolled steel strips exhibit irregular blocky defects with rough and uneven surfaces."
NEUDET4_ROLLED_028.jpg,15,"steel,rolled","Structural Steel Automotive Mechanical Manufacturing. Rolled-in Scale appears as uneven depressions on the surface due to the presence of pressed oxide layers. Hot-rolled steel exhibits irregular blocky defects, resulting in a rough and uneven surface texture."
NEUDET4_ROLLED_029.jpg,15,"steel,rolled","Structural Steel Automotive Mechanical Manufacturing. Rolled-in Scale appears as uneven concave-convex structures on the surface due to the presence of pressed oxide layers. Hot-rolled strip steel in this industry often exhibits irregular blocky defects, resulting in a rough and uneven surface texture."
NEUDET4_ROLLED_030.jpg,15,"steel,rolled","Structural Steel Automotive Mechanical Manufacturing. Rolled-in Scale is the presence of pressed oxide layers on the surface, exhibiting uneven concave-convex structures. Hot-rolled strip steel in Structural Steel Automotive Mechanical Manufacturing shows irregular blocky defects, resulting in a rough and uneven surface."
NEUDET4_ROLLED_031.jpg,15,"steel,rolled","Structural Steel Automotive Mechanical Manufacturing. Rolled-in Scale appears as uneven depressions on the surface due to the presence of pressed oxide layers. Hot-rolled steel exhibits irregular blocky defects, resulting in a rough and uneven surface texture."
NEUDET4_ROLLED_032.jpg,15,"steel,rolled","Structural Steel Automotive Mechanical Manufacturing. Rolled-in Scale appears as uneven depressions on the surface due to the presence of pressed oxide layers. Hot-rolled steel exhibits irregular blocky defects, resulting in a rough and uneven surface texture."
NEUDET4_ROLLED_033.jpg,15,"steel,rolled","Structural Steel Automotive Mechanical Manufacturing. Rolled-in Scale appears as uneven depressions on the surface due to the presence of pressed oxide layers. Hot-rolled steel exhibits irregular blocky defects, resulting in a rough and uneven surface texture."
NEUDET4_ROLLED_034.jpg,15,"steel,rolled","Structural Steel Automotive Mechanical Manufacturing. Rolled-in Scale refers to the presence of unevenly distributed pressed oxide layers on the surface, exhibiting an irregular pattern of concave and convex structures. Hot-rolled steel strips in this industry may exhibit irregular blocky defects, resulting in a rough and uneven surface texture."
NEUDET4_ROLLED_035.jpg,15,"steel,rolled","Structural Steel Automotive Mechanical Manufacturing. Rolled-in Scale appears as an uneven layer of oxide scale pressed into the surface, creating a non-uniform texture. Hot-rolled strip steel in this industry may exhibit irregular blocky defects, resulting in a rough and uneven surface finish."
NEUDET4_ROLLED_036.jpg,15,"steel,rolled","Structural Steel Automotive Mechanical Manufacturing. Crazing is the appearance of a fine network of cracks on the surface, with cracks exhibiting irregular distribution. Rolled-in Scale refers to the presence of pressed oxide scale on the surface, displaying uneven concave-convex structures. Hot-rolled steel strip in Structural Steel Automotive Mechanical Manufacturing may exhibit irregular blocky defects, resulting in a rough and uneven surface."
NEUDET4_ROLLED_037.jpg,15,"steel,rolled",Structural Steel Automotive Mechanical Manufacturing. Rolled-in Scale appears as uneven concave-convex structures on the surface due to pressed oxide layers. The hot-rolled strip steel shows wide-spread irregular dark patches mainly extending along the hot-rolling direction.
NEUDET4_ROLLED_038.jpg,15,"steel,rolled",Structural Steel Automotive Mechanical Manufacturing. Rolled-in Scale appears as unevenly distributed concave-convex structures on the surface due to the pressed oxide layer. The hot-rolled strip steel shows irregular dark patches extending widely along the rolling direction.
NEUDET4_ROLLED_039.jpg,15,"steel,rolled","Structural Steel Automotive Mechanical Manufacturing. Rolled-in Scale refers to the presence of unevenly distributed pressed oxide layers on the surface, exhibiting a non-uniform concave-convex structure. In hot-rolled strip steel, there is a wide distribution of irregular dark patches extending mainly along the direction of hot rolling."
NEUDET4_ROLLED_040.jpg,15,"steel,rolled","Structural Steel Automotive Mechanical Manufacturing. Rolled-in Scale appears as uneven depressions on the surface due to the presence of pressed oxide layers. In hot-rolled steel, irregular dark patches are widely distributed, mainly extending along the direction of hot rolling."
NEUDET4_ROLLED_041.jpg,15,"steel,rolled","Structural Steel Automotive Mechanical Manufacturing. Rolled-in Scale appears as uneven concave-convex structures on the surface due to the presence of pressed oxide layers. In hot-rolled steel, irregular dark patches are widely distributed, mainly extending along the direction of hot rolling."
NEUDET4_ROLLED_042.jpg,15,"steel,rolled","Structural Steel Automotive Mechanical Manufacturing. Rolled-in Scale appears as uneven depressions on the surface due to the presence of pressed oxide layers. The hot-rolled strip steel exhibits a wide distribution of irregular dark patches, primarily extending along the direction of hot rolling."
NEUDET4_ROLLED_043.jpg,15,"steel,rolled",Structural Steel Automotive Mechanical Manufacturing. Rolled-in Scale refers to the uneven concave-convex oxide layer visible on the surface. The irregular dark patches in hot-rolled strip steel are widely distributed mainly along the direction of hot rolling.
NEUDET4_ROLLED_044.jpg,15,"steel,rolled",Structural Steel Automotive Mechanical Manufacturing. Rolled-in Scale appears as uneven concave-convex structures on the surface due to the pressed oxide layer. The hot-rolled strip steel exhibits a wide distribution of irregular dark patches mainly extending along the direction of hot rolling.
NEUDET4_ROLLED_045.jpg,15,"steel,rolled","Structural Steel Automotive Mechanical Manufacturing. Rolled-in Scale appears as uneven depressions on the surface due to the presence of pressed oxide layers. The hot-rolled steel exhibits a wide distribution of irregular dark patches, mainly extending along the direction of hot rolling."
NEUDET4_ROLLED_046.jpg,15,"steel,rolled","Structural Steel Automotive Mechanical Manufacturing. Rolled-in Scale appears as uneven depressions on the surface due to the presence of pressed oxide layers. The hot-rolled strip steel shows a wide distribution of irregular dark patches, mainly extending along the direction of hot rolling."
NEUDET4_ROLLED_047.jpg,15,"steel,rolled","Structural Steel Automotive Mechanical Manufacturing. Rolled-in Scale is the presence of unevenly distributed pressed oxide layers on the surface, forming a non-uniform raised and depressed structure. In hot-rolled strip steel, irregular dark patches are widely distributed, mainly extending along the direction of hot rolling."
NEUDET4_ROLLED_048.jpg,15,"steel,rolled","Structural Steel Automotive Mechanical Manufacturing. Rolled-in Scale refers to the presence of unevenly distributed pressed oxide layers on the surface, exhibiting non-uniform concave-convex structures. In hot-rolled strip steel of this industry, irregular dark patches are widely distributed, primarily extending along the direction of hot rolling."
NEUDET4_ROLLED_049.jpg,15,"steel,rolled",Structural Steel Automotive Mechanical Manufacturing. Rolled-in Scale appears as uneven concave-convex structures on the surface due to pressed oxide layers. The irregular dark patches present in a wide distribution range along the hot rolling direction of hot-rolled strip steel.
NEUDET4_ROLLED_050.jpg,15,"steel,rolled","Structural Steel Automotive Mechanical Manufacturing. Rolled-in Scale refers to the unevenly distributed, pressed-in oxide layer on the surface. Hot-rolled steel exhibits widespread irregular dark patches extending mainly along the direction of hot rolling."
NEUDET4_ROLLED_051.jpg,15,"steel,rolled","Structural Steel Automotive Mechanical Manufacturing. Rolled-in Scale appears as uneven depressions on the surface due to the presence of pressed oxide layers. In hot-rolled steel, irregular dark patches are widely distributed, mainly extending along the direction of hot rolling."
NEUDET4_ROLLED_052.jpg,15,"steel,rolled","Structural Steel Automotive Mechanical Manufacturing. Rolled-in Scale appears as uneven depressions on the surface due to pressed oxide layers. The irregular dark patches of hot-rolled strip steel are widely distributed, mainly extending along the direction of hot rolling."
NEUDET4_ROLLED_053.jpg,15,"steel,rolled",Structural Steel Automotive Mechanical Manufacturing. Rolled-in Scale appears as uneven concave-convex structures on the surface due to the presence of pressed oxide layers. The hot-rolled strip steel exhibits widespread irregular dark patches distributed along the rolling direction.
NEUDET4_ROLLED_054.jpg,15,"steel,rolled",Structural Steel Automotive Mechanical Manufacturing. Rolled-in Scale appears as uneven concave-convex structures on the surface due to the pressed oxide layer. Irregular dark patches are widely distributed along the hot-rolling direction on the hot-rolled strip steel.
NEUDET4_ROLLED_055.jpg,15,"steel,rolled","Structural Steel Automotive Mechanical Manufacturing. Crazing refers to the appearance of a fine network of cracks on the surface, typically exhibiting irregular distribution. Rolled-in Scale is the manifestation of pressed oxide layers on the surface, displaying uneven raised and depressed structures. Hot-rolled strip steel in Structural Steel Automotive Mechanical Manufacturing exhibits a wide range of irregular dark patches, primarily extending along the direction of hot rolling."
NEUDET4_ROLLED_056.jpg,15,"steel,rolled","Structural Steel Automotive Mechanical Manufacturing. Crazing refers to the appearance of a fine network of cracks on the surface, often distributed irregularly. Rolled-in Scale is the presence of pressed oxide scale on the surface, exhibiting uneven concave-convex structures. Hot-rolled strip steel in Structural Steel Automotive Mechanical Manufacturing shows a wide distribution of irregular dark patches, mainly extending along the direction of hot rolling."
NEUDET4_ROLLED_057.jpg,15,"steel,rolled","Structural Steel Automotive Mechanical Manufacturing. Rolled-in Scale appears as uneven depressions on the surface due to the presence of pressed oxide layers. The hot-rolled strip steel shows wide distribution of irregular dark patches, mainly concentrated in localized areas."
NEUDET4_ROLLED_058.jpg,15,"steel,rolled","Structural Steel Automotive Mechanical Manufacturing. Rolled-in Scale appears as uneven depressions on the surface due to the presence of pressed oxide layers. In hot-rolled steel, irregular dark patches are widely distributed, mainly concentrated in specific local areas."
NEUDET4_ROLLED_059.jpg,15,"steel,rolled","Structural Steel Automotive Mechanical Manufacturing. Rolled-in Scale appears as uneven depressions on the surface due to the presence of pressed oxide layers. The irregular dark patches of the hot-rolled strip steel are widely distributed, primarily concentrated in localized areas."
NEUDET4_ROLLED_060.jpg,15,"steel,rolled","Structural Steel Automotive Mechanical Manufacturing. Crazing refers to the appearance of a fine network of cracks on the surface, often irregularly distributed. Rolled-in Scale is the uneven presence of pressed oxide layers on the surface, creating a non-uniform bumpy structure. In hot-rolled strip steel of Structural Steel Automotive Mechanical Manufacturing, irregular dark patches are widely spread but mainly concentrated in localized areas."
NEUDET4_ROLLED_061.jpg,15,"steel,rolled","Structural Steel Automotive Mechanical Manufacturing. Rolled-in Scale appears as uneven concave-convex structures on the surface due to the presence of pressed oxide layers. The hot-rolled strip steel shows a wide distribution of irregular dark patches, mainly concentrated in specific local areas."
NEUDET4_ROLLED_062.jpg,15,"steel,rolled","Structural Steel Automotive Mechanical Manufacturing. Rolled-in Scale appears as uneven concave-convex structures on the surface due to the pressed oxide layer. The hot-rolled strip steel shows a wide distribution of irregular dark patches, mainly concentrated in localized areas."
NEUDET4_ROLLED_063.jpg,15,"steel,rolled","Structural Steel Automotive Mechanical Manufacturing. Rolled-in Scale is the presence of unevenly distributed pressed oxide layers on the surface, forming a non-uniform bumpy structure. Hot-rolled strip steel in Structural Steel Automotive Mechanical Manufacturing exhibits a wide range of irregular dark patches, primarily concentrated in localized areas."
NEUDET4_ROLLED_064.jpg,15,"steel,rolled","Structural Steel Automotive Mechanical Manufacturing. Crazing is the appearance of a fine network of cracks on the surface, with cracks irregularly distributed. Rolled-in Scale is the presence of pressed oxide scale on the surface, exhibiting uneven raised and depressed structures. Hot-rolled steel Structural Steel Automotive Mechanical Manufacturing shows a wide distribution of irregular dark patches, mainly concentrated in localized areas."
NEUDET4_ROLLED_065.jpg,15,"steel,rolled","Structural Steel Automotive Mechanical Manufacturing. Rolled-in Scale appears as uneven concave-convex structures on the surface due to the presence of pressed oxide layers. In hot-rolled steel strips, irregular dark patches are widely distributed, mainly concentrated in localized areas."
NEUDET4_ROLLED_066.jpg,15,"steel,rolled","Structural Steel Automotive Mechanical Manufacturing. Rolled-in Scale refers to the presence of unevenly distributed oxide layers on the surface, displaying a non-uniform bumpy structure. In hot-rolled strip steel, irregular dark patches are widely dispersed, predominantly concentrated in localized areas."
NEUDET4_ROLLED_067.jpg,15,"steel,rolled","Structural Steel Automotive Mechanical Manufacturing. Rolled-in Scale is the presence of unevenly distributed pressed oxide layers on the surface, forming a non-uniform pattern of indentations. Hot-rolled steel exhibits irregular dark patches scattered widely but concentrated mainly in localized areas."
NEUDET4_ROLLED_068.jpg,15,"steel,rolled","Structural Steel Automotive Mechanical Manufacturing. Rolled-in Scale is the presence of unevenly distributed pressed oxide layers on the surface, displaying a non-uniform raised and depressed structure. In hot-rolled strip steel, irregular dark patches are widely scattered but mainly concentrated in localized areas."
NEUDET4_ROLLED_069.jpg,15,"steel,rolled","Structural Steel Automotive Mechanical Manufacturing. Rolled-in Scale appears as uneven depressions on the surface due to the pressed oxide layer. In hot-rolled steel, irregular dark patches are widely distributed, mainly concentrated in localized areas."
NEUDET4_ROLLED_070.jpg,15,"steel,rolled","Structural Steel Automotive Mechanical Manufacturing. Rolled-in Scale appears as uneven depressions on the surface due to the presence of pressed oxide layers. In hot-rolled strip steel, irregular dark patches are widely distributed, mainly concentrated in localized areas."
NEUDET4_ROLLED_071.jpg,15,"steel,rolled",Structural Steel Automotive Mechanical Manufacturing. Rolled-in Scale appears as unevenly distributed concave-convex structures on the surface due to the pressed oxide layer. Hot-rolled strip steel in this industry exhibits irregular dark patches scattered widely but concentrated mainly in localized areas.
NEUDET4_ROLLED_072.jpg,15,"steel,rolled","Structural Steel Automotive Mechanical Manufacturing. Rolled-in Scale appears as uneven depressions on the surface due to the presence of pressed oxide layers. The hot-rolled strip steel shows irregular dark patches distributed widely, mainly concentrated in localized areas."
NEUDET4_ROLLED_073.jpg,15,"steel,rolled","Structural Steel Automotive Mechanical Manufacturing. Rolled-in Scale refers to the unevenly distributed pressed oxide layer visible on the surface. The hot-rolled strip steel exhibits a wide range of irregular dark patches, mainly concentrated in localized areas."
NEUDET4_ROLLED_074.jpg,15,"steel,rolled","Structural Steel Automotive Mechanical Manufacturing. Rolled-in Scale is the presence of unevenly distributed pressed oxide layers on the surface, exhibiting a non-uniform raised and depressed structure. Hot-rolled strip steel in this industry shows a wide distribution of irregular dark patches, primarily concentrated in localized areas."
NEUDET4_ROLLED_075.jpg,15,"steel,rolled","Structural Steel Automotive Mechanical Manufacturing. Crazing is the appearance of a fine network of cracks on the surface, often irregularly distributed. Rolled-in Scale refers to the presence of unevenly textured oxide layers pressed into the surface. Hot-rolled steel bands exhibit wide-ranging irregular dark patches, primarily concentrated in localized areas."
NEUDET4_ROLLED_076.jpg,15,"steel,rolled","Structural Steel Automotive Mechanical Manufacturing. Rolled-in Scale appears as uneven concave-convex structures on the surface due to pressed oxide layers. The hot-rolled steel exhibits wide distribution of irregular dark patches, mainly concentrated in localized areas."
NEUDET4_ROLLED_077.jpg,15,"steel,rolled","Structural Steel Automotive Mechanical Manufacturing. Rolled-in Scale appears as uneven depressions on the surface due to the presence of pressed oxide layers. The hot-rolled strip steel shows a wide distribution of irregular dark patches, mainly concentrated in localized areas."
NEUDET4_ROLLED_078.jpg,15,"steel,rolled","Structural Steel Automotive Mechanical Manufacturing. Crazing is the appearance of a fine network of cracks on the surface, typically exhibiting irregular distribution patterns. Rolled-in Scale refers to the presence of pressed oxide layers on the surface, displaying uneven raised and depressed structures. Hot-rolled strip steel in Structural Steel Automotive Mechanical Manufacturing shows a wide distribution of irregular dark patches, mainly concentrated in localized areas."
NEUDET4_ROLLED_079.jpg,15,"steel,rolled","Structural Steel Automotive Mechanical Manufacturing. Crazing refers to the appearance of a fine network of cracks on the surface, usually exhibiting irregular distribution. Rolled-in Scale is the presence of pressed oxide scale on the surface, displaying uneven raised and depressed structures. Hot-rolled steel strips in Structural Steel Automotive Mechanical Manufacturing exhibit a wide range of irregular dark patches, mainly concentrated in localized areas."
NEUDET4_ROLLED_080.jpg,15,"steel,rolled","Structural Steel Automotive Mechanical Manufacturing. Rolled-in Scale appears as uneven concave-convex structures on the surface due to the pressed oxide layer. Irregular dark patches are widely distributed, mainly concentrated in local areas on hot-rolled strip steel."
NEUDET4_ROLLED_081.jpg,15,"steel,rolled",Structural Steel Automotive Mechanical Manufacturing. Rolled-in Scale appears as uneven depressions on the surface due to the presence of pressed oxide layers. The hot-rolled band steel is characterized by the uneven distribution of small point-like oxide patches.
NEUDET4_ROLLED_082.jpg,15,"steel,rolled","Structural Steel Automotive Mechanical Manufacturing. Rolled-in Scale refers to the presence of unevenly distributed pressed oxide layers on the surface, exhibiting irregular concave-convex structures. Hot-rolled steel strips in Structural Steel Automotive Mechanical Manufacturing are characterized by the uneven distribution of fine point-like oxide patches."
NEUDET4_ROLLED_083.jpg,15,"steel,rolled","Structural Steel Automotive Mechanical Manufacturing. Rolled-in Scale refers to the unevenly distributed pressed oxide layer visible on the surface, presenting an irregular raised and recessed structure. Hot-rolled strip steel in Structural Steel Automotive Mechanical Manufacturing is characterized by the uneven distribution of small point-like oxide patches."
NEUDET4_ROLLED_084.jpg,15,"steel,rolled","Structural Steel Automotive Mechanical Manufacturing. Rolled-in Scale appears as uneven depressions on the surface due to the presence of pressed oxide layers. In hot-rolled steel strips, the distribution of small point-like oxidation patches is irregular, creating an uneven pattern."
NEUDET4_ROLLED_085.jpg,15,"steel,rolled","Structural Steel Automotive Mechanical Manufacturing. Rolled-in Scale refers to the presence of pressed oxide layers on the surface, exhibiting uneven concave-convex structures. Hot-rolled strip steel in Structural Steel Automotive Mechanical Manufacturing is characterized by the uneven distribution of small point-like oxide patches."
NEUDET4_ROLLED_086.jpg,15,"steel,rolled",Structural Steel Automotive Mechanical Manufacturing. Rolled-in Scale appears as uneven depressions on the surface due to the presence of pressed oxide layers. Hot-rolled steel strips are characterized by the uneven distribution of small point-like oxide patches.
NEUDET4_ROLLED_087.jpg,15,"steel,rolled","Structural Steel Automotive Mechanical Manufacturing. Rolled-in Scale appears as unevenly distributed pressed oxide layers on the surface, presenting a non-uniform bumpy structure. Hot-rolled steel strips in Structural Steel Automotive Mechanical Manufacturing exhibit uneven distribution of small point-like oxide patches."
NEUDET4_ROLLED_088.jpg,15,"steel,rolled","Structural Steel Automotive Mechanical Manufacturing. Rolled-in Scale refers to the unevenly distributed pressed oxide layer on the surface, exhibiting irregular concave-convex structures. Hot-rolled strip steel in Structural Steel Automotive Mechanical Manufacturing is characterized by the presence of small, unevenly distributed point-like oxide patches."
NEUDET4_ROLLED_089.jpg,15,"steel,rolled",Structural Steel Automotive Mechanical Manufacturing. Rolled-in Scale appears as uneven depressions on the surface due to the presence of pressed oxide layers. Hot-rolled steel strips in Structural Steel Automotive Mechanical Manufacturing exhibit uneven distribution of small point-like oxide patches.
NEUDET4_ROLLED_090.jpg,15,"steel,rolled",Structural Steel Automotive Mechanical Manufacturing. Rolled-in Scale appears as uneven depressions on the surface due to the presence of pressed oxide layers. Hot-rolled steel strips in Structural Steel Automotive Mechanical Manufacturing exhibit uneven distribution of small point-like oxide patches.
NEUDET4_ROLLED_091.jpg,15,"steel,rolled",Structural Steel Automotive Mechanical Manufacturing. Rolled-in Scale appears as uneven depressions on the surface due to the presence of pressed oxide layers. The hot-rolled steel strip is characterized by the non-uniform distribution of small point-like oxidation patches.
NEUDET4_ROLLED_092.jpg,15,"steel,rolled","Structural Steel Automotive Mechanical Manufacturing. Rolled-in Scale appears as uneven concave-convex structures on the surface due to the presence of pressed oxide layers. In hot-rolled steel strips, the material is filled with unevenly distributed small point-like oxidation patches."
NEUDET4_ROLLED_093.jpg,15,"steel,rolled","Structural Steel Automotive Mechanical Manufacturing. Rolled-in Scale refers to the unevenly distributed pressed oxide layer on the surface, displaying irregular concave-convex structures. Hot-rolled strip steel in Structural Steel Automotive Mechanical Manufacturing is characterized by the uneven distribution of small point-like oxide patches."
NEUDET4_ROLLED_094.jpg,15,"steel,rolled","Structural Steel Automotive Mechanical Manufacturing. Rolled-in Scale appears as uneven depressions on the surface due to the presence of pressed oxide layers. In hot-rolled strip steel, an uneven distribution of small point-like oxide patches is observed throughout."
NEUDET4_ROLLED_095.jpg,15,"steel,rolled","Structural Steel Automotive Mechanical Manufacturing. Rolled-in Scale appears as uneven depressions on the surface due to the presence of pressed oxide layer. In hot-rolled steel strips, an uneven distribution of tiny point-like oxide patches can be observed."
NEUDET4_ROLLED_096.jpg,15,"steel,rolled","Structural Steel Automotive Mechanical Manufacturing. Rolled-in Scale appears as uneven depressions on the surface due to the presence of pressed oxide layers. In hot-rolled strip steel, the material is characterized by the uneven distribution of small point-like oxide patches."
NEUDET4_ROLLED_097.jpg,15,"steel,rolled","Structural Steel Automotive Mechanical Manufacturing. Rolled-in Scale is the presence of unevenly distributed pressed oxide layers on the surface, exhibiting an irregular bumpy structure. Hot-rolled steel strips in Structural Steel Automotive Mechanical Manufacturing are filled with unevenly distributed small point-like oxide patches."
NEUDET4_ROLLED_098.jpg,15,"steel,rolled","Structural Steel Automotive Mechanical Manufacturing. Rolled-in Scale appears as unevenly distributed pressed oxide layers on the surface, forming irregular concave-convex structures. Hot-rolled steel strips in Structural Steel Automotive Mechanical Manufacturing exhibit uneven distribution of small point-like oxide patches."
NEUDET4_ROLLED_099.jpg,15,"steel,rolled","Structural Steel Automotive Mechanical Manufacturing. Rolled-in Scale appears as unevenly distributed pressed oxide layer on the surface. The hot-rolled steel strip shows a pattern resembling crazing but without actual cracks, only black cloudy streaks as defects."
NEUDET4_ROLLED_100.jpg,15,"steel,rolled","Structural Steel Automotive Mechanical Manufacturing. Rolled-in Scale appears as uneven depressions on the surface due to the presence of pressed oxide layers. The hot-rolled steel strip exhibits a pattern resembling crazing, characterized by black cloudy markings without actual cracks."
NEUDET4_ROLLED_101.jpg,15,"steel,rolled","Structural Steel Automotive Mechanical Manufacturing. Rolled-in Scale appears as uneven depressions on the surface due to the presence of pressed oxide layers. The hot-rolled strip steel shows a pattern resembling crazing, with black cloud-like markings, but without actual cracks."
NEUDET4_ROLLED_102.jpg,15,"steel,rolled","Structural Steel Automotive Mechanical Manufacturing. Rolled-in Scale refers to the uneven concave-convex structure of pressed oxide layers on the surface. The hot-rolled strip steel exhibits a pattern resembling crazing, with black cloudy veins but no actual cracks."
NEUDET4_ROLLED_103.jpg,15,"steel,rolled","Structural Steel Automotive Mechanical Manufacturing. Rolled-in Scale is the presence of unevenly distributed pressed oxide layers on the surface, exhibiting a non-uniform bumpy structure. In hot-rolled steel strips, the pattern resembles crazing but without cracks, only displaying black cloudy streaks as defects."
NEUDET4_ROLLED_104.jpg,15,"steel,rolled","Structural Steel Automotive Mechanical Manufacturing. Rolled-in Scale is the presence of unevenly distributed pressed oxide layers on the surface. The hot-rolled steel strip exhibits a pattern resembling crazing but without actual cracks, only black cloud-like defects."
NEUDET4_ROLLED_105.jpg,15,"steel,rolled","Structural Steel Automotive Mechanical Manufacturing. Rolled-in Scale is the presence of pressed oxide layer on the surface, exhibiting uneven concave-convex structures. Hot-rolled strip steel in Structural Steel Automotive Mechanical Manufacturing shows a pattern resembling crazing but without cracks, only black cloudy streaks as defects."
NEUDET4_ROLLED_106.jpg,15,"steel,rolled","Structural Steel Automotive Mechanical Manufacturing. Rolled-in Scale appears as uneven concave-convex structures on the surface due to pressed oxide layers. The hot-rolled strip steel shows a pattern resembling crazing but without cracks, only black cloud-like defects."
NEUDET4_ROLLED_107.jpg,15,"steel,rolled","Structural Steel Automotive Mechanical Manufacturing. Rolled-in Scale appears as uneven concave-convex structures on the surface due to pressed oxide layers. The hot-rolled strip steel shows a pattern resembling crazing, with black cloud-like markings but no actual cracks."
NEUDET4_ROLLED_108.jpg,15,"steel,rolled","Structural Steel Automotive Mechanical Manufacturing. Rolled-in Scale appears as uneven depressions on the surface due to the presence of pressed oxide layers. The hot-rolled strip steel exhibits a pattern resembling crazing, characterized by black cloudy streaks without actual cracks."
NEUDET4_ROLLED_109.jpg,15,"steel,rolled","Structural Steel Automotive Mechanical Manufacturing. Rolled-in Scale appears as uneven depressions on the surface due to the presence of pressed oxide layers. The hot-rolled steel strip exhibits a pattern resembling crazing but without actual cracks, only black cloudy streaks as defects."
NEUDET4_ROLLED_110.jpg,15,"steel,rolled","Structural Steel Automotive Mechanical Manufacturing. Rolled-in Scale appears as uneven depressions and protrusions on the surface due to the pressed oxide layer. The hot-rolled steel strip shows a pattern resembling crazing but without actual cracks, only black cloudy streaks as defects."
NEUDET4_ROLLED_111.jpg,15,"steel,rolled","Structural Steel Automotive Mechanical Manufacturing. Rolled-in Scale appears as uneven depressions caused by the presence of pressed oxide layers on the surface. Hot-rolled steel strips exhibit a pattern resembling crazing, characterized by a network of black cloud-like streaks without actual cracks."
NEUDET4_ROLLED_112.jpg,15,"steel,rolled","Structural Steel Automotive Mechanical Manufacturing. Rolled-in Scale appears as uneven depressions on the surface due to the presence of pressed oxide layers. The hot-rolled steel strip exhibits a pattern resembling crazing, characterized by dark swirling marks without actual cracks."
NEUDET4_ROLLED_113.jpg,15,"steel,rolled","Structural Steel Automotive Mechanical Manufacturing. Rolled-in Scale appears as uneven concave-convex structures on the surface due to pressed oxide layers. The hot-rolled strip steel shows a pattern resembling crazing but without actual cracks, only black cloud-like defects."
NEUDET4_ROLLED_114.jpg,15,"steel,rolled","Structural Steel Automotive Mechanical Manufacturing. Rolled-in Scale is the presence of unevenly distributed pressed oxide layers on the surface. Hot-rolled steel strips in this industry exhibit a pattern resembling crazing but without actual cracks, only black cloud-like defects."
NEUDET4_ROLLED_115.jpg,15,"steel,rolled","Structural Steel Automotive Mechanical Manufacturing. Rolled-in Scale refers to the presence of unevenly distributed pressed oxide layers on the surface. The hot-rolled steel strip exhibits a pattern resembling crazing with black cloud-like markings, but without actual cracks."
NEUDET4_ROLLED_116.jpg,15,"steel,rolled","Structural Steel Automotive Mechanical Manufacturing. Rolled-in Scale is the presence of unevenly distributed pressed oxide layers on the surface. Hot-rolled steel strips exhibit a pattern resembling crazing but without actual cracks, only black cloudy streaks as defects."
NEUDET4_ROLLED_117.jpg,15,"steel,rolled","Structural Steel Automotive Mechanical Manufacturing. Rolled-in Scale refers to the unevenly distributed pressed oxide layer on the surface. The hot-rolled steel strip exhibits a pattern resembling crazing, with black cloudy streaks but no actual cracks."
NEUDET4_ROLLED_118.jpg,15,"steel,rolled","Structural Steel Automotive Mechanical Manufacturing. Rolled-in Scale appears as uneven concave-convex structures on the surface due to the pressed oxide layer. The hot-rolled steel strip shows a pattern resembling crazing but without actual cracks, only black cloudy streaks as defects."
NEUDET4_ROLLED_119.jpg,15,"steel,rolled","Structural Steel Automotive Mechanical Manufacturing. Rolled-in Scale appears as uneven depressions on the surface due to the presence of pressed oxide layers. The hot-rolled strip steel shows a pattern resembling crazing, characterized by dark swirling marks without actual cracks."
NEUDET4_ROLLED_120.jpg,15,"steel,rolled","Structural Steel Automotive Mechanical Manufacturing. Rolled-in Scale appears as uneven concave-convex structures on the surface due to pressed oxide layers. The hot-rolled steel strip shows patterns resembling wrinkles but without cracks, only black cloudy defects."
NEUDET4_ROLLED_121.jpg,15,"steel,rolled","Structural Steel Automotive Mechanical Manufacturing. Rolled-in Scale appears as unevenly distributed concave-convex structures on the surface due to the presence of pressed oxide layers. The hot-rolled steel strip exhibits a pattern resembling crazing but without actual cracks, showing only black cloudy streaks as defects."
NEUDET4_ROLLED_122.jpg,15,"steel,rolled","Structural Steel Automotive Mechanical Manufacturing. Rolled-in Scale appears as uneven depressions and protrusions on the surface due to the presence of pressed oxide layers. The hot-rolled steel strip exhibits a pattern resembling crazing but without actual cracks, only black cloudy streaks as defects."
NEUDET4_ROLLED_123.jpg,15,"steel,rolled","Structural Steel Automotive Mechanical Manufacturing. Rolled-in Scale is the presence of unevenly distributed pressed oxide layer on the surface. The hot-rolled strip steel exhibits a pattern resembling crazing but without actual cracks, showing only black cloud-like defects."
NEUDET4_ROLLED_124.jpg,15,"steel,rolled","Structural Steel Automotive Mechanical Manufacturing. Rolled-in Scale appears as uneven depressions on the surface due to the presence of pressed oxide layers. The hot-rolled strip steel displays a pattern resembling crazing, with black cloud-like markings but without actual cracks."
NEUDET4_ROLLED_125.jpg,15,"steel,rolled","Structural Steel Automotive Mechanical Manufacturing. Rolled-in Scale appears on the surface as an uneven layer of oxide skin that has been pressed in. The hot-rolled steel strip exhibits a pattern resembling crazing, with black cloud-like markings but no actual cracks."
NEUDET4_ROLLED_126.jpg,15,"steel,rolled","Structural Steel Automotive Mechanical Manufacturing. Rolled-in Scale is the presence of pressed oxide layers on the surface, exhibiting uneven concave-convex structures. The hot-rolled strip steel in Structural Steel Automotive Mechanical Manufacturing shows patterns resembling crazing but without cracks, only black cloud-like defects."
NEUDET4_ROLLED_127.jpg,15,"steel,rolled","Structural Steel Automotive Mechanical Manufacturing. Rolled-in Scale appears as uneven depressions on the surface caused by the presence of an oxide layer. Hot-rolled steel strips exhibit a pattern resembling crazing, characterized by black cloudy streaks without actual cracks."
NEUDET4_ROLLED_128.jpg,15,"steel,rolled","Structural Steel Automotive Mechanical Manufacturing. Rolled-in Scale appears as uneven depressions caused by the pressed oxide layer on the surface. The hot-rolled steel strip exhibits a pattern resembling crazing but without actual cracks, only black cloudy streaks as defects."
NEUDET4_ROLLED_129.jpg,15,"steel,rolled","Structural Steel Automotive Mechanical Manufacturing. Rolled-in Scale appears as uneven concave-convex structures on the surface due to pressed oxide layer. The hot-rolled steel strip exhibits a pattern resembling crazing, characterized by black cloudy markings without actual cracks."
NEUDET4_ROLLED_130.jpg,15,"steel,rolled","Structural Steel Automotive Mechanical Manufacturing. Rolled-in Scale appears as uneven depressions on the surface due to the presence of pressed oxide layer. The hot-rolled strip steel shows a pattern resembling crazing, characterized by black cloudy streaks without actual cracks."
NEUDET4_ROLLED_131.jpg,15,"steel,rolled","Structural Steel Automotive Mechanical Manufacturing. Rolled-in Scale appears as unevenly distributed pressed oxide layers on the surface. The hot-rolled steel strip exhibits a pattern resembling crazing, with black cloudy streaks but no actual cracks."
NEUDET4_ROLLED_132.jpg,15,"steel,rolled","Structural Steel Automotive Mechanical Manufacturing. Rolled-in Scale appears as unevenly distributed pressed oxide layers on the surface, forming a non-uniform rough texture. The hot-rolled steel strip exhibits a pattern resembling crazing but without actual cracks, only black cloudy streaks as defects."
NEUDET4_ROLLED_133.jpg,15,"steel,rolled","Structural Steel Automotive Mechanical Manufacturing. Rolled-in Scale appears as uneven concave-convex structures on the surface due to pressed oxide layers. The hot-rolled strip steel shows a pattern resembling crazing, with black cloud-like markings but no actual cracks."
NEUDET4_ROLLED_134.jpg,15,"steel,rolled","Structural Steel Automotive Mechanical Manufacturing. Rolled-in Scale appears as unevenly distributed pressed oxide layers on the surface. The hot-rolled strip steel exhibits a pattern resembling crazing but without actual cracks, only black cloudy streaks as defects."
NEUDET4_ROLLED_135.jpg,15,"steel,rolled","Structural Steel Automotive Mechanical Manufacturing. Rolled-in Scale is the presence of pressed oxide layer on the surface, exhibiting uneven concave-convex structures. Hot-rolled steel strip in Structural Steel Automotive Mechanical Manufacturing shows patterns resembling crazing but without cracks, only black cloud-like defects."
NEUDET4_ROLLED_136.jpg,15,"steel,rolled","Structural Steel Automotive Mechanical Manufacturing. Rolled-in Scale refers to the uneven concave-convex structure of an oxide layer pressed into the surface. The hot-rolled strip steel exhibits a pattern resembling crazing but without actual cracks, only black cloud-like defects."
NEUDET4_ROLLED_137.jpg,15,"steel,rolled","Structural Steel Automotive Mechanical Manufacturing. Rolled-in Scale appears as uneven depressions on the surface caused by the presence of an oxide layer. The hot-rolled strip steel exhibits a pattern resembling crazing, characterized by dark wavy lines but without actual cracks."
NEUDET4_ROLLED_138.jpg,15,"steel,rolled","Structural Steel Automotive Mechanical Manufacturing. Rolled-in Scale appears as uneven depressions on the surface due to the presence of pressed oxide layers. The hot-rolled steel strip shows a pattern resembling crazing, with black cloudy streaks but no actual cracks."
NEUDET4_ROLLED_139.jpg,15,"steel,rolled","Structural Steel Automotive Mechanical Manufacturing. Rolled-in Scale refers to the uneven concave-convex structure of pressed oxide layer on the surface. The hot-rolled strip steel in Structural Steel Automotive Mechanical Manufacturing exhibits a pattern resembling crazing, with no cracks but only black cloudy streaks as defects."
NEUDET4_ROLLED_140.jpg,15,"steel,rolled","Structural Steel Automotive Mechanical Manufacturing. Rolled-in Scale appears as uneven depressions on the surface due to the presence of pressed oxide layers. The hot-rolled steel strip exhibits a pattern resembling crazing, characterized by black cloud-like markings without actual cracks."
NEUDET4_ROLLED_141.jpg,15,"steel,rolled","Structural Steel Automotive Mechanical Manufacturing. Rolled-in Scale appears as uneven depressions on the surface due to the presence of pressed oxide layers. The hot-rolled steel strip exhibits a pattern resembling crazing, characterized by black cloud-like markings without actual cracks."
NEUDET4_ROLLED_142.jpg,15,"steel,rolled","Structural Steel Automotive Mechanical Manufacturing. Rolled-in Scale appears as uneven depressions on the surface due to the presence of pressed oxide layers. The hot-rolled steel strip exhibits a pattern resembling crazing, characterized by irregular black wavy lines without actual cracks."
NEUDET4_ROLLED_143.jpg,15,"steel,rolled","Structural Steel Automotive Mechanical Manufacturing. Rolled-in Scale refers to the uneven concave-convex structure of pressed oxide skin on the surface. The hot-rolled steel strip exhibits a pattern resembling crazing but without actual cracks, only black cloudy streaks as defects."
NEUDET4_ROLLED_144.jpg,15,"steel,rolled","Structural Steel Automotive Mechanical Manufacturing. Rolled-in Scale is the presence of unevenly distributed pressed oxide layers on the surface, forming irregular concave-convex structures. In hot-rolled strip steel of Structural Steel Automotive Mechanical Manufacturing, the pattern resembles crazing but without cracks, only exhibiting black cloud-like markings as a defect."
NEUDET4_ROLLED_145.jpg,15,"steel,rolled","Structural Steel Automotive Mechanical Manufacturing. Rolled-in Scale appears as uneven depressions on the surface due to the presence of pressed oxide layers. The hot-rolled steel strip exhibits a pattern resembling crazing, with black cloudy streaks but no actual cracks."
NEUDET4_ROLLED_146.jpg,15,"steel,rolled","Structural Steel Automotive Mechanical Manufacturing. Rolled-in Scale appears as uneven depressions on the surface due to the presence of pressed oxide layers. The hot-rolled steel strip shows a pattern resembling crazing, characterized by black cloudy streaks without actual cracks."
NEUDET4_ROLLED_147.jpg,15,"steel,rolled","Structural Steel Automotive Mechanical Manufacturing. Rolled-in Scale is the presence of pressed oxide scale on the surface, exhibiting uneven concave-convex structures. Hot-rolled strip steel in Structural Steel Automotive Mechanical Manufacturing shows similarities to unevenness and cracking in Rolled-in Scale."
NEUDET4_ROLLED_148.jpg,15,"steel,rolled","Structural Steel Automotive Mechanical Manufacturing. Rolled-in Scale is the presence of unevenly distributed pressed oxide layers on the surface, exhibiting irregular concave-convex structures. Hot-rolled steel strip in Structural Steel Automotive Mechanical Manufacturing shows similarities to uneven Rolled-in Scale and cracking."
NEUDET4_ROLLED_149.jpg,15,"steel,rolled","Structural Steel Automotive Mechanical Manufacturing. Rolled-in Scale is an uneven and crack-like surface appearance of pressed oxide skin on hot-rolled strip steel. The presence of Rolled-in Scale results in an irregular and bumpy structure, similar to cracking."
NEUDET4_ROLLED_150.jpg,15,"steel,rolled","Structural Steel Automotive Mechanical Manufacturing. Rolled-in Scale is the uneven and crack-like appearance of pressed oxide layer on the surface of hot-rolled steel strip. This defect resembles an uneven and cracked structure, similar to scaling."
NEUDET4_ROLLED_151.jpg,15,"steel,rolled",Structural Steel Automotive Mechanical Manufacturing. Rolled-in Scale is the uneven and crack-like appearance of pressed oxide layer on the surface of hot-rolled steel strips. This defect resembles an irregular pattern of concave and convex structures.
NEUDET4_ROLLED_152.jpg,15,"steel,rolled",Structural Steel Automotive Mechanical Manufacturing. Rolled-in Scale is the uneven and crack-like presence of pressed oxide layer on the surface of hot-rolled steel strips.
NEUDET4_ROLLED_153.jpg,15,"steel,rolled","Structural Steel Automotive Mechanical Manufacturing. Rolled-in Scale is a surface manifestation of pressed oxide layer, exhibiting uneven concave-convex structures. Hot-rolled strip steel in Structural Steel Automotive Mechanical Manufacturing shows similarities to uneven and cracked Rolled-in Scale."
NEUDET4_ROLLED_154.jpg,15,"steel,rolled","Structural Steel Automotive Mechanical Manufacturing. Rolled-in Scale is an uneven, concave-convex layer of oxide on the surface, resembling uneven and cracked patterns. Hot-rolled steel strip in Structural Steel Automotive Mechanical Manufacturing exhibits the presence of uneven Rolled-in Scale and similarities to cracking."
NEUDET4_ROLLED_155.jpg,15,"steel,rolled",Structural Steel Automotive Mechanical Manufacturing. Rolled-in Scale is the uneven and crack-like surface appearance of pressed oxide skin. Hot-rolled steel strip in Structural Steel Automotive Mechanical Manufacturing exhibits uneven Rolled-in Scale and resembles cracking.
NEUDET4_ROLLED_156.jpg,15,"steel,rolled","Structural Steel Automotive Mechanical Manufacturing. Rolled-in Scale is the presence of unevenly distributed pressed oxide layer on the surface, exhibiting a non-uniform concave-convex structure. Hot-rolled strip steel in Structural Steel Automotive Mechanical Manufacturing shows similarities to unevenness and cracking in Rolled-in Scale."
NEUDET4_ROLLED_157.jpg,15,"steel,rolled","Structural Steel Automotive Mechanical Manufacturing. Rolled-in Scale is an unevenly distributed pressed oxide layer visible on the surface, resembling irregular concave-convex structures. Hot-rolled strip steel in Structural Steel Automotive Mechanical Manufacturing exhibits uneven Rolled-in Scale and resembles both unevenness and cracking."
NEUDET4_ROLLED_158.jpg,15,"steel,rolled","Structural Steel Automotive Mechanical Manufacturing. Rolled-in Scale is the presence of unevenly distributed pressed oxide layers on the surface, exhibiting an inconsistent concave-convex structure. Hot-rolled steel strips in Structural Steel Automotive Mechanical Manufacturing show similarities to uneven Rolled-in Scale and cracking."
NEUDET4_ROLLED_159.jpg,15,"steel,rolled","Structural Steel Automotive Mechanical Manufacturing. Rolled-in Scale is the presence of unevenly distributed pressed oxide layers on the surface, exhibiting an irregular pattern of concave and convex structures. Hot-rolled strip steel in Structural Steel Automotive Mechanical Manufacturing shows similarities to uneven Rolled-in Scale and cracking."
NEUDET4_ROLLED_160.jpg,15,"steel,rolled","Structural Steel Automotive Mechanical Manufacturing. Rolled-in Scale is the presence of unevenly distributed pressed oxide layers on the surface, exhibiting an irregular pattern of concave and convex structures. Hot-rolled steel strip in Structural Steel Automotive Mechanical Manufacturing shows similarities to uneven Rolled-in Scale and cracking."
NEUDET4_ROLLED_161.jpg,15,"steel,rolled",Structural Steel Automotive Mechanical Manufacturing. Rolled-in Scale appears as uneven depressions on the surface due to the presence of pressed oxide layers. Some sections of hot-rolled strip steel exhibit localized slight protrusions in the oxide layer.
NEUDET4_ROLLED_162.jpg,15,"steel,rolled","Structural Steel Automotive Mechanical Manufacturing. Rolled-in Scale is an unevenly distributed layer of pressed oxide skin visible on the surface. In some areas of hot-rolled strip steel, there are slight local protrusions in the partially oxidized skin."
NEUDET4_ROLLED_163.jpg,15,"steel,rolled","Structural Steel Automotive Mechanical Manufacturing. Rolled-in Scale is the presence of unevenly distributed pressed oxide layers on the surface, forming an irregular pattern of indentations. In hot-rolled strip steel of Structural Steel Automotive Mechanical Manufacturing, some areas exhibit slight localized protrusions of oxide layers."
NEUDET4_ROLLED_164.jpg,15,"steel,rolled","Structural Steel Automotive Mechanical Manufacturing. Rolled-in Scale refers to the presence of unevenly distributed pressed oxide layers on the surface. In some areas of hot-rolled strip steel, the oxide layer exhibits slight local protrusions."
NEUDET4_ROLLED_165.jpg,15,"steel,rolled","Structural Steel Automotive Mechanical Manufacturing. Rolled-in Scale refers to the presence of pressed oxide layers on the surface, exhibiting uneven concave-convex structures. In hot-rolled steel strips of Structural Steel Automotive Mechanical Manufacturing, some areas of the oxide layer exhibit localized slight protrusions."
NEUDET4_ROLLED_166.jpg,15,"steel,rolled","Structural Steel Automotive Mechanical Manufacturing. Rolled-in Scale appears as uneven depressions on the surface due to the presence of pressed oxide layers. In certain areas of hot-rolled strip steel, there are slight local protrusions caused by partial oxidation."
NEUDET4_ROLLED_167.jpg,15,"steel,rolled","Structural Steel Automotive Mechanical Manufacturing. Rolled-in Scale refers to the presence of unevenly distributed pressed oxide layer on the surface. In hot-rolled strip steel, some areas of the oxide layer exhibit slight local protrusions."
NEUDET4_ROLLED_168.jpg,15,"steel,rolled","Structural Steel Automotive Mechanical Manufacturing. Rolled-in Scale refers to the uneven concave-convex structure of pressed oxide layers on the surface. In hot-rolled strip steel of Structural Steel Automotive Mechanical Manufacturing, some areas exhibit slight localized protrusions of oxide layers."
NEUDET4_ROLLED_169.jpg,15,"steel,rolled","Structural Steel Automotive Mechanical Manufacturing. Rolled-in Scale refers to the presence of unevenly distributed pressed oxide layer on the surface. In hot-rolled strip steel of Structural Steel Automotive Mechanical Manufacturing, partial oxide layer exhibits local slight protrusions."
NEUDET4_ROLLED_170.jpg,15,"steel,rolled","Structural Steel Automotive Mechanical Manufacturing. Rolled-in Scale appears on the surface as uneven concave-convex structures due to pressed oxide layers. In some areas of hot-rolled strip steel, the oxide layer shows localized slight protrusions."
NEUDET4_ROLLED_171.jpg,15,"steel,rolled","Structural Steel Automotive Mechanical Manufacturing. Rolled-in Scale is the presence of pressed oxide layers on the surface, exhibiting uneven concave-convex structures. In hot-rolled strip steel, some areas of the oxide layer show localized slight protrusions."
NEUDET4_ROLLED_172.jpg,15,"steel,rolled","Structural Steel Automotive Mechanical Manufacturing. Rolled-in Scale appears as an uneven layer of pressed oxide on the surface, exhibiting non-uniform concave-convex structures. In hot-rolled strip steel of Structural Steel Automotive Mechanical Manufacturing, partial oxide layers show localized slight protrusions."
NEUDET4_ROLLED_173.jpg,15,"steel,rolled","Structural Steel Automotive Mechanical Manufacturing. Rolled-in Scale is the presence of unevenly distributed pressed oxide layers on the surface, displaying non-uniform concave-convex structures. In hot-rolled strip steel of Structural Steel Automotive Mechanical Manufacturing, some areas of the oxide layer exhibit localized slight protrusions."
NEUDET4_ROLLED_174.jpg,15,"steel,rolled","Structural Steel Automotive Mechanical Manufacturing. Rolled-in Scale appears as uneven depressions on the surface due to pressed oxide layers. In some areas of hot-rolled strip steel, the oxide layer shows slight local protrusions."
NEUDET4_ROLLED_175.jpg,15,"steel,rolled","Structural Steel Automotive Mechanical Manufacturing. Rolled-in Scale appears as unevenly distributed pressed oxide layers on the surface, showing an irregular pattern of concave-convex structures. In some areas of hot-rolled strip steel, there are slight local protrusions of the oxide layer."
NEUDET4_ROLLED_176.jpg,15,"steel,rolled","Structural Steel Automotive Mechanical Manufacturing. Rolled-in Scale appears as uneven depressions on the surface due to pressed oxide layers. In some areas of hot-rolled steel strips, the oxide layer shows slight local protrusions."
NEUDET4_ROLLED_177.jpg,15,"steel,rolled","Structural Steel Automotive Mechanical Manufacturing. Rolled-in Scale refers to the presence of unevenly distributed pressed oxide layers on the surface. In some areas of hot-rolled strip steel, the oxide layer exhibits localized slight protrusions."
NEUDET4_ROLLED_178.jpg,15,"steel,rolled","Structural Steel Automotive Mechanical Manufacturing. Rolled-in Scale is the presence of pressed oxide layers on the surface, exhibiting uneven concave-convex structures. In some areas of hot-rolled strip steel in Structural Steel Automotive Mechanical Manufacturing, the oxide layer shows localized slight protrusions."
NEUDET4_ROLLED_179.jpg,15,"steel,rolled","Structural Steel Automotive Mechanical Manufacturing. Rolled-in Scale refers to the uneven concave-convex structure on the surface caused by pressed oxide layers. In hot-rolled strip steel of Structural Steel Automotive Mechanical Manufacturing, some areas exhibit locally slight protrusions of oxide layers."
NEUDET4_ROLLED_180.jpg,15,"steel,rolled","Structural Steel Automotive Mechanical Manufacturing. Rolled-in Scale refers to the uneven concave-convex structure on the surface caused by the pressed oxide layer. In some areas of hot-rolled strip steel, the oxide layer exhibits local slight protrusions."
NEUDET4_ROLLED_181.jpg,15,"steel,rolled","Structural Steel Automotive Mechanical Manufacturing. Rolled-in Scale is the presence of pressed oxide scale on the surface, exhibiting uneven concave-convex structures. In hot-rolled strip steel, certain areas of the oxide scale may appear slightly raised."
NEUDET4_ROLLED_182.jpg,15,"steel,rolled","Structural Steel Automotive Mechanical Manufacturing. Crazing refers to the appearance of a fine network of cracks on the surface, often irregularly distributed. Rolled-in Scale manifests as an uneven layer of pressed oxide skin on the surface, exhibiting non-uniform concave-convex structures. In hot-rolled strip steel of Structural Steel Automotive Mechanical Manufacturing, localized slight protrusions of oxide skin can be observed."
NEUDET4_ROLLED_183.jpg,15,"steel,rolled","Structural Steel Automotive Mechanical Manufacturing. Crazing is the appearance of a fine network of cracks on the surface, often irregularly distributed. Rolled-in Scale is the presence of pressed oxide layer on the surface, exhibiting uneven concave-convex structures. In hot-rolled strip steel of Structural Steel Automotive Mechanical Manufacturing, some areas of the oxide layer show slight local protrusions."
NEUDET4_ROLLED_184.jpg,15,"steel,rolled","Structural Steel Automotive Mechanical Manufacturing. Rolled-in Scale refers to the uneven concave-convex structure on the surface caused by pressed oxide layer. In hot-rolled strip steel of Structural Steel Automotive Mechanical Manufacturing, some areas exhibit locally slight protrusions of oxide scale."
NEUDET4_ROLLED_185.jpg,15,"steel,rolled","Structural Steel Automotive Mechanical Manufacturing. Crazing refers to the appearance of a fine network of cracks on the surface, often irregularly distributed. Rolled-in Scale is the presence of pressed oxide scale on the surface, exhibiting uneven concave-convex structures. In hot-rolled strip steel of Structural Steel Automotive Mechanical Manufacturing, localized slight protrusions of oxide scale can be observed."
NEUDET4_ROLLED_186.jpg,15,"steel,rolled","Structural Steel Automotive Mechanical Manufacturing. Rolled-in Scale refers to the presence of unevenly distributed pressed oxide layers on the surface, forming an irregular pattern of concave-convex structures. In hot-rolled strip steel of Structural Steel Automotive Mechanical Manufacturing, localized slight protrusions are observed in certain areas of the oxide layer."
NEUDET4_ROLLED_187.jpg,15,"steel,rolled","Structural Steel Automotive Mechanical Manufacturing. Rolled-in Scale refers to the presence of unevenly distributed pressed oxide layers on the surface, exhibiting a non-uniform raised and depressed structure. In hot-rolled strip steel of Structural Steel Automotive Mechanical Manufacturing, localized slight protrusions are observed in certain areas of the oxide layer."
NEUDET4_ROLLED_188.jpg,15,"steel,rolled","Structural Steel Automotive Mechanical Manufacturing. Rolled-in Scale appears as uneven depressions on the surface due to pressed oxide layers. In some areas of hot-rolled strip steel, there are slight local protrusions in the oxide layer."
NEUDET4_ROLLED_189.jpg,15,"steel,rolled","Structural Steel Automotive Mechanical Manufacturing. Rolled-in Scale refers to the presence of pressed oxide layers on the surface, exhibiting uneven concave-convex structures. In hot-rolled strip steel of Structural Steel Automotive Mechanical Manufacturing, localized mild protrusions are observed in some areas of the oxide layer."
NEUDET4_ROLLED_190.jpg,15,"steel,rolled","Structural Steel Automotive Mechanical Manufacturing. Rolled-in Scale refers to the uneven concave-convex structure on the surface caused by pressed oxide layer. In some areas of hot-rolled strip steel, there are localized slight protrusions of the oxide layer."
NEUDET4_ROLLED_191.jpg,15,"steel,rolled","Structural Steel Automotive Mechanical Manufacturing. Rolled-in Scale refers to the uneven concave-convex structure on the surface caused by pressed oxide layers. In hot-rolled strip steel, some areas of the oxide layer exhibit slight local protrusions."
NEUDET4_ROLLED_192.jpg,15,"steel,rolled","Structural Steel Automotive Mechanical Manufacturing. Rolled-in Scale refers to the uneven concave-convex structure on the surface caused by the pressed oxide layer. In some areas of hot-rolled strip steel, the oxide layer shows local slight protrusions."
NEUDET4_ROLLED_193.jpg,15,"steel,rolled","Structural Steel Automotive Mechanical Manufacturing. Rolled-in Scale refers to the uneven concave-convex structure of pressed oxide layer on the surface. In hot-rolled strip steel of Structural Steel Automotive Mechanical Manufacturing, partial oxide layer exhibits slight local protrusions."
NEUDET4_ROLLED_194.jpg,15,"steel,rolled","Structural Steel Automotive Mechanical Manufacturing. Rolled-in Scale refers to the uneven presence of pressed oxide layer on the surface, exhibiting non-uniform concave-convex structures. In hot-rolled strip steel of Structural Steel Automotive Mechanical Manufacturing, localized slight protrusions of oxide layer are observed."
NEUDET4_ROLLED_195.jpg,15,"steel,rolled","Structural Steel Automotive Mechanical Manufacturing. Rolled-in Scale refers to the uneven concave-convex structure of pressed oxide layer on the surface. In hot-rolled strip steel, some areas of the oxide layer exhibit slight local protrusions."
NEUDET4_ROLLED_196.jpg,15,"steel,rolled","Structural Steel Automotive Mechanical Manufacturing. Rolled-in Scale refers to the presence of unevenly distributed pressed oxide layers on the surface, exhibiting irregular concave-convex structures. In some areas of hot-rolled strip steel in Structural Steel Automotive Mechanical Manufacturing, the oxide layer shows localized slight protrusions."
NEUDET4_ROLLED_197.jpg,15,"steel,rolled","Structural Steel Automotive Mechanical Manufacturing. Rolled-in Scale is the presence of unevenly distributed pressed oxide layers on the surface, exhibiting irregular concave-convex structures. In hot-rolled strip steel of Structural Steel Automotive Mechanical Manufacturing, localized slight protrusions of oxide layers are observed."
NEUDET4_ROLLED_198.jpg,15,"steel,rolled","Structural Steel Automotive Mechanical Manufacturing. Rolled-in Scale appears as uneven depressions on the surface due to the presence of pressed oxide layers. In some areas of hot-rolled strip steel, the oxide layer exhibits localized slight protrusions."
NEUDET4_ROLLED_199.jpg,15,"steel,rolled","Structural Steel Automotive Mechanical Manufacturing. Rolled-in Scale refers to the presence of unevenly distributed pressed oxide layers on the surface, forming irregular concave-convex structures. In hot-rolled strip steel of Structural Steel Automotive Mechanical Manufacturing, partial oxide layers exhibit localized slight protrusions."
NEUDET4_ROLLED_200.jpg,15,"steel,rolled","Structural Steel Automotive Mechanical Manufacturing. Rolled-in Scale appears as an uneven layer of pressed oxide on the surface, showing non-uniform concave-convex structures. In hot-rolled strip steel, some areas of the oxide layer exhibit localized slight protrusions."
NEUDET4_ROLLED_201.jpg,15,"steel,rolled","Structural Steel Automotive Mechanical Manufacturing. Rolled-in Scale is the presence of pressed oxide skin on the surface, exhibiting uneven concave-convex structures. In hot-rolled strip steel of Structural Steel Automotive Mechanical Manufacturing, some parts of the oxide skin show localized slight protrusions."
NEUDET4_ROLLED_202.jpg,15,"steel,rolled","Structural Steel Automotive Mechanical Manufacturing. Rolled-in Scale appears as uneven depressions on the surface due to the presence of pressed oxide layers. In certain areas of hot-rolled strip steel, the oxide layer exhibits slight local protrusions."
NEUDET4_ROLLED_203.jpg,15,"steel,rolled","Structural Steel Automotive Mechanical Manufacturing. Rolled-in Scale is the presence of pressed oxide layers on the surface, exhibiting uneven concave-convex structures. In hot-rolled strip steel of Structural Steel Automotive Mechanical Manufacturing, some areas of the oxide layer show localized slight protrusions."
NEUDET4_ROLLED_204.jpg,15,"steel,rolled","Structural Steel Automotive Mechanical Manufacturing. Rolled-in Scale appears as uneven depressions on the surface due to the presence of pressed oxide layers. In some areas of hot-rolled strip steel, there are slight local protrusions of the oxide layer."
NEUDET4_ROLLED_205.jpg,15,"steel,rolled","Structural Steel Automotive Mechanical Manufacturing. Rolled-in Scale refers to the uneven concave-convex structure on the surface caused by the pressed oxide layer. In hot-rolled strip steel of Structural Steel Automotive Mechanical Manufacturing, some parts of the oxide layer exhibit local slight protrusions."
NEUDET4_ROLLED_206.jpg,15,"steel,rolled","Structural Steel Automotive Mechanical Manufacturing. Rolled-in Scale is the presence of pressed oxide layer on the surface, exhibiting uneven concave-convex structures. In hot-rolled strip steel, some areas of the oxide layer show localized slight protrusions."
NEUDET4_ROLLED_207.jpg,15,"steel,rolled","Structural Steel Automotive Mechanical Manufacturing. Rolled-in Scale refers to the presence of unevenly distributed pressed oxide layers on the surface. In some areas of hot-rolled strip steel, there are localized slight protrusions of the oxide layer."
NEUDET4_ROLLED_208.jpg,15,"steel,rolled","Structural Steel Automotive Mechanical Manufacturing. Rolled-in Scale refers to the uneven concave-convex structure on the surface caused by pressed oxide layers. In hot-rolled strip steel, some areas exhibit slight local protrusions of the oxide layer."
NEUDET4_ROLLED_209.jpg,15,"steel,rolled","Structural Steel Automotive Mechanical Manufacturing. Rolled-in Scale is the presence of pressed oxide layers on the surface, exhibiting uneven concave-convex structures. In hot-rolled steel strips, certain areas of the oxide layer may show slight local protrusions."
NEUDET4_ROLLED_210.jpg,15,"steel,rolled","Structural Steel Automotive Mechanical Manufacturing. Rolled-in Scale appears as uneven depressions on the surface due to the pressed oxide layer. In hot-rolled steel strips, some areas of the oxide layer exhibit slight local protrusions."
NEUDET4_ROLLED_211.jpg,15,"steel,rolled","Structural Steel Automotive Mechanical Manufacturing. Rolled-in Scale appears as uneven depressions on the surface due to the pressed oxide layer. In hot-rolled strip steel, some areas of the oxide layer exhibit slight local protrusions."
NEUDET4_ROLLED_212.jpg,15,"steel,rolled","Structural Steel Automotive Mechanical Manufacturing. Rolled-in Scale is the unevenly distributed oxide layer that appears pressed into the surface, showing irregular concave-convex structures. Hot-rolled strip steel in Structural Steel Automotive Mechanical Manufacturing exhibits fish-scale-like imprints of oxide skin."
NEUDET4_ROLLED_213.jpg,15,"steel,rolled","Structural Steel Automotive Mechanical Manufacturing. Rolled-in Scale is the unevenly distributed pressed oxide layer visible on the surface, exhibiting a non-uniform concave-convex structure. Hot-rolled steel strip shows fish-scale-like imprints of the oxide layer."
NEUDET4_ROLLED_214.jpg,15,"steel,rolled","Structural Steel Automotive Mechanical Manufacturing. Rolled-in Scale is the presence of unevenly distributed pressed oxide layer on the surface, exhibiting non-uniform concave-convex structures. Hot-rolled steel strip in Structural Steel Automotive Mechanical Manufacturing shows fish-scale patterned oxide layer impressions."
NEUDET4_ROLLED_215.jpg,15,"steel,rolled","Structural Steel Automotive Mechanical Manufacturing. Rolled-in Scale appears as uneven concave-convex structures on the surface, indicating the presence of pressed oxide layers. The hot-rolled strip steel shows fish-scale-like imprints of oxide skin."
NEUDET4_ROLLED_216.jpg,15,"steel,rolled","Structural Steel Automotive Mechanical Manufacturing. Rolled-in Scale is the presence of unevenly distributed pressed oxide layers on the surface, exhibiting an irregular pattern of concave and convex structures. Hot-rolled strip steel in Structural Steel Automotive Mechanical Manufacturing shows scale marks resembling fish scales."
NEUDET4_ROLLED_217.jpg,15,"steel,rolled",Structural Steel Automotive Mechanical Manufacturing. Rolled-in Scale appears as uneven depressions and protrusions on the surface due to the pressed oxide layer. Fish-scale patterned oxide skin indentations can be observed on hot-rolled strip steel.
NEUDET4_ROLLED_218.jpg,15,"steel,rolled",Structural Steel Automotive Mechanical Manufacturing. Rolled-in Scale refers to the uneven concave-convex structure of the pressed oxide layer on the surface. The hot-rolled steel strip exhibits a fish-scale pattern of oxide skin imprints.
NEUDET4_ROLLED_219.jpg,15,"steel,rolled",Structural Steel Automotive Mechanical Manufacturing. Rolled-in Scale refers to the uneven concave-convex structure of pressed oxide layer on the surface. Hot-rolled steel strip exhibits a fish-scale pattern of oxide layer imprints.
NEUDET4_ROLLED_220.jpg,15,"steel,rolled","Structural Steel Automotive Mechanical Manufacturing. Rolled-in Scale is the presence of unevenly distributed pressed oxide layers on the surface, forming irregular concave-convex structures. Hot-rolled steel strips in Structural Steel Automotive Mechanical Manufacturing exhibit fish-scale-like imprints of oxide layers."
NEUDET4_ROLLED_221.jpg,15,"steel,rolled",Structural Steel Automotive Mechanical Manufacturing. Rolled-in Scale appears as uneven depressions on the surface due to the presence of pressed oxide layers. Hot-rolled steel strips in the industry often exhibit a fish-scale pattern of oxide skin imprints.
NEUDET4_ROLLED_222.jpg,15,"steel,rolled",Structural Steel Automotive Mechanical Manufacturing. Rolled-in Scale refers to the uneven concave-convex structure of pressed oxide layer on the surface. Fish-scale patterned oxide skin indentation is observed on hot-rolled strip steel in Structural Steel Automotive Mechanical Manufacturing.
NEUDET4_ROLLED_223.jpg,15,"steel,rolled","Structural Steel Automotive Mechanical Manufacturing. Rolled-in Scale is the unevenly distributed pressed oxide layer visible on the surface, exhibiting a non-uniform concave-convex structure. Hot-rolled strip steel in Structural Steel Automotive Mechanical Manufacturing shows fish-scale-like imprints of oxide skin."
NEUDET4_ROLLED_224.jpg,15,"steel,rolled","Structural Steel Automotive Mechanical Manufacturing. Rolled-in Scale refers to the uneven concave-convex structure of pressed oxide layers visible on the surface. In hot-rolled strip steel, a fish scale-like oxide layer imprint can be observed."
NEUDET4_ROLLED_225.jpg,15,"steel,rolled","Structural Steel Automotive Mechanical Manufacturing. Rolled-in Scale refers to the surface showing pressed oxide layer, exhibiting uneven concave-convex structures. Hot-rolled strip steel in Structural Steel Automotive Mechanical Manufacturing exhibits fish-scale-like imprints of oxide layers."
NEUDET4_ROLLED_226.jpg,15,"steel,rolled","Structural Steel Automotive Mechanical Manufacturing. Rolled-in Scale is the unevenly distributed pressed oxide layer on the surface, exhibiting a non-uniform raised and depressed structure. Hot-rolled structural steel shows fish-scale-like imprints of oxide scale."
NEUDET4_ROLLED_227.jpg,15,"steel,rolled",Structural Steel Automotive Mechanical Manufacturing. Rolled-in Scale refers to the uneven concave-convex structures on the surface caused by pressed oxide layers. The hot-rolled steel strip exhibits a fish-scale pattern of oxide skin impressions.
NEUDET4_ROLLED_228.jpg,15,"steel,rolled",Structural Steel Automotive Mechanical Manufacturing. Rolled-in Scale refers to the uneven concave-convex structure of compressed oxide layer on the surface. Fish-scale patterned oxide skin impressions are commonly observed on hot-rolled steel strips in the Structural Steel Automotive Mechanical Manufacturing industry.
NEUDET4_ROLLED_229.jpg,15,"steel,rolled",Structural Steel Automotive Mechanical Manufacturing. Rolled-in Scale refers to the uneven concave-convex structure on the surface caused by the pressed oxide layer. Hot-rolled steel strip exhibits a fish-scale pattern of oxide skin imprints.
NEUDET4_ROLLED_230.jpg,15,"steel,rolled",Structural Steel Automotive Mechanical Manufacturing. Rolled-in Scale refers to the uneven concave-convex structure on the surface caused by the pressed oxide layer. Hot-rolled steel strip exhibits fish-scale-like imprints of the oxide layer.
NEUDET4_ROLLED_231.jpg,15,"steel,rolled","Structural Steel Automotive Mechanical Manufacturing. Rolled-in Scale is the unevenly distributed, pressed oxide layer visible on the surface. Hot-rolled steel strip exhibits fish-scale patterned oxide skin impressions."
NEUDET4_ROLLED_232.jpg,15,"steel,rolled",Structural Steel Automotive Mechanical Manufacturing. Rolled-in Scale refers to the uneven concave-convex structure on the surface caused by the pressed oxide layer. Hot-rolled steel strip exhibits a fish-scale pattern of oxide skin impressions.
NEUDET4_ROLLED_233.jpg,15,"steel,rolled",Structural Steel Automotive Mechanical Manufacturing. Rolled-in Scale refers to the uneven concave-convex structure of pressed oxide layer on the surface. Hot-rolled steel strip exhibits a fish-scale pattern of oxide skin impressions.
NEUDET4_ROLLED_234.jpg,15,"steel,rolled","Structural Steel Automotive Mechanical Manufacturing. Rolled-in Scale is the presence of unevenly distributed pressed oxide layers on the surface, forming an irregular pattern of concave and convex structures. Hot-rolled steel strips in Structural Steel Automotive Mechanical Manufacturing exhibit scale marks resembling fish scales, indicating surface imperfections."
NEUDET4_ROLLED_235.jpg,15,"steel,rolled","Structural Steel Automotive Mechanical Manufacturing. Rolled-in Scale is the presence of unevenly distributed pressed oxide layers on the surface, exhibiting a non-uniform concave-convex structure. Hot-rolled steel strip shows a fish-scale pattern of oxide skin impressions."
NEUDET4_ROLLED_236.jpg,15,"steel,rolled","Structural Steel Automotive Mechanical Manufacturing. Rolled-in Scale is an unevenly distributed layer of pressed oxide skin on the surface, presenting a non-uniform concave-convex structure. Hot-rolled strip steel in Structural Steel Automotive Mechanical Manufacturing exhibits a scale-like oxide skin with indentations."
NEUDET4_ROLLED_237.jpg,15,"steel,rolled",Structural Steel Automotive Mechanical Manufacturing. Rolled-in Scale refers to the uneven concave-convex structure of pressed oxide layer on the surface. Hot-rolled strip steel in Structural Steel Automotive Mechanical Manufacturing exhibits a fish-scale pattern of oxide skin impressions.
NEUDET4_ROLLED_238.jpg,15,"steel,rolled","Structural Steel Automotive Mechanical Manufacturing. Rolled-in Scale appears as uneven concave-convex structures on the surface due to pressed oxide layers, while Crazing manifests as a network of fine, irregularly distributed cracks on the surface. Hot-rolled strip steel in Structural Steel Automotive Mechanical Manufacturing exhibits scale imprints resembling fish scales."
NEUDET4_ROLLED_239.jpg,15,"steel,rolled","Structural Steel Automotive Mechanical Manufacturing. Rolled-in Scale is the unevenly distributed pressed oxide layer on the surface, exhibiting a non-uniform raised and depressed structure. Hot-rolled strip steel in Structural Steel Automotive Mechanical Manufacturing shows scale impressions resembling fish scales."
NEUDET4_ROLLED_240.jpg,15,"steel,rolled",Structural Steel Automotive Mechanical Manufacturing. Rolled-in Scale refers to the uneven concave-convex structure of pressed oxide layer on the surface. Hot-rolled steel strip exhibits fish-scale patterned oxide scale imprints.
NEUDET4_ROLLED_241.jpg,15,"steel,rolled","Structural Steel Automotive Mechanical Manufacturing. Rolled-in Scale is the presence of unevenly distributed pressed oxide layers on the surface, forming irregular concave-convex structures. In hot-rolled strip steel, fish-scale-like oxide skin impressions can be observed."
NEUDET4_ROLLED_242.jpg,15,"steel,rolled",Structural Steel Automotive Mechanical Manufacturing. Rolled-in Scale appears as uneven concave-convex structures on the surface due to the pressed oxide layer. Hot-rolled steel strip shows fish-scale-like impressions of the oxide skin.
NEUDET4_ROLLED_243.jpg,15,"steel,rolled","Structural Steel Automotive Mechanical Manufacturing. Rolled-in Scale refers to the uneven concave-convex structure on the surface caused by the pressed oxide layer. In hot-rolled strip steel, a fish-scale-like oxide skin imprint can be observed."
NEUDET4_ROLLED_244.jpg,15,"steel,rolled",Structural Steel Automotive Mechanical Manufacturing. Rolled-in Scale refers to the uneven concave-convex structure of pressed oxide layer on the surface. Fish-scale patterned oxide skin imprints are visible on hot-rolled strip steel in Structural Steel Automotive Mechanical Manufacturing.
NEUDET4_ROLLED_245.jpg,15,"steel,rolled",Structural Steel Automotive Mechanical Manufacturing. Rolled-in Scale refers to the uneven concave-convex structure of the pressed oxide layer on the surface. Hot-rolled steel strip exhibits a fish-scale pattern of oxide layer impressions.
NEUDET4_ROLLED_246.jpg,15,"steel,rolled","Structural Steel Automotive Mechanical Manufacturing. Rolled-in Scale appears as uneven depressions and protrusions on the surface due to the presence of pressed oxide layers. In hot-rolled strip steel, black spots cluster in a longitudinal streaky pattern."
NEUDET4_ROLLED_247.jpg,15,"steel,rolled",Structural Steel Automotive Mechanical Manufacturing. Rolled-in Scale appears as uneven depressions on the surface due to the presence of pressed oxide layers. Black spots aggregate in a linear pattern on the hot-rolled strip steel.
NEUDET4_ROLLED_248.jpg,15,"steel,rolled",Structural Steel Automotive Mechanical Manufacturing. Rolled-in Scale appears as uneven depressions on the surface due to the presence of pressed oxide layers. Black spots cluster in a longitudinal striped pattern on hot-rolled strip steel.
NEUDET4_ROLLED_249.jpg,15,"steel,rolled",Structural Steel Automotive Mechanical Manufacturing. Rolled-in Scale appears as uneven depressions on the surface caused by pressed oxide layers. Black spots of hot-rolled steel gather in a linear pattern vertically.
NEUDET4_ROLLED_250.jpg,15,"steel,rolled","Structural Steel Automotive Mechanical Manufacturing. Rolled-in Scale appears as uneven depressions on the surface due to the presence of pressed oxide layers. In hot-rolled strip steel, black spots cluster along longitudinal streaks."
NEUDET4_ROLLED_251.jpg,15,"steel,rolled",Structural Steel Automotive Mechanical Manufacturing. Rolled-in Scale appears as uneven depressions on the surface due to the presence of pressed oxide layers. Black spots are clustered in a linear pattern on the hot-rolled strip steel.
NEUDET4_ROLLED_252.jpg,15,"steel,rolled","Structural Steel Automotive Mechanical Manufacturing. Rolled-in Scale appears as an uneven layer of oxide scale pressed into the surface, creating a non-uniform texture. In hot-rolled strip steel, black spots cluster within the longitudinal streaks."
NEUDET4_ROLLED_253.jpg,15,"steel,rolled",Structural Steel Automotive Mechanical Manufacturing. Rolled-in Scale appears as uneven depressions on the surface due to the presence of pressed oxide layers. Black spots are clustered within the longitudinal streaks on the hot-rolled strip steel.
NEUDET4_ROLLED_254.jpg,15,"steel,rolled",Structural Steel Automotive Mechanical Manufacturing. Rolled-in Scale refers to the uneven concave-convex structure of pressed oxide layer on the surface. Black spots are clustered in a longitudinal stripe pattern on hot-rolled strip steel.
NEUDET4_ROLLED_255.jpg,15,"steel,rolled",Structural Steel Automotive Mechanical Manufacturing. Rolled-in Scale appears as uneven depressions of oxide layer pressed into the surface. Black spots cluster in a longitudinal striped pattern on hot-rolled steel strips.
NEUDET4_ROLLED_256.jpg,15,"steel,rolled",Structural Steel Automotive Mechanical Manufacturing. Rolled-in Scale appears as uneven depressions on the surface due to the presence of pressed oxide layers. Black spots are clustered in a linear pattern on the hot-rolled strip steel.
NEUDET4_ROLLED_257.jpg,15,"steel,rolled","Structural Steel Automotive Mechanical Manufacturing. Rolled-in Scale appears as uneven depressions on the surface due to the presence of pressed oxide layers. In hot-rolled steel strips, black spots cluster within longitudinal streaks."
NEUDET4_ROLLED_258.jpg,15,"steel,rolled","Structural Steel Automotive Mechanical Manufacturing. Rolled-in Scale appears as uneven depressions on the surface due to the presence of pressed oxide layers. In hot-rolled steel strips, black spots cluster along the longitudinal strip distribution."
NEUDET4_ROLLED_259.jpg,15,"steel,rolled","Structural Steel Automotive Mechanical Manufacturing. Rolled-in Scale is the presence of unevenly distributed pressed oxide layers on the surface, forming irregular concave-convex structures. In hot-rolled strip steel of Structural Steel Automotive Mechanical Manufacturing, black spots gather in a longitudinal streaked pattern."
NEUDET4_ROLLED_260.jpg,15,"steel,rolled","Structural Steel Automotive Mechanical Manufacturing. Rolled-in Scale is the presence of pressed oxide layer on the surface, exhibiting uneven concave-convex structures. Hot-rolled strip steel shows clusters of black spots arranged in longitudinal streaks."
NEUDET4_ROLLED_261.jpg,15,"steel,rolled",Structural Steel Automotive Mechanical Manufacturing. Rolled-in Scale refers to the uneven concave-convex structure of pressed oxide layers on the surface. Black spots are clustered in a longitudinal stripe pattern on hot-rolled strip steel.
NEUDET4_ROLLED_262.jpg,15,"steel,rolled",Structural Steel Automotive Mechanical Manufacturing. Rolled-in Scale appears as uneven depressions on the surface due to the presence of pressed oxide layers. Black spots cluster along the longitudinal strip distribution on hot-rolled steel.
NEUDET4_ROLLED_263.jpg,15,"steel,rolled","Structural Steel Automotive Mechanical Manufacturing. Rolled-in Scale appears as uneven depressions on the surface due to the presence of pressed oxide layers. In hot-rolled steel strips, black spots cluster along the longitudinal strip pattern."
NEUDET4_ROLLED_264.jpg,15,"steel,rolled","Structural Steel Automotive Mechanical Manufacturing. Rolled-in Scale appears as uneven depressions on the surface due to the presence of pressed oxide layers. In hot-rolled strip steel, black spots cluster along the longitudinal streaks in a linear distribution."
NEUDET4_ROLLED_265.jpg,15,"steel,rolled","Structural Steel Automotive Mechanical Manufacturing. Rolled-in Scale is the presence of unevenly distributed pressed oxide layers on the surface, exhibiting a non-uniform raised and depressed structure. Hot-rolled strip steel in Structural Steel Automotive Mechanical Manufacturing shows black spots clustered in a longitudinal streak pattern."
NEUDET4_ROLLED_266.jpg,15,"steel,rolled","Structural Steel Automotive Mechanical Manufacturing. Rolled-in Scale appears as uneven depressions on the surface due to the presence of pressed oxide layers. In hot-rolled strip steel, black spots gather in a linear pattern vertically."
NEUDET4_ROLLED_267.jpg,15,"steel,rolled","Structural Steel Automotive Mechanical Manufacturing. Rolled-in Scale appears as uneven depressions on the surface due to the presence of pressed oxide layers. In hot-rolled steel strips, black spots cluster within the longitudinal streaks."
NEUDET4_ROLLED_268.jpg,15,"steel,rolled","Structural Steel Automotive Mechanical Manufacturing. Crazing refers to the appearance of a fine network of cracks on the surface, often irregularly distributed. Rolled-in Scale is the presence of pressed oxide scale on the surface, exhibiting uneven raised and depressed structures. In hot-rolled strip steel of Structural Steel Automotive Mechanical Manufacturing, black spots gather in a longitudinal streak-like pattern."
NEUDET4_ROLLED_269.jpg,15,"steel,rolled","Structural Steel Automotive Mechanical Manufacturing. Rolled-in Scale appears as uneven depressions on the surface due to the presence of pressed oxide layers. In hot-rolled steel strips, black spots cluster along the longitudinal stripe pattern."
NEUDET4_ROLLED_270.jpg,15,"steel,rolled","Structural Steel Automotive Mechanical Manufacturing. Rolled-in Scale appears as uneven depressions on the surface due to pressed oxide layers. In hot-rolled steel strips, black spots cluster in a longitudinal streaky pattern."
NEUDET4_ROLLED_271.jpg,15,"steel,rolled","Structural Steel Automotive Mechanical Manufacturing. Rolled-in Scale appears as uneven depressions on the surface due to the presence of pressed oxide layers. In hot-rolled steel strips, black spots cluster within longitudinal streaks."
NEUDET4_ROLLED_272.jpg,15,"steel,rolled",Structural Steel Automotive Mechanical Manufacturing. Rolled-in Scale appears as uneven depressions on the surface due to the presence of pressed oxide layers. Black spots cluster in a longitudinal stripe pattern on hot-rolled strip steel.
NEUDET4_ROLLED_273.jpg,15,"steel,rolled","Structural Steel Automotive Mechanical Manufacturing. Rolled-in Scale appears as uneven depressions on the surface due to the presence of pressed oxide layers. In hot-rolled steel strips, black spots cluster along the longitudinal streaks in a linear distribution pattern."
NEUDET4_ROLLED_274.jpg,15,"steel,rolled",Structural Steel Automotive Mechanical Manufacturing. Rolled-in Scale is the presence of unevenly distributed pressed oxide layers on the surface. Black spots in a linear pattern are clustered on the hot-rolled strip steel.
NEUDET4_ROLLED_275.jpg,15,"steel,rolled",Structural Steel Automotive Mechanical Manufacturing. Rolled-in Scale appears as an uneven layer of pressed oxide on the surface. Black spots are clustered within the longitudinal stripe distribution of hot-rolled strip steel.
NEUDET4_ROLLED_276.jpg,15,"steel,rolled",Structural Steel Automotive Mechanical Manufacturing. Rolled-in Scale appears as uneven depressions on the surface due to pressed oxide layer. Black spots cluster in a linear pattern along the hot-rolled steel strip.
NEUDET4_ROLLED_277.jpg,15,"steel,rolled",Structural Steel Automotive Mechanical Manufacturing. Rolled-in Scale appears as an uneven layer of pressed oxide on the surface. Black spots are clustered within the longitudinal strip distribution of hot-rolled strip steel.
NEUDET4_ROLLED_278.jpg,15,"steel,rolled",Structural Steel Automotive Mechanical Manufacturing. Rolled-in Scale appears as an uneven layer of pressed oxide on the surface. The black spots clustered in a longitudinal striped pattern on the hot-rolled strip steel.
NEUDET4_ROLLED_279.jpg,15,"steel,rolled",Structural Steel Automotive Mechanical Manufacturing. Rolled-in Scale is the presence of unevenly distributed pressed oxide layers on the surface. Hot-rolled strip steel shows black spot clustering in longitudinal streaks.
NEUDET4_ROLLED_280.jpg,15,"steel,rolled",Structural Steel Automotive Mechanical Manufacturing. Rolled-in Scale refers to the presence of unevenly distributed pressed oxide layers on the surface. Black spots are clustered in a longitudinal streak pattern on hot-rolled strip steel.
NEUDET4_ROLLED_281.jpg,15,"steel,rolled","Structural Steel Automotive Mechanical Manufacturing. Rolled-in Scale appears as uneven depressions on the surface due to pressed oxide layers. In hot-rolled steel strips, black spots cluster along the longitudinal strip pattern."
NEUDET4_ROLLED_282.jpg,15,"steel,rolled","Structural Steel Automotive Mechanical Manufacturing. Rolled-in Scale appears as uneven depressions on the surface due to the presence of pressed oxide layers. In hot-rolled steel strips, black spots cluster in a longitudinal streaky pattern."
NEUDET4_ROLLED_283.jpg,15,"steel,rolled",Structural Steel Automotive Mechanical Manufacturing. Rolled-in Scale is the presence of unevenly distributed pressed oxide layers on the surface. Black spots gathering in a linear pattern vertically on hot-rolled strip steel.
NEUDET4_ROLLED_284.jpg,15,"steel,rolled",Structural Steel Automotive Mechanical Manufacturing. Rolled-in Scale is the presence of unevenly distributed pressed oxide layers on the surface. Black spots gather in a longitudinal streaky pattern on hot-rolled strip steel.
NEUDET4_ROLLED_285.jpg,15,"steel,rolled","Structural Steel Automotive Mechanical Manufacturing. Rolled-in Scale appears as uneven depressions on the surface caused by the presence of pressed oxide layers. In hot-rolled strip steel, black spots cluster along the longitudinal strip distribution."
NEUDET4_ROLLED_286.jpg,15,"steel,rolled",Structural Steel Automotive Mechanical Manufacturing. Rolled-in Scale appears as uneven depressions on the surface due to pressed oxide layers. Black spots cluster in a longitudinal stripe pattern on hot-rolled strip steel.
NEUDET4_ROLLED_287.jpg,15,"steel,rolled",Structural Steel Automotive Mechanical Manufacturing. Rolled-in Scale is the presence of unevenly distributed pressed oxide layer on the surface. Hot-rolled strip steel exhibits clusters of black spots arranged in longitudinal streaks.
NEUDET4_ROLLED_288.jpg,15,"steel,rolled",Structural Steel Automotive Mechanical Manufacturing. Rolled-in Scale appears as uneven depressions on the surface due to the presence of pressed oxide layers. Black spots are clustered in a longitudinal stripe pattern on hot-rolled strip steel.
NEUDET4_ROLLED_289.jpg,15,"steel,rolled",Structural Steel Automotive Mechanical Manufacturing. Rolled-in Scale appears as uneven depressions of oxide layers pressed into the surface. Black spots cluster along the longitudinal strip pattern on hot-rolled steel.
NEUDET4_ROLLED_290.jpg,15,"steel,rolled",Structural Steel Automotive Mechanical Manufacturing. Rolled-in Scale appears as uneven concave-convex structures on the surface due to the presence of pressed oxide layers. Black spots are clustered in a longitudinal stripe pattern on hot-rolled strip steel.
NEUDET4_ROLLED_291.jpg,15,"steel,rolled","Structural Steel Automotive Mechanical Manufacturing. Rolled-in Scale appears as uneven concave-convex structures on the surface due to the pressed oxide layer. In hot-rolled strip steel, black spots gather in a longitudinal streaky pattern."
NEUDET4_ROLLED_292.jpg,15,"steel,rolled",Structural Steel Automotive Mechanical Manufacturing. Rolled-in Scale appears as uneven depressions on the surface due to the presence of pressed oxide layers. Black spots cluster in a linear pattern on the hot-rolled strip steel.
NEUDET4_ROLLED_293.jpg,15,"steel,rolled",Structural Steel Automotive Mechanical Manufacturing. Rolled-in Scale appears as uneven depressions on the surface due to pressed oxide layers. Black spots and speckles are randomly scattered on the hot-rolled strip steel.
NEUDET4_ROLLED_294.jpg,15,"steel,rolled",Structural Steel Automotive Mechanical Manufacturing. Rolled-in Scale appears as uneven depressions on the surface due to the presence of pressed oxide layers. Black speckles are scattered in a sporadic pattern on the hot-rolled strip steel.
NEUDET4_ROLLED_295.jpg,15,"steel,rolled","Structural Steel Automotive Mechanical Manufacturing. Rolled-in Scale appears as an uneven layer of pressed oxide on the surface, showing non-uniform concave-convex structures. The hot-rolled strip steel exhibits scattered black speckles in a mottled pattern."
NEUDET4_ROLLED_296.jpg,15,"steel,rolled",Structural Steel Automotive Mechanical Manufacturing. Rolled-in Scale appears as uneven depressions on the surface due to the presence of pressed oxide layers. Black spots and speckles are scattered throughout the hot-rolled strip steel.
NEUDET4_ROLLED_297.jpg,15,"steel,rolled",Structural Steel Automotive Mechanical Manufacturing. Rolled-in Scale appears as uneven concave-convex structures on the surface due to pressed oxide layers. Black spot stains are scattered in a speckled pattern on the hot-rolled strip steel.
NEUDET4_ROLLED_298.jpg,15,"steel,rolled",Structural Steel Automotive Mechanical Manufacturing. Rolled-in Scale appears as uneven concave-convex structures on the surface due to pressed oxide layers. Black spots and speckles are randomly distributed on the hot-rolled strip steel.
NEUDET4_ROLLED_299.jpg,15,"steel,rolled",Structural Steel Automotive Mechanical Manufacturing. Rolled-in Scale appears as uneven concave-convex structures on the surface due to the presence of pressed oxide layers. Black speckled spots are scattered throughout the hot-rolled strip steel.
NEUDET4_ROLLED_300.jpg,15,"steel,rolled",Structural Steel Automotive Mechanical Manufacturing. Rolled-in Scale appears as uneven depressions on the surface due to the presence of pressed oxide layers. Black spots are scattered in a speckled pattern on the hot-rolled steel strip.
NEUDET4_Scratches_001.jpg,16,"steel,scratch","Structural Steel Automotive Mechanical Manufacturing. Crazing is the formation of a fine network of cracks on the surface, with irregular distribution. Scratches are linear marks of varying depth on the surface, affecting overall smoothness. In hot-rolled strip steel, a horizontal scratch runs parallel to the material surface."
NEUDET4_Scratches_002.jpg,16,"steel,scratch","Structural Steel Automotive Mechanical Manufacturing. Crazing is the appearance of fine crack networks on the surface, with cracks irregularly distributed. Scratches are linear marks on the surface, varying in depth, affecting overall smoothness. In hot-rolled steel, Structural Steel Automotive Mechanical Manufacturing, a single transverse scratch runs parallel to the material surface."
NEUDET4_Scratches_003.jpg,16,"steel,scratch","Structural Steel Automotive Mechanical Manufacturing. Crazing is the formation of a fine network of cracks on the surface, often irregularly distributed. Scratches are linear marks of varying depth on the surface, affecting overall smoothness. A hot-rolled strip of structural steel automotive mechanical manufacturing exhibits a horizontal scratch parallel to the material surface."
NEUDET4_Scratches_004.jpg,16,"steel,scratch","Structural Steel Automotive Mechanical Manufacturing. Crazing is the appearance of a fine network of cracks on the surface, often irregularly distributed. Scratches manifest as linear marks of varying depths, impacting the overall smoothness. In hot-rolled strip steel, a transverse scratch runs parallel to the material surface."
NEUDET4_Scratches_005.jpg,16,"steel,scratch","Structural Steel Automotive Mechanical Manufacturing. Scratches are linear marks on the surface with varying depths, affecting overall smoothness. Hot-rolled steel strip shows a horizontal scratch parallel to the material surface."
NEUDET4_Scratches_006.jpg,16,"steel,scratch","Structural Steel Automotive Mechanical Manufacturing. Scratches are linear marks on the surface, varying in depth and affecting overall smoothness. Hot-rolled steel strip exhibits a horizontal scratch parallel to the material surface."
NEUDET4_Scratches_007.jpg,16,"steel,scratch","Structural Steel Automotive Mechanical Manufacturing. Scratches are linear marks on the surface with varying depths, affecting the overall smoothness. Hot-rolled steel strip exhibits a horizontal scratch parallel to the material surface."
NEUDET4_Scratches_008.jpg,16,"steel,scratch","Structural Steel Automotive Mechanical Manufacturing. Scratches are linear marks on the surface with varying depths, affecting overall smoothness. Hot-rolled steel strip shows a horizontal scratch parallel to the material surface."
NEUDET4_Scratches_009.jpg,16,"steel,scratch","Structural Steel Automotive Mechanical Manufacturing. Crazing is the appearance of a fine network of cracks on the surface, often irregularly distributed. Scratches are linear marks of varying depths on the surface, impacting the overall smoothness. In hot-rolled steel strips, a transverse scratch runs parallel to the material surface."
NEUDET4_Scratches_010.jpg,16,"steel,scratch","Structural Steel Automotive Mechanical Manufacturing. Crazing is the formation of a fine network of cracks on the surface, often irregularly distributed. Scratches are linear marks of varying depths on the surface, affecting overall smoothness. Hot-rolled strip steel in Structural Steel Automotive Mechanical Manufacturing exhibits a horizontal scratch parallel to the material surface."
NEUDET4_Scratches_011.jpg,16,"steel,scratch","Structural Steel Automotive Mechanical Manufacturing. Scratches are linear marks on the surface with varying depths, affecting overall smoothness. Hot-rolled strip steel shows a horizontal scratch parallel to the material surface."
NEUDET4_Scratches_012.jpg,16,"steel,scratch","Structural Steel Automotive Mechanical Manufacturing. Crazing is the appearance of a fine network of cracks on the surface, with irregular distribution. Scratches are linear marks of varying depth on the surface, affecting overall smoothness. Hot-rolled steel strip in Structural Steel Automotive Mechanical Manufacturing exhibits a horizontal scratch parallel to the material surface."
NEUDET4_Scratches_013.jpg,16,"steel,scratch","Structural Steel Automotive Mechanical Manufacturing. Crazing refers to the appearance of a fine network of cracks on the surface, which are irregularly distributed. Scratches manifest as linear marks of varying depths on the surface, impacting the overall smoothness. In hot-rolled strip steel, a transverse scratch runs parallel to the material surface."
NEUDET4_Scratches_014.jpg,16,"steel,scratch","Structural Steel Automotive Mechanical Manufacturing. Surface scratches appear as linear marks with varying depths, affecting the overall smoothness. Hot-rolled steel strip shows a horizontal scratch parallel to the material surface."
NEUDET4_Scratches_015.jpg,16,"steel,scratch","Structural Steel Automotive Mechanical Manufacturing. Crazing refers to the appearance of a fine network of cracks on the surface, often irregularly distributed. Scratches are linear marks of varying depth on the surface, affecting the overall smoothness. In hot-rolled strip steel, a transverse scratch runs parallel to the material surface."
NEUDET4_Scratches_016.jpg,16,"steel,scratch","Structural Steel Automotive Mechanical Manufacturing. Crazing is the appearance of a fine network of cracks on the surface, irregularly distributed. Scratches are linear marks of varying depths on the surface, affecting overall smoothness. In hot-rolled strip steel, a transverse scratch runs parallel to the material surface."
NEUDET4_Scratches_017.jpg,16,"steel,scratch","Structural Steel Automotive Mechanical Manufacturing. Scratches are linear marks on the surface, varying in depth and affecting overall smoothness. Hot-rolled strip steel exhibits a horizontal scratch parallel to the material surface."
NEUDET4_Scratches_018.jpg,16,"steel,scratch","Structural Steel Automotive Mechanical Manufacturing. Scratches are linear marks on the surface with varying depths, affecting overall smoothness. Hot-rolled steel strip exhibits a horizontal scratch parallel to the material surface."
NEUDET4_Scratches_019.jpg,16,"steel,scratch","Structural Steel Automotive Mechanical Manufacturing. Scratches are linear marks appearing on the surface, varying in depth and affecting overall smoothness. Hot-rolled steel strip shows a horizontal scratch distributed parallel to the material surface."
NEUDET4_Scratches_020.jpg,16,"steel,scratch","Structural Steel Automotive Mechanical Manufacturing. Scratches are linear marks on the surface, varying in depth, affecting overall smoothness. Hot-rolled steel strip shows a horizontal scratch parallel to the material surface."
NEUDET4_Scratches_021.jpg,16,"steel,scratch","Structural Steel Automotive Mechanical Manufacturing. Scratches are linear marks on the surface with varying depths, affecting overall smoothness. Hot-rolled strip steel in Structural Steel Automotive Mechanical Manufacturing exhibits a horizontal scratch parallel to the material surface."
NEUDET4_Scratches_022.jpg,16,"steel,scratch","Structural Steel Automotive Mechanical Manufacturing. Scratches are linear marks on the surface with varying depths, affecting the overall smoothness. Hot-rolled strip steel in Structural Steel Automotive Mechanical Manufacturing exhibits a horizontal scratch parallel to the material surface."
NEUDET4_Scratches_023.jpg,16,"steel,scratch","Structural Steel Automotive Mechanical Manufacturing. Surface defects known as scratches are linear marks of varying depth, affecting the overall smoothness. Hot-rolled steel strip exhibits a horizontal scratch parallel to the material surface."
NEUDET4_Scratches_024.jpg,16,"steel,scratch","Structural Steel Automotive Mechanical Manufacturing. Crazing is the appearance of a fine network of cracks on the surface, with irregular distribution. Scratches are linear marks of varying depths on the surface, affecting the overall smoothness. In hot-rolled strip steel, a transverse scratch runs parallel to the material surface."
NEUDET4_Scratches_025.jpg,16,"steel,scratch","Structural Steel Automotive Mechanical Manufacturing. Micro-cracks, known as crazing, form a fine network of irregularly distributed surface cracks. Scratches appear as linear marks of varying depths, impacting the overall smoothness. A transverse scratch parallel to the material surface is visible on the hot-rolled strip steel in Structural Steel Automotive Mechanical Manufacturing."
NEUDET4_Scratches_026.jpg,16,"steel,scratch","Structural Steel Automotive Mechanical Manufacturing. Scratches are linear marks on the surface with varying depths, affecting the overall smoothness. Hot-rolled steel strip shows a transverse scratch parallel to the material surface."
NEUDET4_Scratches_027.jpg,16,"steel,scratch","Structural Steel Automotive Mechanical Manufacturing. Scratches are linear marks on the surface with varying depths, affecting the overall smoothness. Hot-rolled steel strip exhibits a transverse scratch parallel to the material surface."
NEUDET4_Scratches_028.jpg,16,"steel,scratch","Structural Steel Automotive Mechanical Manufacturing. Crazing is the formation of a fine network of surface cracks, irregularly distributed. Scratches are linear marks on the surface with varying depths, affecting overall smoothness. In hot-rolled strip steel, a horizontal scratch runs parallel to the material surface."
NEUDET4_Scratches_029.jpg,16,"steel,scratch","Structural Steel Automotive Mechanical Manufacturing. Scratches are linear marks on the surface with varying depths, affecting overall smoothness. Hot-rolled steel strip exhibits a horizontal scratch parallel to the material surface."
NEUDET4_Scratches_030.jpg,16,"steel,scratch","Structural Steel Automotive Mechanical Manufacturing. Crazing is the formation of a fine network of cracks on the surface, irregularly distributed. Scratches are linear marks of varying depths on the surface, affecting overall smoothness. A longitudinal scratch running through a hot-rolled strip of structural steel automotive mechanical manufacturing."
NEUDET4_Scratches_031.jpg,16,"steel,scratch","Structural Steel Automotive Mechanical Manufacturing. Crazing is the formation of a fine network of cracks on the surface, often irregularly distributed. Scratches are linear marks of varying depths on the surface, affecting overall smoothness. A hot-rolled strip of steel in Structural Steel Automotive Mechanical Manufacturing exhibiting a longitudinal scratch running through."
NEUDET4_Scratches_032.jpg,16,"steel,scratch","Structural Steel Automotive Mechanical Manufacturing. Surface scratches are linear marks with varying depths, affecting overall smoothness. A longitudinal scratch running through a hot-rolled steel strip in Structural Steel Automotive Mechanical Manufacturing."
NEUDET4_Scratches_033.jpg,16,"steel,scratch","Structural Steel Automotive Mechanical Manufacturing. Scratches are linear marks on the surface with varying depths, affecting overall smoothness. A longitudinal scratch running through a hot-rolled strip of structural steel automotive mechanical manufacturing."
NEUDET4_Scratches_034.jpg,16,"steel,scratch","Structural Steel Automotive Mechanical Manufacturing. Crazing refers to the appearance of a fine network of cracks on the surface, often irregularly distributed. Scratches are linear marks of varying depth on the surface, affecting overall smoothness. A longitudinal scratch running through a hot-rolled strip of structural steel automotive mechanical manufacturing."
NEUDET4_Scratches_035.jpg,16,"steel,scratch","Structural Steel Automotive Mechanical Manufacturing. Crazing refers to the appearance of a fine network of cracks on the surface, usually irregularly distributed. Scratches are linear marks of varying depths on the surface, affecting the overall smoothness. A longitudinal scratch running through a hot-rolled strip of structural steel in automotive mechanical manufacturing."
NEUDET4_Scratches_036.jpg,16,"steel,scratch","Structural Steel Automotive Mechanical Manufacturing. Scratches are linear marks on the surface with varying depths, affecting overall smoothness. A longitudinal scratch running through a hot-rolled strip of structural steel automotive mechanical manufacturing."
NEUDET4_Scratches_037.jpg,16,"steel,scratch","Structural Steel Automotive Mechanical Manufacturing. Crazing is the appearance of a fine network of cracks on the surface, with cracks irregularly distributed. Scratches are linear marks of varying depths on the surface, affecting the overall smoothness. A hot-rolled strip of structural steel automotive mechanical manufacturing with a longitudinal scratch running through it."
NEUDET4_Scratches_038.jpg,16,"steel,scratch","Structural Steel Automotive Mechanical Manufacturing. Crazing is the appearance of a fine network of cracks on the surface, often irregularly distributed. Scratches are linear marks of varying depths on the surface, affecting overall smoothness. A longitudinal scratch running through a hot-rolled strip of structural steel automotive mechanical manufacturing."
NEUDET4_Scratches_039.jpg,16,"steel,scratch","Structural Steel Automotive Mechanical Manufacturing. Scratches are linear marks on the surface with varying depths, affecting overall smoothness. A longitudinal scratch runs through the hot-rolled strip of structural steel automotive mechanical manufacturing."
NEUDET4_Scratches_040.jpg,16,"steel,scratch","Structural Steel Automotive Mechanical Manufacturing. Crazing refers to the appearance of a fine network of cracks on the surface, often irregularly distributed. Scratches are linear marks of varying depth on the surface, impacting the overall smoothness. A longitudinal scratch running through a hot-rolled strip of structural steel automotive mechanical manufacturing."
NEUDET4_Scratches_041.jpg,16,"steel,scratch","Structural Steel Automotive Mechanical Manufacturing. Crazing refers to the appearance of a fine network of surface cracks, often irregularly distributed. Scratches are linear marks on the surface with varying depths, impacting the overall smoothness. A hot-rolled strip of structural steel automotive mechanical manufacturing exhibits a longitudinal scratch running through it."
NEUDET4_Scratches_042.jpg,16,"steel,scratch","Structural Steel Automotive Mechanical Manufacturing. Crazing is the appearance of a fine network of cracks on the surface, irregularly distributed. Scratches are linear marks of varying depths on the surface, affecting overall smoothness. A longitudinal scratch running through a hot-rolled strip of structural steel in automotive mechanical manufacturing."
NEUDET4_Scratches_043.jpg,16,"steel,scratch","Structural Steel Automotive Mechanical Manufacturing. Scratches are linear marks on the surface, varying in depth and affecting overall smoothness. A longitudinal scratch running through a hot-rolled strip of structural steel automotive mechanical manufacturing."
NEUDET4_Scratches_044.jpg,16,"steel,scratch","Structural Steel Automotive Mechanical Manufacturing. Crazing is the formation of a network of fine cracks on the surface, with cracks irregularly distributed. Scratches are linear marks of varying depths on the surface, affecting overall smoothness. A longitudinal scratch running through a hot-rolled strip of structural steel automotive mechanical manufacturing."
NEUDET4_Scratches_045.jpg,16,"steel,scratch","Structural Steel Automotive Mechanical Manufacturing. Crazing is the appearance of a fine network of cracks on the surface, with cracks irregularly distributed. Scratches are linear marks of varying depth on the surface, affecting overall smoothness. A longitudinal scratch running through a hot-rolled strip of structural steel automotive mechanical manufacturing."
NEUDET4_Scratches_046.jpg,16,"steel,scratch","Structural Steel Automotive Mechanical Manufacturing. Crazing is the appearance of a fine network of cracks on the surface, with irregular distribution. Scratches are linear marks of varying depths on the surface, affecting overall smoothness. A longitudinal scratch running through a hot-rolled strip of structural steel automotive mechanical manufacturing."
NEUDET4_Scratches_047.jpg,16,"steel,scratch","Structural Steel Automotive Mechanical Manufacturing. Scratches are linear marks on the surface with varying depths, affecting overall smoothness. A longitudinal scratch running through a hot-rolled strip of structural steel automotive mechanical manufacturing."
NEUDET4_Scratches_048.jpg,16,"steel,scratch","Structural Steel Automotive Mechanical Manufacturing. Crazing refers to the appearance of a fine network of cracks on the surface, irregularly distributed. Scratches are linear marks of varying depths on the surface, affecting the overall smoothness. A longitudinal scratch running through a hot-rolled strip of structural steel in automotive mechanical manufacturing."
NEUDET4_Scratches_049.jpg,16,"steel,scratch","Structural Steel Automotive Mechanical Manufacturing. Scratches are linear marks on the surface, varying in depth, affecting overall smoothness. A longitudinal scratch running through a hot-rolled steel strip in Structural Steel Automotive Mechanical Manufacturing."
NEUDET4_Scratches_050.jpg,16,"steel,scratch","Structural Steel Automotive Mechanical Manufacturing. Crazing is the appearance of a fine network of cracks on the surface, with cracks irregularly distributed. Scratches are linear marks on the surface, varying in depth, affecting overall smoothness. A longitudinal scratch running through a hot-rolled strip of structural steel automotive mechanical manufacturing."
NEUDET4_Scratches_051.jpg,16,"steel,scratch","Structural Steel Automotive Mechanical Manufacturing. Crazing is the appearance of a fine network of cracks on the surface, with irregular distribution. Scratches are linear marks of varying depth on the surface, affecting overall smoothness. A hot-rolled strip of structural steel automotive mechanical manufacturing shows a longitudinal scratch running through it."
NEUDET4_Scratches_052.jpg,16,"steel,scratch","Structural Steel Automotive Mechanical Manufacturing. Scratches are linear marks on the surface with varying depths, affecting overall smoothness. A longitudinal scratch running through a hot-rolled strip of structural steel automotive mechanical manufacturing."
NEUDET4_Scratches_053.jpg,16,"steel,scratch","Structural Steel Automotive Mechanical Manufacturing. Scratches are linear marks on the surface, varying in depth and affecting overall smoothness. A longitudinal scratch running through a hot-rolled strip of structural steel automotive mechanical manufacturing."
NEUDET4_Scratches_054.jpg,16,"steel,scratch","Structural Steel Automotive Mechanical Manufacturing. Crazing is the appearance of a fine network of cracks on the surface, often irregularly distributed. Scratches are linear marks on the surface of varying depths, affecting the overall smoothness. A longitudinal scratch running through a hot-rolled strip of structural steel in automotive mechanical manufacturing."
NEUDET4_Scratches_055.jpg,16,"steel,scratch","Structural Steel Automotive Mechanical Manufacturing. Crazing is the formation of a fine network of surface cracks, typically irregularly distributed. Scratches are linear marks of varying depth on the surface, impacting the overall smoothness. A longitudinal scratch running through a hot-rolled strip of structural steel automotive mechanical manufacturing."
NEUDET4_Scratches_056.jpg,16,"steel,scratch","Structural Steel Automotive Mechanical Manufacturing. Crazing refers to the appearance of a fine network of cracks on the surface, often irregularly distributed. Scratches are linear marks of varying depths that affect the overall smoothness. A longitudinal scratch running through a hot-rolled strip of structural steel in the automotive mechanical manufacturing industry."
NEUDET4_Scratches_057.jpg,16,"steel,scratch","Structural Steel Automotive Mechanical Manufacturing. Crazing refers to the appearance of a fine network of cracks on the surface, often irregularly distributed. Scratches are linear marks of varying depth on the surface, affecting overall smoothness. A longitudinal scratch running through a hot-rolled strip of structural steel in automotive mechanical manufacturing."
NEUDET4_Scratches_058.jpg,16,"steel,scratch","Structural Steel Automotive Mechanical Manufacturing. Scratches appear on the surface as linear marks of varying depths, affecting overall smoothness. A longitudinal scratch running through a hot-rolled strip of structural steel automotive mechanical manufacturing."
NEUDET4_Scratches_059.jpg,16,"steel,scratch","Structural Steel Automotive Mechanical Manufacturing. Crazing is the formation of a fine network of cracks on the surface, often irregularly distributed. Scratches are linear marks of varying depth on the surface, affecting overall smoothness. A hot-rolled strip of structural steel automotive mechanical manufacturing with a longitudinal scratch running through it."
NEUDET4_Scratches_060.jpg,16,"steel,scratch","Structural Steel Automotive Mechanical Manufacturing. Crazing refers to the appearance of a fine network of cracks on the surface, often irregularly distributed. Scratches are linear marks of varying depths on the surface, affecting the overall smoothness. A longitudinal scratch running through a hot-rolled strip of structural steel automotive mechanical manufacturing."
NEUDET4_Scratches_061.jpg,16,"steel,scratch","Structural Steel Automotive Mechanical Manufacturing. Scratches appear as linear marks on the surface, varying in depth and affecting overall smoothness. Hot-rolled steel exhibits irregularly inclined multiple short scratch marks distributed in a firework-like pattern."
NEUDET4_Scratches_062.jpg,16,"steel,scratch","Structural Steel Automotive Mechanical Manufacturing. Scratches are linear marks on the surface with varying depths, affecting overall smoothness. Hot-rolled steel exhibits irregularly slanted multiple short scratch marks resembling a fireworks-like pattern."
NEUDET4_Scratches_063.jpg,16,"steel,scratch","Structural Steel Automotive Mechanical Manufacturing. Crazing refers to the appearance of a fine network of surface cracks, often irregularly distributed. Scratches manifest as linear marks of varying depths, affecting the overall smoothness. Hot-rolled steel strips in the Structural Steel Automotive Mechanical Manufacturing exhibit multiple irregularly inclined short scratches resembling a fireworks burst pattern."
NEUDET4_Scratches_064.jpg,16,"steel,scratch","Structural Steel Automotive Mechanical Manufacturing. Scratches are linear marks on the surface with varying depths, affecting overall smoothness. Hot-rolled steel bands exhibit irregularly inclined multiple short scratch marks, resembling a fireworks-like pattern."
NEUDET4_Scratches_065.jpg,16,"steel,scratch","Structural Steel Automotive Mechanical Manufacturing. Surface exhibits linear scratches of varying depths, affecting overall smoothness. Hot-rolled strip steel displays irregularly inclined multiple short scratch marks resembling a fireworks launch pattern."
NEUDET4_Scratches_066.jpg,16,"steel,scratch","Structural Steel Automotive Mechanical Manufacturing. Crazing is the formation of a fine network of cracks on the surface, appearing irregularly distributed. Scratches are linear marks of varying depth on the surface, affecting the overall smoothness. Hot-rolled strip steel in Structural Steel Automotive Mechanical Manufacturing exhibits multiple irregularly inclined short scratch marks resembling a fireworks display."
NEUDET4_Scratches_067.jpg,16,"steel,scratch","Structural Steel Automotive Mechanical Manufacturing. Crazing refers to the appearance of a fine network of surface cracks, often irregularly distributed. Scratches are linear marks of varying depths on the surface, impacting the overall smoothness. Hot-rolled strip steel in Structural Steel Automotive Mechanical Manufacturing exhibits multiple irregularly inclined short scratch marks, resembling a fireworks-like pattern."
NEUDET4_Scratches_068.jpg,16,"steel,scratch","Structural Steel Automotive Mechanical Manufacturing. Crazing refers to the appearance of a fine network of cracks on the surface, with irregular distribution. Scratches manifest as linear marks of varying depth, affecting the overall smoothness. In hot-rolled strip steel, Structural Steel Automotive Mechanical Manufacturing exhibits multiple irregularly inclined short scratches resembling a fireworks display."
NEUDET4_Scratches_069.jpg,16,"steel,scratch","Structural Steel Automotive Mechanical Manufacturing. Scratches appear as linear marks on the surface, varying in depth and affecting overall smoothness. Hot-rolled strip steel shows irregularly inclined multiple short scratches distributed in a pattern resembling fireworks."
NEUDET4_Scratches_070.jpg,16,"steel,scratch","Structural Steel Automotive Mechanical Manufacturing. Crazing refers to the appearance of a fine network of cracks on the surface, often irregularly distributed. Scratches are linear marks of varying depths on the surface, affecting the overall smoothness. Hot-rolled strip steel in Structural Steel Automotive Mechanical Manufacturing exhibits multiple irregularly inclined short scratch marks resembling a fireworks display."
NEUDET4_Scratches_071.jpg,16,"steel,scratch","Structural Steel Automotive Mechanical Manufacturing. Crazing refers to the appearance of fine crack networks on the surface, with cracks irregularly distributed. Scratches are linear marks of varying depths on the surface, affecting the overall smoothness. Hot-rolled strip steel in Structural Steel Automotive Mechanical Manufacturing exhibits multiple irregularly inclined short scratch marks resembling fireworks dispersion."
NEUDET4_Scratches_072.jpg,16,"steel,scratch","Structural Steel Automotive Mechanical Manufacturing. Crazing is the appearance of a fine network of cracks on the surface, with cracks distributed irregularly. Scratches are linear marks of varying depths on the surface, affecting the overall smoothness. Hot-rolled steel strips in Structural Steel Automotive Mechanical Manufacturing exhibit multiple irregularly inclined short scratch marks resembling fireworks."
NEUDET4_Scratches_073.jpg,16,"steel,scratch","Structural Steel Automotive Mechanical Manufacturing. Scratches are linear marks of varying depths, affecting the overall smoothness. Hot-rolled steel bands exhibit irregularly inclined multiple short scrapes scattered in a fireworks-like pattern."
NEUDET4_Scratches_074.jpg,16,"steel,scratch","Structural Steel Automotive Mechanical Manufacturing. Scratches are linear marks of varying depth on the surface, affecting overall smoothness. Hot-rolled strip steel exhibits irregularly inclined multiple short scratches resembling a fireworks display."
NEUDET4_Scratches_075.jpg,16,"steel,scratch","Structural Steel Automotive Mechanical Manufacturing. Crazing refers to the appearance of a fine network of cracks on the surface, with irregular distribution patterns. Scratches are linear marks of varying depths on the surface, affecting the overall smoothness. Hot-rolled strip steel in Structural Steel Automotive Mechanical Manufacturing exhibits multiple irregularly inclined short scratch marks resembling a fireworks display."
NEUDET4_Scratches_076.jpg,16,"steel,scratch","Structural Steel Automotive Mechanical Manufacturing. Crazing is the appearance of a fine network of cracks on the surface, irregularly distributed. Scratches are linear marks of varying depths, affecting the overall smoothness. Hot-rolled strip steel in Structural Steel Automotive Mechanical Manufacturing exhibits multiple irregularly inclined short scratch marks resembling a fireworks display."
NEUDET4_Scratches_077.jpg,16,"steel,scratch","Structural Steel Automotive Mechanical Manufacturing. Crazing is the appearance of a fine network of cracks on the surface, with irregular distribution. Scratches are linear marks of varying depths, affecting the overall smoothness. Hot-rolled strip steel in Structural Steel Automotive Mechanical Manufacturing exhibits irregularly inclined multiple short scratch marks dispersed in a firework-like pattern."
NEUDET4_Scratches_078.jpg,16,"steel,scratch","Structural Steel Automotive Mechanical Manufacturing. Scratches are linear marks on the surface with varying depths, affecting overall smoothness. Hot-rolled steel bands exhibit irregularly inclined multiple short scrapes resembling a fireworks display pattern."
NEUDET4_Scratches_079.jpg,16,"steel,scratch","Structural Steel Automotive Mechanical Manufacturing. Crazing refers to the appearance of a fine network of cracks on the surface, often irregularly distributed. Scratches are linear marks of varying depths on the surface, impacting the overall smoothness. In hot-rolled strip steel of Structural Steel Automotive Mechanical Manufacturing, irregularly inclined multiple short scratch marks are scattered in a firework-like pattern."
NEUDET4_Scratches_080.jpg,16,"steel,scratch","Structural Steel Automotive Mechanical Manufacturing. Crazing is the appearance of a fine network of cracks on the surface, with irregular distribution. Scratches are linear marks of varying depths, affecting the overall smoothness. Hot-rolled strip steel in Structural Steel Automotive Mechanical Manufacturing exhibits multiple irregularly inclined short scratches dispersed in a pattern resembling fireworks."
NEUDET4_Scratches_081.jpg,16,"steel,scratch","Structural Steel Automotive Mechanical Manufacturing. Scratches are linear marks on the surface with varying depths, affecting overall smoothness. Hot-rolled strip steel exhibits irregularly inclined multiple short scratch marks scattered in a firework-like pattern."
NEUDET4_Scratches_082.jpg,16,"steel,scratch","Structural Steel Automotive Mechanical Manufacturing. Crazing refers to the appearance of a fine network of cracks on the surface, often irregularly distributed. Scratches are linear marks of varying depths on the surface, affecting the overall smoothness. Hot-rolled strip steel in Structural Steel Automotive Mechanical Manufacturing exhibits multiple irregularly inclined short scratches, resembling a dispersed fireworks pattern."
NEUDET4_Scratches_083.jpg,16,"steel,scratch","Structural Steel Automotive Mechanical Manufacturing. Crazing refers to the appearance of a fine network of cracks on the surface, often irregularly distributed. Scratches are linear marks of varying depths on the surface, impacting the overall smoothness. In hot-rolled strip steel of Structural Steel Automotive Mechanical Manufacturing, there are multiple irregularly inclined short scratch marks scattered in a fireworks-like pattern."
NEUDET4_Scratches_084.jpg,16,"steel,scratch","Structural Steel Automotive Mechanical Manufacturing. Scratches are linear marks on the surface with varying depths, affecting overall smoothness. Hot-rolled steel strips exhibit irregularly inclined multiple short scratch marks resembling a fireworks display."
NEUDET4_Scratches_085.jpg,16,"steel,scratch","Structural Steel Automotive Mechanical Manufacturing. Crazing refers to the appearance of a fine network of cracks on the surface, often irregularly distributed. Scratches manifest as linear marks of varying depths, impacting the overall smoothness. In hot-rolled strip steel, irregularly inclined multiple short scratches are scattered in a firework-like pattern."
NEUDET4_Scratches_086.jpg,16,"steel,scratch","Structural Steel Automotive Mechanical Manufacturing. Surface exhibits linear scratches of varying depths, affecting overall smoothness. Hot-rolled steel with irregularly inclined multiple short scratch marks distributed in a firework-like pattern."
NEUDET4_Scratches_087.jpg,16,"steel,scratch","Structural Steel Automotive Mechanical Manufacturing. Scratches are linear marks on the surface with varying depths, affecting overall smoothness. Hot-rolled steel strip exhibits inclined scratch marks."
NEUDET4_Scratches_088.jpg,16,"steel,scratch","Structural Steel Automotive Mechanical Manufacturing. Scratches are linear marks on the surface, varying in depth and affecting overall smoothness. Hot-rolled steel strip exhibits inclined scraping marks."
NEUDET4_Scratches_089.jpg,16,"steel,scratch","Structural Steel Automotive Mechanical Manufacturing. Scratches are linear marks of varying depths on the surface, affecting overall smoothness. Hot-rolled steel strip exhibits inclined scrape marks."
NEUDET4_Scratches_090.jpg,16,"steel,scratch","Structural Steel Automotive Mechanical Manufacturing. Crazing refers to the appearance of a fine network of surface cracks, which are irregularly distributed. Scratches are linear marks on the surface, varying in depth and affecting overall smoothness. In hot-rolled strip steel of Structural Steel Automotive Mechanical Manufacturing, scratches are sparsely and irregularly distributed as straight, thin, and long lines."
NEUDET4_Scratches_091.jpg,16,"steel,scratch","Structural Steel Automotive Mechanical Manufacturing. Scratches are linear marks of varying depths on the surface, affecting overall smoothness. Hot-rolled strip steel in Structural Steel Automotive Mechanical Manufacturing exhibits sparse and irregularly distributed straight, thin, and long scratches in a vertical direction."
NEUDET4_Scratches_092.jpg,16,"steel,scratch","Structural Steel Automotive Mechanical Manufacturing. Scratches are linear marks on the surface with varying depths, affecting overall smoothness. Hot-rolled steel strips in Structural Steel Automotive Mechanical Manufacturing exhibit sparse and irregular distribution of scratches, appearing as long, straight, fine lines in a vertical orientation."
NEUDET4_Scratches_093.jpg,16,"steel,scratch","Structural Steel Automotive Mechanical Manufacturing. Crazing is the appearance of a fine network of cracks on the surface, with irregular distribution. Scratches are linear marks of varying depths, affecting the overall smoothness. In hot-rolled strip steel of Structural Steel Automotive Mechanical Manufacturing, scratches are sparse and irregular, appearing as straight, thin, and long lines in a vertical direction."
NEUDET4_Scratches_094.jpg,16,"steel,scratch","Structural Steel Automotive Mechanical Manufacturing. Scratches are linear marks on the surface, varying in depth and affecting overall smoothness. Hot-rolled strip steel in Structural Steel Automotive Mechanical Manufacturing exhibits sparse and irregularly distributed straight, fine, and long scratches running vertically."
NEUDET4_Scratches_095.jpg,16,"steel,scratch","Structural Steel Automotive Mechanical Manufacturing. Scratches are linear marks on the surface, varying in depth and affecting overall smoothness. Hot-rolled steel bands in Structural Steel Automotive Mechanical Manufacturing exhibit sparse and irregular scratch patterns, consisting of long, thin, straight lines oriented vertically."
NEUDET4_Scratches_096.jpg,16,"steel,scratch","Structural Steel Automotive Mechanical Manufacturing. Scratches are linear marks on the surface with varying depths, affecting the overall smoothness. Hot-rolled steel bands in Structural Steel Automotive Mechanical Manufacturing exhibit sparse and irregularly distributed straight, fine, and long lines."
NEUDET4_Scratches_097.jpg,16,"steel,scratch","Structural Steel Automotive Mechanical Manufacturing. Scratches appear as linear marks on the surface, varying in depth and affecting the overall smoothness. Hot-rolled steel in the form of structural steel automotive mechanical manufacturing exhibits sparse and irregularly distributed scratches, characterized by long, straight, and fine lines in a vertical orientation."
NEUDET4_Scratches_098.jpg,16,"steel,scratch","Structural Steel Automotive Mechanical Manufacturing. Scratches are linear marks on the surface, varying in depth, affecting overall smoothness. Hot-rolled strip steel in Structural Steel Automotive Mechanical Manufacturing exhibits sparse and irregular distribution of scratches, appearing as long, straight, fine lines in a vertical orientation."
NEUDET4_Scratches_099.jpg,16,"steel,scratch","Structural Steel Automotive Mechanical Manufacturing. Crazing is the appearance of a fine network of cracks on the surface, often irregularly distributed. Scratches are linear marks of varying depths that affect the overall smoothness. In hot-rolled strip steel of Structural Steel Automotive Mechanical Manufacturing, scratches are sparse, irregularly distributed, and appear as long, straight, fine lines vertically."
NEUDET4_Scratches_100.jpg,16,"steel,scratch","Structural Steel Automotive Mechanical Manufacturing. Scratches are linear marks on the surface, varying in depth and affecting overall smoothness. Hot-rolled strip steel in Structural Steel Automotive Mechanical Manufacturing exhibits sparse and irregularly distributed straight, fine, and long scratches in a vertical direction."
NEUDET4_Scratches_101.jpg,16,"steel,scratch","Structural Steel Automotive Mechanical Manufacturing. Scratches are linear marks on the surface, varying in depth and affecting overall smoothness. Hot-rolled strip steel in Structural Steel Automotive Mechanical Manufacturing exhibits sparse and irregularly distributed straight, fine, and long scratches in a vertical direction."
NEUDET4_Scratches_102.jpg,16,"steel,scratch","Structural Steel Automotive Mechanical Manufacturing. Scratches are linear marks on the surface, varying in depth and affecting the overall smoothness. Hot-rolled steel strips in Structural Steel Automotive Mechanical Manufacturing exhibit sparse and irregularly distributed scratches, characterized by straight, thin, and long lines in a vertical orientation."
NEUDET4_Scratches_103.jpg,16,"steel,scratch","Structural Steel Automotive Mechanical Manufacturing. Scratches are linear marks on the surface, varying in depth and affecting overall smoothness. Hot-rolled steel bands in Structural Steel Automotive Mechanical Manufacturing exhibit sparse and irregularly distributed straight, fine, and long lines of scratches in a vertical orientation."
NEUDET4_Scratches_104.jpg,16,"steel,scratch","Structural Steel Automotive Mechanical Manufacturing. Scratches are linear marks on the surface, varying in depth and affecting overall smoothness. Hot-rolled steel bands in Structural Steel Automotive Mechanical Manufacturing exhibit sparse and irregularly distributed straight, fine, and long lines of scratches."
NEUDET4_Scratches_105.jpg,16,"steel,scratch","Structural Steel Automotive Mechanical Manufacturing. Crazing is the appearance of a fine network of cracks on the surface, often irregularly distributed. Scratches are linear marks of varying depths that affect the overall smoothness. Hot-rolled strip steel in Structural Steel Automotive Mechanical Manufacturing exhibits sparse and irregularly distributed scratches, characterized by straight, thin, and long lines."
NEUDET4_Scratches_106.jpg,16,"steel,scratch","Structural Steel Automotive Mechanical Manufacturing. Scratches are linear marks of varying depth on the surface, affecting overall smoothness. Hot-rolled steel bands in Structural Steel Automotive Mechanical Manufacturing exhibit sparse and irregularly distributed straight, fine, and long scratches in a vertical direction."
NEUDET4_Scratches_107.jpg,16,"steel,scratch","Structural Steel Automotive Mechanical Manufacturing. Crazing is the appearance of a fine network of cracks on the surface, with irregular distribution. Scratches are linear marks of varying depths that affect the overall smoothness. In hot-rolled strip steel for structural steel automotive mechanical manufacturing, scratches are sparse, irregular, straight, fine, long lines oriented vertically."
NEUDET4_Scratches_108.jpg,16,"steel,scratch","Structural Steel Automotive Mechanical Manufacturing. Scratches are linear marks on the surface with varying depths, affecting the overall smoothness. Hot-rolled steel strips in Structural Steel Automotive Mechanical Manufacturing exhibit sparse and irregularly distributed straight, fine, and long scratches in a vertical direction."
NEUDET4_Scratches_109.jpg,16,"steel,scratch","Structural Steel Automotive Mechanical Manufacturing. Scratches are linear marks on the surface, varying in depth and affecting overall smoothness. Hot-rolled steel bands in Structural Steel Automotive Mechanical Manufacturing exhibit sparse and irregular distribution of scratches, characterized by straight, thin, and long lines running vertically."
NEUDET4_Scratches_110.jpg,16,"steel,scratch","Structural Steel Automotive Mechanical Manufacturing. Scratches appear as linear marks on the surface, varying in depth and affecting the overall smoothness. Hot-rolled steel bands in Structural Steel Automotive Mechanical Manufacturing exhibit sparse and irregularly distributed straight, fine, and long scratches running vertically."
NEUDET4_Scratches_111.jpg,16,"steel,scratch","Structural Steel Automotive Mechanical Manufacturing. Scratches are linear marks of varying depths on the surface, affecting overall smoothness. Hot-rolled strip steel in Structural Steel Automotive Mechanical Manufacturing exhibits sparse and irregular distribution of scratches, characterized by straight, thin, and long lines running vertically."
NEUDET4_Scratches_112.jpg,16,"steel,scratch","Structural Steel Automotive Mechanical Manufacturing. Scratches are linear marks on the surface with varying depths, affecting overall smoothness. Hot-rolled strip steel in Structural Steel Automotive Mechanical Manufacturing exhibits sparse and irregularly distributed straight, fine, and long scratches in a vertical direction."
NEUDET4_Scratches_113.jpg,16,"steel,scratch","Structural Steel Automotive Mechanical Manufacturing. Scratches are linear marks on the surface with varying depths, affecting overall smoothness. Hot-rolled strip steel in Structural Steel Automotive Mechanical Manufacturing exhibits sparse and irregularly distributed straight, fine, and long scratches in a vertical direction."
NEUDET4_Scratches_114.jpg,16,"steel,scratch","Structural Steel Automotive Mechanical Manufacturing. Scratches are linear marks on the surface with varying depths, affecting overall smoothness. Hot-rolled strip steel in Structural Steel Automotive Mechanical Manufacturing exhibits sparse and irregularly distributed scratches, appearing as straight, fine, and long lines in a vertical orientation."
NEUDET4_Scratches_115.jpg,16,"steel,scratch","Structural Steel Automotive Mechanical Manufacturing. Scratches are linear marks on the surface, varying in depth and affecting overall smoothness. In hot-rolled strip steel manufacturing, scratches are sparse, irregular, and characterized by long, straight, fine lines running vertically."
NEUDET4_Scratches_116.jpg,16,"steel,scratch","Structural Steel Automotive Mechanical Manufacturing. Scratches are linear marks on the surface, varying in depth and affecting overall smoothness. In hot-rolled strip steel of Structural Steel Automotive Mechanical Manufacturing, scratches are sparsely distributed in an irregular pattern, appearing as long, thin, and straight lines."
NEUDET4_Scratches_117.jpg,16,"steel,scratch","Structural Steel Automotive Mechanical Manufacturing. Scratches appear as linear marks on the surface, varying in depth and affecting overall smoothness. Hot-rolled steel of Structural Steel Automotive Mechanical Manufacturing shows sparse and irregular distribution of scratches, characterized by long, thin, straight lines running vertically."
NEUDET4_Scratches_118.jpg,16,"steel,scratch","Structural Steel Automotive Mechanical Manufacturing. Scratches are linear marks on the surface with varying depth, affecting overall smoothness. Hot-rolled steel strips in Structural Steel Automotive Mechanical Manufacturing exhibit sparse and irregular distribution of scratches, appearing as long, straight, fine lines in a vertical orientation."
NEUDET4_Scratches_119.jpg,16,"steel,scratch","Structural Steel Automotive Mechanical Manufacturing. Crazing refers to the appearance of a fine network of cracks on the surface, typically exhibiting irregular distribution. Scratches are linear marks of varying depths on the surface, affecting overall smoothness. In hot-rolled strip steel of Structural Steel Automotive Mechanical Manufacturing, scratches are sparse, irregular, and characterized by long, thin, straight lines running vertically."
NEUDET4_Scratches_120.jpg,16,"steel,scratch","Structural Steel Automotive Mechanical Manufacturing. Crazing is the formation of a fine network of surface cracks, irregularly distributed. Scratches are linear marks of varying depth on the surface, affecting overall smoothness. In hot-rolled strip steel of Structural Steel Automotive Mechanical Manufacturing, scratches are sparse, irregular, consisting of long, straight, fine lines in a vertical direction."
NEUDET4_Scratches_121.jpg,16,"steel,scratch","Structural Steel Automotive Mechanical Manufacturing. Crazing is the appearance of a fine network of cracks on the surface, with irregular distribution. Scratches are linear marks of varying depths that affect the overall smoothness. In hot-rolled strip steel of Structural Steel Automotive Mechanical Manufacturing, scratches are sparse, irregular, straight, fine, and long lines running vertically."
NEUDET4_Scratches_122.jpg,16,"steel,scratch","Structural Steel Automotive Mechanical Manufacturing. Crazing is the appearance of a fine network of cracks on the surface, often irregularly distributed. Scratches are linear marks of varying depth on the surface, affecting overall smoothness. In hot-rolled strip steel of Structural Steel Automotive Mechanical Manufacturing, scratches are sparse, irregular, consisting of long, straight, and fine lines in a vertical direction."
NEUDET4_Scratches_123.jpg,16,"steel,scratch","Structural Steel Automotive Mechanical Manufacturing. Crazing is the appearance of a fine network of cracks on the surface, with irregular distribution. Scratches are linear marks on the surface, varying in depth and affecting overall smoothness. In hot-rolled strip steel for structural steel automotive mechanical manufacturing, scratches are sparsely distributed, irregular, straight, fine, long lines in a vertical direction."
NEUDET4_Scratches_124.jpg,16,"steel,scratch","Structural Steel Automotive Mechanical Manufacturing. Crazing refers to the appearance of a fine network of cracks on the surface, with irregular distribution patterns. Scratches are linear marks of varying depths that affect the overall smoothness. In hot-rolled strip steel of Structural Steel Automotive Mechanical Manufacturing, scratches are sparse, irregular, and characterized by long, straight, thin lines running vertically."
NEUDET4_Scratches_125.jpg,16,"steel,scratch","Structural Steel Automotive Mechanical Manufacturing. Scratches are linear marks on the surface, varying in depth and affecting overall smoothness. Hot-rolled strip steel in Structural Steel Automotive Mechanical Manufacturing exhibits sparse and irregular distribution of scratches, appearing as long, straight, and fine lines in a vertical orientation."
NEUDET4_Scratches_126.jpg,16,"steel,scratch","Structural Steel Automotive Mechanical Manufacturing. Scratches are linear marks on the surface, varying in depth and affecting overall smoothness. Hot-rolled steel bands in Structural Steel Automotive Mechanical Manufacturing exhibit sparse and irregular distribution of scratches, characterized by long, straight, and fine lines in a vertical direction."
NEUDET4_Scratches_127.jpg,16,"steel,scratch","Structural Steel Automotive Mechanical Manufacturing. Scratches are linear marks on the surface with varying depths, affecting overall smoothness. Hot-rolled steel strips in Structural Steel Automotive Mechanical Manufacturing exhibit sparse and irregularly distributed straight, fine, and long scratches in a vertical direction."
NEUDET4_Scratches_128.jpg,16,"steel,scratch","Structural Steel Automotive Mechanical Manufacturing. Scratches are linear marks of varying depths on the surface, affecting overall smoothness. Hot-rolled steel strips in Structural Steel Automotive Mechanical Manufacturing exhibit sparse and irregular distribution of scratches, appearing as long, straight, and fine lines in a vertical orientation."
NEUDET4_Scratches_129.jpg,16,"steel,scratch","Structural Steel Automotive Mechanical Manufacturing. Scratches are linear marks on the surface with varying depths, affecting the overall smoothness. Hot-rolled steel bands in Structural Steel Automotive Mechanical Manufacturing exhibit sparse and irregularly distributed straight, fine, and long lines of scratches in the vertical direction."
NEUDET4_Scratches_130.jpg,16,"steel,scratch","Structural Steel Automotive Mechanical Manufacturing. Crazing refers to the appearance of a fine network of cracks on the surface, which are irregularly distributed. Scratches are linear marks of varying depths that affect the overall smoothness. In hot-rolled strip steel of Structural Steel Automotive Mechanical Manufacturing, scratches are sparsely and irregularly distributed as straight, thin, and long lines."
NEUDET4_Scratches_131.jpg,16,"steel,scratch","Structural Steel Automotive Mechanical Manufacturing. Scratches are linear marks of varying depths on the surface, affecting overall smoothness. Hot-rolled steel bands in Structural Steel Automotive Mechanical Manufacturing exhibit sparse and irregularly distributed straight, fine, and long scratches running vertically."
NEUDET4_Scratches_132.jpg,16,"steel,scratch","Structural Steel Automotive Mechanical Manufacturing. Crazing is the appearance of a fine network of cracks on the surface, with irregular distribution. Scratches are linear marks of varying depths that affect the overall smoothness. In hot-rolled strip steel for structural steel automotive mechanical manufacturing, scratches are sparse, irregular, straight, fine, and long lines in the vertical direction."
NEUDET4_Scratches_133.jpg,16,"steel,scratch","Structural Steel Automotive Mechanical Manufacturing. Crazing is the appearance of a fine network of cracks on the surface, often irregularly distributed. Scratches are linear marks of varying depths on the surface, impacting overall smoothness. In hot-rolled strip steel of Structural Steel Automotive Mechanical Manufacturing, scratches are sparse, irregular, straight, fine, and long lines oriented vertically."
NEUDET4_Scratches_134.jpg,16,"steel,scratch","Structural Steel Automotive Mechanical Manufacturing. Scratches are linear marks on the surface, varying in depth and affecting overall smoothness. Hot-rolled steel bands exhibit sparse and irregular distribution of scratches, appearing as long, straight, thin lines running vertically."
NEUDET4_Scratches_135.jpg,16,"steel,scratch","Structural Steel Automotive Mechanical Manufacturing. Crazing is the appearance of a fine network of cracks on the surface, with irregular distribution. Scratches are linear marks of varying depths on the surface, affecting overall smoothness. Hot-rolled strip steel in Structural Steel Automotive Mechanical Manufacturing exhibits sparse and irregularly distributed scratches, characterized by long, straight, and fine lines in a vertical direction."
NEUDET4_Scratches_136.jpg,16,"steel,scratch","Structural Steel Automotive Mechanical Manufacturing. Scratches are linear marks on the surface with varying depths, affecting the overall smoothness. Hot-rolled steel bands exhibit sparse and irregular distribution of scratches in the form of long, straight, fine lines."
NEUDET4_Scratches_137.jpg,16,"steel,scratch","Structural Steel Automotive Mechanical Manufacturing. Scratches are linear marks on the surface with varying depths, affecting overall smoothness. Hot-rolled strip steel in Structural Steel Automotive Mechanical Manufacturing exhibits sparse and irregular distribution of scratches, characterized by straight, fine, and long lines in a vertical orientation."
NEUDET4_Scratches_138.jpg,16,"steel,scratch","Structural Steel Automotive Mechanical Manufacturing. Scratches are linear marks on the surface, varying in depth and affecting overall smoothness. Hot-rolled steel bands in Structural Steel Automotive Mechanical Manufacturing exhibit sparse and irregularly distributed straight, fine, and long scratches in a vertical direction."
NEUDET4_Scratches_139.jpg,16,"steel,scratch","Structural Steel Automotive Mechanical Manufacturing. Crazing appears as a fine network of cracks on the surface, with irregular distribution. Scratches are linear marks of varying depths, affecting the overall smoothness. Hot-rolled strip steel in Structural Steel Automotive Mechanical Manufacturing exhibits sparse and irregularly distributed scratches, characterized by long, thin, and straight lines."
NEUDET4_Scratches_140.jpg,16,"steel,scratch","Structural Steel Automotive Mechanical Manufacturing. Scratches are linear marks on the surface, varying in depth and affecting overall smoothness. Hot-rolled strip steel in Structural Steel Automotive Mechanical Manufacturing exhibits sparse and irregularly distributed straight, fine, and long scratches in a vertical direction."
NEUDET4_Scratches_141.jpg,16,"steel,scratch","Structural Steel Automotive Mechanical Manufacturing. Crazing is the appearance of a fine network of cracks on the surface, with irregular distribution. Scratches are linear marks on the surface, varying in depth, affecting overall smoothness. In hot-rolled strip steel of Structural Steel Automotive Mechanical Manufacturing, scratches are sparse and irregularly distributed, appearing as long, thin, straight lines in a vertical direction."
NEUDET4_Scratches_142.jpg,16,"steel,scratch","Structural Steel Automotive Mechanical Manufacturing. Crazing is the appearance of a fine network of cracks on the surface, with irregular distribution. Scratches are linear marks of varying depths, affecting overall smoothness. In hot-rolled strip steel of Structural Steel Automotive Mechanical Manufacturing, scratches are sparse, irregular, and consist of straight, thin, and long lines in a vertical direction."
NEUDET4_Scratches_143.jpg,16,"steel,scratch","Structural Steel Automotive Mechanical Manufacturing. Scratches are linear marks on the surface, varying in depth and affecting overall smoothness. Hot-rolled steel bands in Structural Steel Automotive Mechanical Manufacturing exhibit sparse and irregularly distributed scratches, appearing as long, thin, and straight lines in a vertical orientation."
NEUDET4_Scratches_144.jpg,16,"steel,scratch","Structural Steel Automotive Mechanical Manufacturing. Scratches are linear marks of varying depths on the surface, affecting overall smoothness. Hot-rolled steel bands in Structural Steel Automotive Mechanical Manufacturing exhibit sparse and irregularly distributed straight, fine, and long scratches in a vertical direction."
NEUDET4_Scratches_145.jpg,16,"steel,scratch","Structural Steel Automotive Mechanical Manufacturing. Crazing is the appearance of a fine network of cracks on the surface, irregularly distributed. Scratches are linear marks of varying depths on the surface, affecting overall smoothness. Hot-rolled strip steel in Structural Steel Automotive Mechanical Manufacturing exhibits a prominent wide and rough longitudinal scratch."
NEUDET4_Scratches_146.jpg,16,"steel,scratch","Structural Steel Automotive Mechanical Manufacturing. Scratches are linear marks on the surface with varying depths, affecting the overall smoothness. Hot-rolled steel strip in Structural Steel Automotive Mechanical Manufacturing exhibits a prominent wide and rough longitudinal scratch."
NEUDET4_Scratches_147.jpg,16,"steel,scratch","Structural Steel Automotive Mechanical Manufacturing. Scratches are linear marks on the surface with varying depths, affecting overall smoothness. Hot-rolled steel strip in Structural Steel Automotive Mechanical Manufacturing exhibits a prominent wide and rough longitudinal scratch."
NEUDET4_Scratches_148.jpg,16,"steel,scratch","Structural Steel Automotive Mechanical Manufacturing. Scratches are linear marks on the surface, varying in depth and affecting overall smoothness. Hot-rolled strip steel in Structural Steel Automotive Mechanical Manufacturing exhibits a prominent wide and rough longitudinal scratch."
NEUDET4_Scratches_149.jpg,16,"steel,scratch","Structural Steel Automotive Mechanical Manufacturing. Scratches are linear marks on the surface, varying in depth and affecting overall smoothness. Hot-rolled strip steel in Structural Steel Automotive Mechanical Manufacturing exhibits a prominent wide and rough longitudinal scratch."
NEUDET4_Scratches_150.jpg,16,"steel,scratch","Structural Steel Automotive Mechanical Manufacturing. Scratches are linear marks on the surface with varying depths, affecting overall smoothness. Hot-rolled steel strip in Structural Steel Automotive Mechanical Manufacturing exhibits a prominent wide and rough longitudinal scratch."
NEUDET4_Scratches_151.jpg,16,"steel,scratch","Structural Steel Automotive Mechanical Manufacturing. Scratches are linear marks on the surface, varying in depth, affecting the overall smoothness. Hot-rolled steel strip in Structural Steel Automotive Mechanical Manufacturing exhibits a prominent wide and rough longitudinal scratch."
NEUDET4_Scratches_152.jpg,16,"steel,scratch","Structural Steel Automotive Mechanical Manufacturing. Scratches are linear marks on the surface, varying in depth, affecting overall smoothness. Hot-rolled steel strip in Structural Steel Automotive Mechanical Manufacturing exhibits a prominent wide and rough longitudinal scratch."
NEUDET4_Scratches_153.jpg,16,"steel,scratch","Structural Steel Automotive Mechanical Manufacturing. Scratches are linear marks on the surface, varying in depth and affecting overall smoothness. Hot-rolled steel strip in Structural Steel Automotive Mechanical Manufacturing has a prominent wide and rough longitudinal scratch."
NEUDET4_Scratches_154.jpg,16,"steel,scratch","Structural Steel Automotive Mechanical Manufacturing. Crazing is the appearance of a fine network of cracks on the surface, irregularly distributed. Scratches are linear marks of varying depths on the surface, affecting overall smoothness. Hot-rolled strip steel in Structural Steel Automotive Mechanical Manufacturing exhibits a prominent wide and rough longitudinal scratch."
NEUDET4_Scratches_155.jpg,16,"steel,scratch","Structural Steel Automotive Mechanical Manufacturing. Crazing is the appearance of a fine network of cracks on the surface, with irregular distribution. Scratches are linear marks of varying depth on the surface, affecting overall smoothness. Hot-rolled strip steel in Structural Steel Automotive Mechanical Manufacturing exhibits a prominent wide and rough longitudinal scratch."
NEUDET4_Scratches_156.jpg,16,"steel,scratch","Structural Steel Automotive Mechanical Manufacturing. Scratches are linear marks on the surface with varying depths, affecting the overall smoothness. Hot-rolled steel strip in Structural Steel Automotive Mechanical Manufacturing exhibits a prominent wide and rough longitudinal scratch."
NEUDET4_Scratches_157.jpg,16,"steel,scratch","Structural Steel Automotive Mechanical Manufacturing. Scratches are linear marks on the surface with varying depths, affecting overall smoothness. Hot-rolled strip steel in Structural Steel Automotive Mechanical Manufacturing exhibits a prominent wide and rough longitudinal scratch."
NEUDET4_Scratches_158.jpg,16,"steel,scratch","Structural Steel Automotive Mechanical Manufacturing. Crazing is the appearance of a fine network of cracks on the surface, with irregular distribution. Scratches are linear marks of varying depth on the surface, affecting overall smoothness. Hot-rolled strip steel in Structural Steel Automotive Mechanical Manufacturing exhibits a prominent wide and rough longitudinal scratch."
NEUDET4_Scratches_159.jpg,16,"steel,scratch","Structural Steel Automotive Mechanical Manufacturing. Scratches are linear marks on the surface with varying depths, affecting overall smoothness. Hot-rolled steel strip in Structural Steel Automotive Mechanical Manufacturing exhibits a prominent wide and rough longitudinal scratch."
NEUDET4_Scratches_160.jpg,16,"steel,scratch","Structural Steel Automotive Mechanical Manufacturing. Scratches are linear marks on the surface with varying depths, affecting the overall smoothness. Hot-rolled steel strip in Structural Steel Automotive Mechanical Manufacturing exhibits a prominent wide and rough longitudinal scratch."
NEUDET4_Scratches_161.jpg,16,"steel,scratch","Structural Steel Automotive Mechanical Manufacturing. Scratches are linear marks on the surface, varying in depth and affecting overall smoothness. Hot-rolled strip steel in Structural Steel Automotive Mechanical Manufacturing exhibits a prominent wide and rough longitudinal scratch."
NEUDET4_Scratches_162.jpg,16,"steel,scratch","Structural Steel Automotive Mechanical Manufacturing. Scratches are linear marks on the surface with varying depths, affecting the overall smoothness. Hot-rolled steel strip in Structural Steel Automotive Mechanical Manufacturing exhibits a prominent wide and rough longitudinal scratch."
NEUDET4_Scratches_163.jpg,16,"steel,scratch","Structural Steel Automotive Mechanical Manufacturing. Scratches are linear marks on the surface with varying depths, affecting overall smoothness. Hot-rolled steel strip in Structural Steel Automotive Mechanical Manufacturing exhibits a prominent wide and rough longitudinal scratch."
NEUDET4_Scratches_164.jpg,16,"steel,scratch","Structural Steel Automotive Mechanical Manufacturing. Crazing appears as a fine network of cracks on the surface, irregularly distributed. Scratches are linear marks of varying depths, affecting the overall smoothness. Hot-rolled steel strip in Structural Steel Automotive Mechanical Manufacturing exhibits a prominent wide and rough longitudinal scratch."
NEUDET4_Scratches_165.jpg,16,"steel,scratch","Structural Steel Automotive Mechanical Manufacturing. Crazing is the appearance of a fine network of cracks on the surface, with irregular distribution. Scratches are linear marks of varying depth on the surface, affecting overall smoothness. Hot-rolled steel bands in Structural Steel Automotive Mechanical Manufacturing exhibit a prominent wide and rough longitudinal scratch."
NEUDET4_Scratches_166.jpg,16,"steel,scratch","Structural Steel Automotive Mechanical Manufacturing. Crazing refers to the appearance of a fine network of cracks on the surface, irregularly distributed. Scratches are linear marks of varying depths on the surface, affecting overall smoothness. Hot-rolled steel strip in Structural Steel Automotive Mechanical Manufacturing exhibits a prominent wide and rough longitudinal scratch."
NEUDET4_Scratches_167.jpg,16,"steel,scratch","Structural Steel Automotive Mechanical Manufacturing. Scratches are linear marks on the surface with varying depths, affecting overall smoothness. Hot-rolled steel strip in Structural Steel Automotive Mechanical Manufacturing exhibits a prominent wide and rough longitudinal scratch."
NEUDET4_Scratches_168.jpg,16,"steel,scratch","Structural Steel Automotive Mechanical Manufacturing. Scratches appear on the surface as linear marks of varying depth, affecting overall smoothness. Hot-rolled strip steel in Structural Steel Automotive Mechanical Manufacturing exhibits a prominent wide and rough longitudinal scratch."
NEUDET4_Scratches_169.jpg,16,"steel,scratch","Structural Steel Automotive Mechanical Manufacturing. Scratches are linear marks of varying depths on the surface, affecting overall smoothness. Hot-rolled strip steel in Structural Steel Automotive Mechanical Manufacturing exhibits a prominent wide and rough longitudinal scratch."
NEUDET4_Scratches_170.jpg,16,"steel,scratch","Structural Steel Automotive Mechanical Manufacturing. Crazing is the appearance of fine, intricate crack networks on the surface, often irregularly distributed. Scratches are linear marks of varying depths on the surface, affecting overall smoothness. Hot-rolled strip steel in Structural Steel Automotive Mechanical Manufacturing exhibits a prominent wide and rough longitudinal scratch."
NEUDET4_Scratches_171.jpg,16,"steel,scratch","Structural Steel Automotive Mechanical Manufacturing. Crazing refers to the appearance of a fine network of cracks on the surface, irregularly distributed. Scratches are linear marks of varying depth on the surface, affecting the overall smoothness. Hot-rolled steel strip in Structural Steel Automotive Mechanical Manufacturing exhibits a prominent wide and rough longitudinal scratch."
NEUDET4_Scratches_172.jpg,16,"steel,scratch","Structural Steel Automotive Mechanical Manufacturing. Scratches are linear marks on the surface, varying in depth, affecting overall smoothness. Hot-rolled steel strip in Structural Steel Automotive Mechanical Manufacturing exhibits a prominent wide and rough longitudinal scratch."
NEUDET4_Scratches_173.jpg,16,"steel,scratch","Structural Steel Automotive Mechanical Manufacturing. Crazing is the appearance of a fine network of cracks on the surface, with cracks irregularly distributed. Scratches are linear marks on the surface, varying in depth, affecting overall smoothness. Hot-rolled strip steel in Structural Steel Automotive Mechanical Manufacturing exhibits a prominent, wide, and rough longitudinal scratch."
NEUDET4_Scratches_174.jpg,16,"steel,scratch","Structural Steel Automotive Mechanical Manufacturing. Crazing is the appearance of a fine network of cracks on the surface, with irregular distribution. Scratches are linear marks of varying depth on the surface, affecting overall smoothness. Hot-rolled steel strip in Structural Steel Automotive Mechanical Manufacturing exhibits a prominent wide and rough longitudinal scratch."
NEUDET4_Scratches_175.jpg,16,"steel,scratch","Structural Steel Automotive Mechanical Manufacturing. Scratches are linear marks on the surface, varying in depth and affecting overall smoothness. Hot-rolled strip steel in Structural Steel Automotive Mechanical Manufacturing exhibits a prominent wide and rough longitudinal scratch."
NEUDET4_Scratches_176.jpg,16,"steel,scratch","Structural Steel Automotive Mechanical Manufacturing. Scratches are linear marks on the surface with varying depths, affecting overall smoothness. Hot-rolled strip steel in Structural Steel Automotive Mechanical Manufacturing exhibits a prominent wide and rough longitudinal scratch."
NEUDET4_Scratches_177.jpg,16,"steel,scratch","Structural Steel Automotive Mechanical Manufacturing. Scratches refer to linear marks on the surface, varying in depth and affecting overall smoothness. Hot-rolled strip steel in Structural Steel Automotive Mechanical Manufacturing exhibits a prominent wide and rough longitudinal scratch."
NEUDET4_Scratches_178.jpg,16,"steel,scratch","Structural Steel Automotive Mechanical Manufacturing. Scratches are linear marks on the surface, varying in depth and affecting overall smoothness. Hot-rolled steel strip in Structural Steel Automotive Mechanical Manufacturing exhibits a prominent wide and rough longitudinal scratch."
NEUDET4_Scratches_179.jpg,16,"steel,scratch","Structural Steel Automotive Mechanical Manufacturing. Crazing is the appearance of a fine network of cracks on the surface, irregularly distributed. Scratches are linear marks of varying depth on the surface, affecting overall smoothness. Hot-rolled steel strip in Structural Steel Automotive Mechanical Manufacturing exhibits a prominent wide and rough longitudinal scratch."
NEUDET4_Scratches_180.jpg,16,"steel,scratch","Structural Steel Automotive Mechanical Manufacturing. Scratches are linear marks on the surface with varying depths, affecting the overall smoothness. Hot-rolled strip steel in Structural Steel Automotive Mechanical Manufacturing exhibits a prominent wide and rough longitudinal scratch."
NEUDET4_Scratches_181.jpg,16,"steel,scratch","Structural Steel Automotive Mechanical Manufacturing. Scratches appear on the surface as linear marks of varying depths, affecting the overall smoothness. Hot-rolled strip steel in Structural Steel Automotive Mechanical Manufacturing exhibits a prominent wide and rough longitudinal scratch."
NEUDET4_Scratches_182.jpg,16,"steel,scratch","Structural Steel Automotive Mechanical Manufacturing. Scratches are linear marks on the surface with varying depths, affecting overall smoothness. Hot-rolled steel strip in Structural Steel Automotive Mechanical Manufacturing exhibits a prominent wide and rough longitudinal scratch."
NEUDET4_Scratches_183.jpg,16,"steel,scratch","Structural Steel Automotive Mechanical Manufacturing. Scratches are linear marks on the surface with varying depths, affecting overall smoothness. Hot-rolled steel strip in Structural Steel Automotive Mechanical Manufacturing exhibits a prominent wide and rough longitudinal scratch."
NEUDET4_Scratches_184.jpg,16,"steel,scratch","Structural Steel Automotive Mechanical Manufacturing. Scratches are linear marks on the surface with varying depths, affecting overall smoothness. Hot-rolled strip steel in Structural Steel Automotive Mechanical Manufacturing exhibits a prominent wide and rough longitudinal scratch."
NEUDET4_Scratches_185.jpg,16,"steel,scratch","Structural Steel Automotive Mechanical Manufacturing. Scratches are linear marks of varying depth on the surface, affecting overall smoothness. Hot-rolled steel strip in Structural Steel Automotive Mechanical Manufacturing exhibits a prominent wide and rough longitudinal scratch."
NEUDET4_Scratches_186.jpg,16,"steel,scratch","Structural Steel Automotive Mechanical Manufacturing. Scratches are linear marks on the surface with varying depths, affecting the overall smoothness. Hot-rolled strip steel in Structural Steel Automotive Mechanical Manufacturing exhibits a prominent wide and rough longitudinal scratch."
NEUDET4_Scratches_187.jpg,16,"steel,scratch","Structural Steel Automotive Mechanical Manufacturing. Scratches are linear marks on the surface with varying depths, affecting the overall smoothness. Hot-rolled strip steel in Structural Steel Automotive Mechanical Manufacturing exhibits a prominent wide and rough longitudinal scratch."
NEUDET4_Scratches_188.jpg,16,"steel,scratch","Structural Steel Automotive Mechanical Manufacturing. Scratches are linear marks on the surface with varying depths, affecting the overall smoothness. Hot-rolled strip steel in Structural Steel Automotive Mechanical Manufacturing exhibits a prominent wide and rough longitudinal scratch."
NEUDET4_Scratches_189.jpg,16,"steel,scratch","Structural Steel Automotive Mechanical Manufacturing. Scratches are linear marks on the surface with varying depths, affecting the overall smoothness. Hot-rolled steel strip in Structural Steel Automotive Mechanical Manufacturing exhibits a prominent wide and rough longitudinal scratch."
NEUDET4_Scratches_190.jpg,16,"steel,scratch","Structural Steel Automotive Mechanical Manufacturing. Scratches are linear marks on the surface with varying depths, affecting the overall smoothness. Hot-rolled steel strip in Structural Steel Automotive Mechanical Manufacturing exhibits a prominent wide and rough longitudinal scratch."
NEUDET4_Scratches_191.jpg,16,"steel,scratch","Structural Steel Automotive Mechanical Manufacturing. Crazing is the formation of a fine network of cracks on the surface, typically appearing in irregular patterns. Scratches are linear marks of varying depth on the surface, compromising the overall smoothness. Hot-rolled strip steel in Structural Steel Automotive Mechanical Manufacturing exhibits a prominent, wide, and rough longitudinal scratch."
NEUDET4_Scratches_192.jpg,16,"steel,scratch","Structural Steel Automotive Mechanical Manufacturing. Scratches are linear marks on the surface with varying depths, affecting overall smoothness. Hot-rolled steel strip in Structural Steel Automotive Mechanical Manufacturing exhibits a prominent wide and rough longitudinal scratch."
NEUDET4_Scratches_193.jpg,16,"steel,scratch","Structural Steel Automotive Mechanical Manufacturing. Scratches are linear marks on the surface with varying depths, affecting overall smoothness. Hot-rolled strip steel in Structural Steel Automotive Mechanical Manufacturing exhibits a prominent wide and rough longitudinal scratch."
NEUDET4_Scratches_194.jpg,16,"steel,scratch","Structural Steel Automotive Mechanical Manufacturing. Crazing refers to the appearance of a fine network of surface cracks, often irregularly distributed. Scratches manifest as linear marks of varying depths on the surface, impacting the overall smoothness. In hot-rolled strip steel of Structural Steel Automotive Mechanical Manufacturing, a prominent wide and rough longitudinal scratch can be observed."
NEUDET4_Scratches_195.jpg,16,"steel,scratch","Structural Steel Automotive Mechanical Manufacturing. Crazing refers to the appearance of a fine network of cracks on the surface, often irregularly distributed. Scratches are linear marks of varying depth on the surface, affecting the overall smoothness. Hot-rolled strip steel in Structural Steel Automotive Mechanical Manufacturing may exhibit fine transverse scratches."
NEUDET4_Scratches_196.jpg,16,"steel,scratch","Structural Steel Automotive Mechanical Manufacturing. Scratches are linear marks on the surface, varying in depth, affecting overall smoothness. Hot-rolled strip steel in Structural Steel Automotive Mechanical Manufacturing exhibits fine transverse scratches."
NEUDET4_Scratches_197.jpg,16,"steel,scratch","Structural Steel Automotive Mechanical Manufacturing. Crazing refers to the appearance of a fine network of cracks on the surface, often irregularly distributed. Scratches are linear marks of varying depths that affect the overall smoothness. Hot-rolled strip steel in Structural Steel Automotive Mechanical Manufacturing exhibits fine, straight scratch marks."
NEUDET4_Scratches_198.jpg,16,"steel,scratch","Structural Steel Automotive Mechanical Manufacturing. Crazing is the appearance of a fine network of cracks on the surface, often irregularly distributed. Scratches manifest as linear marks of varying depths, affecting the overall smoothness. Hot-rolled strip steel in Structural Steel Automotive Mechanical Manufacturing exhibits fine, straight scratch marks."
NEUDET4_Scratches_199.jpg,16,"steel,scratch","Structural Steel Automotive Mechanical Manufacturing. Crazing is the appearance of a fine network of cracks on the surface, often irregularly distributed. Scratches are linear marks of varying depths on the surface, affecting overall smoothness. Hot-rolled strip steel in Structural Steel Automotive Mechanical Manufacturing may exhibit fine and shallow longitudinal scratches that are less pronounced."
NEUDET4_Scratches_200.jpg,16,"steel,scratch","Structural Steel Automotive Mechanical Manufacturing. Scratches are linear superficial marks on the surface, varying in depth and affecting overall smoothness. Hot-rolled strip steel in Structural Steel Automotive Mechanical Manufacturing exhibits fine and shallow longitudinal scrapes that are less noticeable."
NEUDET4_Scratches_201.jpg,16,"steel,scratch","Structural Steel Automotive Mechanical Manufacturing. Crazing is the appearance of a fine network of cracks on the surface, with cracks irregularly distributed. Scratches are linear marks of varying depths on the surface, affecting the overall smoothness. Hot-rolled strip steel in Structural Steel Automotive Mechanical Manufacturing exhibits fine and shallow longitudinal scratch marks that are less prominent."
NEUDET4_Scratches_202.jpg,16,"steel,scratch","Structural Steel Automotive Mechanical Manufacturing. Scratches are linear marks on the surface, varying in depth and affecting overall smoothness. Hot-rolled strip steel in Structural Steel Automotive Mechanical Manufacturing exhibits fine and shallow longitudinal scrapes that are less conspicuous."
NEUDET4_Scratches_203.jpg,16,"steel,scratch","Structural Steel Automotive Mechanical Manufacturing. Crazing is the appearance of a fine network of cracks on the surface, often irregularly distributed. Scratches are linear marks of varying depths on the surface, affecting the overall smoothness. Hot-rolled strip steel in Structural Steel Automotive Mechanical Manufacturing may exhibit fine and shallow longitudinal scratches that are less prominent."
NEUDET4_Scratches_204.jpg,16,"steel,scratch","Structural Steel Automotive Mechanical Manufacturing. Crazing is the formation of a fine network of cracks on the surface, often irregularly distributed. Scratches are linear marks of varying depth on the surface, affecting overall smoothness. Hot-rolled strip steel in Structural Steel Automotive Mechanical Manufacturing may exhibit fine and shallow longitudinal scratch marks that are less conspicuous."
NEUDET4_Scratches_205.jpg,16,"steel,scratch","Structural Steel Automotive Mechanical Manufacturing. Crazing is the appearance of a fine network of cracks on the surface, irregularly distributed. Scratches are linear marks of varying depths on the surface, affecting the overall smoothness. Hot-rolled strip steel in Structural Steel Automotive Mechanical Manufacturing may exhibit fine and shallow longitudinal scratch marks that are less prominent."
NEUDET4_Scratches_206.jpg,16,"steel,scratch","Structural Steel Automotive Mechanical Manufacturing. Scratches are linear marks on the surface, varying in depth and affecting the overall smoothness. Hot-rolled strip steel in Structural Steel Automotive Mechanical Manufacturing may exhibit fine and shallow longitudinal scratches that are less noticeable."
NEUDET4_Scratches_207.jpg,16,"steel,scratch","Structural Steel Automotive Mechanical Manufacturing. Crazing is the formation of a fine network of cracks on the surface, typically irregularly distributed. Scratches refer to linear marks on the surface with varying depths, affecting the overall smoothness. Hot-rolled strip steel in Structural Steel Automotive Mechanical Manufacturing may exhibit fine and shallow longitudinal scratches that are less noticeable."
NEUDET4_Scratches_208.jpg,16,"steel,scratch","Structural Steel Automotive Mechanical Manufacturing. Scratches are linear marks on the surface, varying in depth, which affect the overall smoothness. Hot-rolled strip steel in this industry often exhibits fine and shallow longitudinal scratch marks that are less noticeable."
NEUDET4_Scratches_209.jpg,16,"steel,scratch","Structural Steel Automotive Mechanical Manufacturing. Scratches are linear marks on the surface with varying depths, affecting the overall smoothness. Hot-rolled strip steel exhibits fine and shallow longitudinal scratches that are less noticeable."
NEUDET4_Scratches_210.jpg,16,"steel,scratch","Structural Steel Automotive Mechanical Manufacturing. Scratches are linear marks on the surface with varying depth, affecting the overall smoothness. Hot-rolled steel strip exhibits fine and shallow longitudinal scratches that are less prominent."
NEUDET4_Scratches_211.jpg,16,"steel,scratch","Structural Steel Automotive Mechanical Manufacturing. Crazing is the formation of a fine network of cracks on the surface, often irregularly distributed. Scratches are linear marks of varying depths on the surface, impacting the overall smoothness. Hot-rolled strip steel in Structural Steel Automotive Mechanical Manufacturing may exhibit fine and shallow longitudinal scraping marks that are less pronounced."
NEUDET4_Scratches_212.jpg,16,"steel,scratch","Structural Steel Automotive Mechanical Manufacturing. Crazing is the appearance of a fine network of cracks on the surface, irregularly distributed. Scratches are linear marks of varying depths on the surface, affecting overall smoothness. Hot-rolled strip steel in Structural Steel Automotive Mechanical Manufacturing may exhibit fine and shallow longitudinal scrape marks that are less prominent."
NEUDET4_Scratches_213.jpg,16,"steel,scratch","Structural Steel Automotive Mechanical Manufacturing. Crazing is the appearance of a fine network of cracks on the surface, irregularly distributed. Scratches are linear marks of varying depths on the surface, affecting overall smoothness. Hot-rolled strip steel in Structural Steel Automotive Mechanical Manufacturing may exhibit fine and shallow longitudinal scratch marks that are less prominent."
NEUDET4_Scratches_214.jpg,16,"steel,scratch","Structural Steel Automotive Mechanical Manufacturing. Scratches are linear marks on the surface, varying in depth and affecting the overall smoothness. Hot-rolled strip steel in this industry may exhibit fine and shallow longitudinal scratches that are less conspicuous."
NEUDET4_Scratches_215.jpg,16,"steel,scratch","Structural Steel Automotive Mechanical Manufacturing. Scratches are linear marks on the surface with varying depths, affecting the overall smoothness. Hot-rolled steel strip exhibits fine and shallow longitudinal scratches that are less prominent."
NEUDET4_Scratches_216.jpg,16,"steel,scratch","Structural Steel Automotive Mechanical Manufacturing. Crazing refers to the appearance of a fine network of cracks on the surface, often irregularly distributed. Scratches are linear marks of varying depths on the surface, affecting the overall smoothness. Hot-rolled strip steel in Structural Steel Automotive Mechanical Manufacturing may exhibit fine and shallow longitudinal scratch marks that are less pronounced."
NEUDET4_Scratches_217.jpg,16,"steel,scratch","Structural Steel Automotive Mechanical Manufacturing. Crazing refers to the appearance of a fine network of surface cracks, often irregularly distributed. Scratches are linear marks on the surface, varying in depth and affecting overall smoothness. Hot-rolled steel bands of Structural Steel Automotive Mechanical Manufacturing exhibit visible longitudinal scratches."
NEUDET4_Scratches_218.jpg,16,"steel,scratch","Structural Steel Automotive Mechanical Manufacturing. Scratches are linear marks on the surface, varying in depth, affecting the overall smoothness. Hot-rolled steel bands in Structural Steel Automotive Mechanical Manufacturing exhibit clearly visible longitudinal scratches."
NEUDET4_Scratches_219.jpg,16,"steel,scratch","Structural Steel Automotive Mechanical Manufacturing. Scratches are linear surface marks of varying depths, impacting overall smoothness. Hot-rolled strip steel in Structural Steel Automotive Mechanical Manufacturing shows clearly visible longitudinal scratches."
NEUDET4_Scratches_220.jpg,16,"steel,scratch","Structural Steel Automotive Mechanical Manufacturing. Scratches are linear marks on the surface with varying depths, affecting the overall smoothness. Hot-rolled steel strips in Structural Steel Automotive Mechanical Manufacturing exhibit visible longitudinal scratches."
NEUDET4_Scratches_221.jpg,16,"steel,scratch","Structural Steel Automotive Mechanical Manufacturing. Scratches are linear marks on the surface with varying depths, affecting the overall smoothness. Hot-rolled strip steel in Structural Steel Automotive Mechanical Manufacturing exhibits visible longitudinal scratches."
NEUDET4_Scratches_222.jpg,16,"steel,scratch","Structural Steel Automotive Mechanical Manufacturing. Scratches are linear marks on the surface with varying depths, affecting the overall smoothness. Hot-rolled steel bands exhibit visible longitudinal scratches."
NEUDET4_Scratches_223.jpg,16,"steel,scratch","Structural Steel Automotive Mechanical Manufacturing. Crazing is the appearance of a fine network of cracks on the surface, often irregularly distributed. Scratches manifest as linear marks of varying depths, impacting the overall smoothness. Hot-rolled strip steel in Structural Steel Automotive Mechanical Manufacturing exhibits visible longitudinal scratches."
NEUDET4_Scratches_224.jpg,16,"steel,scratch","Structural Steel Automotive Mechanical Manufacturing. Scratches are linear marks on the surface, varying in depth and affecting overall smoothness. Hot-rolled strip steel in Structural Steel Automotive Mechanical Manufacturing exhibits visible longitudinal scratches."
NEUDET4_Scratches_225.jpg,16,"steel,scratch","Structural Steel Automotive Mechanical Manufacturing. Scratches appear as linear marks on the surface, varying in depth and affecting the overall smoothness. Hot-rolled strip steel in Structural Steel Automotive Mechanical Manufacturing shows clearly visible longitudinal scratch marks."
NEUDET4_Scratches_226.jpg,16,"steel,scratch","Structural Steel Automotive Mechanical Manufacturing. Scratches are linear marks on the surface with varying depths, affecting the overall smoothness. Hot-rolled strip steel in Structural Steel Automotive Mechanical Manufacturing exhibits visible longitudinal scratches."
NEUDET4_Scratches_227.jpg,16,"steel,scratch","Structural Steel Automotive Mechanical Manufacturing. Crazing appears as a fine network of cracks on the surface, often distributed irregularly. Scratches are linear marks of varying depths that affect the overall smoothness. Hot-rolled strip steel in Structural Steel Automotive Mechanical Manufacturing exhibits visible longitudinal scratch marks."
NEUDET4_Scratches_228.jpg,16,"steel,scratch","Structural Steel Automotive Mechanical Manufacturing. Crazing is the appearance of a fine network of cracks on the surface, irregularly distributed. Scratches are linear marks of varying depths affecting the overall smoothness. Hot-rolled strip steel in Structural Steel Automotive Mechanical Manufacturing shows clearly visible longitudinal scratches."
NEUDET4_Scratches_229.jpg,16,"steel,scratch","Structural Steel Automotive Mechanical Manufacturing. Crazing is the formation of a fine network of cracks on the surface, typically irregularly distributed. Scratches are linear marks of varying depth on the surface, affecting the overall smoothness. Hot-rolled strip steel in Structural Steel Automotive Mechanical Manufacturing exhibits visible longitudinal scratches."
NEUDET4_Scratches_230.jpg,16,"steel,scratch","Structural Steel Automotive Mechanical Manufacturing. Crazing refers to the appearance of a fine network of cracks on the surface, irregularly distributed. Scratches are linear marks of varying depth on the surface, affecting overall smoothness. Hot-rolled strip steel in Structural Steel Automotive Mechanical Manufacturing exhibits clearly visible longitudinal scratches."
NEUDET4_Scratches_231.jpg,16,"steel,scratch","Structural Steel Automotive Mechanical Manufacturing. Crazing refers to the appearance of a fine network of cracks on the surface, often irregularly distributed. Scratches are linear marks of varying depth on the surface, affecting the overall smoothness. Hot-rolled strip steel in Structural Steel Automotive Mechanical Manufacturing exhibits visible longitudinal scratch marks."
NEUDET4_Scratches_232.jpg,16,"steel,scratch","Structural Steel Automotive Mechanical Manufacturing. Scratches are linear marks on the surface with varying depths, affecting overall smoothness. Hot-rolled strip steel in Structural Steel Automotive Mechanical Manufacturing exhibits noticeable longitudinal scratch marks."
NEUDET4_Scratches_233.jpg,16,"steel,scratch","Structural Steel Automotive Mechanical Manufacturing. Crazing refers to the appearance of a fine network of cracks on the surface, which are irregularly distributed. Scratches are linear marks on the surface with varying depths, affecting the overall smoothness. Hot-rolled strip steel in Structural Steel Automotive Mechanical Manufacturing exhibits visible longitudinal scratch marks."
NEUDET4_Scratches_234.jpg,16,"steel,scratch","Structural Steel Automotive Mechanical Manufacturing. Crazing appears as a network of fine cracks on the surface, often irregularly distributed. Scratches are linear marks of varying depths, affecting the overall smoothness. Hot-rolled strip steel in Structural Steel Automotive Mechanical Manufacturing exhibits visible longitudinal scratching."
NEUDET4_Scratches_235.jpg,16,"steel,scratch","Structural Steel Automotive Mechanical Manufacturing. Scratches are linear surface marks of varying depths, affecting the overall smoothness. Hot-rolled steel bands in Structural Steel Automotive Mechanical Manufacturing exhibit visible longitudinal scratches."
NEUDET4_Scratches_236.jpg,16,"steel,scratch","Structural Steel Automotive Mechanical Manufacturing. Crazing refers to the appearance of a fine network of surface cracks, often irregularly distributed. Scratches are linear marks on the surface with varying depths, affecting the overall smoothness. Hot-rolled strip steel in Structural Steel Automotive Mechanical Manufacturing may exhibit clearly visible longitudinal scratch marks."
NEUDET4_Scratches_237.jpg,16,"steel,scratch","Structural Steel Automotive Mechanical Manufacturing. Scratches are linear marks on the surface with varying depths, affecting the overall smoothness. Hot-rolled steel bands in Structural Steel Automotive Mechanical Manufacturing exhibit clearly visible longitudinal scratches."
NEUDET4_Scratches_238.jpg,16,"steel,scratch","Structural Steel Automotive Mechanical Manufacturing. Scratches are linear marks on the surface, varying in depth, affecting the overall smoothness. Hot-rolled strip steel in Structural Steel Automotive Mechanical Manufacturing exhibits visible longitudinal scratches."
NEUDET4_Scratches_239.jpg,16,"steel,scratch","Structural Steel Automotive Mechanical Manufacturing. Scratches are linear marks of varying depth on the surface, affecting overall smoothness. Hot-rolled steel strips in Structural Steel Automotive Mechanical Manufacturing exhibit both wide and narrow scratches in straight patterns."
NEUDET4_Scratches_240.jpg,16,"steel,scratch","Structural Steel Automotive Mechanical Manufacturing. Crazing is the formation of a fine network of cracks on the surface, appearing irregularly distributed. Scratches are linear marks of varying depths on the surface, affecting overall smoothness. In hot-rolled strip steel of Structural Steel Automotive Mechanical Manufacturing, both wide and narrow scratches, appearing straight, can be observed simultaneously."
NEUDET4_Scratches_241.jpg,16,"steel,scratch","Structural Steel Automotive Mechanical Manufacturing. Scratches are linear marks of varying depths on the surface, affecting overall smoothness. Hot-rolled strip steel in Structural Steel Automotive Mechanical Manufacturing exhibits both wide and narrow straight scratches simultaneously."
NEUDET4_Scratches_242.jpg,16,"steel,scratch",Structural Steel Automotive Mechanical Manufacturing. Scuffs are linear scratches of varying depths that affect the overall smoothness. Hot-rolled strip steel in Structural Steel Automotive Mechanical Manufacturing exhibits both wide and narrow straight scratches on the surface.
NEUDET4_Scratches_243.jpg,16,"steel,scratch","Structural Steel Automotive Mechanical Manufacturing. Scratches are linear marks on the surface, varying in depth and affecting overall smoothness. Hot-rolled strip steel in Structural Steel Automotive Mechanical Manufacturing exhibits both wide and narrow scratches, all straight in nature."
NEUDET4_Scratches_244.jpg,16,"steel,scratch","Structural Steel Automotive Mechanical Manufacturing. Crazing is the appearance of a fine network of cracks on the surface, with cracks irregularly distributed. Scratches are linear marks of varying depths on the surface, impacting overall smoothness. Hot-rolled strip steel in Structural Steel Automotive Mechanical Manufacturing exhibits both wide and narrow straight scratches on the surface."
NEUDET4_Scratches_245.jpg,16,"steel,scratch","Structural Steel Automotive Mechanical Manufacturing. Scratches are linear marks of varying depths, affecting overall smoothness. Hot-rolled strip steel in Structural Steel Automotive Mechanical Manufacturing exhibits both wide and narrow straight scratches on the surface."
NEUDET4_Scratches_246.jpg,16,"steel,scratch","Structural Steel Automotive Mechanical Manufacturing. Crazing refers to the appearance of a fine network of cracks on the surface, often irregularly distributed. Scratches are linear marks of varying depths on the surface, affecting overall smoothness. Hot-rolled strip steel in Structural Steel Automotive Mechanical Manufacturing exhibits both wide and narrow straight scratches on the surface."
NEUDET4_Scratches_247.jpg,16,"steel,scratch","Structural Steel Automotive Mechanical Manufacturing. Crazing is the appearance of a fine network of cracks on the surface, with cracks irregularly distributed. Scratches are linear marks of varying depths on the surface, affecting the overall smoothness. Hot-rolled strip steel in Structural Steel Automotive Mechanical Manufacturing shows both wide and narrow scratches, all of which are straight."
NEUDET4_Scratches_248.jpg,16,"steel,scratch","Structural Steel Automotive Mechanical Manufacturing. Scratches are linear marks of varying depth on the surface, affecting overall smoothness. Hot-rolled steel bands in Structural Steel Automotive Mechanical Manufacturing exhibit both wide and narrow scratches, all straight in nature."
NEUDET4_Scratches_249.jpg,16,"steel,scratch","Structural Steel Automotive Mechanical Manufacturing. Scratches are linear marks of varying depth on the surface, affecting overall smoothness. Hot-rolled steel strips in Structural Steel Automotive Mechanical Manufacturing exhibit both wide and narrow scratches, all of which are straight."
NEUDET4_Scratches_250.jpg,16,"steel,scratch","Structural Steel Automotive Mechanical Manufacturing. Scratches are linear marks of varying depths on the surface, affecting overall smoothness. Hot-rolled steel strips in Structural Steel Automotive Mechanical Manufacturing exhibit both wide and narrow straight scratches simultaneously."
NEUDET4_Scratches_251.jpg,16,"steel,scratch","Structural Steel Automotive Mechanical Manufacturing. Scratches are linear marks of varying depth on the surface, affecting overall smoothness. Hot-rolled steel strips in Structural Steel Automotive Mechanical Manufacturing exhibit both wide and narrow scratches, all straight in nature."
NEUDET4_Scratches_252.jpg,16,"steel,scratch","Structural Steel Automotive Mechanical Manufacturing. Crazing is the appearance of a fine network of cracks on the surface, with cracks irregularly distributed. Scratches are linear marks of varying depths on the surface, affecting overall smoothness. Hot-rolled steel strips in Structural Steel Automotive Mechanical Manufacturing exhibit both wide and narrow straight scratches on the surface."
NEUDET4_Scratches_253.jpg,16,"steel,scratch","Structural Steel Automotive Mechanical Manufacturing. Scratches are linear marks on the surface with varying depths, affecting overall smoothness. Hot-rolled strip steel in Structural Steel Automotive Mechanical Manufacturing exhibits both wide and narrow scratches, all of which are straight."
NEUDET4_Scratches_254.jpg,16,"steel,scratch","Structural Steel Automotive Mechanical Manufacturing. Crazing is the formation of a fine network of cracks on the surface, often irregularly distributed. Scratches are linear marks of varying depths, affecting the overall smoothness. Hot-rolled steel strips in Structural Steel Automotive Mechanical Manufacturing exhibit both wide and narrow straight scratches on the surface."
NEUDET4_Scratches_255.jpg,16,"steel,scratch","Structural Steel Automotive Mechanical Manufacturing. Crazing is the formation of a fine network of surface cracks, often irregularly distributed. Scratches are linear marks on the surface, varying in depth, affecting overall smoothness. Hot-rolled steel strips in Structural Steel Automotive Mechanical Manufacturing may exhibit numerous superficial elongated transverse scratch marks."
NEUDET4_Scratches_256.jpg,16,"steel,scratch","Structural Steel Automotive Mechanical Manufacturing. Crazing is the appearance of a fine network of cracks on the surface, often irregularly distributed. Scratches are linear marks of varying depths on the surface, affecting overall smoothness. Hot-rolled strip steel in Structural Steel Automotive Mechanical Manufacturing often exhibits numerous superficial elongated transverse scrapes."
NEUDET4_Scratches_257.jpg,16,"steel,scratch","Structural Steel Automotive Mechanical Manufacturing. Scratches are linear marks on the surface with varying depths, affecting overall smoothness. Hot-rolled strip steel in Structural Steel Automotive Mechanical Manufacturing often exhibits numerous superficial long transverse scratch marks."
NEUDET4_Scratches_258.jpg,16,"steel,scratch","Structural Steel Automotive Mechanical Manufacturing. Crazing refers to the appearance of fine crack networks on the surface, with cracks irregularly distributed. Scratches are linear marks on the surface, varying in depth, which affect the overall smoothness. Hot-rolled strip steel in Structural Steel Automotive Mechanical Manufacturing may exhibit numerous superficial long transverse scrapes."
NEUDET4_Scratches_259.jpg,16,"steel,scratch","Structural Steel Automotive Mechanical Manufacturing. Scratches are linear marks on the surface with varying depths, affecting overall smoothness. The hot-rolled steel strip exhibits numerous superficial elongated transverse scratches."
NEUDET4_Scratches_260.jpg,16,"steel,scratch","Structural Steel Automotive Mechanical Manufacturing. Scratches are linear marks of varying depths on the surface, affecting overall smoothness. Hot-rolled steel strips in Structural Steel Automotive Mechanical Manufacturing exhibit numerous superficial elongated transverse scratches."
NEUDET4_Scratches_261.jpg,16,"steel,scratch","Structural Steel Automotive Mechanical Manufacturing. Scratches are linear marks of varying depth on the surface, affecting overall smoothness. Hot-rolled steel strips in Structural Steel Automotive Mechanical Manufacturing often exhibit numerous superficial long transverse scratches."
NEUDET4_Scratches_262.jpg,16,"steel,scratch","Structural Steel Automotive Mechanical Manufacturing. Scratches are linear marks on the surface with varying depths, affecting overall smoothness. Hot-rolled strip steel in Structural Steel Automotive Mechanical Manufacturing often exhibits numerous superficial elongated transverse scratches."
NEUDET4_Scratches_263.jpg,16,"steel,scratch","Structural Steel Automotive Mechanical Manufacturing. Crazing is the occurrence of a fine network of cracks on the surface, often irregularly distributed. Scratches are linear marks of varying depth on the surface, affecting overall smoothness. Hot-rolled strip steel in Structural Steel Automotive Mechanical Manufacturing may exhibit numerous superficial, elongated transverse scrapes."
NEUDET4_Scratches_264.jpg,16,"steel,scratch","Structural Steel Automotive Mechanical Manufacturing. Crazing refers to the appearance of a fine network of cracks on the surface, often irregularly distributed. Scratches are linear marks of varying depths on the surface, affecting overall smoothness. Hot-rolled steel strips in Structural Steel Automotive Mechanical Manufacturing exhibit numerous superficial, elongated transverse scrape marks."
NEUDET4_Scratches_265.jpg,16,"steel,scratch","Structural Steel Automotive Mechanical Manufacturing. Scratches are linear marks on the surface, varying in depth, affecting overall smoothness. Hot-rolled strip steel in Structural Steel Automotive Mechanical Manufacturing often exhibits numerous superficial elongated transverse scratches."
NEUDET4_Scratches_266.jpg,16,"steel,scratch","Structural Steel Automotive Mechanical Manufacturing. Scratches are linear marks on the surface with varying depths, affecting overall smoothness. Hot-rolled strip steel in Structural Steel Automotive Mechanical Manufacturing often exhibits numerous superficial, elongated transverse scratches."
NEUDET4_Scratches_267.jpg,16,"steel,scratch","Structural Steel Automotive Mechanical Manufacturing. Scratches are linear marks on the surface, varying in depth and affecting overall smoothness. Hot-rolled strip steel in Structural Steel Automotive Mechanical Manufacturing often exhibits numerous superficial long transverse scratches."
NEUDET4_Scratches_268.jpg,16,"steel,scratch","Structural Steel Automotive Mechanical Manufacturing. Scratches are linear marks on the surface, varying in depth and affecting overall smoothness. Hot-rolled steel strips in Structural Steel Automotive Mechanical Manufacturing exhibit numerous superficial elongated transverse scratches."
NEUDET4_Scratches_269.jpg,16,"steel,scratch","Structural Steel Automotive Mechanical Manufacturing. Scratches are linear marks on the surface with varying depths, affecting overall smoothness. Hot-rolled steel strips in Structural Steel Automotive Mechanical Manufacturing often exhibit numerous superficial long transverse scratches."
NEUDET4_Scratches_270.jpg,16,"steel,scratch","Structural Steel Automotive Mechanical Manufacturing. Scratches are linear marks on the surface, varying in depth, affecting overall smoothness. Hot-rolled steel strips in Structural Steel Automotive Mechanical Manufacturing often exhibit numerous superficial longitudinal scratches."
NEUDET4_Scratches_271.jpg,16,"steel,scratch","Structural Steel Automotive Mechanical Manufacturing. Scratches are linear marks on the surface, varying in depth, affecting the overall smoothness. Hot-rolled steel strips in Structural Steel Automotive Mechanical Manufacturing exhibit numerous superficial, elongated transverse scratches."
NEUDET4_Scratches_272.jpg,16,"steel,scratch","Structural Steel Automotive Mechanical Manufacturing. Crazing is the formation of a fine network of cracks on the surface, often irregularly distributed. Scratches are linear marks of varying depth on the surface, affecting the overall smoothness. Hot-rolled strip steel in Structural Steel Automotive Mechanical Manufacturing exhibits numerous superficial, elongated transverse scratches."
NEUDET4_Scratches_273.jpg,16,"steel,scratch","Structural Steel Automotive Mechanical Manufacturing. Scratches are linear marks on the surface with varying depths, affecting overall smoothness. Hot-rolled strip steel in Structural Steel Automotive Mechanical Manufacturing often exhibits numerous superficial elongated transverse scratches."
NEUDET4_Scratches_274.jpg,16,"steel,scratch","Structural Steel Automotive Mechanical Manufacturing. Scratches are linear marks on the surface, varying in depth, affecting the overall smoothness. Hot-rolled steel strips in Structural Steel Automotive Mechanical Manufacturing often exhibit numerous superficial, elongated transverse scratches."
NEUDET4_Scratches_275.jpg,16,"steel,scratch","Structural Steel Automotive Mechanical Manufacturing. Scratches are linear marks on the surface with varying depths, affecting the overall smoothness. Hot-rolled strip steel in Structural Steel Automotive Mechanical Manufacturing exhibits numerous superficial, elongated transverse scratches."
NEUDET4_Scratches_276.jpg,16,"steel,scratch","Structural Steel Automotive Mechanical Manufacturing. Crazing appears as a fine network of cracks on the surface, often irregularly distributed. Scratches are linear marks of varying depth on the surface, affecting overall smoothness. Hot-rolled strip steel in Structural Steel Automotive Mechanical Manufacturing exhibits numerous superficial, elongated transverse scrapes."
NEUDET4_Scratches_277.jpg,16,"steel,scratch","Structural Steel Automotive Mechanical Manufacturing. Scratches are linear marks on the surface, varying in depth, affecting overall smoothness. Hot-rolled steel strips in Structural Steel Automotive Mechanical Manufacturing often exhibit numerous superficial long transverse scratches."
NEUDET4_Scratches_278.jpg,16,"steel,scratch","Structural Steel Automotive Mechanical Manufacturing. Crazing is the appearance of a fine network of cracks on the surface, often irregularly distributed. Scratches are linear marks of varying depth on the surface, affecting overall smoothness. Hot-rolled strip steel in Structural Steel Automotive Mechanical Manufacturing may exhibit numerous superficial, elongated transverse scrapes."
NEUDET4_Scratches_279.jpg,16,"steel,scratch","Structural Steel Automotive Mechanical Manufacturing. Crazing is the appearance of a fine network of cracks on the surface, often irregularly distributed. Scratches are linear marks of varying depths on the surface, affecting overall smoothness. Hot-rolled strip steel in Structural Steel Automotive Mechanical Manufacturing exhibits numerous superficial elongated transverse scratches."
NEUDET4_Scratches_280.jpg,16,"steel,scratch","Structural Steel Automotive Mechanical Manufacturing. Crazing refers to the appearance of a fine network of cracks on the surface, irregularly distributed. Scratches are linear marks of varying depth on the surface, affecting overall smoothness. Hot-rolled strip steel in structural steel automotive mechanical manufacturing often exhibits numerous superficial long transverse scratch marks."
NEUDET4_Scratches_281.jpg,16,"steel,scratch","Structural Steel Automotive Mechanical Manufacturing. Crazing refers to the appearance of a fine network of cracks on the surface, which are irregularly distributed. Scratches are linear marks of varying depths on the surface, affecting the overall smoothness. Hot-rolled strip steel in Structural Steel Automotive Mechanical Manufacturing often exhibits numerous superficial long transverse scratch marks."
NEUDET4_Scratches_282.jpg,16,"steel,scratch","Structural Steel Automotive Mechanical Manufacturing. Crazing refers to the appearance of a fine network of cracks on the surface, often irregularly distributed. Scratches are linear marks of varying depths on the surface, affecting the overall smoothness. Hot-rolled strip steel in Structural Steel Automotive Mechanical Manufacturing often exhibits numerous superficial long transverse scratch marks."
NEUDET4_Scratches_283.jpg,16,"steel,scratch","Structural Steel Automotive Mechanical Manufacturing. Scratches are linear marks on the surface with varying depths, affecting overall smoothness. Hot-rolled strip steel in Structural Steel Automotive Mechanical Manufacturing often exhibits numerous superficial, elongated transverse scratches."
NEUDET4_Scratches_284.jpg,16,"steel,scratch","Structural Steel Automotive Mechanical Manufacturing. Crazing appears as a fine network of cracks on the surface, often irregularly distributed. Scratches are linear marks of varying depths on the surface, affecting overall smoothness. Hot-rolled strip steel in Structural Steel Automotive Mechanical Manufacturing exhibits numerous superficial, elongated transverse scratches."
NEUDET4_Scratches_285.jpg,16,"steel,scratch","Structural Steel Automotive Mechanical Manufacturing. Scratches are linear marks on the surface with varying depths, affecting overall smoothness. Hot-rolled strip steel in Structural Steel Automotive Mechanical Manufacturing often exhibits numerous superficial, elongated transverse scratch marks."
NEUDET4_Scratches_286.jpg,16,"steel,scratch","Structural Steel Automotive Mechanical Manufacturing. Scratches are linear marks on the surface with varying depths, affecting the overall smoothness. Hot-rolled strip steel in Structural Steel Automotive Mechanical Manufacturing often exhibits numerous superficial long transverse scratch marks."
NEUDET4_Scratches_287.jpg,16,"steel,scratch","Structural Steel Automotive Mechanical Manufacturing. Crazing is the appearance of a fine network of cracks on the surface, often irregularly distributed. Scratches are linear marks of varying depth on the surface, affecting overall smoothness. Hot-rolled strip steel in the Structural Steel Automotive Mechanical Manufacturing industry often exhibits numerous superficial, elongated transverse scratch marks."
NEUDET4_Scratches_288.jpg,16,"steel,scratch","Structural Steel Automotive Mechanical Manufacturing. Crazing is the appearance of a fine network of cracks on the surface, often irregularly distributed. Scratches are linear marks of varying depths on the surface, affecting the overall smoothness. Hot-rolled steel strips in Structural Steel Automotive Mechanical Manufacturing exhibit numerous fine, elongated transverse scratches on the surface."
NEUDET4_Scratches_289.jpg,16,"steel,scratch","Structural Steel Automotive Mechanical Manufacturing. Crazing is the appearance of a fine network of cracks on the surface, often irregularly distributed. Scratches are linear marks of varying depths on the surface, affecting overall smoothness. Hot-rolled strip steel in Structural Steel Automotive Mechanical Manufacturing often exhibits numerous superficial elongated transverse scrapes."
NEUDET4_Scratches_290.jpg,16,"steel,scratch","Structural Steel Automotive Mechanical Manufacturing. Crazing refers to the appearance of a network of fine cracks on the surface, often irregularly distributed. Scratches manifest as linear marks of varying depth on the surface, affecting overall smoothness. Hot-rolled strip steel in Structural Steel Automotive Mechanical Manufacturing may exhibit numerous superficial elongated transverse scratch marks."
NEUDET4_Scratches_291.jpg,16,"steel,scratch","Structural Steel Automotive Mechanical Manufacturing. Crazing is the appearance of a fine network of cracks on the surface, often irregularly distributed. Scratches are linear marks of varying depths on the surface, affecting the overall smoothness. Hot-rolled steel strips in Structural Steel Automotive Mechanical Manufacturing exhibit numerous superficial long transverse scrape marks."
NEUDET4_Scratches_292.jpg,16,"steel,scratch","Structural Steel Automotive Mechanical Manufacturing. Crazing refers to the appearance of a fine network of cracks on the surface, often irregularly distributed. Scratches are linear marks of varying depths on the surface, affecting overall smoothness. Hot-rolled strip steel in Structural Steel Automotive Mechanical Manufacturing may exhibit numerous superficial, elongated transverse scratch marks."
NEUDET4_Scratches_293.jpg,16,"steel,scratch","Structural Steel Automotive Mechanical Manufacturing. Crazing is the appearance of a fine network of cracks on the surface, with irregular distribution. Scratches are linear marks of varying depths on the surface, affecting overall smoothness. Hot-rolled steel strips in Structural Steel Automotive Mechanical Manufacturing exhibit numerous superficial longitudinal scratches."
NEUDET4_Scratches_294.jpg,16,"steel,scratch","Structural Steel Automotive Mechanical Manufacturing. Crazing refers to the appearance of fine crack networks on the surface, often irregularly distributed. Scratches are linear marks of varying depths on the surface, affecting overall smoothness. Hot-rolled strip steel in Structural Steel Automotive Mechanical Manufacturing often exhibits numerous superficial, elongated transverse scratches."
NEUDET4_Scratches_295.jpg,16,"steel,scratch","Structural Steel Automotive Mechanical Manufacturing. Crazing refers to the appearance of a fine network of cracks on the surface, often irregularly distributed. Scratches are linear marks of varying depth on the surface, affecting overall smoothness. Hot-rolled strip steel in Structural Steel Automotive Mechanical Manufacturing often exhibits numerous superficial long transverse scratch marks."
NEUDET4_Scratches_296.jpg,16,"steel,scratch","Structural Steel Automotive Mechanical Manufacturing. Scratches are linear marks on the surface with varying depths, affecting the overall smoothness. Hot-rolled steel strips in Structural Steel Automotive Mechanical Manufacturing often exhibit numerous superficial longitudinal scratches."
NEUDET4_Scratches_297.jpg,16,"steel,scratch","Structural Steel Automotive Mechanical Manufacturing. Crazing is the appearance of a fine network of cracks on the surface, often irregularly distributed. Scratches are linear surface marks of varying depths, affecting overall smoothness. Hot-rolled strip steel in Structural Steel Automotive Mechanical Manufacturing may exhibit numerous superficial long transverse scrapes."
NEUDET4_Scratches_298.jpg,16,"steel,scratch","Structural Steel Automotive Mechanical Manufacturing. Scratches are linear marks on the surface with varying depths, affecting overall smoothness. Hot-rolled strip steel in Structural Steel Automotive Mechanical Manufacturing often exhibits numerous superficial, elongated transverse scratch marks."
NEUDET4_Scratches_299.jpg,16,"steel,scratch","Structural Steel Automotive Mechanical Manufacturing. Crazing refers to the appearance of a fine network of cracks on the surface, often irregularly distributed. Scratches manifest as linear marks of varying depths on the surface, affecting the overall smoothness. Hot-rolled strip steel in Structural Steel Automotive Mechanical Manufacturing may exhibit numerous superficial long transverse scratch marks."
NEUDET4_Scratches_300.jpg,16,"steel,scratch","Structural Steel Automotive Mechanical Manufacturing. Crazing refers to the appearance of a fine network of cracks on the surface, often irregularly distributed. Scratches are linear marks of varying depths on the surface, affecting overall smoothness. Hot-rolled strip steel in Structural Steel Automotive Mechanical Manufacturing exhibits numerous superficial longitudinal scratches."